

================================================================
== Vitis HLS Report for 'p_anonymous_namespace_compute_weight_batch_Pipeline_VITIS_LOOP_164_9'
================================================================
* Date:           Sat Sep 26 01:19:33 2026

* Version:        2024.2 (Build 5238294 on Nov  8 2024)
* Project:        project
* Solution:       solution1 (Vivado IP Flow Target)
* Product family: zynquplus
* Target device:  xck26-sfvc784-2LV-c


================================================================
== Performance Estimates
================================================================
+ Timing: 
    * Summary: 
    +--------+---------+----------+------------+
    |  Clock |  Target | Estimated| Uncertainty|
    +--------+---------+----------+------------+
    |ap_clk  |  5.00 ns|  3.641 ns|     1.35 ns|
    +--------+---------+----------+------------+

+ Latency: 
    * Summary: 
    +---------+---------+----------+----------+------+------+------------------------------------------------+
    |  Latency (cycles) |  Latency (absolute) |   Interval  |                    Pipeline                    |
    |   min   |   max   |    min   |    max   |  min |  max |                      Type                      |
    +---------+---------+----------+----------+------+------+------------------------------------------------+
    |     1111|     1111|  5.555 us|  5.555 us|  1077|  1077|  loop auto-rewind stp (delay=0 clock cycles(s))|
    +---------+---------+----------+----------+------+------+------------------------------------------------+

    + Detail: 
        * Instance: 
        N/A

        * Loop: 
        +--------------------+---------+---------+----------+-----------+-----------+------+----------+
        |                    |  Latency (cycles) | Iteration|  Initiation Interval  | Trip |          |
        |      Loop Name     |   min   |   max   |  Latency |  achieved |   target  | Count| Pipelined|
        +--------------------+---------+---------+----------+-----------+-----------+------+----------+
        |- VITIS_LOOP_164_9  |     1109|     1109|        35|          1|          1|  1076|       yes|
        +--------------------+---------+---------+----------+-----------+-----------+------+----------+



================================================================
== Utilization Estimates
================================================================
* Summary: 
+-----------------+---------+------+--------+--------+-----+
|       Name      | BRAM_18K|  DSP |   FF   |   LUT  | URAM|
+-----------------+---------+------+--------+--------+-----+
|DSP              |        -|     -|       -|       -|    -|
|Expression       |        -|     -|       0|    5423|    -|
|FIFO             |        -|     -|       -|       -|    -|
|Instance         |        -|   272|   21504|   21112|    -|
|Memory           |        -|     -|       -|       -|    -|
|Multiplexer      |        -|     -|       0|    1511|    -|
|Register         |        -|     -|   10193|     224|    -|
+-----------------+---------+------+--------+--------+-----+
|Total            |        0|   272|   31697|   28270|    0|
+-----------------+---------+------+--------+--------+-----+
|Available        |      288|  1248|  234240|  117120|   64|
+-----------------+---------+------+--------+--------+-----+
|Utilization (%)  |        0|    21|      13|      24|    0|
+-----------------+---------+------+--------+--------+-----+

+ Detail: 
    * Instance: 
    +----------------------------------------+-----------------------------------+---------+----+-----+-----+-----+
    |                Instance                |               Module              | BRAM_18K| DSP|  FF | LUT | URAM|
    +----------------------------------------+-----------------------------------+---------+----+-----+-----+-----+
    |fadd_32ns_32ns_32_8_full_dsp_1_U33      |fadd_32ns_32ns_32_8_full_dsp_1     |        0|   2|  296|  239|    0|
    |fadd_32ns_32ns_32_8_full_dsp_1_U34      |fadd_32ns_32ns_32_8_full_dsp_1     |        0|   2|  296|  239|    0|
    |fadd_32ns_32ns_32_8_full_dsp_1_U35      |fadd_32ns_32ns_32_8_full_dsp_1     |        0|   2|  296|  239|    0|
    |fadd_32ns_32ns_32_8_full_dsp_1_U36      |fadd_32ns_32ns_32_8_full_dsp_1     |        0|   2|  296|  239|    0|
    |fadd_32ns_32ns_32_8_full_dsp_1_U37      |fadd_32ns_32ns_32_8_full_dsp_1     |        0|   2|  296|  239|    0|
    |fadd_32ns_32ns_32_8_full_dsp_1_U38      |fadd_32ns_32ns_32_8_full_dsp_1     |        0|   2|  296|  239|    0|
    |fadd_32ns_32ns_32_8_full_dsp_1_U39      |fadd_32ns_32ns_32_8_full_dsp_1     |        0|   2|  296|  239|    0|
    |fadd_32ns_32ns_32_8_full_dsp_1_U40      |fadd_32ns_32ns_32_8_full_dsp_1     |        0|   2|  296|  239|    0|
    |fadd_32ns_32ns_32_8_full_dsp_1_U41      |fadd_32ns_32ns_32_8_full_dsp_1     |        0|   2|  296|  239|    0|
    |fadd_32ns_32ns_32_8_full_dsp_1_U42      |fadd_32ns_32ns_32_8_full_dsp_1     |        0|   2|  296|  239|    0|
    |fadd_32ns_32ns_32_8_full_dsp_1_U43      |fadd_32ns_32ns_32_8_full_dsp_1     |        0|   2|  296|  239|    0|
    |fadd_32ns_32ns_32_8_full_dsp_1_U44      |fadd_32ns_32ns_32_8_full_dsp_1     |        0|   2|  296|  239|    0|
    |fadd_32ns_32ns_32_8_full_dsp_1_U45      |fadd_32ns_32ns_32_8_full_dsp_1     |        0|   2|  296|  239|    0|
    |fadd_32ns_32ns_32_8_full_dsp_1_U46      |fadd_32ns_32ns_32_8_full_dsp_1     |        0|   2|  296|  239|    0|
    |fadd_32ns_32ns_32_8_full_dsp_1_U47      |fadd_32ns_32ns_32_8_full_dsp_1     |        0|   2|  296|  239|    0|
    |fadd_32ns_32ns_32_8_full_dsp_1_U48      |fadd_32ns_32ns_32_8_full_dsp_1     |        0|   2|  296|  239|    0|
    |fadd_32ns_32ns_32_8_full_dsp_1_U49      |fadd_32ns_32ns_32_8_full_dsp_1     |        0|   2|  296|  239|    0|
    |fadd_32ns_32ns_32_8_full_dsp_1_U50      |fadd_32ns_32ns_32_8_full_dsp_1     |        0|   2|  296|  239|    0|
    |fadd_32ns_32ns_32_8_full_dsp_1_U51      |fadd_32ns_32ns_32_8_full_dsp_1     |        0|   2|  296|  239|    0|
    |fadd_32ns_32ns_32_8_full_dsp_1_U52      |fadd_32ns_32ns_32_8_full_dsp_1     |        0|   2|  296|  239|    0|
    |fadd_32ns_32ns_32_8_full_dsp_1_U53      |fadd_32ns_32ns_32_8_full_dsp_1     |        0|   2|  296|  239|    0|
    |fadd_32ns_32ns_32_8_full_dsp_1_U54      |fadd_32ns_32ns_32_8_full_dsp_1     |        0|   2|  296|  239|    0|
    |fadd_32ns_32ns_32_8_full_dsp_1_U55      |fadd_32ns_32ns_32_8_full_dsp_1     |        0|   2|  296|  239|    0|
    |fadd_32ns_32ns_32_8_full_dsp_1_U56      |fadd_32ns_32ns_32_8_full_dsp_1     |        0|   2|  296|  239|    0|
    |fadd_32ns_32ns_32_8_full_dsp_1_U57      |fadd_32ns_32ns_32_8_full_dsp_1     |        0|   2|  296|  239|    0|
    |fadd_32ns_32ns_32_8_full_dsp_1_U58      |fadd_32ns_32ns_32_8_full_dsp_1     |        0|   2|  296|  239|    0|
    |fadd_32ns_32ns_32_8_full_dsp_1_U59      |fadd_32ns_32ns_32_8_full_dsp_1     |        0|   2|  296|  239|    0|
    |fadd_32ns_32ns_32_8_full_dsp_1_U60      |fadd_32ns_32ns_32_8_full_dsp_1     |        0|   2|  296|  239|    0|
    |fadd_32ns_32ns_32_8_full_dsp_1_U61      |fadd_32ns_32ns_32_8_full_dsp_1     |        0|   2|  296|  239|    0|
    |fadd_32ns_32ns_32_8_full_dsp_1_U62      |fadd_32ns_32ns_32_8_full_dsp_1     |        0|   2|  296|  239|    0|
    |fadd_32ns_32ns_32_8_full_dsp_1_U63      |fadd_32ns_32ns_32_8_full_dsp_1     |        0|   2|  296|  239|    0|
    |fadd_32ns_32ns_32_8_full_dsp_1_U64      |fadd_32ns_32ns_32_8_full_dsp_1     |        0|   2|  296|  239|    0|
    |fadd_32ns_32ns_32_8_full_dsp_1_U65      |fadd_32ns_32ns_32_8_full_dsp_1     |        0|   2|  296|  239|    0|
    |fadd_32ns_32ns_32_8_full_dsp_1_U66      |fadd_32ns_32ns_32_8_full_dsp_1     |        0|   2|  296|  239|    0|
    |fadd_32ns_32ns_32_8_full_dsp_1_U67      |fadd_32ns_32ns_32_8_full_dsp_1     |        0|   2|  296|  239|    0|
    |fadd_32ns_32ns_32_8_full_dsp_1_U68      |fadd_32ns_32ns_32_8_full_dsp_1     |        0|   2|  296|  239|    0|
    |fadd_32ns_32ns_32_8_full_dsp_1_U69      |fadd_32ns_32ns_32_8_full_dsp_1     |        0|   2|  296|  239|    0|
    |fadd_32ns_32ns_32_8_full_dsp_1_U70      |fadd_32ns_32ns_32_8_full_dsp_1     |        0|   2|  296|  239|    0|
    |fadd_32ns_32ns_32_8_full_dsp_1_U71      |fadd_32ns_32ns_32_8_full_dsp_1     |        0|   2|  296|  239|    0|
    |fadd_32ns_32ns_32_8_full_dsp_1_U72      |fadd_32ns_32ns_32_8_full_dsp_1     |        0|   2|  296|  239|    0|
    |fmul_32ns_32ns_32_5_max_dsp_1_U73       |fmul_32ns_32ns_32_5_max_dsp_1      |        0|   3|  151|  145|    0|
    |fmul_32ns_32ns_32_5_max_dsp_1_U74       |fmul_32ns_32ns_32_5_max_dsp_1      |        0|   3|  151|  145|    0|
    |fmul_32ns_32ns_32_5_max_dsp_1_U75       |fmul_32ns_32ns_32_5_max_dsp_1      |        0|   3|  151|  145|    0|
    |fmul_32ns_32ns_32_5_max_dsp_1_U76       |fmul_32ns_32ns_32_5_max_dsp_1      |        0|   3|  151|  145|    0|
    |fmul_32ns_32ns_32_5_max_dsp_1_U77       |fmul_32ns_32ns_32_5_max_dsp_1      |        0|   3|  151|  145|    0|
    |fmul_32ns_32ns_32_5_max_dsp_1_U78       |fmul_32ns_32ns_32_5_max_dsp_1      |        0|   3|  151|  145|    0|
    |fmul_32ns_32ns_32_5_max_dsp_1_U79       |fmul_32ns_32ns_32_5_max_dsp_1      |        0|   3|  151|  145|    0|
    |fmul_32ns_32ns_32_5_max_dsp_1_U80       |fmul_32ns_32ns_32_5_max_dsp_1      |        0|   3|  151|  145|    0|
    |fmul_32ns_32ns_32_5_max_dsp_1_U81       |fmul_32ns_32ns_32_5_max_dsp_1      |        0|   3|  151|  145|    0|
    |fmul_32ns_32ns_32_5_max_dsp_1_U82       |fmul_32ns_32ns_32_5_max_dsp_1      |        0|   3|  151|  145|    0|
    |fmul_32ns_32ns_32_5_max_dsp_1_U83       |fmul_32ns_32ns_32_5_max_dsp_1      |        0|   3|  151|  145|    0|
    |fmul_32ns_32ns_32_5_max_dsp_1_U84       |fmul_32ns_32ns_32_5_max_dsp_1      |        0|   3|  151|  145|    0|
    |fmul_32ns_32ns_32_5_max_dsp_1_U85       |fmul_32ns_32ns_32_5_max_dsp_1      |        0|   3|  151|  145|    0|
    |fmul_32ns_32ns_32_5_max_dsp_1_U86       |fmul_32ns_32ns_32_5_max_dsp_1      |        0|   3|  151|  145|    0|
    |fmul_32ns_32ns_32_5_max_dsp_1_U87       |fmul_32ns_32ns_32_5_max_dsp_1      |        0|   3|  151|  145|    0|
    |fmul_32ns_32ns_32_5_max_dsp_1_U88       |fmul_32ns_32ns_32_5_max_dsp_1      |        0|   3|  151|  145|    0|
    |fmul_32ns_32ns_32_5_max_dsp_1_U89       |fmul_32ns_32ns_32_5_max_dsp_1      |        0|   3|  151|  145|    0|
    |fmul_32ns_32ns_32_5_max_dsp_1_U90       |fmul_32ns_32ns_32_5_max_dsp_1      |        0|   3|  151|  145|    0|
    |fmul_32ns_32ns_32_5_max_dsp_1_U91       |fmul_32ns_32ns_32_5_max_dsp_1      |        0|   3|  151|  145|    0|
    |fmul_32ns_32ns_32_5_max_dsp_1_U92       |fmul_32ns_32ns_32_5_max_dsp_1      |        0|   3|  151|  145|    0|
    |fmul_32ns_32ns_32_5_max_dsp_1_U93       |fmul_32ns_32ns_32_5_max_dsp_1      |        0|   3|  151|  145|    0|
    |fmul_32ns_32ns_32_5_max_dsp_1_U94       |fmul_32ns_32ns_32_5_max_dsp_1      |        0|   3|  151|  145|    0|
    |fmul_32ns_32ns_32_5_max_dsp_1_U95       |fmul_32ns_32ns_32_5_max_dsp_1      |        0|   3|  151|  145|    0|
    |fmul_32ns_32ns_32_5_max_dsp_1_U96       |fmul_32ns_32ns_32_5_max_dsp_1      |        0|   3|  151|  145|    0|
    |fmul_32ns_32ns_32_5_max_dsp_1_U97       |fmul_32ns_32ns_32_5_max_dsp_1      |        0|   3|  151|  145|    0|
    |fmul_32ns_32ns_32_5_max_dsp_1_U98       |fmul_32ns_32ns_32_5_max_dsp_1      |        0|   3|  151|  145|    0|
    |fmul_32ns_32ns_32_5_max_dsp_1_U99       |fmul_32ns_32ns_32_5_max_dsp_1      |        0|   3|  151|  145|    0|
    |fmul_32ns_32ns_32_5_max_dsp_1_U100      |fmul_32ns_32ns_32_5_max_dsp_1      |        0|   3|  151|  145|    0|
    |fmul_32ns_32ns_32_5_max_dsp_1_U101      |fmul_32ns_32ns_32_5_max_dsp_1      |        0|   3|  151|  145|    0|
    |fmul_32ns_32ns_32_5_max_dsp_1_U102      |fmul_32ns_32ns_32_5_max_dsp_1      |        0|   3|  151|  145|    0|
    |fmul_32ns_32ns_32_5_max_dsp_1_U103      |fmul_32ns_32ns_32_5_max_dsp_1      |        0|   3|  151|  145|    0|
    |fmul_32ns_32ns_32_5_max_dsp_1_U104      |fmul_32ns_32ns_32_5_max_dsp_1      |        0|   3|  151|  145|    0|
    |fmul_32ns_32ns_32_5_max_dsp_1_U105      |fmul_32ns_32ns_32_5_max_dsp_1      |        0|   3|  151|  145|    0|
    |fmul_32ns_32ns_32_5_max_dsp_1_U106      |fmul_32ns_32ns_32_5_max_dsp_1      |        0|   3|  151|  145|    0|
    |fmul_32ns_32ns_32_5_max_dsp_1_U107      |fmul_32ns_32ns_32_5_max_dsp_1      |        0|   3|  151|  145|    0|
    |fmul_32ns_32ns_32_5_max_dsp_1_U108      |fmul_32ns_32ns_32_5_max_dsp_1      |        0|   3|  151|  145|    0|
    |fmul_32ns_32ns_32_5_max_dsp_1_U109      |fmul_32ns_32ns_32_5_max_dsp_1      |        0|   3|  151|  145|    0|
    |fmul_32ns_32ns_32_5_max_dsp_1_U110      |fmul_32ns_32ns_32_5_max_dsp_1      |        0|   3|  151|  145|    0|
    |fmul_32ns_32ns_32_5_max_dsp_1_U111      |fmul_32ns_32ns_32_5_max_dsp_1      |        0|   3|  151|  145|    0|
    |fmul_32ns_32ns_32_5_max_dsp_1_U112      |fmul_32ns_32ns_32_5_max_dsp_1      |        0|   3|  151|  145|    0|
    |fmul_32ns_32ns_32_5_max_dsp_1_U113      |fmul_32ns_32ns_32_5_max_dsp_1      |        0|   3|  151|  145|    0|
    |fmul_32ns_32ns_32_5_max_dsp_1_U114      |fmul_32ns_32ns_32_5_max_dsp_1      |        0|   3|  151|  145|    0|
    |fmul_32ns_32ns_32_5_max_dsp_1_U115      |fmul_32ns_32ns_32_5_max_dsp_1      |        0|   3|  151|  145|    0|
    |fmul_32ns_32ns_32_5_max_dsp_1_U116      |fmul_32ns_32ns_32_5_max_dsp_1      |        0|   3|  151|  145|    0|
    |fmul_32ns_32ns_32_5_max_dsp_1_U117      |fmul_32ns_32ns_32_5_max_dsp_1      |        0|   3|  151|  145|    0|
    |fmul_32ns_32ns_32_5_max_dsp_1_U118      |fmul_32ns_32ns_32_5_max_dsp_1      |        0|   3|  151|  145|    0|
    |fmul_32ns_32ns_32_5_max_dsp_1_U119      |fmul_32ns_32ns_32_5_max_dsp_1      |        0|   3|  151|  145|    0|
    |fmul_32ns_32ns_32_5_max_dsp_1_U120      |fmul_32ns_32ns_32_5_max_dsp_1      |        0|   3|  151|  145|    0|
    |fmul_32ns_32ns_32_5_max_dsp_1_U121      |fmul_32ns_32ns_32_5_max_dsp_1      |        0|   3|  151|  145|    0|
    |fmul_32ns_32ns_32_5_max_dsp_1_U122      |fmul_32ns_32ns_32_5_max_dsp_1      |        0|   3|  151|  145|    0|
    |fmul_32ns_32ns_32_5_max_dsp_1_U123      |fmul_32ns_32ns_32_5_max_dsp_1      |        0|   3|  151|  145|    0|
    |fmul_32ns_32ns_32_5_max_dsp_1_U124      |fmul_32ns_32ns_32_5_max_dsp_1      |        0|   3|  151|  145|    0|
    |fmul_32ns_32ns_32_5_max_dsp_1_U125      |fmul_32ns_32ns_32_5_max_dsp_1      |        0|   3|  151|  145|    0|
    |fmul_32ns_32ns_32_5_max_dsp_1_U126      |fmul_32ns_32ns_32_5_max_dsp_1      |        0|   3|  151|  145|    0|
    |fmul_32ns_32ns_32_5_max_dsp_1_U127      |fmul_32ns_32ns_32_5_max_dsp_1      |        0|   3|  151|  145|    0|
    |fmul_32ns_32ns_32_5_max_dsp_1_U128      |fmul_32ns_32ns_32_5_max_dsp_1      |        0|   3|  151|  145|    0|
    |fmul_32ns_32ns_32_5_max_dsp_1_U129      |fmul_32ns_32ns_32_5_max_dsp_1      |        0|   3|  151|  145|    0|
    |fmul_32ns_32ns_32_5_max_dsp_1_U130      |fmul_32ns_32ns_32_5_max_dsp_1      |        0|   3|  151|  145|    0|
    |fmul_32ns_32ns_32_5_max_dsp_1_U131      |fmul_32ns_32ns_32_5_max_dsp_1      |        0|   3|  151|  145|    0|
    |fmul_32ns_32ns_32_5_max_dsp_1_U132      |fmul_32ns_32ns_32_5_max_dsp_1      |        0|   3|  151|  145|    0|
    |fmul_32ns_32ns_32_5_max_dsp_1_U133      |fmul_32ns_32ns_32_5_max_dsp_1      |        0|   3|  151|  145|    0|
    |fmul_32ns_32ns_32_5_max_dsp_1_U134      |fmul_32ns_32ns_32_5_max_dsp_1      |        0|   3|  151|  145|    0|
    |fmul_32ns_32ns_32_5_max_dsp_1_U135      |fmul_32ns_32ns_32_5_max_dsp_1      |        0|   3|  151|  145|    0|
    |fmul_32ns_32ns_32_5_max_dsp_1_U136      |fmul_32ns_32ns_32_5_max_dsp_1      |        0|   3|  151|  145|    0|
    |partselect_16ns_128ns_32ns_16_1_1_U137  |partselect_16ns_128ns_32ns_16_1_1  |        0|   0|    0|   34|    0|
    |partselect_16ns_128ns_32ns_16_1_1_U138  |partselect_16ns_128ns_32ns_16_1_1  |        0|   0|    0|   34|    0|
    |partselect_16ns_128ns_32ns_16_1_1_U139  |partselect_16ns_128ns_32ns_16_1_1  |        0|   0|    0|   34|    0|
    |partselect_16ns_128ns_32ns_16_1_1_U140  |partselect_16ns_128ns_32ns_16_1_1  |        0|   0|    0|   34|    0|
    |partselect_16ns_128ns_32ns_16_1_1_U141  |partselect_16ns_128ns_32ns_16_1_1  |        0|   0|    0|   34|    0|
    |partselect_16ns_128ns_32ns_16_1_1_U142  |partselect_16ns_128ns_32ns_16_1_1  |        0|   0|    0|   34|    0|
    |partselect_16ns_128ns_32ns_16_1_1_U143  |partselect_16ns_128ns_32ns_16_1_1  |        0|   0|    0|   34|    0|
    |partselect_16ns_128ns_32ns_16_1_1_U144  |partselect_16ns_128ns_32ns_16_1_1  |        0|   0|    0|   34|    0|
    |partselect_16ns_128ns_32ns_16_1_1_U145  |partselect_16ns_128ns_32ns_16_1_1  |        0|   0|    0|   34|    0|
    |partselect_16ns_128ns_32ns_16_1_1_U146  |partselect_16ns_128ns_32ns_16_1_1  |        0|   0|    0|   34|    0|
    |partselect_16ns_128ns_32ns_16_1_1_U147  |partselect_16ns_128ns_32ns_16_1_1  |        0|   0|    0|   34|    0|
    |partselect_16ns_128ns_32ns_16_1_1_U148  |partselect_16ns_128ns_32ns_16_1_1  |        0|   0|    0|   34|    0|
    |partselect_16ns_128ns_32ns_16_1_1_U149  |partselect_16ns_128ns_32ns_16_1_1  |        0|   0|    0|   34|    0|
    |partselect_16ns_128ns_32ns_16_1_1_U150  |partselect_16ns_128ns_32ns_16_1_1  |        0|   0|    0|   34|    0|
    |partselect_16ns_128ns_32ns_16_1_1_U151  |partselect_16ns_128ns_32ns_16_1_1  |        0|   0|    0|   34|    0|
    |partselect_16ns_128ns_32ns_16_1_1_U152  |partselect_16ns_128ns_32ns_16_1_1  |        0|   0|    0|   34|    0|
    |partselect_32ns_256ns_32ns_32_1_1_U153  |partselect_32ns_256ns_32ns_32_1_1  |        0|   0|    0|   68|    0|
    |partselect_32ns_256ns_32ns_32_1_1_U155  |partselect_32ns_256ns_32ns_32_1_1  |        0|   0|    0|   68|    0|
    |partselect_32ns_256ns_32ns_32_1_1_U157  |partselect_32ns_256ns_32ns_32_1_1  |        0|   0|    0|   68|    0|
    |partselect_32ns_256ns_32ns_32_1_1_U159  |partselect_32ns_256ns_32ns_32_1_1  |        0|   0|    0|   68|    0|
    |partselect_32ns_256ns_32ns_32_1_1_U161  |partselect_32ns_256ns_32ns_32_1_1  |        0|   0|    0|   68|    0|
    |partselect_32ns_256ns_32ns_32_1_1_U162  |partselect_32ns_256ns_32ns_32_1_1  |        0|   0|    0|   68|    0|
    |partselect_32ns_256ns_32ns_32_1_1_U163  |partselect_32ns_256ns_32ns_32_1_1  |        0|   0|    0|   68|    0|
    |partselect_32ns_256ns_32ns_32_1_1_U164  |partselect_32ns_256ns_32ns_32_1_1  |        0|   0|    0|   68|    0|
    |partselect_32ns_256ns_32ns_32_1_1_U165  |partselect_32ns_256ns_32ns_32_1_1  |        0|   0|    0|   68|    0|
    |partselect_32ns_256ns_32ns_32_1_1_U166  |partselect_32ns_256ns_32ns_32_1_1  |        0|   0|    0|   68|    0|
    |partselect_32ns_256ns_32ns_32_1_1_U167  |partselect_32ns_256ns_32ns_32_1_1  |        0|   0|    0|   68|    0|
    |partselect_32ns_256ns_32ns_32_1_1_U168  |partselect_32ns_256ns_32ns_32_1_1  |        0|   0|    0|   68|    0|
    |partselect_32ns_256ns_32ns_32_1_1_U169  |partselect_32ns_256ns_32ns_32_1_1  |        0|   0|    0|   68|    0|
    |partselect_32ns_256ns_32ns_32_1_1_U170  |partselect_32ns_256ns_32ns_32_1_1  |        0|   0|    0|   68|    0|
    |partselect_32ns_256ns_32ns_32_1_1_U171  |partselect_32ns_256ns_32ns_32_1_1  |        0|   0|    0|   68|    0|
    |partselect_32ns_256ns_32ns_32_1_1_U172  |partselect_32ns_256ns_32ns_32_1_1  |        0|   0|    0|   68|    0|
    |sparsemux_11_3_32_1_1_U185              |sparsemux_11_3_32_1_1              |        0|   0|    0|   26|    0|
    |sparsemux_11_3_32_1_1_U186              |sparsemux_11_3_32_1_1              |        0|   0|    0|   26|    0|
    |sparsemux_11_3_32_1_1_U187              |sparsemux_11_3_32_1_1              |        0|   0|    0|   26|    0|
    |sparsemux_11_3_32_1_1_U188              |sparsemux_11_3_32_1_1              |        0|   0|    0|   26|    0|
    |sparsemux_11_3_32_1_1_U189              |sparsemux_11_3_32_1_1              |        0|   0|    0|   26|    0|
    |sparsemux_11_3_32_1_1_U190              |sparsemux_11_3_32_1_1              |        0|   0|    0|   26|    0|
    |sparsemux_11_3_32_1_1_U191              |sparsemux_11_3_32_1_1              |        0|   0|    0|   26|    0|
    |sparsemux_11_3_32_1_1_U192              |sparsemux_11_3_32_1_1              |        0|   0|    0|   26|    0|
    |sparsemux_11_3_32_1_1_U193              |sparsemux_11_3_32_1_1              |        0|   0|    0|   26|    0|
    |sparsemux_11_3_32_1_1_U194              |sparsemux_11_3_32_1_1              |        0|   0|    0|   26|    0|
    |sparsemux_11_3_32_1_1_U195              |sparsemux_11_3_32_1_1              |        0|   0|    0|   26|    0|
    |sparsemux_11_3_32_1_1_U196              |sparsemux_11_3_32_1_1              |        0|   0|    0|   26|    0|
    |sparsemux_11_3_32_1_1_U197              |sparsemux_11_3_32_1_1              |        0|   0|    0|   26|    0|
    |sparsemux_11_3_32_1_1_U198              |sparsemux_11_3_32_1_1              |        0|   0|    0|   26|    0|
    |sparsemux_11_3_32_1_1_U199              |sparsemux_11_3_32_1_1              |        0|   0|    0|   26|    0|
    |sparsemux_11_3_32_1_1_U200              |sparsemux_11_3_32_1_1              |        0|   0|    0|   26|    0|
    |sparsemux_9_3_32_1_1_U154               |sparsemux_9_3_32_1_1               |        0|   0|    0|   14|    0|
    |sparsemux_9_3_32_1_1_U156               |sparsemux_9_3_32_1_1               |        0|   0|    0|   14|    0|
    |sparsemux_9_3_32_1_1_U158               |sparsemux_9_3_32_1_1               |        0|   0|    0|   14|    0|
    |sparsemux_9_3_32_1_1_U160               |sparsemux_9_3_32_1_1               |        0|   0|    0|   14|    0|
    |sparsemux_9_3_32_1_1_U173               |sparsemux_9_3_32_1_1               |        0|   0|    0|   14|    0|
    |sparsemux_9_3_32_1_1_U174               |sparsemux_9_3_32_1_1               |        0|   0|    0|   14|    0|
    |sparsemux_9_3_32_1_1_U175               |sparsemux_9_3_32_1_1               |        0|   0|    0|   14|    0|
    |sparsemux_9_3_32_1_1_U176               |sparsemux_9_3_32_1_1               |        0|   0|    0|   14|    0|
    |sparsemux_9_3_32_1_1_U177               |sparsemux_9_3_32_1_1               |        0|   0|    0|   14|    0|
    |sparsemux_9_3_32_1_1_U178               |sparsemux_9_3_32_1_1               |        0|   0|    0|   14|    0|
    |sparsemux_9_3_32_1_1_U179               |sparsemux_9_3_32_1_1               |        0|   0|    0|   14|    0|
    |sparsemux_9_3_32_1_1_U180               |sparsemux_9_3_32_1_1               |        0|   0|    0|   14|    0|
    |sparsemux_9_3_32_1_1_U181               |sparsemux_9_3_32_1_1               |        0|   0|    0|   14|    0|
    |sparsemux_9_3_32_1_1_U182               |sparsemux_9_3_32_1_1               |        0|   0|    0|   14|    0|
    |sparsemux_9_3_32_1_1_U183               |sparsemux_9_3_32_1_1               |        0|   0|    0|   14|    0|
    |sparsemux_9_3_32_1_1_U184               |sparsemux_9_3_32_1_1               |        0|   0|    0|   14|    0|
    +----------------------------------------+-----------------------------------+---------+----+-----+-----+-----+
    |Total                                   |                                   |        0| 272|21504|21112|    0|
    +----------------------------------------+-----------------------------------+---------+----+-----+-----+-----+

    * DSP: 
    N/A

    * Memory: 
    N/A

    * FIFO: 
    N/A

    * Expression: 
    +------------------------------+----------+----+---+----+------------+------------+
    |         Variable Name        | Operation| DSP| FF| LUT| Bitwidth P0| Bitwidth P1|
    +------------------------------+----------+----+---+----+------------+------------+
    |add_ln164_1_fu_12492_p2       |         +|   0|  0|  18|          11|           1|
    |add_ln182_fu_2315_p2          |         +|   0|  0|  19|          12|          12|
    |add_ln185_fu_5505_p2          |         +|   0|  0|  20|          13|          13|
    |add_ln34_100_fu_7608_p2       |         +|   0|  0|  10|           3|           1|
    |add_ln34_101_fu_7644_p2       |         +|   0|  0|  10|           3|           1|
    |add_ln34_102_fu_7670_p2       |         +|   0|  0|  12|           4|           1|
    |add_ln34_103_fu_11074_p2      |         +|   0|  0|  12|           4|           1|
    |add_ln34_104_fu_11108_p2      |         +|   0|  0|  12|           4|           1|
    |add_ln34_105_fu_5282_p2       |         +|   0|  0|  10|           3|           1|
    |add_ln34_106_fu_7709_p2       |         +|   0|  0|  10|           3|           1|
    |add_ln34_107_fu_7743_p2       |         +|   0|  0|  10|           3|           1|
    |add_ln34_108_fu_7779_p2       |         +|   0|  0|  10|           3|           1|
    |add_ln34_109_fu_7805_p2       |         +|   0|  0|  12|           4|           1|
    |add_ln34_10_fu_5738_p2        |         +|   0|  0|  10|           3|           1|
    |add_ln34_110_fu_11307_p2      |         +|   0|  0|  12|           4|           1|
    |add_ln34_111_fu_11341_p2      |         +|   0|  0|  12|           4|           1|
    |add_ln34_112_fu_5454_p2       |         +|   0|  0|  10|           3|           1|
    |add_ln34_113_fu_7844_p2       |         +|   0|  0|  10|           3|           1|
    |add_ln34_114_fu_7878_p2       |         +|   0|  0|  10|           3|           1|
    |add_ln34_115_fu_7914_p2       |         +|   0|  0|  10|           3|           1|
    |add_ln34_116_fu_7940_p2       |         +|   0|  0|  12|           4|           1|
    |add_ln34_117_fu_11540_p2      |         +|   0|  0|  12|           4|           1|
    |add_ln34_118_fu_11574_p2      |         +|   0|  0|  12|           4|           1|
    |add_ln34_11_fu_5778_p2        |         +|   0|  0|  12|           4|           1|
    |add_ln34_12_fu_8114_p2        |         +|   0|  0|  12|           4|           1|
    |add_ln34_13_fu_8125_p2        |         +|   0|  0|  12|           4|           1|
    |add_ln34_14_fu_2923_p2        |         +|   0|  0|  10|           3|           1|
    |add_ln34_15_fu_2959_p2        |         +|   0|  0|  10|           3|           1|
    |add_ln34_16_fu_5857_p2        |         +|   0|  0|  10|           3|           1|
    |add_ln34_17_fu_5890_p2        |         +|   0|  0|  10|           3|           1|
    |add_ln34_18_fu_5930_p2        |         +|   0|  0|  12|           4|           1|
    |add_ln34_19_fu_8295_p2        |         +|   0|  0|  12|           4|           1|
    |add_ln34_1_fu_2521_p2         |         +|   0|  0|  10|           3|           1|
    |add_ln34_20_fu_8306_p2        |         +|   0|  0|  12|           4|           1|
    |add_ln34_21_fu_3163_p2        |         +|   0|  0|  10|           3|           1|
    |add_ln34_22_fu_3185_p2        |         +|   0|  0|  10|           3|           1|
    |add_ln34_23_fu_6031_p2        |         +|   0|  0|  10|           3|           1|
    |add_ln34_24_fu_6065_p2        |         +|   0|  0|  10|           3|           1|
    |add_ln34_25_fu_6105_p2        |         +|   0|  0|  12|           4|           1|
    |add_ln34_26_fu_8476_p2        |         +|   0|  0|  12|           4|           1|
    |add_ln34_27_fu_8487_p2        |         +|   0|  0|  12|           4|           1|
    |add_ln34_28_fu_3338_p2        |         +|   0|  0|  10|           3|           1|
    |add_ln34_29_fu_3374_p2        |         +|   0|  0|  10|           3|           1|
    |add_ln34_2_fu_2543_p2         |         +|   0|  0|  10|           3|           1|
    |add_ln34_30_fu_3396_p2        |         +|   0|  0|  10|           3|           1|
    |add_ln34_31_fu_6206_p2        |         +|   0|  0|  10|           3|           1|
    |add_ln34_32_fu_6244_p2        |         +|   0|  0|  12|           4|           1|
    |add_ln34_33_fu_6280_p2        |         +|   0|  0|  12|           4|           1|
    |add_ln34_34_fu_8650_p2        |         +|   0|  0|  12|           4|           1|
    |add_ln34_35_fu_3564_p2        |         +|   0|  0|  10|           3|           1|
    |add_ln34_36_fu_6359_p2        |         +|   0|  0|  10|           3|           1|
    |add_ln34_37_fu_6393_p2        |         +|   0|  0|  10|           3|           1|
    |add_ln34_38_fu_6429_p2        |         +|   0|  0|  10|           3|           1|
    |add_ln34_39_fu_6455_p2        |         +|   0|  0|  12|           4|           1|
    |add_ln34_3_fu_5551_p2         |         +|   0|  0|  10|           3|           1|
    |add_ln34_40_fu_8977_p2        |         +|   0|  0|  12|           4|           1|
    |add_ln34_41_fu_9011_p2        |         +|   0|  0|  12|           4|           1|
    |add_ln34_42_fu_3736_p2        |         +|   0|  0|  10|           3|           1|
    |add_ln34_43_fu_6494_p2        |         +|   0|  0|  10|           3|           1|
    |add_ln34_44_fu_6528_p2        |         +|   0|  0|  10|           3|           1|
    |add_ln34_45_fu_6564_p2        |         +|   0|  0|  10|           3|           1|
    |add_ln34_46_fu_6590_p2        |         +|   0|  0|  12|           4|           1|
    |add_ln34_47_fu_9210_p2        |         +|   0|  0|  12|           4|           1|
    |add_ln34_48_fu_9244_p2        |         +|   0|  0|  12|           4|           1|
    |add_ln34_49_fu_3908_p2        |         +|   0|  0|  10|           3|           1|
    |add_ln34_4_fu_5589_p2         |         +|   0|  0|  12|           4|           1|
    |add_ln34_50_fu_6629_p2        |         +|   0|  0|  10|           3|           1|
    |add_ln34_51_fu_6663_p2        |         +|   0|  0|  10|           3|           1|
    |add_ln34_52_fu_6699_p2        |         +|   0|  0|  10|           3|           1|
    |add_ln34_53_fu_6725_p2        |         +|   0|  0|  12|           4|           1|
    |add_ln34_54_fu_9443_p2        |         +|   0|  0|  12|           4|           1|
    |add_ln34_55_fu_9477_p2        |         +|   0|  0|  12|           4|           1|
    |add_ln34_56_fu_4080_p2        |         +|   0|  0|  10|           3|           1|
    |add_ln34_57_fu_6764_p2        |         +|   0|  0|  10|           3|           1|
    |add_ln34_58_fu_6798_p2        |         +|   0|  0|  10|           3|           1|
    |add_ln34_59_fu_6834_p2        |         +|   0|  0|  10|           3|           1|
    |add_ln34_5_fu_5625_p2         |         +|   0|  0|  12|           4|           1|
    |add_ln34_60_fu_6860_p2        |         +|   0|  0|  12|           4|           1|
    |add_ln34_61_fu_9676_p2        |         +|   0|  0|  12|           4|           1|
    |add_ln34_62_fu_9710_p2        |         +|   0|  0|  12|           4|           1|
    |add_ln34_63_fu_4251_p2        |         +|   0|  0|  10|           3|           1|
    |add_ln34_64_fu_6899_p2        |         +|   0|  0|  10|           3|           1|
    |add_ln34_65_fu_6933_p2        |         +|   0|  0|  10|           3|           1|
    |add_ln34_66_fu_6969_p2        |         +|   0|  0|  10|           3|           1|
    |add_ln34_67_fu_6995_p2        |         +|   0|  0|  12|           4|           1|
    |add_ln34_68_fu_9909_p2        |         +|   0|  0|  12|           4|           1|
    |add_ln34_69_fu_9943_p2        |         +|   0|  0|  12|           4|           1|
    |add_ln34_6_fu_7963_p2         |         +|   0|  0|  12|           4|           1|
    |add_ln34_70_fu_4423_p2        |         +|   0|  0|  10|           3|           1|
    |add_ln34_71_fu_7034_p2        |         +|   0|  0|  10|           3|           1|
    |add_ln34_72_fu_7068_p2        |         +|   0|  0|  10|           3|           1|
    |add_ln34_73_fu_7104_p2        |         +|   0|  0|  10|           3|           1|
    |add_ln34_74_fu_7130_p2        |         +|   0|  0|  12|           4|           1|
    |add_ln34_75_fu_10142_p2       |         +|   0|  0|  12|           4|           1|
    |add_ln34_76_fu_10176_p2       |         +|   0|  0|  12|           4|           1|
    |add_ln34_77_fu_4595_p2        |         +|   0|  0|  10|           3|           1|
    |add_ln34_78_fu_7169_p2        |         +|   0|  0|  10|           3|           1|
    |add_ln34_79_fu_7203_p2        |         +|   0|  0|  10|           3|           1|
    |add_ln34_7_fu_2705_p2         |         +|   0|  0|  10|           3|           1|
    |add_ln34_80_fu_7239_p2        |         +|   0|  0|  10|           3|           1|
    |add_ln34_81_fu_7265_p2        |         +|   0|  0|  12|           4|           1|
    |add_ln34_82_fu_10375_p2       |         +|   0|  0|  12|           4|           1|
    |add_ln34_83_fu_10409_p2       |         +|   0|  0|  12|           4|           1|
    |add_ln34_84_fu_4767_p2        |         +|   0|  0|  10|           3|           1|
    |add_ln34_85_fu_7304_p2        |         +|   0|  0|  10|           3|           1|
    |add_ln34_86_fu_7338_p2        |         +|   0|  0|  10|           3|           1|
    |add_ln34_87_fu_7374_p2        |         +|   0|  0|  10|           3|           1|
    |add_ln34_88_fu_7400_p2        |         +|   0|  0|  12|           4|           1|
    |add_ln34_89_fu_10608_p2       |         +|   0|  0|  12|           4|           1|
    |add_ln34_8_fu_2727_p2         |         +|   0|  0|  10|           3|           1|
    |add_ln34_90_fu_10642_p2       |         +|   0|  0|  12|           4|           1|
    |add_ln34_91_fu_4938_p2        |         +|   0|  0|  10|           3|           1|
    |add_ln34_92_fu_7439_p2        |         +|   0|  0|  10|           3|           1|
    |add_ln34_93_fu_7473_p2        |         +|   0|  0|  10|           3|           1|
    |add_ln34_94_fu_7509_p2        |         +|   0|  0|  10|           3|           1|
    |add_ln34_95_fu_7535_p2        |         +|   0|  0|  12|           4|           1|
    |add_ln34_96_fu_10841_p2       |         +|   0|  0|  12|           4|           1|
    |add_ln34_97_fu_10875_p2       |         +|   0|  0|  12|           4|           1|
    |add_ln34_98_fu_5110_p2        |         +|   0|  0|  10|           3|           1|
    |add_ln34_99_fu_7574_p2        |         +|   0|  0|  10|           3|           1|
    |add_ln34_9_fu_5704_p2         |         +|   0|  0|  10|           3|           1|
    |add_ln34_fu_2485_p2           |         +|   0|  0|  10|           3|           1|
    |add_ln46_10_fu_10068_p2       |         +|   0|  0|  38|          31|          30|
    |add_ln46_11_fu_10301_p2       |         +|   0|  0|  38|          31|          30|
    |add_ln46_12_fu_10534_p2       |         +|   0|  0|  38|          31|          30|
    |add_ln46_13_fu_10767_p2       |         +|   0|  0|  38|          31|          30|
    |add_ln46_14_fu_11000_p2       |         +|   0|  0|  38|          31|          30|
    |add_ln46_15_fu_11233_p2       |         +|   0|  0|  38|          31|          30|
    |add_ln46_16_fu_11466_p2       |         +|   0|  0|  38|          31|          30|
    |add_ln46_1_fu_8078_p2         |         +|   0|  0|  38|          31|          30|
    |add_ln46_2_fu_8259_p2         |         +|   0|  0|  38|          31|          30|
    |add_ln46_3_fu_8440_p2         |         +|   0|  0|  38|          31|          30|
    |add_ln46_4_fu_8614_p2         |         +|   0|  0|  38|          31|          30|
    |add_ln46_5_fu_8903_p2         |         +|   0|  0|  38|          31|          30|
    |add_ln46_6_fu_9136_p2         |         +|   0|  0|  38|          31|          30|
    |add_ln46_7_fu_9369_p2         |         +|   0|  0|  38|          31|          30|
    |add_ln46_8_fu_9602_p2         |         +|   0|  0|  38|          31|          30|
    |add_ln46_9_fu_9835_p2         |         +|   0|  0|  38|          31|          30|
    |add_ln46_fu_8011_p2           |         +|   0|  0|  38|          31|          30|
    |group_2_fu_2291_p2            |         +|   0|  0|  18|          11|           1|
    |sub_ln40_10_fu_10194_p2       |         -|   0|  0|  13|           5|           6|
    |sub_ln40_11_fu_10427_p2       |         -|   0|  0|  13|           5|           6|
    |sub_ln40_12_fu_10660_p2       |         -|   0|  0|  13|           5|           6|
    |sub_ln40_13_fu_10893_p2       |         -|   0|  0|  13|           5|           6|
    |sub_ln40_14_fu_11126_p2       |         -|   0|  0|  13|           5|           6|
    |sub_ln40_15_fu_11359_p2       |         -|   0|  0|  13|           5|           6|
    |sub_ln40_16_fu_11592_p2       |         -|   0|  0|  13|           5|           6|
    |sub_ln40_1_fu_8142_p2         |         -|   0|  0|  13|           5|           6|
    |sub_ln40_2_fu_8323_p2         |         -|   0|  0|  13|           5|           6|
    |sub_ln40_3_fu_8504_p2         |         -|   0|  0|  13|           5|           6|
    |sub_ln40_4_fu_8665_p2         |         -|   0|  0|  13|           5|           6|
    |sub_ln40_5_fu_9029_p2         |         -|   0|  0|  13|           5|           6|
    |sub_ln40_6_fu_9262_p2         |         -|   0|  0|  13|           5|           6|
    |sub_ln40_7_fu_9495_p2         |         -|   0|  0|  13|           5|           6|
    |sub_ln40_8_fu_9728_p2         |         -|   0|  0|  13|           5|           6|
    |sub_ln40_9_fu_9961_p2         |         -|   0|  0|  13|           5|           6|
    |sub_ln40_fu_7978_p2           |         -|   0|  0|  13|           5|           6|
    |and_ln27_10_fu_10477_p2       |       and|   0|  0|   2|           1|           1|
    |and_ln27_11_fu_10710_p2       |       and|   0|  0|   2|           1|           1|
    |and_ln27_12_fu_10943_p2       |       and|   0|  0|   2|           1|           1|
    |and_ln27_13_fu_11176_p2       |       and|   0|  0|   2|           1|           1|
    |and_ln27_14_fu_11409_p2       |       and|   0|  0|   2|           1|           1|
    |and_ln27_15_fu_11642_p2       |       and|   0|  0|   2|           1|           1|
    |and_ln27_1_fu_8360_p2         |       and|   0|  0|   2|           1|           1|
    |and_ln27_2_fu_8541_p2         |       and|   0|  0|   2|           1|           1|
    |and_ln27_3_fu_8702_p2         |       and|   0|  0|   2|           1|           1|
    |and_ln27_4_fu_9079_p2         |       and|   0|  0|   2|           1|           1|
    |and_ln27_5_fu_9312_p2         |       and|   0|  0|   2|           1|           1|
    |and_ln27_6_fu_9545_p2         |       and|   0|  0|   2|           1|           1|
    |and_ln27_7_fu_9778_p2         |       and|   0|  0|   2|           1|           1|
    |and_ln27_8_fu_10011_p2        |       and|   0|  0|   2|           1|           1|
    |and_ln27_9_fu_10244_p2        |       and|   0|  0|   2|           1|           1|
    |and_ln27_fu_8179_p2           |       and|   0|  0|   2|           1|           1|
    |ap_condition_12749            |       and|   0|  0|   2|           1|           1|
    |ap_predicate_pred5425_state5  |       and|   0|  0|   2|           1|           1|
    |ap_predicate_pred5436_state5  |       and|   0|  0|   2|           1|           1|
    |ap_predicate_pred5442_state5  |       and|   0|  0|   2|           1|           1|
    |ap_predicate_pred5447_state5  |       and|   0|  0|   2|           1|           1|
    |icmp_ln164_1_fu_12498_p2      |      icmp|   0|  0|  18|          11|           3|
    |icmp_ln164_fu_2285_p2         |      icmp|   0|  0|  18|          11|          11|
    |icmp_ln26_10_fu_9297_p2       |      icmp|   0|  0|  12|           5|           2|
    |icmp_ln26_11_fu_9302_p2       |      icmp|   0|  0|  12|           5|           1|
    |icmp_ln26_12_fu_9530_p2       |      icmp|   0|  0|  12|           5|           2|
    |icmp_ln26_13_fu_9535_p2       |      icmp|   0|  0|  12|           5|           1|
    |icmp_ln26_14_fu_9763_p2       |      icmp|   0|  0|  12|           5|           2|
    |icmp_ln26_15_fu_9768_p2       |      icmp|   0|  0|  12|           5|           1|
    |icmp_ln26_16_fu_9996_p2       |      icmp|   0|  0|  12|           5|           2|
    |icmp_ln26_17_fu_10001_p2      |      icmp|   0|  0|  12|           5|           1|
    |icmp_ln26_18_fu_10229_p2      |      icmp|   0|  0|  12|           5|           2|
    |icmp_ln26_19_fu_10234_p2      |      icmp|   0|  0|  12|           5|           1|
    |icmp_ln26_1_fu_8169_p2        |      icmp|   0|  0|  12|           5|           1|
    |icmp_ln26_20_fu_10462_p2      |      icmp|   0|  0|  12|           5|           2|
    |icmp_ln26_21_fu_10467_p2      |      icmp|   0|  0|  12|           5|           1|
    |icmp_ln26_22_fu_10695_p2      |      icmp|   0|  0|  12|           5|           2|
    |icmp_ln26_23_fu_10700_p2      |      icmp|   0|  0|  12|           5|           1|
    |icmp_ln26_24_fu_10928_p2      |      icmp|   0|  0|  12|           5|           2|
    |icmp_ln26_25_fu_10933_p2      |      icmp|   0|  0|  12|           5|           1|
    |icmp_ln26_26_fu_11161_p2      |      icmp|   0|  0|  12|           5|           2|
    |icmp_ln26_27_fu_11166_p2      |      icmp|   0|  0|  12|           5|           1|
    |icmp_ln26_28_fu_11394_p2      |      icmp|   0|  0|  12|           5|           2|
    |icmp_ln26_29_fu_11399_p2      |      icmp|   0|  0|  12|           5|           1|
    |icmp_ln26_2_fu_8345_p2        |      icmp|   0|  0|  12|           5|           2|
    |icmp_ln26_30_fu_11627_p2      |      icmp|   0|  0|  12|           5|           2|
    |icmp_ln26_31_fu_11632_p2      |      icmp|   0|  0|  12|           5|           1|
    |icmp_ln26_3_fu_8350_p2        |      icmp|   0|  0|  12|           5|           1|
    |icmp_ln26_4_fu_8526_p2        |      icmp|   0|  0|  12|           5|           2|
    |icmp_ln26_5_fu_8531_p2        |      icmp|   0|  0|  12|           5|           1|
    |icmp_ln26_6_fu_8687_p2        |      icmp|   0|  0|  12|           5|           2|
    |icmp_ln26_7_fu_8692_p2        |      icmp|   0|  0|  12|           5|           1|
    |icmp_ln26_8_fu_9064_p2        |      icmp|   0|  0|  12|           5|           2|
    |icmp_ln26_9_fu_9069_p2        |      icmp|   0|  0|  12|           5|           1|
    |icmp_ln26_fu_8164_p2          |      icmp|   0|  0|  12|           5|           2|
    |icmp_ln27_10_fu_9074_p2       |      icmp|   0|  0|  17|          10|           1|
    |icmp_ln27_11_fu_3778_p2       |      icmp|   0|  0|  17|          10|           1|
    |icmp_ln27_12_fu_9307_p2       |      icmp|   0|  0|  17|          10|           1|
    |icmp_ln27_13_fu_3950_p2       |      icmp|   0|  0|  17|          10|           1|
    |icmp_ln27_14_fu_9540_p2       |      icmp|   0|  0|  17|          10|           1|
    |icmp_ln27_15_fu_4122_p2       |      icmp|   0|  0|  17|          10|           1|
    |icmp_ln27_16_fu_9773_p2       |      icmp|   0|  0|  17|          10|           1|
    |icmp_ln27_17_fu_4293_p2       |      icmp|   0|  0|  17|          10|           1|
    |icmp_ln27_18_fu_10006_p2      |      icmp|   0|  0|  17|          10|           1|
    |icmp_ln27_19_fu_4465_p2       |      icmp|   0|  0|  17|          10|           1|
    |icmp_ln27_1_fu_2769_p2        |      icmp|   0|  0|  17|          10|           1|
    |icmp_ln27_20_fu_10239_p2      |      icmp|   0|  0|  17|          10|           1|
    |icmp_ln27_21_fu_4637_p2       |      icmp|   0|  0|  17|          10|           1|
    |icmp_ln27_22_fu_10472_p2      |      icmp|   0|  0|  17|          10|           1|
    |icmp_ln27_23_fu_4809_p2       |      icmp|   0|  0|  17|          10|           1|
    |icmp_ln27_24_fu_10705_p2      |      icmp|   0|  0|  17|          10|           1|
    |icmp_ln27_25_fu_4980_p2       |      icmp|   0|  0|  17|          10|           1|
    |icmp_ln27_26_fu_10938_p2      |      icmp|   0|  0|  17|          10|           1|
    |icmp_ln27_27_fu_5152_p2       |      icmp|   0|  0|  17|          10|           1|
    |icmp_ln27_28_fu_11171_p2      |      icmp|   0|  0|  17|          10|           1|
    |icmp_ln27_29_fu_5324_p2       |      icmp|   0|  0|  17|          10|           1|
    |icmp_ln27_2_fu_8174_p2        |      icmp|   0|  0|  17|          10|           1|
    |icmp_ln27_30_fu_11404_p2      |      icmp|   0|  0|  17|          10|           1|
    |icmp_ln27_31_fu_5496_p2       |      icmp|   0|  0|  17|          10|           1|
    |icmp_ln27_32_fu_11637_p2      |      icmp|   0|  0|  17|          10|           1|
    |icmp_ln27_3_fu_3009_p2        |      icmp|   0|  0|  17|          10|           1|
    |icmp_ln27_4_fu_8355_p2        |      icmp|   0|  0|  17|          10|           1|
    |icmp_ln27_5_fu_3227_p2        |      icmp|   0|  0|  17|          10|           1|
    |icmp_ln27_6_fu_8536_p2        |      icmp|   0|  0|  17|          10|           1|
    |icmp_ln27_7_fu_3435_p2        |      icmp|   0|  0|  17|          10|           1|
    |icmp_ln27_8_fu_8697_p2        |      icmp|   0|  0|  17|          10|           1|
    |icmp_ln27_9_fu_3606_p2        |      icmp|   0|  0|  17|          10|           1|
    |icmp_ln27_fu_2375_p2          |      icmp|   0|  0|  17|          10|           1|
    |or_ln27_10_fu_4613_p2         |        or|   0|  0|   5|           5|           5|
    |or_ln27_11_fu_4785_p2         |        or|   0|  0|   5|           5|           5|
    |or_ln27_12_fu_4956_p2         |        or|   0|  0|   5|           5|           5|
    |or_ln27_13_fu_5128_p2         |        or|   0|  0|   5|           5|           5|
    |or_ln27_14_fu_5300_p2         |        or|   0|  0|   5|           5|           5|
    |or_ln27_15_fu_5472_p2         |        or|   0|  0|   5|           5|           5|
    |or_ln27_1_fu_2985_p2          |        or|   0|  0|   5|           5|           5|
    |or_ln27_2_fu_3203_p2          |        or|   0|  0|   5|           5|           5|
    |or_ln27_3_fu_3413_p2          |        or|   0|  0|   5|           5|           5|
    |or_ln27_4_fu_3582_p2          |        or|   0|  0|   5|           5|           5|
    |or_ln27_5_fu_3754_p2          |        or|   0|  0|   5|           5|           5|
    |or_ln27_6_fu_3926_p2          |        or|   0|  0|   5|           5|           5|
    |or_ln27_7_fu_4098_p2          |        or|   0|  0|   5|           5|           5|
    |or_ln27_8_fu_4269_p2          |        or|   0|  0|   5|           5|           5|
    |or_ln27_9_fu_4441_p2          |        or|   0|  0|   5|           5|           5|
    |or_ln27_fu_2745_p2            |        or|   0|  0|   5|           5|           5|
    |normalized_106_fu_3498_p3     |    select|   0|  0|  10|           1|          11|
    |normalized_108_fu_3536_p3     |    select|   0|  0|  10|           1|          11|
    |normalized_110_fu_6331_p3     |    select|   0|  0|  10|           1|          11|
    |normalized_112_fu_6351_p3     |    select|   0|  0|  10|           1|          11|
    |normalized_114_fu_6385_p3     |    select|   0|  0|  10|           1|          11|
    |normalized_116_fu_6421_p3     |    select|   0|  0|  10|           1|          11|
    |normalized_118_fu_8944_p3     |    select|   0|  0|  10|           1|          11|
    |normalized_11_fu_5523_p3      |    select|   0|  0|  10|           1|          11|
    |normalized_120_fu_8969_p3     |    select|   0|  0|  10|           1|          11|
    |normalized_125_fu_3670_p3     |    select|   0|  0|  10|           1|          11|
    |normalized_127_fu_3708_p3     |    select|   0|  0|  10|           1|          11|
    |normalized_129_fu_6466_p3     |    select|   0|  0|  10|           1|          11|
    |normalized_131_fu_6486_p3     |    select|   0|  0|  10|           1|          11|
    |normalized_133_fu_6520_p3     |    select|   0|  0|  10|           1|          11|
    |normalized_135_fu_6556_p3     |    select|   0|  0|  10|           1|          11|
    |normalized_137_fu_9177_p3     |    select|   0|  0|  10|           1|          11|
    |normalized_139_fu_9202_p3     |    select|   0|  0|  10|           1|          11|
    |normalized_13_fu_5543_p3      |    select|   0|  0|  10|           1|          11|
    |normalized_144_fu_3842_p3     |    select|   0|  0|  10|           1|          11|
    |normalized_146_fu_3880_p3     |    select|   0|  0|  10|           1|          11|
    |normalized_148_fu_6601_p3     |    select|   0|  0|  10|           1|          11|
    |normalized_150_fu_6621_p3     |    select|   0|  0|  10|           1|          11|
    |normalized_152_fu_6655_p3     |    select|   0|  0|  10|           1|          11|
    |normalized_154_fu_6691_p3     |    select|   0|  0|  10|           1|          11|
    |normalized_156_fu_9410_p3     |    select|   0|  0|  10|           1|          11|
    |normalized_158_fu_9435_p3     |    select|   0|  0|  10|           1|          11|
    |normalized_15_fu_5581_p3      |    select|   0|  0|  10|           1|          11|
    |normalized_163_fu_4014_p3     |    select|   0|  0|  10|           1|          11|
    |normalized_165_fu_4052_p3     |    select|   0|  0|  10|           1|          11|
    |normalized_167_fu_6736_p3     |    select|   0|  0|  10|           1|          11|
    |normalized_169_fu_6756_p3     |    select|   0|  0|  10|           1|          11|
    |normalized_171_fu_6790_p3     |    select|   0|  0|  10|           1|          11|
    |normalized_173_fu_6826_p3     |    select|   0|  0|  10|           1|          11|
    |normalized_175_fu_9643_p3     |    select|   0|  0|  10|           1|          11|
    |normalized_177_fu_9668_p3     |    select|   0|  0|  10|           1|          11|
    |normalized_17_fu_5617_p3      |    select|   0|  0|  10|           1|          11|
    |normalized_194_fu_4185_p3     |    select|   0|  0|  10|           1|          11|
    |normalized_196_fu_4223_p3     |    select|   0|  0|  10|           1|          11|
    |normalized_198_fu_6871_p3     |    select|   0|  0|  10|           1|          11|
    |normalized_200_fu_6891_p3     |    select|   0|  0|  10|           1|          11|
    |normalized_202_fu_6925_p3     |    select|   0|  0|  10|           1|          11|
    |normalized_204_fu_6961_p3     |    select|   0|  0|  10|           1|          11|
    |normalized_206_fu_9876_p3     |    select|   0|  0|  10|           1|          11|
    |normalized_208_fu_9901_p3     |    select|   0|  0|  10|           1|          11|
    |normalized_213_fu_4357_p3     |    select|   0|  0|  10|           1|          11|
    |normalized_215_fu_4395_p3     |    select|   0|  0|  10|           1|          11|
    |normalized_217_fu_7006_p3     |    select|   0|  0|  10|           1|          11|
    |normalized_219_fu_7026_p3     |    select|   0|  0|  10|           1|          11|
    |normalized_221_fu_7060_p3     |    select|   0|  0|  10|           1|          11|
    |normalized_223_fu_7096_p3     |    select|   0|  0|  10|           1|          11|
    |normalized_225_fu_10109_p3    |    select|   0|  0|  10|           1|          11|
    |normalized_227_fu_10134_p3    |    select|   0|  0|  10|           1|          11|
    |normalized_22_fu_2625_p3      |    select|   0|  0|  10|           1|          11|
    |normalized_232_fu_4529_p3     |    select|   0|  0|  10|           1|          11|
    |normalized_234_fu_4567_p3     |    select|   0|  0|  10|           1|          11|
    |normalized_236_fu_7141_p3     |    select|   0|  0|  10|           1|          11|
    |normalized_238_fu_7161_p3     |    select|   0|  0|  10|           1|          11|
    |normalized_240_fu_7195_p3     |    select|   0|  0|  10|           1|          11|
    |normalized_242_fu_7231_p3     |    select|   0|  0|  10|           1|          11|
    |normalized_244_fu_10342_p3    |    select|   0|  0|  10|           1|          11|
    |normalized_246_fu_10367_p3    |    select|   0|  0|  10|           1|          11|
    |normalized_24_fu_2663_p3      |    select|   0|  0|  10|           1|          11|
    |normalized_251_fu_4701_p3     |    select|   0|  0|  10|           1|          11|
    |normalized_253_fu_4739_p3     |    select|   0|  0|  10|           1|          11|
    |normalized_255_fu_7276_p3     |    select|   0|  0|  10|           1|          11|
    |normalized_257_fu_7296_p3     |    select|   0|  0|  10|           1|          11|
    |normalized_259_fu_7330_p3     |    select|   0|  0|  10|           1|          11|
    |normalized_261_fu_7366_p3     |    select|   0|  0|  10|           1|          11|
    |normalized_263_fu_10575_p3    |    select|   0|  0|  10|           1|          11|
    |normalized_265_fu_10600_p3    |    select|   0|  0|  10|           1|          11|
    |normalized_26_fu_2697_p3      |    select|   0|  0|  10|           1|          11|
    |normalized_282_fu_4872_p3     |    select|   0|  0|  10|           1|          11|
    |normalized_284_fu_4910_p3     |    select|   0|  0|  10|           1|          11|
    |normalized_286_fu_7411_p3     |    select|   0|  0|  10|           1|          11|
    |normalized_288_fu_7431_p3     |    select|   0|  0|  10|           1|          11|
    |normalized_28_fu_5676_p3      |    select|   0|  0|  10|           1|          11|
    |normalized_290_fu_7465_p3     |    select|   0|  0|  10|           1|          11|
    |normalized_292_fu_7501_p3     |    select|   0|  0|  10|           1|          11|
    |normalized_294_fu_10808_p3    |    select|   0|  0|  10|           1|          11|
    |normalized_296_fu_10833_p3    |    select|   0|  0|  10|           1|          11|
    |normalized_301_fu_5044_p3     |    select|   0|  0|  10|           1|          11|
    |normalized_303_fu_5082_p3     |    select|   0|  0|  10|           1|          11|
    |normalized_305_fu_7546_p3     |    select|   0|  0|  10|           1|          11|
    |normalized_307_fu_7566_p3     |    select|   0|  0|  10|           1|          11|
    |normalized_309_fu_7600_p3     |    select|   0|  0|  10|           1|          11|
    |normalized_30_fu_5696_p3      |    select|   0|  0|  10|           1|          11|
    |normalized_311_fu_7636_p3     |    select|   0|  0|  10|           1|          11|
    |normalized_313_fu_11041_p3    |    select|   0|  0|  10|           1|          11|
    |normalized_315_fu_11066_p3    |    select|   0|  0|  10|           1|          11|
    |normalized_320_fu_5216_p3     |    select|   0|  0|  10|           1|          11|
    |normalized_322_fu_5254_p3     |    select|   0|  0|  10|           1|          11|
    |normalized_324_fu_7681_p3     |    select|   0|  0|  10|           1|          11|
    |normalized_326_fu_7701_p3     |    select|   0|  0|  10|           1|          11|
    |normalized_328_fu_7735_p3     |    select|   0|  0|  10|           1|          11|
    |normalized_32_fu_5730_p3      |    select|   0|  0|  10|           1|          11|
    |normalized_330_fu_7771_p3     |    select|   0|  0|  10|           1|          11|
    |normalized_332_fu_11274_p3    |    select|   0|  0|  10|           1|          11|
    |normalized_334_fu_11299_p3    |    select|   0|  0|  10|           1|          11|
    |normalized_339_fu_5388_p3     |    select|   0|  0|  10|           1|          11|
    |normalized_341_fu_5426_p3     |    select|   0|  0|  10|           1|          11|
    |normalized_343_fu_7816_p3     |    select|   0|  0|  10|           1|          11|
    |normalized_345_fu_7836_p3     |    select|   0|  0|  10|           1|          11|
    |normalized_347_fu_7870_p3     |    select|   0|  0|  10|           1|          11|
    |normalized_349_fu_7906_p3     |    select|   0|  0|  10|           1|          11|
    |normalized_34_fu_5770_p3      |    select|   0|  0|  10|           1|          11|
    |normalized_351_fu_11507_p3    |    select|   0|  0|  10|           1|          11|
    |normalized_353_fu_11532_p3    |    select|   0|  0|  10|           1|          11|
    |normalized_36_fu_5806_p3      |    select|   0|  0|  10|           1|          11|
    |normalized_3_fu_2405_p3       |    select|   0|  0|  10|           1|          11|
    |normalized_41_fu_2843_p3      |    select|   0|  0|  10|           1|          11|
    |normalized_43_fu_2881_p3      |    select|   0|  0|  10|           1|          11|
    |normalized_45_fu_2915_p3      |    select|   0|  0|  10|           1|          11|
    |normalized_47_fu_2951_p3      |    select|   0|  0|  10|           1|          11|
    |normalized_49_fu_5851_p3      |    select|   0|  0|  10|           1|          11|
    |normalized_51_fu_5882_p3      |    select|   0|  0|  10|           1|          11|
    |normalized_53_fu_5922_p3      |    select|   0|  0|  10|           1|          11|
    |normalized_55_fu_5958_p3      |    select|   0|  0|  10|           1|          11|
    |normalized_5_fu_2443_p3       |    select|   0|  0|  10|           1|          11|
    |normalized_60_fu_3083_p3      |    select|   0|  0|  10|           1|          11|
    |normalized_62_fu_3121_p3      |    select|   0|  0|  10|           1|          11|
    |normalized_64_fu_3155_p3      |    select|   0|  0|  10|           1|          11|
    |normalized_66_fu_6003_p3      |    select|   0|  0|  10|           1|          11|
    |normalized_68_fu_6023_p3      |    select|   0|  0|  10|           1|          11|
    |normalized_70_fu_6057_p3      |    select|   0|  0|  10|           1|          11|
    |normalized_72_fu_6097_p3      |    select|   0|  0|  10|           1|          11|
    |normalized_74_fu_6133_p3      |    select|   0|  0|  10|           1|          11|
    |normalized_78_fu_3258_p3      |    select|   0|  0|  10|           1|          11|
    |normalized_7_fu_2477_p3       |    select|   0|  0|  10|           1|          11|
    |normalized_80_fu_3296_p3      |    select|   0|  0|  10|           1|          11|
    |normalized_82_fu_3330_p3      |    select|   0|  0|  10|           1|          11|
    |normalized_84_fu_3366_p3      |    select|   0|  0|  10|           1|          11|
    |normalized_86_fu_6178_p3      |    select|   0|  0|  10|           1|          11|
    |normalized_88_fu_6198_p3      |    select|   0|  0|  10|           1|          11|
    |normalized_90_fu_6236_p3      |    select|   0|  0|  10|           1|          11|
    |normalized_92_fu_6272_p3      |    select|   0|  0|  10|           1|          11|
    |normalized_9_fu_2513_p3       |    select|   0|  0|  10|           1|          11|
    |select_ln164_fu_12504_p3      |    select|   0|  0|  10|           1|           1|
    |select_ln34_100_fu_4537_p3    |    select|   0|  0|   3|           1|           1|
    |select_ln34_101_fu_4575_p3    |    select|   0|  0|   2|           1|           2|
    |select_ln34_102_fu_4601_p3    |    select|   0|  0|   3|           1|           3|
    |select_ln34_103_fu_7174_p3    |    select|   0|  0|   3|           1|           3|
    |select_ln34_104_fu_7209_p3    |    select|   0|  0|   3|           1|           3|
    |select_ln34_105_fu_7245_p3    |    select|   0|  0|   3|           1|           3|
    |select_ln34_106_fu_10348_p3   |    select|   0|  0|   4|           1|           4|
    |select_ln34_107_fu_10381_p3   |    select|   0|  0|   4|           1|           4|
    |select_ln34_108_fu_10415_p3   |    select|   0|  0|   4|           1|           4|
    |select_ln34_109_fu_4709_p3    |    select|   0|  0|   3|           1|           1|
    |select_ln34_10_fu_2633_p3     |    select|   0|  0|   3|           1|           1|
    |select_ln34_110_fu_4747_p3    |    select|   0|  0|   2|           1|           2|
    |select_ln34_111_fu_4773_p3    |    select|   0|  0|   3|           1|           3|
    |select_ln34_112_fu_7309_p3    |    select|   0|  0|   3|           1|           3|
    |select_ln34_113_fu_7344_p3    |    select|   0|  0|   3|           1|           3|
    |select_ln34_114_fu_7380_p3    |    select|   0|  0|   3|           1|           3|
    |select_ln34_115_fu_10581_p3   |    select|   0|  0|   4|           1|           4|
    |select_ln34_116_fu_10614_p3   |    select|   0|  0|   4|           1|           4|
    |select_ln34_117_fu_10648_p3   |    select|   0|  0|   4|           1|           4|
    |select_ln34_118_fu_4880_p3    |    select|   0|  0|   3|           1|           1|
    |select_ln34_119_fu_4918_p3    |    select|   0|  0|   2|           1|           2|
    |select_ln34_11_fu_2671_p3     |    select|   0|  0|   2|           1|           2|
    |select_ln34_120_fu_4944_p3    |    select|   0|  0|   3|           1|           3|
    |select_ln34_121_fu_7444_p3    |    select|   0|  0|   3|           1|           3|
    |select_ln34_122_fu_7479_p3    |    select|   0|  0|   3|           1|           3|
    |select_ln34_123_fu_7515_p3    |    select|   0|  0|   3|           1|           3|
    |select_ln34_124_fu_10814_p3   |    select|   0|  0|   4|           1|           4|
    |select_ln34_125_fu_10847_p3   |    select|   0|  0|   4|           1|           4|
    |select_ln34_126_fu_10881_p3   |    select|   0|  0|   4|           1|           4|
    |select_ln34_127_fu_5052_p3    |    select|   0|  0|   3|           1|           1|
    |select_ln34_128_fu_5090_p3    |    select|   0|  0|   2|           1|           2|
    |select_ln34_129_fu_5116_p3    |    select|   0|  0|   3|           1|           3|
    |select_ln34_12_fu_2711_p3     |    select|   0|  0|   3|           1|           3|
    |select_ln34_130_fu_7579_p3    |    select|   0|  0|   3|           1|           3|
    |select_ln34_131_fu_7614_p3    |    select|   0|  0|   3|           1|           3|
    |select_ln34_132_fu_7650_p3    |    select|   0|  0|   3|           1|           3|
    |select_ln34_133_fu_11047_p3   |    select|   0|  0|   4|           1|           4|
    |select_ln34_134_fu_11080_p3   |    select|   0|  0|   4|           1|           4|
    |select_ln34_135_fu_11114_p3   |    select|   0|  0|   4|           1|           4|
    |select_ln34_136_fu_5224_p3    |    select|   0|  0|   3|           1|           1|
    |select_ln34_137_fu_5262_p3    |    select|   0|  0|   2|           1|           2|
    |select_ln34_138_fu_5288_p3    |    select|   0|  0|   3|           1|           3|
    |select_ln34_139_fu_7714_p3    |    select|   0|  0|   3|           1|           3|
    |select_ln34_13_fu_2733_p3     |    select|   0|  0|   3|           1|           3|
    |select_ln34_140_fu_7749_p3    |    select|   0|  0|   3|           1|           3|
    |select_ln34_141_fu_7785_p3    |    select|   0|  0|   3|           1|           3|
    |select_ln34_142_fu_11280_p3   |    select|   0|  0|   4|           1|           4|
    |select_ln34_143_fu_11313_p3   |    select|   0|  0|   4|           1|           4|
    |select_ln34_144_fu_11347_p3   |    select|   0|  0|   4|           1|           4|
    |select_ln34_145_fu_5396_p3    |    select|   0|  0|   3|           1|           1|
    |select_ln34_146_fu_5434_p3    |    select|   0|  0|   2|           1|           2|
    |select_ln34_147_fu_5460_p3    |    select|   0|  0|   3|           1|           3|
    |select_ln34_148_fu_7849_p3    |    select|   0|  0|   3|           1|           3|
    |select_ln34_149_fu_7884_p3    |    select|   0|  0|   3|           1|           3|
    |select_ln34_14_fu_5709_p3     |    select|   0|  0|   3|           1|           3|
    |select_ln34_150_fu_7920_p3    |    select|   0|  0|   3|           1|           3|
    |select_ln34_151_fu_11513_p3   |    select|   0|  0|   4|           1|           4|
    |select_ln34_152_fu_11546_p3   |    select|   0|  0|   4|           1|           4|
    |select_ln34_153_fu_11580_p3   |    select|   0|  0|   4|           1|           4|
    |select_ln34_15_fu_5744_p3     |    select|   0|  0|   3|           1|           3|
    |select_ln34_162_fu_5838_p3    |    select|   0|  0|  10|           1|          10|
    |select_ln34_16_fu_5784_p3     |    select|   0|  0|   4|           1|           4|
    |select_ln34_171_fu_5990_p3    |    select|   0|  0|  10|           1|          10|
    |select_ln34_17_fu_8119_p3     |    select|   0|  0|   4|           1|           4|
    |select_ln34_180_fu_6165_p3    |    select|   0|  0|  10|           1|          10|
    |select_ln34_189_fu_6318_p3    |    select|   0|  0|  10|           1|          10|
    |select_ln34_18_fu_8131_p3     |    select|   0|  0|   4|           1|           4|
    |select_ln34_198_fu_9039_p3    |    select|   0|  0|  10|           1|          10|
    |select_ln34_19_fu_2851_p3     |    select|   0|  0|   3|           1|           1|
    |select_ln34_1_fu_2413_p3      |    select|   0|  0|   3|           1|           1|
    |select_ln34_207_fu_9272_p3    |    select|   0|  0|  10|           1|          10|
    |select_ln34_20_fu_2889_p3     |    select|   0|  0|   2|           1|           2|
    |select_ln34_216_fu_9505_p3    |    select|   0|  0|  10|           1|          10|
    |select_ln34_21_fu_2929_p3     |    select|   0|  0|   3|           1|           3|
    |select_ln34_225_fu_9738_p3    |    select|   0|  0|  10|           1|          10|
    |select_ln34_22_fu_2965_p3     |    select|   0|  0|   3|           1|           3|
    |select_ln34_234_fu_9971_p3    |    select|   0|  0|  10|           1|          10|
    |select_ln34_23_fu_5862_p3     |    select|   0|  0|   3|           1|           3|
    |select_ln34_243_fu_10204_p3   |    select|   0|  0|  10|           1|          10|
    |select_ln34_24_fu_5896_p3     |    select|   0|  0|   3|           1|           3|
    |select_ln34_252_fu_10437_p3   |    select|   0|  0|  10|           1|          10|
    |select_ln34_25_fu_5936_p3     |    select|   0|  0|   4|           1|           4|
    |select_ln34_261_fu_10670_p3   |    select|   0|  0|  10|           1|          10|
    |select_ln34_26_fu_8300_p3     |    select|   0|  0|   4|           1|           4|
    |select_ln34_270_fu_10903_p3   |    select|   0|  0|  10|           1|          10|
    |select_ln34_279_fu_11136_p3   |    select|   0|  0|  10|           1|          10|
    |select_ln34_27_fu_8312_p3     |    select|   0|  0|   4|           1|           4|
    |select_ln34_288_fu_11369_p3   |    select|   0|  0|  10|           1|          10|
    |select_ln34_28_fu_3091_p3     |    select|   0|  0|   3|           1|           1|
    |select_ln34_297_fu_11602_p3   |    select|   0|  0|  10|           1|          10|
    |select_ln34_29_fu_3129_p3     |    select|   0|  0|   2|           1|           2|
    |select_ln34_2_fu_2451_p3      |    select|   0|  0|   2|           1|           2|
    |select_ln34_30_fu_3169_p3     |    select|   0|  0|   3|           1|           3|
    |select_ln34_31_fu_3191_p3     |    select|   0|  0|   3|           1|           3|
    |select_ln34_32_fu_6036_p3     |    select|   0|  0|   3|           1|           3|
    |select_ln34_33_fu_6071_p3     |    select|   0|  0|   3|           1|           3|
    |select_ln34_34_fu_6111_p3     |    select|   0|  0|   4|           1|           4|
    |select_ln34_35_fu_8481_p3     |    select|   0|  0|   4|           1|           4|
    |select_ln34_36_fu_8493_p3     |    select|   0|  0|   4|           1|           4|
    |select_ln34_37_fu_3266_p3     |    select|   0|  0|   3|           1|           1|
    |select_ln34_38_fu_3304_p3     |    select|   0|  0|   2|           1|           2|
    |select_ln34_39_fu_3344_p3     |    select|   0|  0|   3|           1|           3|
    |select_ln34_3_fu_2491_p3      |    select|   0|  0|   3|           1|           3|
    |select_ln34_40_fu_3380_p3     |    select|   0|  0|   3|           1|           3|
    |select_ln34_41_fu_3402_p3     |    select|   0|  0|   3|           1|           3|
    |select_ln34_42_fu_6211_p3     |    select|   0|  0|   3|           1|           3|
    |select_ln34_43_fu_6250_p3     |    select|   0|  0|   4|           1|           4|
    |select_ln34_44_fu_6286_p3     |    select|   0|  0|   4|           1|           4|
    |select_ln34_45_fu_8655_p3     |    select|   0|  0|   4|           1|           4|
    |select_ln34_46_fu_3506_p3     |    select|   0|  0|   3|           1|           1|
    |select_ln34_47_fu_3544_p3     |    select|   0|  0|   2|           1|           2|
    |select_ln34_48_fu_3570_p3     |    select|   0|  0|   3|           1|           3|
    |select_ln34_49_fu_6364_p3     |    select|   0|  0|   3|           1|           3|
    |select_ln34_4_fu_2527_p3      |    select|   0|  0|   3|           1|           3|
    |select_ln34_50_fu_6399_p3     |    select|   0|  0|   3|           1|           3|
    |select_ln34_51_fu_6435_p3     |    select|   0|  0|   3|           1|           3|
    |select_ln34_52_fu_8950_p3     |    select|   0|  0|   4|           1|           4|
    |select_ln34_53_fu_8983_p3     |    select|   0|  0|   4|           1|           4|
    |select_ln34_54_fu_9017_p3     |    select|   0|  0|   4|           1|           4|
    |select_ln34_55_fu_3678_p3     |    select|   0|  0|   3|           1|           1|
    |select_ln34_56_fu_3716_p3     |    select|   0|  0|   2|           1|           2|
    |select_ln34_57_fu_3742_p3     |    select|   0|  0|   3|           1|           3|
    |select_ln34_58_fu_6499_p3     |    select|   0|  0|   3|           1|           3|
    |select_ln34_59_fu_6534_p3     |    select|   0|  0|   3|           1|           3|
    |select_ln34_5_fu_2549_p3      |    select|   0|  0|   3|           1|           3|
    |select_ln34_60_fu_6570_p3     |    select|   0|  0|   3|           1|           3|
    |select_ln34_61_fu_9183_p3     |    select|   0|  0|   4|           1|           4|
    |select_ln34_62_fu_9216_p3     |    select|   0|  0|   4|           1|           4|
    |select_ln34_63_fu_9250_p3     |    select|   0|  0|   4|           1|           4|
    |select_ln34_64_fu_3850_p3     |    select|   0|  0|   3|           1|           1|
    |select_ln34_65_fu_3888_p3     |    select|   0|  0|   2|           1|           2|
    |select_ln34_66_fu_3914_p3     |    select|   0|  0|   3|           1|           3|
    |select_ln34_67_fu_6634_p3     |    select|   0|  0|   3|           1|           3|
    |select_ln34_68_fu_6669_p3     |    select|   0|  0|   3|           1|           3|
    |select_ln34_69_fu_6705_p3     |    select|   0|  0|   3|           1|           3|
    |select_ln34_6_fu_5556_p3      |    select|   0|  0|   3|           1|           3|
    |select_ln34_70_fu_9416_p3     |    select|   0|  0|   4|           1|           4|
    |select_ln34_71_fu_9449_p3     |    select|   0|  0|   4|           1|           4|
    |select_ln34_72_fu_9483_p3     |    select|   0|  0|   4|           1|           4|
    |select_ln34_73_fu_4022_p3     |    select|   0|  0|   3|           1|           1|
    |select_ln34_74_fu_4060_p3     |    select|   0|  0|   2|           1|           2|
    |select_ln34_75_fu_4086_p3     |    select|   0|  0|   3|           1|           3|
    |select_ln34_76_fu_6769_p3     |    select|   0|  0|   3|           1|           3|
    |select_ln34_77_fu_6804_p3     |    select|   0|  0|   3|           1|           3|
    |select_ln34_78_fu_6840_p3     |    select|   0|  0|   3|           1|           3|
    |select_ln34_79_fu_9649_p3     |    select|   0|  0|   4|           1|           4|
    |select_ln34_7_fu_5595_p3      |    select|   0|  0|   4|           1|           4|
    |select_ln34_80_fu_9682_p3     |    select|   0|  0|   4|           1|           4|
    |select_ln34_81_fu_9716_p3     |    select|   0|  0|   4|           1|           4|
    |select_ln34_82_fu_4193_p3     |    select|   0|  0|   3|           1|           1|
    |select_ln34_83_fu_4231_p3     |    select|   0|  0|   2|           1|           2|
    |select_ln34_84_fu_4257_p3     |    select|   0|  0|   3|           1|           3|
    |select_ln34_85_fu_6904_p3     |    select|   0|  0|   3|           1|           3|
    |select_ln34_86_fu_6939_p3     |    select|   0|  0|   3|           1|           3|
    |select_ln34_87_fu_6975_p3     |    select|   0|  0|   3|           1|           3|
    |select_ln34_88_fu_9882_p3     |    select|   0|  0|   4|           1|           4|
    |select_ln34_89_fu_9915_p3     |    select|   0|  0|   4|           1|           4|
    |select_ln34_8_fu_5631_p3      |    select|   0|  0|   4|           1|           4|
    |select_ln34_90_fu_9949_p3     |    select|   0|  0|   4|           1|           4|
    |select_ln34_91_fu_4365_p3     |    select|   0|  0|   3|           1|           1|
    |select_ln34_92_fu_4403_p3     |    select|   0|  0|   2|           1|           2|
    |select_ln34_93_fu_4429_p3     |    select|   0|  0|   3|           1|           3|
    |select_ln34_94_fu_7039_p3     |    select|   0|  0|   3|           1|           3|
    |select_ln34_95_fu_7074_p3     |    select|   0|  0|   3|           1|           3|
    |select_ln34_96_fu_7110_p3     |    select|   0|  0|   3|           1|           3|
    |select_ln34_97_fu_10115_p3    |    select|   0|  0|   4|           1|           4|
    |select_ln34_98_fu_10148_p3    |    select|   0|  0|   4|           1|           4|
    |select_ln34_99_fu_10182_p3    |    select|   0|  0|   4|           1|           4|
    |select_ln34_9_fu_5663_p3      |    select|   0|  0|  10|           1|          10|
    |select_ln34_fu_7968_p3        |    select|   0|  0|   4|           1|           4|
    |select_ln36_10_fu_4387_p3     |    select|   0|  0|   3|           1|           3|
    |select_ln36_11_fu_4559_p3     |    select|   0|  0|   3|           1|           3|
    |select_ln36_12_fu_4731_p3     |    select|   0|  0|   3|           1|           3|
    |select_ln36_13_fu_4902_p3     |    select|   0|  0|   3|           1|           3|
    |select_ln36_14_fu_5074_p3     |    select|   0|  0|   3|           1|           3|
    |select_ln36_15_fu_5246_p3     |    select|   0|  0|   3|           1|           3|
    |select_ln36_16_fu_5418_p3     |    select|   0|  0|   3|           1|           3|
    |select_ln36_1_fu_2655_p3      |    select|   0|  0|   3|           1|           3|
    |select_ln36_2_fu_2873_p3      |    select|   0|  0|   3|           1|           3|
    |select_ln36_3_fu_3113_p3      |    select|   0|  0|   3|           1|           3|
    |select_ln36_4_fu_3288_p3      |    select|   0|  0|   3|           1|           3|
    |select_ln36_5_fu_3528_p3      |    select|   0|  0|   3|           1|           3|
    |select_ln36_6_fu_3700_p3      |    select|   0|  0|   3|           1|           3|
    |select_ln36_7_fu_3872_p3      |    select|   0|  0|   3|           1|           3|
    |select_ln36_8_fu_4044_p3      |    select|   0|  0|   3|           1|           3|
    |select_ln36_9_fu_4215_p3      |    select|   0|  0|   3|           1|           3|
    |select_ln36_fu_2435_p3        |    select|   0|  0|   3|           1|           3|
    |ap_enable_pp0                 |       xor|   0|  0|   2|           1|           2|
    +------------------------------+----------+----+---+----+------------+------------+
    |Total                         |          |   0|  0|5423|        2005|        3133|
    +------------------------------+----------+----+---+----+------------+------------+

    * Multiplexer: 
    +----------------------------------------+----+-----------+-----+-----------+
    |                  Name                  | LUT| Input Size| Bits| Total Bits|
    +----------------------------------------+----+-----------+-----+-----------+
    |accum_10_fu_622                         |   9|          2|   32|         64|
    |accum_11_fu_618                         |   9|          2|   32|         64|
    |accum_12_fu_614                         |   9|          2|   32|         64|
    |accum_13_fu_610                         |   9|          2|   32|         64|
    |accum_14_fu_606                         |   9|          2|   32|         64|
    |accum_15_fu_602                         |   9|          2|   32|         64|
    |accum_16_fu_598                         |   9|          2|   32|         64|
    |accum_17_fu_594                         |   9|          2|   32|         64|
    |accum_18_fu_590                         |   9|          2|   32|         64|
    |accum_19_fu_586                         |   9|          2|   32|         64|
    |accum_1_fu_658                          |   9|          2|   32|         64|
    |accum_20_fu_582                         |   9|          2|   32|         64|
    |accum_21_fu_578                         |   9|          2|   32|         64|
    |accum_22_fu_574                         |   9|          2|   32|         64|
    |accum_23_fu_570                         |   9|          2|   32|         64|
    |accum_24_fu_566                         |   9|          2|   32|         64|
    |accum_25_fu_562                         |   9|          2|   32|         64|
    |accum_26_fu_558                         |   9|          2|   32|         64|
    |accum_27_fu_554                         |   9|          2|   32|         64|
    |accum_28_fu_550                         |   9|          2|   32|         64|
    |accum_29_fu_546                         |   9|          2|   32|         64|
    |accum_2_fu_654                          |   9|          2|   32|         64|
    |accum_30_fu_542                         |   9|          2|   32|         64|
    |accum_31_fu_538                         |   9|          2|   32|         64|
    |accum_32_fu_534                         |   9|          2|   32|         64|
    |accum_33_fu_530                         |   9|          2|   32|         64|
    |accum_34_fu_526                         |   9|          2|   32|         64|
    |accum_35_fu_522                         |   9|          2|   32|         64|
    |accum_36_fu_518                         |   9|          2|   32|         64|
    |accum_37_fu_514                         |   9|          2|   32|         64|
    |accum_38_fu_510                         |   9|          2|   32|         64|
    |accum_39_fu_506                         |   9|          2|   32|         64|
    |accum_3_fu_650                          |   9|          2|   32|         64|
    |accum_40_fu_502                         |   9|          2|   32|         64|
    |accum_41_fu_498                         |   9|          2|   32|         64|
    |accum_42_fu_494                         |   9|          2|   32|         64|
    |accum_43_fu_490                         |   9|          2|   32|         64|
    |accum_44_fu_486                         |   9|          2|   32|         64|
    |accum_45_fu_482                         |   9|          2|   32|         64|
    |accum_46_fu_478                         |   9|          2|   32|         64|
    |accum_47_fu_474                         |   9|          2|   32|         64|
    |accum_48_fu_470                         |   9|          2|   32|         64|
    |accum_49_fu_466                         |   9|          2|   32|         64|
    |accum_4_fu_646                          |   9|          2|   32|         64|
    |accum_50_fu_462                         |   9|          2|   32|         64|
    |accum_51_fu_458                         |   9|          2|   32|         64|
    |accum_52_fu_454                         |   9|          2|   32|         64|
    |accum_53_fu_450                         |   9|          2|   32|         64|
    |accum_54_fu_446                         |   9|          2|   32|         64|
    |accum_55_fu_442                         |   9|          2|   32|         64|
    |accum_56_fu_438                         |   9|          2|   32|         64|
    |accum_57_fu_434                         |   9|          2|   32|         64|
    |accum_58_fu_430                         |   9|          2|   32|         64|
    |accum_59_fu_426                         |   9|          2|   32|         64|
    |accum_5_fu_642                          |   9|          2|   32|         64|
    |accum_60_fu_422                         |   9|          2|   32|         64|
    |accum_61_fu_418                         |   9|          2|   32|         64|
    |accum_62_fu_414                         |   9|          2|   32|         64|
    |accum_63_fu_410                         |   9|          2|   32|         64|
    |accum_64_fu_406                         |   9|          2|   32|         64|
    |accum_65_fu_402                         |   9|          2|   32|         64|
    |accum_66_fu_398                         |   9|          2|   32|         64|
    |accum_67_fu_394                         |   9|          2|   32|         64|
    |accum_68_fu_390                         |   9|          2|   32|         64|
    |accum_69_fu_386                         |   9|          2|   32|         64|
    |accum_6_fu_638                          |   9|          2|   32|         64|
    |accum_70_fu_382                         |   9|          2|   32|         64|
    |accum_71_fu_378                         |   9|          2|   32|         64|
    |accum_72_fu_374                         |   9|          2|   32|         64|
    |accum_73_fu_370                         |   9|          2|   32|         64|
    |accum_74_fu_366                         |   9|          2|   32|         64|
    |accum_75_fu_362                         |   9|          2|   32|         64|
    |accum_76_fu_358                         |   9|          2|   32|         64|
    |accum_77_fu_354                         |   9|          2|   32|         64|
    |accum_78_fu_350                         |   9|          2|   32|         64|
    |accum_79_fu_346                         |   9|          2|   32|         64|
    |accum_7_fu_634                          |   9|          2|   32|         64|
    |accum_8_fu_630                          |   9|          2|   32|         64|
    |accum_9_fu_626                          |   9|          2|   32|         64|
    |accum_fu_662                            |   9|          2|   32|         64|
    |ap_done_int                             |   9|          2|    1|          2|
    |ap_enable_reg_pp0_iter26                |   9|          2|    1|          2|
    |ap_phi_reg_pp0_iter5_bits_138_reg_1339  |  26|          5|   32|        160|
    |ap_sig_allocacmp_accum_10_load_1        |   9|          2|   32|         64|
    |ap_sig_allocacmp_accum_11_load_1        |   9|          2|   32|         64|
    |ap_sig_allocacmp_accum_12_load_1        |   9|          2|   32|         64|
    |ap_sig_allocacmp_accum_13_load_1        |   9|          2|   32|         64|
    |ap_sig_allocacmp_accum_14_load_1        |   9|          2|   32|         64|
    |ap_sig_allocacmp_accum_15_load_1        |   9|          2|   32|         64|
    |ap_sig_allocacmp_accum_16_load_1        |   9|          2|   32|         64|
    |ap_sig_allocacmp_accum_17_load_1        |   9|          2|   32|         64|
    |ap_sig_allocacmp_accum_18_load_1        |   9|          2|   32|         64|
    |ap_sig_allocacmp_accum_19_load_1        |   9|          2|   32|         64|
    |ap_sig_allocacmp_accum_1_load_1         |   9|          2|   32|         64|
    |ap_sig_allocacmp_accum_20_load_1        |   9|          2|   32|         64|
    |ap_sig_allocacmp_accum_21_load_1        |   9|          2|   32|         64|
    |ap_sig_allocacmp_accum_22_load_1        |   9|          2|   32|         64|
    |ap_sig_allocacmp_accum_23_load_1        |   9|          2|   32|         64|
    |ap_sig_allocacmp_accum_24_load_1        |   9|          2|   32|         64|
    |ap_sig_allocacmp_accum_25_load_1        |   9|          2|   32|         64|
    |ap_sig_allocacmp_accum_26_load_1        |   9|          2|   32|         64|
    |ap_sig_allocacmp_accum_27_load_1        |   9|          2|   32|         64|
    |ap_sig_allocacmp_accum_28_load_1        |   9|          2|   32|         64|
    |ap_sig_allocacmp_accum_29_load_1        |   9|          2|   32|         64|
    |ap_sig_allocacmp_accum_2_load_1         |   9|          2|   32|         64|
    |ap_sig_allocacmp_accum_30_load_1        |   9|          2|   32|         64|
    |ap_sig_allocacmp_accum_31_load_1        |   9|          2|   32|         64|
    |ap_sig_allocacmp_accum_32_load_1        |   9|          2|   32|         64|
    |ap_sig_allocacmp_accum_33_load_1        |   9|          2|   32|         64|
    |ap_sig_allocacmp_accum_34_load_1        |   9|          2|   32|         64|
    |ap_sig_allocacmp_accum_35_load_1        |   9|          2|   32|         64|
    |ap_sig_allocacmp_accum_36_load_1        |   9|          2|   32|         64|
    |ap_sig_allocacmp_accum_37_load_1        |   9|          2|   32|         64|
    |ap_sig_allocacmp_accum_38_load_1        |   9|          2|   32|         64|
    |ap_sig_allocacmp_accum_39_load_1        |   9|          2|   32|         64|
    |ap_sig_allocacmp_accum_3_load_1         |   9|          2|   32|         64|
    |ap_sig_allocacmp_accum_40_load_1        |   9|          2|   32|         64|
    |ap_sig_allocacmp_accum_41_load_1        |   9|          2|   32|         64|
    |ap_sig_allocacmp_accum_42_load_1        |   9|          2|   32|         64|
    |ap_sig_allocacmp_accum_43_load_1        |   9|          2|   32|         64|
    |ap_sig_allocacmp_accum_44_load_1        |   9|          2|   32|         64|
    |ap_sig_allocacmp_accum_45_load_1        |   9|          2|   32|         64|
    |ap_sig_allocacmp_accum_46_load_1        |   9|          2|   32|         64|
    |ap_sig_allocacmp_accum_47_load_1        |   9|          2|   32|         64|
    |ap_sig_allocacmp_accum_48_load_1        |   9|          2|   32|         64|
    |ap_sig_allocacmp_accum_49_load_1        |   9|          2|   32|         64|
    |ap_sig_allocacmp_accum_4_load_1         |   9|          2|   32|         64|
    |ap_sig_allocacmp_accum_50_load_1        |   9|          2|   32|         64|
    |ap_sig_allocacmp_accum_51_load_1        |   9|          2|   32|         64|
    |ap_sig_allocacmp_accum_52_load_1        |   9|          2|   32|         64|
    |ap_sig_allocacmp_accum_53_load_1        |   9|          2|   32|         64|
    |ap_sig_allocacmp_accum_54_load_1        |   9|          2|   32|         64|
    |ap_sig_allocacmp_accum_55_load_1        |   9|          2|   32|         64|
    |ap_sig_allocacmp_accum_56_load_1        |   9|          2|   32|         64|
    |ap_sig_allocacmp_accum_57_load_1        |   9|          2|   32|         64|
    |ap_sig_allocacmp_accum_58_load_1        |   9|          2|   32|         64|
    |ap_sig_allocacmp_accum_59_load_1        |   9|          2|   32|         64|
    |ap_sig_allocacmp_accum_5_load_1         |   9|          2|   32|         64|
    |ap_sig_allocacmp_accum_60_load_1        |   9|          2|   32|         64|
    |ap_sig_allocacmp_accum_61_load_1        |   9|          2|   32|         64|
    |ap_sig_allocacmp_accum_62_load_1        |   9|          2|   32|         64|
    |ap_sig_allocacmp_accum_63_load_1        |   9|          2|   32|         64|
    |ap_sig_allocacmp_accum_64_load_1        |   9|          2|   32|         64|
    |ap_sig_allocacmp_accum_65_load_1        |   9|          2|   32|         64|
    |ap_sig_allocacmp_accum_66_load_1        |   9|          2|   32|         64|
    |ap_sig_allocacmp_accum_67_load_1        |   9|          2|   32|         64|
    |ap_sig_allocacmp_accum_68_load_1        |   9|          2|   32|         64|
    |ap_sig_allocacmp_accum_69_load_1        |   9|          2|   32|         64|
    |ap_sig_allocacmp_accum_6_load_1         |   9|          2|   32|         64|
    |ap_sig_allocacmp_accum_70_load_1        |   9|          2|   32|         64|
    |ap_sig_allocacmp_accum_71_load_1        |   9|          2|   32|         64|
    |ap_sig_allocacmp_accum_72_load_1        |   9|          2|   32|         64|
    |ap_sig_allocacmp_accum_73_load_1        |   9|          2|   32|         64|
    |ap_sig_allocacmp_accum_74_load_1        |   9|          2|   32|         64|
    |ap_sig_allocacmp_accum_75_load_1        |   9|          2|   32|         64|
    |ap_sig_allocacmp_accum_76_load_1        |   9|          2|   32|         64|
    |ap_sig_allocacmp_accum_77_load_1        |   9|          2|   32|         64|
    |ap_sig_allocacmp_accum_78_load_1        |   9|          2|   32|         64|
    |ap_sig_allocacmp_accum_79_load_1        |   9|          2|   32|         64|
    |ap_sig_allocacmp_accum_7_load_1         |   9|          2|   32|         64|
    |ap_sig_allocacmp_accum_8_load_1         |   9|          2|   32|         64|
    |ap_sig_allocacmp_accum_9_load_1         |   9|          2|   32|         64|
    |ap_sig_allocacmp_accum_load_1           |   9|          2|   32|         64|
    |ap_sig_allocacmp_group_1                |   9|          2|   11|         22|
    |group_fu_342                            |   9|          2|   11|         22|
    |phi_urem_fu_338                         |   9|          2|   11|         22|
    +----------------------------------------+----+-----------+-----+-----------+
    |Total                                   |1511|        335| 5187|      10470|
    +----------------------------------------+----+-----------+-----+-----------+

    * Register: 
    +----------------------------------------+-----+----+-----+-----------+
    |                  Name                  |  FF | LUT| Bits| Const Bits|
    +----------------------------------------+-----+----+-----+-----------+
    |accum_10_fu_622                         |   32|   0|   32|          0|
    |accum_11_fu_618                         |   32|   0|   32|          0|
    |accum_12_fu_614                         |   32|   0|   32|          0|
    |accum_13_fu_610                         |   32|   0|   32|          0|
    |accum_14_fu_606                         |   32|   0|   32|          0|
    |accum_15_fu_602                         |   32|   0|   32|          0|
    |accum_16_fu_598                         |   32|   0|   32|          0|
    |accum_17_fu_594                         |   32|   0|   32|          0|
    |accum_18_fu_590                         |   32|   0|   32|          0|
    |accum_19_fu_586                         |   32|   0|   32|          0|
    |accum_1_fu_658                          |   32|   0|   32|          0|
    |accum_20_fu_582                         |   32|   0|   32|          0|
    |accum_21_fu_578                         |   32|   0|   32|          0|
    |accum_22_fu_574                         |   32|   0|   32|          0|
    |accum_23_fu_570                         |   32|   0|   32|          0|
    |accum_24_fu_566                         |   32|   0|   32|          0|
    |accum_25_fu_562                         |   32|   0|   32|          0|
    |accum_26_fu_558                         |   32|   0|   32|          0|
    |accum_27_fu_554                         |   32|   0|   32|          0|
    |accum_28_fu_550                         |   32|   0|   32|          0|
    |accum_29_fu_546                         |   32|   0|   32|          0|
    |accum_2_fu_654                          |   32|   0|   32|          0|
    |accum_30_fu_542                         |   32|   0|   32|          0|
    |accum_31_fu_538                         |   32|   0|   32|          0|
    |accum_32_fu_534                         |   32|   0|   32|          0|
    |accum_33_fu_530                         |   32|   0|   32|          0|
    |accum_34_fu_526                         |   32|   0|   32|          0|
    |accum_35_fu_522                         |   32|   0|   32|          0|
    |accum_36_fu_518                         |   32|   0|   32|          0|
    |accum_37_fu_514                         |   32|   0|   32|          0|
    |accum_38_fu_510                         |   32|   0|   32|          0|
    |accum_39_fu_506                         |   32|   0|   32|          0|
    |accum_3_fu_650                          |   32|   0|   32|          0|
    |accum_40_fu_502                         |   32|   0|   32|          0|
    |accum_41_fu_498                         |   32|   0|   32|          0|
    |accum_42_fu_494                         |   32|   0|   32|          0|
    |accum_43_fu_490                         |   32|   0|   32|          0|
    |accum_44_fu_486                         |   32|   0|   32|          0|
    |accum_45_fu_482                         |   32|   0|   32|          0|
    |accum_46_fu_478                         |   32|   0|   32|          0|
    |accum_47_fu_474                         |   32|   0|   32|          0|
    |accum_48_fu_470                         |   32|   0|   32|          0|
    |accum_49_fu_466                         |   32|   0|   32|          0|
    |accum_4_fu_646                          |   32|   0|   32|          0|
    |accum_50_fu_462                         |   32|   0|   32|          0|
    |accum_51_fu_458                         |   32|   0|   32|          0|
    |accum_52_fu_454                         |   32|   0|   32|          0|
    |accum_53_fu_450                         |   32|   0|   32|          0|
    |accum_54_fu_446                         |   32|   0|   32|          0|
    |accum_55_fu_442                         |   32|   0|   32|          0|
    |accum_56_fu_438                         |   32|   0|   32|          0|
    |accum_57_fu_434                         |   32|   0|   32|          0|
    |accum_58_fu_430                         |   32|   0|   32|          0|
    |accum_59_fu_426                         |   32|   0|   32|          0|
    |accum_5_fu_642                          |   32|   0|   32|          0|
    |accum_60_fu_422                         |   32|   0|   32|          0|
    |accum_61_fu_418                         |   32|   0|   32|          0|
    |accum_62_fu_414                         |   32|   0|   32|          0|
    |accum_63_fu_410                         |   32|   0|   32|          0|
    |accum_64_fu_406                         |   32|   0|   32|          0|
    |accum_65_fu_402                         |   32|   0|   32|          0|
    |accum_66_fu_398                         |   32|   0|   32|          0|
    |accum_67_fu_394                         |   32|   0|   32|          0|
    |accum_68_fu_390                         |   32|   0|   32|          0|
    |accum_69_fu_386                         |   32|   0|   32|          0|
    |accum_6_fu_638                          |   32|   0|   32|          0|
    |accum_70_fu_382                         |   32|   0|   32|          0|
    |accum_71_fu_378                         |   32|   0|   32|          0|
    |accum_72_fu_374                         |   32|   0|   32|          0|
    |accum_73_fu_370                         |   32|   0|   32|          0|
    |accum_74_fu_366                         |   32|   0|   32|          0|
    |accum_75_fu_362                         |   32|   0|   32|          0|
    |accum_76_fu_358                         |   32|   0|   32|          0|
    |accum_77_fu_354                         |   32|   0|   32|          0|
    |accum_78_fu_350                         |   32|   0|   32|          0|
    |accum_79_fu_346                         |   32|   0|   32|          0|
    |accum_7_fu_634                          |   32|   0|   32|          0|
    |accum_80_reg_16000                      |   32|   0|   32|          0|
    |accum_81_reg_16009                      |   32|   0|   32|          0|
    |accum_82_reg_16018                      |   32|   0|   32|          0|
    |accum_83_reg_16027                      |   32|   0|   32|          0|
    |accum_84_reg_16036                      |   32|   0|   32|          0|
    |accum_85_reg_16045                      |   32|   0|   32|          0|
    |accum_86_reg_16054                      |   32|   0|   32|          0|
    |accum_87_reg_16063                      |   32|   0|   32|          0|
    |accum_88_reg_16072                      |   32|   0|   32|          0|
    |accum_89_reg_16081                      |   32|   0|   32|          0|
    |accum_8_fu_630                          |   32|   0|   32|          0|
    |accum_90_reg_16090                      |   32|   0|   32|          0|
    |accum_91_reg_16099                      |   32|   0|   32|          0|
    |accum_92_reg_16108                      |   32|   0|   32|          0|
    |accum_93_reg_16117                      |   32|   0|   32|          0|
    |accum_94_reg_16126                      |   32|   0|   32|          0|
    |accum_95_reg_16135                      |   32|   0|   32|          0|
    |accum_9_fu_626                          |   32|   0|   32|          0|
    |accum_fu_662                            |   32|   0|   32|          0|
    |add_ln34_102_reg_14947                  |    4|   0|    4|          0|
    |add_ln34_109_reg_14969                  |    4|   0|    4|          0|
    |add_ln34_116_reg_14991                  |    4|   0|    4|          0|
    |add_ln34_39_reg_14749                   |    4|   0|    4|          0|
    |add_ln34_46_reg_14771                   |    4|   0|    4|          0|
    |add_ln34_53_reg_14793                   |    4|   0|    4|          0|
    |add_ln34_60_reg_14815                   |    4|   0|    4|          0|
    |add_ln34_67_reg_14837                   |    4|   0|    4|          0|
    |add_ln34_74_reg_14859                   |    4|   0|    4|          0|
    |add_ln34_81_reg_14881                   |    4|   0|    4|          0|
    |add_ln34_88_reg_14903                   |    4|   0|    4|          0|
    |add_ln34_95_reg_14925                   |    4|   0|    4|          0|
    |ap_CS_fsm                               |    1|   0|    1|          0|
    |ap_done_reg                             |    1|   0|    1|          0|
    |ap_enable_reg_pp0_iter1                 |    1|   0|    1|          0|
    |ap_enable_reg_pp0_iter10                |    1|   0|    1|          0|
    |ap_enable_reg_pp0_iter11                |    1|   0|    1|          0|
    |ap_enable_reg_pp0_iter12                |    1|   0|    1|          0|
    |ap_enable_reg_pp0_iter13                |    1|   0|    1|          0|
    |ap_enable_reg_pp0_iter14                |    1|   0|    1|          0|
    |ap_enable_reg_pp0_iter15                |    1|   0|    1|          0|
    |ap_enable_reg_pp0_iter16                |    1|   0|    1|          0|
    |ap_enable_reg_pp0_iter17                |    1|   0|    1|          0|
    |ap_enable_reg_pp0_iter18                |    1|   0|    1|          0|
    |ap_enable_reg_pp0_iter19                |    1|   0|    1|          0|
    |ap_enable_reg_pp0_iter2                 |    1|   0|    1|          0|
    |ap_enable_reg_pp0_iter20                |    1|   0|    1|          0|
    |ap_enable_reg_pp0_iter21                |    1|   0|    1|          0|
    |ap_enable_reg_pp0_iter22                |    1|   0|    1|          0|
    |ap_enable_reg_pp0_iter23                |    1|   0|    1|          0|
    |ap_enable_reg_pp0_iter24                |    1|   0|    1|          0|
    |ap_enable_reg_pp0_iter25                |    1|   0|    1|          0|
    |ap_enable_reg_pp0_iter26                |    1|   0|    1|          0|
    |ap_enable_reg_pp0_iter27                |    1|   0|    1|          0|
    |ap_enable_reg_pp0_iter28                |    1|   0|    1|          0|
    |ap_enable_reg_pp0_iter29                |    1|   0|    1|          0|
    |ap_enable_reg_pp0_iter3                 |    1|   0|    1|          0|
    |ap_enable_reg_pp0_iter30                |    1|   0|    1|          0|
    |ap_enable_reg_pp0_iter31                |    1|   0|    1|          0|
    |ap_enable_reg_pp0_iter32                |    1|   0|    1|          0|
    |ap_enable_reg_pp0_iter33                |    1|   0|    1|          0|
    |ap_enable_reg_pp0_iter34                |    1|   0|    1|          0|
    |ap_enable_reg_pp0_iter4                 |    1|   0|    1|          0|
    |ap_enable_reg_pp0_iter5                 |    1|   0|    1|          0|
    |ap_enable_reg_pp0_iter6                 |    1|   0|    1|          0|
    |ap_enable_reg_pp0_iter7                 |    1|   0|    1|          0|
    |ap_enable_reg_pp0_iter8                 |    1|   0|    1|          0|
    |ap_enable_reg_pp0_iter9                 |    1|   0|    1|          0|
    |ap_loop_exit_ready_pp0_iter10_reg       |    1|   0|    1|          0|
    |ap_loop_exit_ready_pp0_iter11_reg       |    1|   0|    1|          0|
    |ap_loop_exit_ready_pp0_iter12_reg       |    1|   0|    1|          0|
    |ap_loop_exit_ready_pp0_iter13_reg       |    1|   0|    1|          0|
    |ap_loop_exit_ready_pp0_iter14_reg       |    1|   0|    1|          0|
    |ap_loop_exit_ready_pp0_iter15_reg       |    1|   0|    1|          0|
    |ap_loop_exit_ready_pp0_iter16_reg       |    1|   0|    1|          0|
    |ap_loop_exit_ready_pp0_iter17_reg       |    1|   0|    1|          0|
    |ap_loop_exit_ready_pp0_iter18_reg       |    1|   0|    1|          0|
    |ap_loop_exit_ready_pp0_iter19_reg       |    1|   0|    1|          0|
    |ap_loop_exit_ready_pp0_iter1_reg        |    1|   0|    1|          0|
    |ap_loop_exit_ready_pp0_iter20_reg       |    1|   0|    1|          0|
    |ap_loop_exit_ready_pp0_iter21_reg       |    1|   0|    1|          0|
    |ap_loop_exit_ready_pp0_iter22_reg       |    1|   0|    1|          0|
    |ap_loop_exit_ready_pp0_iter23_reg       |    1|   0|    1|          0|
    |ap_loop_exit_ready_pp0_iter24_reg       |    1|   0|    1|          0|
    |ap_loop_exit_ready_pp0_iter25_reg       |    1|   0|    1|          0|
    |ap_loop_exit_ready_pp0_iter26_reg       |    1|   0|    1|          0|
    |ap_loop_exit_ready_pp0_iter27_reg       |    1|   0|    1|          0|
    |ap_loop_exit_ready_pp0_iter28_reg       |    1|   0|    1|          0|
    |ap_loop_exit_ready_pp0_iter29_reg       |    1|   0|    1|          0|
    |ap_loop_exit_ready_pp0_iter2_reg        |    1|   0|    1|          0|
    |ap_loop_exit_ready_pp0_iter30_reg       |    1|   0|    1|          0|
    |ap_loop_exit_ready_pp0_iter31_reg       |    1|   0|    1|          0|
    |ap_loop_exit_ready_pp0_iter32_reg       |    1|   0|    1|          0|
    |ap_loop_exit_ready_pp0_iter33_reg       |    1|   0|    1|          0|
    |ap_loop_exit_ready_pp0_iter3_reg        |    1|   0|    1|          0|
    |ap_loop_exit_ready_pp0_iter4_reg        |    1|   0|    1|          0|
    |ap_loop_exit_ready_pp0_iter5_reg        |    1|   0|    1|          0|
    |ap_loop_exit_ready_pp0_iter6_reg        |    1|   0|    1|          0|
    |ap_loop_exit_ready_pp0_iter7_reg        |    1|   0|    1|          0|
    |ap_loop_exit_ready_pp0_iter8_reg        |    1|   0|    1|          0|
    |ap_loop_exit_ready_pp0_iter9_reg        |    1|   0|    1|          0|
    |ap_phi_reg_pp0_iter1_bits_138_reg_1339  |   32|   0|   32|          0|
    |ap_phi_reg_pp0_iter2_bits_138_reg_1339  |   32|   0|   32|          0|
    |ap_phi_reg_pp0_iter3_bits_138_reg_1339  |   32|   0|   32|          0|
    |ap_phi_reg_pp0_iter4_bits_138_reg_1339  |   32|   0|   32|          0|
    |ap_phi_reg_pp0_iter5_bits_138_reg_1339  |   32|   0|   32|          0|
    |ap_predicate_pred5425_state5            |    1|   0|    1|          0|
    |ap_predicate_pred5436_state5            |    1|   0|    1|          0|
    |ap_predicate_pred5442_state5            |    1|   0|    1|          0|
    |ap_predicate_pred5447_state5            |    1|   0|    1|          0|
    |bitcast_ln188_10_reg_15116              |   32|   0|   32|          0|
    |bitcast_ln188_11_reg_15124              |   32|   0|   32|          0|
    |bitcast_ln188_12_reg_15132              |   32|   0|   32|          0|
    |bitcast_ln188_13_reg_15140              |   32|   0|   32|          0|
    |bitcast_ln188_14_reg_15148              |   32|   0|   32|          0|
    |bitcast_ln188_15_reg_15156              |   32|   0|   32|          0|
    |bitcast_ln188_1_reg_15029               |   32|   0|   32|          0|
    |bitcast_ln188_2_reg_15042               |   32|   0|   32|          0|
    |bitcast_ln188_3_reg_15055               |   32|   0|   32|          0|
    |bitcast_ln188_4_reg_15068               |   32|   0|   32|          0|
    |bitcast_ln188_5_reg_15076               |   32|   0|   32|          0|
    |bitcast_ln188_6_reg_15084               |   32|   0|   32|          0|
    |bitcast_ln188_7_reg_15092               |   32|   0|   32|          0|
    |bitcast_ln188_8_reg_15100               |   32|   0|   32|          0|
    |bitcast_ln188_9_reg_15108               |   32|   0|   32|          0|
    |bitcast_ln188_reg_15016                 |   32|   0|   32|          0|
    |bits_122_reg_15204                      |   32|   0|   32|          0|
    |bits_123_reg_15209                      |   32|   0|   32|          0|
    |bits_124_reg_15214                      |   32|   0|   32|          0|
    |bits_125_reg_15219                      |   32|   0|   32|          0|
    |bits_126_reg_15184                      |   32|   0|   32|          0|
    |bits_127_reg_15189                      |   32|   0|   32|          0|
    |bits_128_reg_15194                      |   32|   0|   32|          0|
    |bits_129_reg_15199                      |   32|   0|   32|          0|
    |bits_130_reg_15164                      |   32|   0|   32|          0|
    |bits_131_reg_15169                      |   32|   0|   32|          0|
    |bits_132_reg_15174                      |   32|   0|   32|          0|
    |bits_133_reg_15179                      |   32|   0|   32|          0|
    |bits_134_reg_15063                      |   32|   0|   32|          0|
    |bits_135_reg_15024                      |   32|   0|   32|          0|
    |bits_136_reg_15037                      |   32|   0|   32|          0|
    |bits_137_reg_15050                      |   32|   0|   32|          0|
    |chunk_10_reg_15940                      |   32|   0|   32|          0|
    |chunk_11_reg_15950                      |   32|   0|   32|          0|
    |chunk_12_reg_15960                      |   32|   0|   32|          0|
    |chunk_13_reg_15970                      |   32|   0|   32|          0|
    |chunk_14_reg_15980                      |   32|   0|   32|          0|
    |chunk_15_reg_15990                      |   32|   0|   32|          0|
    |chunk_1_reg_15850                       |   32|   0|   32|          0|
    |chunk_2_reg_15860                       |   32|   0|   32|          0|
    |chunk_3_reg_15870                       |   32|   0|   32|          0|
    |chunk_4_reg_15880                       |   32|   0|   32|          0|
    |chunk_5_reg_15890                       |   32|   0|   32|          0|
    |chunk_6_reg_15900                       |   32|   0|   32|          0|
    |chunk_7_reg_15910                       |   32|   0|   32|          0|
    |chunk_8_reg_15920                       |   32|   0|   32|          0|
    |chunk_9_reg_15930                       |   32|   0|   32|          0|
    |chunk_reg_15840                         |   32|   0|   32|          0|
    |exp_10_reg_14368                        |    5|   0|    5|          0|
    |exp_10_reg_14368_pp0_iter3_reg          |    5|   0|    5|          0|
    |exp_11_reg_14412                        |    5|   0|    5|          0|
    |exp_11_reg_14412_pp0_iter3_reg          |    5|   0|    5|          0|
    |exp_12_reg_14456                        |    5|   0|    5|          0|
    |exp_12_reg_14456_pp0_iter3_reg          |    5|   0|    5|          0|
    |exp_13_reg_14500                        |    5|   0|    5|          0|
    |exp_13_reg_14500_pp0_iter3_reg          |    5|   0|    5|          0|
    |exp_14_reg_14544                        |    5|   0|    5|          0|
    |exp_14_reg_14544_pp0_iter3_reg          |    5|   0|    5|          0|
    |exp_15_reg_14588                        |    5|   0|    5|          0|
    |exp_15_reg_14588_pp0_iter3_reg          |    5|   0|    5|          0|
    |exp_1_reg_13949                         |    5|   0|    5|          0|
    |exp_1_reg_13949_pp0_iter3_reg           |    5|   0|    5|          0|
    |exp_2_reg_13993                         |    5|   0|    5|          0|
    |exp_2_reg_13993_pp0_iter3_reg           |    5|   0|    5|          0|
    |exp_3_reg_14038                         |    5|   0|    5|          0|
    |exp_3_reg_14038_pp0_iter3_reg           |    5|   0|    5|          0|
    |exp_4_reg_14104                         |    5|   0|    5|          0|
    |exp_4_reg_14104_pp0_iter3_reg           |    5|   0|    5|          0|
    |exp_5_reg_14148                         |    5|   0|    5|          0|
    |exp_5_reg_14148_pp0_iter3_reg           |    5|   0|    5|          0|
    |exp_6_reg_14192                         |    5|   0|    5|          0|
    |exp_6_reg_14192_pp0_iter3_reg           |    5|   0|    5|          0|
    |exp_7_reg_14236                         |    5|   0|    5|          0|
    |exp_7_reg_14236_pp0_iter3_reg           |    5|   0|    5|          0|
    |exp_8_reg_14280                         |    5|   0|    5|          0|
    |exp_8_reg_14280_pp0_iter3_reg           |    5|   0|    5|          0|
    |exp_9_reg_14324                         |    5|   0|    5|          0|
    |exp_9_reg_14324_pp0_iter3_reg           |    5|   0|    5|          0|
    |exp_reg_13904                           |    5|   0|    5|          0|
    |frac_10_reg_14177                       |   10|   0|   10|          0|
    |frac_10_reg_14177_pp0_iter3_reg         |   10|   0|   10|          0|
    |frac_11_reg_14221                       |   10|   0|   10|          0|
    |frac_11_reg_14221_pp0_iter3_reg         |   10|   0|   10|          0|
    |frac_12_reg_13881                       |   10|   0|   10|          0|
    |frac_13_reg_13934                       |   10|   0|   10|          0|
    |frac_13_reg_13934_pp0_iter3_reg         |   10|   0|   10|          0|
    |frac_14_reg_13978                       |   10|   0|   10|          0|
    |frac_14_reg_13978_pp0_iter3_reg         |   10|   0|   10|          0|
    |frac_15_reg_14023                       |   10|   0|   10|          0|
    |frac_15_reg_14023_pp0_iter3_reg         |   10|   0|   10|          0|
    |frac_1_reg_14485                        |   10|   0|   10|          0|
    |frac_1_reg_14485_pp0_iter3_reg          |   10|   0|   10|          0|
    |frac_2_reg_14529                        |   10|   0|   10|          0|
    |frac_2_reg_14529_pp0_iter3_reg          |   10|   0|   10|          0|
    |frac_3_reg_14573                        |   10|   0|   10|          0|
    |frac_3_reg_14573_pp0_iter3_reg          |   10|   0|   10|          0|
    |frac_4_reg_14265                        |   10|   0|   10|          0|
    |frac_4_reg_14265_pp0_iter3_reg          |   10|   0|   10|          0|
    |frac_5_reg_14309                        |   10|   0|   10|          0|
    |frac_5_reg_14309_pp0_iter3_reg          |   10|   0|   10|          0|
    |frac_6_reg_14353                        |   10|   0|   10|          0|
    |frac_6_reg_14353_pp0_iter3_reg          |   10|   0|   10|          0|
    |frac_7_reg_14397                        |   10|   0|   10|          0|
    |frac_7_reg_14397_pp0_iter3_reg          |   10|   0|   10|          0|
    |frac_8_reg_14089                        |   10|   0|   10|          0|
    |frac_8_reg_14089_pp0_iter3_reg          |   10|   0|   10|          0|
    |frac_9_reg_14133                        |   10|   0|   10|          0|
    |frac_9_reg_14133_pp0_iter3_reg          |   10|   0|   10|          0|
    |frac_reg_14441                          |   10|   0|   10|          0|
    |frac_reg_14441_pp0_iter3_reg            |   10|   0|   10|          0|
    |group_fu_342                            |   11|   0|   11|          0|
    |icmp_ln164_reg_13816                    |    1|   0|    1|          0|
    |icmp_ln27_11_reg_14172                  |    1|   0|    1|          0|
    |icmp_ln27_11_reg_14172_pp0_iter3_reg    |    1|   0|    1|          0|
    |icmp_ln27_13_reg_14216                  |    1|   0|    1|          0|
    |icmp_ln27_13_reg_14216_pp0_iter3_reg    |    1|   0|    1|          0|
    |icmp_ln27_15_reg_14260                  |    1|   0|    1|          0|
    |icmp_ln27_15_reg_14260_pp0_iter3_reg    |    1|   0|    1|          0|
    |icmp_ln27_17_reg_14304                  |    1|   0|    1|          0|
    |icmp_ln27_17_reg_14304_pp0_iter3_reg    |    1|   0|    1|          0|
    |icmp_ln27_19_reg_14348                  |    1|   0|    1|          0|
    |icmp_ln27_19_reg_14348_pp0_iter3_reg    |    1|   0|    1|          0|
    |icmp_ln27_1_reg_13973                   |    1|   0|    1|          0|
    |icmp_ln27_1_reg_13973_pp0_iter3_reg     |    1|   0|    1|          0|
    |icmp_ln27_21_reg_14392                  |    1|   0|    1|          0|
    |icmp_ln27_21_reg_14392_pp0_iter3_reg    |    1|   0|    1|          0|
    |icmp_ln27_23_reg_14436                  |    1|   0|    1|          0|
    |icmp_ln27_23_reg_14436_pp0_iter3_reg    |    1|   0|    1|          0|
    |icmp_ln27_25_reg_14480                  |    1|   0|    1|          0|
    |icmp_ln27_25_reg_14480_pp0_iter3_reg    |    1|   0|    1|          0|
    |icmp_ln27_27_reg_14524                  |    1|   0|    1|          0|
    |icmp_ln27_27_reg_14524_pp0_iter3_reg    |    1|   0|    1|          0|
    |icmp_ln27_29_reg_14568                  |    1|   0|    1|          0|
    |icmp_ln27_29_reg_14568_pp0_iter3_reg    |    1|   0|    1|          0|
    |icmp_ln27_31_reg_14612                  |    1|   0|    1|          0|
    |icmp_ln27_31_reg_14612_pp0_iter3_reg    |    1|   0|    1|          0|
    |icmp_ln27_3_reg_14018                   |    1|   0|    1|          0|
    |icmp_ln27_3_reg_14018_pp0_iter3_reg     |    1|   0|    1|          0|
    |icmp_ln27_5_reg_14062                   |    1|   0|    1|          0|
    |icmp_ln27_5_reg_14062_pp0_iter3_reg     |    1|   0|    1|          0|
    |icmp_ln27_7_reg_14084                   |    1|   0|    1|          0|
    |icmp_ln27_7_reg_14084_pp0_iter3_reg     |    1|   0|    1|          0|
    |icmp_ln27_9_reg_14128                   |    1|   0|    1|          0|
    |icmp_ln27_9_reg_14128_pp0_iter3_reg     |    1|   0|    1|          0|
    |icmp_ln27_reg_13913                     |    1|   0|    1|          0|
    |left_10_reg_15776                       |   32|   0|   32|          0|
    |left_11_reg_15786                       |   32|   0|   32|          0|
    |left_12_reg_15796                       |   32|   0|   32|          0|
    |left_13_reg_15806                       |   32|   0|   32|          0|
    |left_14_reg_15816                       |   32|   0|   32|          0|
    |left_15_reg_15826                       |   32|   0|   32|          0|
    |left_1_reg_15686                        |   32|   0|   32|          0|
    |left_2_reg_15696                        |   32|   0|   32|          0|
    |left_3_reg_15706                        |   32|   0|   32|          0|
    |left_4_reg_15716                        |   32|   0|   32|          0|
    |left_5_reg_15726                        |   32|   0|   32|          0|
    |left_6_reg_15736                        |   32|   0|   32|          0|
    |left_7_reg_15746                        |   32|   0|   32|          0|
    |left_8_reg_15756                        |   32|   0|   32|          0|
    |left_9_reg_15766                        |   32|   0|   32|          0|
    |left_reg_15676                          |   32|   0|   32|          0|
    |mul93_11006_1_reg_15381                 |   32|   0|   32|          0|
    |mul93_11006_2_reg_15386                 |   32|   0|   32|          0|
    |mul93_11006_3_reg_15391                 |   32|   0|   32|          0|
    |mul93_1_1_1_reg_15461                   |   32|   0|   32|          0|
    |mul93_1_1_2_reg_15466                   |   32|   0|   32|          0|
    |mul93_1_1_3_reg_15471                   |   32|   0|   32|          0|
    |mul93_1_1_reg_15456                     |   32|   0|   32|          0|
    |mul93_1_2_1_reg_15481                   |   32|   0|   32|          0|
    |mul93_1_2_2_reg_15486                   |   32|   0|   32|          0|
    |mul93_1_2_3_reg_15491                   |   32|   0|   32|          0|
    |mul93_1_2_reg_15476                     |   32|   0|   32|          0|
    |mul93_1_3_1_reg_15501                   |   32|   0|   32|          0|
    |mul93_1_3_2_reg_15506                   |   32|   0|   32|          0|
    |mul93_1_3_3_reg_15511                   |   32|   0|   32|          0|
    |mul93_1_3_reg_15496                     |   32|   0|   32|          0|
    |mul93_1_4_reg_15446                     |   32|   0|   32|          0|
    |mul93_1_5_reg_15451                     |   32|   0|   32|          0|
    |mul93_1_reg_15436                       |   32|   0|   32|          0|
    |mul93_1_s_reg_15441                     |   32|   0|   32|          0|
    |mul93_21062_1_reg_15401                 |   32|   0|   32|          0|
    |mul93_21062_2_reg_15406                 |   32|   0|   32|          0|
    |mul93_21062_3_reg_15411                 |   32|   0|   32|          0|
    |mul93_2_1_1_reg_15541                   |   32|   0|   32|          0|
    |mul93_2_1_2_reg_15546                   |   32|   0|   32|          0|
    |mul93_2_1_3_reg_15551                   |   32|   0|   32|          0|
    |mul93_2_1_reg_15536                     |   32|   0|   32|          0|
    |mul93_2_2_1_reg_15561                   |   32|   0|   32|          0|
    |mul93_2_2_2_reg_15566                   |   32|   0|   32|          0|
    |mul93_2_2_3_reg_15571                   |   32|   0|   32|          0|
    |mul93_2_2_reg_15556                     |   32|   0|   32|          0|
    |mul93_2_3_1_reg_15581                   |   32|   0|   32|          0|
    |mul93_2_3_2_reg_15586                   |   32|   0|   32|          0|
    |mul93_2_3_3_reg_15591                   |   32|   0|   32|          0|
    |mul93_2_3_reg_15576                     |   32|   0|   32|          0|
    |mul93_2_4_reg_15526                     |   32|   0|   32|          0|
    |mul93_2_5_reg_15531                     |   32|   0|   32|          0|
    |mul93_2_reg_15516                       |   32|   0|   32|          0|
    |mul93_2_s_reg_15521                     |   32|   0|   32|          0|
    |mul93_31118_1_reg_15421                 |   32|   0|   32|          0|
    |mul93_31118_2_reg_15426                 |   32|   0|   32|          0|
    |mul93_31118_3_reg_15431                 |   32|   0|   32|          0|
    |mul93_3_1_1_reg_15621                   |   32|   0|   32|          0|
    |mul93_3_1_2_reg_15626                   |   32|   0|   32|          0|
    |mul93_3_1_3_reg_15631                   |   32|   0|   32|          0|
    |mul93_3_1_reg_15616                     |   32|   0|   32|          0|
    |mul93_3_2_1_reg_15641                   |   32|   0|   32|          0|
    |mul93_3_2_2_reg_15646                   |   32|   0|   32|          0|
    |mul93_3_2_3_reg_15651                   |   32|   0|   32|          0|
    |mul93_3_2_reg_15636                     |   32|   0|   32|          0|
    |mul93_3_3_1_reg_15661                   |   32|   0|   32|          0|
    |mul93_3_3_2_reg_15666                   |   32|   0|   32|          0|
    |mul93_3_3_3_reg_15671                   |   32|   0|   32|          0|
    |mul93_3_3_reg_15656                     |   32|   0|   32|          0|
    |mul93_3_4_reg_15606                     |   32|   0|   32|          0|
    |mul93_3_5_reg_15611                     |   32|   0|   32|          0|
    |mul93_3_reg_15596                       |   32|   0|   32|          0|
    |mul93_3_s_reg_15601                     |   32|   0|   32|          0|
    |mul93_4_reg_15366                       |   32|   0|   32|          0|
    |mul93_5_reg_15371                       |   32|   0|   32|          0|
    |mul93_6_reg_15376                       |   32|   0|   32|          0|
    |mul93_7_reg_15396                       |   32|   0|   32|          0|
    |mul93_8_reg_15416                       |   32|   0|   32|          0|
    |mul93_s_reg_15361                       |   32|   0|   32|          0|
    |mul_ln185_cast_reg_13171                |   12|   0|   13|          1|
    |mul_reg_15356                           |   32|   0|   32|          0|
    |normalized_108_reg_14111                |   11|   0|   11|          0|
    |normalized_116_reg_14732                |   11|   0|   11|          0|
    |normalized_127_reg_14155                |   11|   0|   11|          0|
    |normalized_135_reg_14754                |   11|   0|   11|          0|
    |normalized_146_reg_14199                |   11|   0|   11|          0|
    |normalized_154_reg_14776                |   11|   0|   11|          0|
    |normalized_165_reg_14243                |   11|   0|   11|          0|
    |normalized_173_reg_14798                |   11|   0|   11|          0|
    |normalized_196_reg_14287                |   11|   0|   11|          0|
    |normalized_204_reg_14820                |   11|   0|   11|          0|
    |normalized_215_reg_14331                |   11|   0|   11|          0|
    |normalized_223_reg_14842                |   11|   0|   11|          0|
    |normalized_234_reg_14375                |   11|   0|   11|          0|
    |normalized_242_reg_14864                |   11|   0|   11|          0|
    |normalized_253_reg_14419                |   11|   0|   11|          0|
    |normalized_261_reg_14886                |   11|   0|   11|          0|
    |normalized_26_reg_13956                 |   11|   0|   11|          0|
    |normalized_284_reg_14463                |   11|   0|   11|          0|
    |normalized_292_reg_14908                |   11|   0|   11|          0|
    |normalized_303_reg_14507                |   11|   0|   11|          0|
    |normalized_311_reg_14930                |   11|   0|   11|          0|
    |normalized_322_reg_14551                |   11|   0|   11|          0|
    |normalized_330_reg_14952                |   11|   0|   11|          0|
    |normalized_341_reg_14595                |   11|   0|   11|          0|
    |normalized_349_reg_14974                |   11|   0|   11|          0|
    |normalized_47_reg_14000                 |   11|   0|   11|          0|
    |normalized_64_reg_14045                 |   11|   0|   11|          0|
    |normalized_84_reg_14067                 |   11|   0|   11|          0|
    |normalized_9_reg_13917                  |   11|   0|   11|          0|
    |phi_urem_fu_338                         |   11|   0|   11|          0|
    |right_10_reg_15781                      |   32|   0|   32|          0|
    |right_11_reg_15791                      |   32|   0|   32|          0|
    |right_12_reg_15801                      |   32|   0|   32|          0|
    |right_13_reg_15811                      |   32|   0|   32|          0|
    |right_14_reg_15821                      |   32|   0|   32|          0|
    |right_15_reg_15831                      |   32|   0|   32|          0|
    |right_1_reg_15691                       |   32|   0|   32|          0|
    |right_2_reg_15701                       |   32|   0|   32|          0|
    |right_3_reg_15711                       |   32|   0|   32|          0|
    |right_4_reg_15721                       |   32|   0|   32|          0|
    |right_5_reg_15731                       |   32|   0|   32|          0|
    |right_6_reg_15741                       |   32|   0|   32|          0|
    |right_7_reg_15751                       |   32|   0|   32|          0|
    |right_8_reg_15761                       |   32|   0|   32|          0|
    |right_9_reg_15771                       |   32|   0|   32|          0|
    |right_reg_15681                         |   32|   0|   32|          0|
    |select_ln34_102_reg_14386               |    3|   0|    3|          0|
    |select_ln34_111_reg_14430               |    3|   0|    3|          0|
    |select_ln34_120_reg_14474               |    3|   0|    3|          0|
    |select_ln34_129_reg_14518               |    3|   0|    3|          0|
    |select_ln34_138_reg_14562               |    3|   0|    3|          0|
    |select_ln34_13_reg_13967                |    3|   0|    3|          0|
    |select_ln34_147_reg_14606               |    3|   0|    3|          0|
    |select_ln34_162_reg_14669               |   10|   0|   10|          0|
    |select_ln34_16_reg_14653                |    4|   0|    4|          0|
    |select_ln34_171_reg_14690               |   10|   0|   10|          0|
    |select_ln34_180_reg_14711               |   10|   0|   10|          0|
    |select_ln34_189_reg_14727               |   10|   0|   10|          0|
    |select_ln34_22_reg_14006                |    3|   0|    3|          0|
    |select_ln34_25_reg_14674                |    4|   0|    4|          0|
    |select_ln34_31_reg_14056                |    3|   0|    3|          0|
    |select_ln34_34_reg_14695                |    4|   0|    4|          0|
    |select_ln34_41_reg_14078                |    3|   0|    3|          0|
    |select_ln34_44_reg_14716                |    4|   0|    4|          0|
    |select_ln34_48_reg_14122                |    3|   0|    3|          0|
    |select_ln34_57_reg_14166                |    3|   0|    3|          0|
    |select_ln34_5_reg_13928                 |    3|   0|    3|          0|
    |select_ln34_66_reg_14210                |    3|   0|    3|          0|
    |select_ln34_75_reg_14254                |    3|   0|    3|          0|
    |select_ln34_84_reg_14298                |    3|   0|    3|          0|
    |select_ln34_8_reg_14637                 |    4|   0|    4|          0|
    |select_ln34_93_reg_14342                |    3|   0|    3|          0|
    |select_ln34_9_reg_14648                 |   10|   0|   10|          0|
    |tmp_100_reg_14161                       |    1|   0|    1|          0|
    |tmp_106_reg_14765                       |    1|   0|    1|          0|
    |tmp_109_reg_14184                       |    1|   0|    1|          0|
    |tmp_109_reg_14184_pp0_iter3_reg         |    1|   0|    1|          0|
    |tmp_10_reg_15955                        |   32|   0|   32|          0|
    |tmp_115_reg_14205                       |    1|   0|    1|          0|
    |tmp_119_reg_14787                       |    1|   0|    1|          0|
    |tmp_11_reg_15965                        |   32|   0|   32|          0|
    |tmp_124_reg_14228                       |    1|   0|    1|          0|
    |tmp_124_reg_14228_pp0_iter3_reg         |    1|   0|    1|          0|
    |tmp_128_reg_14249                       |    1|   0|    1|          0|
    |tmp_12_reg_15975                        |   32|   0|   32|          0|
    |tmp_134_reg_14809                       |    1|   0|    1|          0|
    |tmp_137_reg_14272                       |    1|   0|    1|          0|
    |tmp_137_reg_14272_pp0_iter3_reg         |    1|   0|    1|          0|
    |tmp_13_reg_15985                        |   32|   0|   32|          0|
    |tmp_143_reg_14293                       |    1|   0|    1|          0|
    |tmp_149_reg_14831                       |    1|   0|    1|          0|
    |tmp_14_reg_15995                        |   32|   0|   32|          0|
    |tmp_152_reg_14316                       |    1|   0|    1|          0|
    |tmp_152_reg_14316_pp0_iter3_reg         |    1|   0|    1|          0|
    |tmp_158_reg_14337                       |    1|   0|    1|          0|
    |tmp_162_reg_14853                       |    1|   0|    1|          0|
    |tmp_167_reg_14360                       |    1|   0|    1|          0|
    |tmp_167_reg_14360_pp0_iter3_reg         |    1|   0|    1|          0|
    |tmp_16_reg_13893                        |    1|   0|    1|          0|
    |tmp_171_reg_14381                       |    1|   0|    1|          0|
    |tmp_175_reg_14875                       |    1|   0|    1|          0|
    |tmp_178_reg_14404                       |    1|   0|    1|          0|
    |tmp_178_reg_14404_pp0_iter3_reg         |    1|   0|    1|          0|
    |tmp_182_reg_14425                       |    1|   0|    1|          0|
    |tmp_186_reg_14897                       |    1|   0|    1|          0|
    |tmp_189_reg_14448                       |    1|   0|    1|          0|
    |tmp_189_reg_14448_pp0_iter3_reg         |    1|   0|    1|          0|
    |tmp_193_reg_14469                       |    1|   0|    1|          0|
    |tmp_197_reg_14919                       |    1|   0|    1|          0|
    |tmp_1_reg_15875                         |   32|   0|   32|          0|
    |tmp_200_reg_14492                       |    1|   0|    1|          0|
    |tmp_200_reg_14492_pp0_iter3_reg         |    1|   0|    1|          0|
    |tmp_204_reg_14513                       |    1|   0|    1|          0|
    |tmp_208_reg_14941                       |    1|   0|    1|          0|
    |tmp_211_reg_14536                       |    1|   0|    1|          0|
    |tmp_211_reg_14536_pp0_iter3_reg         |    1|   0|    1|          0|
    |tmp_215_reg_14557                       |    1|   0|    1|          0|
    |tmp_219_reg_14963                       |    1|   0|    1|          0|
    |tmp_21_reg_13923                        |    1|   0|    1|          0|
    |tmp_222_reg_14580                       |    1|   0|    1|          0|
    |tmp_222_reg_14580_pp0_iter3_reg         |    1|   0|    1|          0|
    |tmp_226_reg_14601                       |    1|   0|    1|          0|
    |tmp_230_reg_14985                       |    1|   0|    1|          0|
    |tmp_25_reg_14643                        |    1|   0|    1|          0|
    |tmp_26_reg_13941                        |    1|   0|    1|          0|
    |tmp_26_reg_13941_pp0_iter3_reg          |    1|   0|    1|          0|
    |tmp_2_reg_15885                         |   32|   0|   32|          0|
    |tmp_33_reg_13962                        |    1|   0|    1|          0|
    |tmp_37_reg_14659                        |    1|   0|    1|          0|
    |tmp_38_reg_14664                        |    1|   0|    1|          0|
    |tmp_3_reg_15895                         |   32|   0|   32|          0|
    |tmp_41_reg_13985                        |    1|   0|    1|          0|
    |tmp_41_reg_13985_pp0_iter3_reg          |    1|   0|    1|          0|
    |tmp_47_reg_14012                        |    1|   0|    1|          0|
    |tmp_4_reg_15905                         |   32|   0|   32|          0|
    |tmp_52_reg_14680                        |    1|   0|    1|          0|
    |tmp_53_reg_14685                        |    1|   0|    1|          0|
    |tmp_54_reg_14030                        |    1|   0|    1|          0|
    |tmp_54_reg_14030_pp0_iter3_reg          |    1|   0|    1|          0|
    |tmp_5_reg_15855                         |   32|   0|   32|          0|
    |tmp_61_reg_14051                        |    1|   0|    1|          0|
    |tmp_65_reg_14701                        |    1|   0|    1|          0|
    |tmp_68_reg_14706                        |    1|   0|    1|          0|
    |tmp_6_reg_15915                         |   32|   0|   32|          0|
    |tmp_74_reg_14073                        |    1|   0|    1|          0|
    |tmp_7_reg_15925                         |   32|   0|   32|          0|
    |tmp_80_reg_14722                        |    1|   0|    1|          0|
    |tmp_81_reg_14096                        |    1|   0|    1|          0|
    |tmp_81_reg_14096_pp0_iter3_reg          |    1|   0|    1|          0|
    |tmp_87_reg_14117                        |    1|   0|    1|          0|
    |tmp_8_reg_15935                         |   32|   0|   32|          0|
    |tmp_91_reg_14743                        |    1|   0|    1|          0|
    |tmp_96_reg_14140                        |    1|   0|    1|          0|
    |tmp_96_reg_14140_pp0_iter3_reg          |    1|   0|    1|          0|
    |tmp_9_reg_15945                         |   32|   0|   32|          0|
    |tmp_reg_15845                           |   32|   0|   32|          0|
    |tmp_s_reg_15865                         |   32|   0|   32|          0|
    |trunc_ln167_reg_13820                   |    1|   0|    1|          0|
    |trunc_ln177_reg_15836                   |    3|   0|    3|          0|
    |wbits_reg_13871                         |   16|   0|   16|          0|
    |weight_cache_1_addr_reg_13842           |   12|   0|   12|          0|
    |weight_cache_2_addr_reg_13847           |   12|   0|   12|          0|
    |weight_cache_3_addr_reg_13852           |   12|   0|   12|          0|
    |weight_cache_load_reg_13864             |  128|   0|  128|          0|
    |word_reg_13832                          |   10|   0|   10|          0|
    |zext_ln182_reg_13857                    |    1|   0|   32|         31|
    |zext_ln30_16_reg_14738                  |    3|   0|    4|          1|
    |zext_ln30_19_reg_14760                  |    3|   0|    4|          1|
    |zext_ln30_22_reg_14782                  |    3|   0|    4|          1|
    |zext_ln30_25_reg_14804                  |    3|   0|    4|          1|
    |zext_ln30_28_reg_14826                  |    3|   0|    4|          1|
    |zext_ln30_31_reg_14848                  |    3|   0|    4|          1|
    |zext_ln30_34_reg_14870                  |    3|   0|    4|          1|
    |zext_ln30_37_reg_14892                  |    3|   0|    4|          1|
    |zext_ln30_40_reg_14914                  |    3|   0|    4|          1|
    |zext_ln30_43_reg_14936                  |    3|   0|    4|          1|
    |zext_ln30_46_reg_14958                  |    3|   0|    4|          1|
    |zext_ln30_49_reg_14980                  |    3|   0|    4|          1|
    |exp_reg_13904                           |   64|  32|    5|          0|
    |frac_12_reg_13881                       |   64|  32|   10|          0|
    |icmp_ln164_reg_13816                    |   64|  32|    1|          0|
    |tmp_16_reg_13893                        |   64|  32|    1|          0|
    |trunc_ln167_reg_13820                   |   64|  32|    1|          0|
    |trunc_ln177_reg_15836                   |   64|  32|    3|          0|
    |word_reg_13832                          |   64|  32|   10|          0|
    +----------------------------------------+-----+----+-----+-----------+
    |Total                                   |10193| 224| 9820|         44|
    +----------------------------------------+-----+----+-----+-----------+



================================================================
== Interface
================================================================
* Summary: 
+-------------------------------------------------+-----+-----+------------+---------------------------------------------------------------------+--------------+
|                    RTL Ports                    | Dir | Bits|  Protocol  |                            Source Object                            |    C Type    |
+-------------------------------------------------+-----+-----+------------+---------------------------------------------------------------------+--------------+
|ap_clk                                           |   in|    1|  ap_ctrl_hs|  (anonymous namespace)compute_weight_batch_Pipeline_VITIS_LOOP_164_9|  return value|
|ap_rst                                           |   in|    1|  ap_ctrl_hs|  (anonymous namespace)compute_weight_batch_Pipeline_VITIS_LOOP_164_9|  return value|
|ap_start                                         |   in|    1|  ap_ctrl_hs|  (anonymous namespace)compute_weight_batch_Pipeline_VITIS_LOOP_164_9|  return value|
|ap_done                                          |  out|    1|  ap_ctrl_hs|  (anonymous namespace)compute_weight_batch_Pipeline_VITIS_LOOP_164_9|  return value|
|ap_idle                                          |  out|    1|  ap_ctrl_hs|  (anonymous namespace)compute_weight_batch_Pipeline_VITIS_LOOP_164_9|  return value|
|ap_ready                                         |  out|    1|  ap_ctrl_hs|  (anonymous namespace)compute_weight_batch_Pipeline_VITIS_LOOP_164_9|  return value|
|grp_fu_1277_p_din0                               |  out|   32|  ap_ctrl_hs|  (anonymous namespace)compute_weight_batch_Pipeline_VITIS_LOOP_164_9|  return value|
|grp_fu_1277_p_din1                               |  out|   32|  ap_ctrl_hs|  (anonymous namespace)compute_weight_batch_Pipeline_VITIS_LOOP_164_9|  return value|
|grp_fu_1277_p_opcode                             |  out|    2|  ap_ctrl_hs|  (anonymous namespace)compute_weight_batch_Pipeline_VITIS_LOOP_164_9|  return value|
|grp_fu_1277_p_dout0                              |   in|   32|  ap_ctrl_hs|  (anonymous namespace)compute_weight_batch_Pipeline_VITIS_LOOP_164_9|  return value|
|grp_fu_1277_p_ce                                 |  out|    1|  ap_ctrl_hs|  (anonymous namespace)compute_weight_batch_Pipeline_VITIS_LOOP_164_9|  return value|
|grp_fu_1281_p_din0                               |  out|   32|  ap_ctrl_hs|  (anonymous namespace)compute_weight_batch_Pipeline_VITIS_LOOP_164_9|  return value|
|grp_fu_1281_p_din1                               |  out|   32|  ap_ctrl_hs|  (anonymous namespace)compute_weight_batch_Pipeline_VITIS_LOOP_164_9|  return value|
|grp_fu_1281_p_opcode                             |  out|    2|  ap_ctrl_hs|  (anonymous namespace)compute_weight_batch_Pipeline_VITIS_LOOP_164_9|  return value|
|grp_fu_1281_p_dout0                              |   in|   32|  ap_ctrl_hs|  (anonymous namespace)compute_weight_batch_Pipeline_VITIS_LOOP_164_9|  return value|
|grp_fu_1281_p_ce                                 |  out|    1|  ap_ctrl_hs|  (anonymous namespace)compute_weight_batch_Pipeline_VITIS_LOOP_164_9|  return value|
|grp_fu_1285_p_din0                               |  out|   32|  ap_ctrl_hs|  (anonymous namespace)compute_weight_batch_Pipeline_VITIS_LOOP_164_9|  return value|
|grp_fu_1285_p_din1                               |  out|   32|  ap_ctrl_hs|  (anonymous namespace)compute_weight_batch_Pipeline_VITIS_LOOP_164_9|  return value|
|grp_fu_1285_p_opcode                             |  out|    2|  ap_ctrl_hs|  (anonymous namespace)compute_weight_batch_Pipeline_VITIS_LOOP_164_9|  return value|
|grp_fu_1285_p_dout0                              |   in|   32|  ap_ctrl_hs|  (anonymous namespace)compute_weight_batch_Pipeline_VITIS_LOOP_164_9|  return value|
|grp_fu_1285_p_ce                                 |  out|    1|  ap_ctrl_hs|  (anonymous namespace)compute_weight_batch_Pipeline_VITIS_LOOP_164_9|  return value|
|grp_fu_1289_p_din0                               |  out|   32|  ap_ctrl_hs|  (anonymous namespace)compute_weight_batch_Pipeline_VITIS_LOOP_164_9|  return value|
|grp_fu_1289_p_din1                               |  out|   32|  ap_ctrl_hs|  (anonymous namespace)compute_weight_batch_Pipeline_VITIS_LOOP_164_9|  return value|
|grp_fu_1289_p_opcode                             |  out|    2|  ap_ctrl_hs|  (anonymous namespace)compute_weight_batch_Pipeline_VITIS_LOOP_164_9|  return value|
|grp_fu_1289_p_dout0                              |   in|   32|  ap_ctrl_hs|  (anonymous namespace)compute_weight_batch_Pipeline_VITIS_LOOP_164_9|  return value|
|grp_fu_1289_p_ce                                 |  out|    1|  ap_ctrl_hs|  (anonymous namespace)compute_weight_batch_Pipeline_VITIS_LOOP_164_9|  return value|
|grp_fu_1293_p_din0                               |  out|   32|  ap_ctrl_hs|  (anonymous namespace)compute_weight_batch_Pipeline_VITIS_LOOP_164_9|  return value|
|grp_fu_1293_p_din1                               |  out|   32|  ap_ctrl_hs|  (anonymous namespace)compute_weight_batch_Pipeline_VITIS_LOOP_164_9|  return value|
|grp_fu_1293_p_opcode                             |  out|    2|  ap_ctrl_hs|  (anonymous namespace)compute_weight_batch_Pipeline_VITIS_LOOP_164_9|  return value|
|grp_fu_1293_p_dout0                              |   in|   32|  ap_ctrl_hs|  (anonymous namespace)compute_weight_batch_Pipeline_VITIS_LOOP_164_9|  return value|
|grp_fu_1293_p_ce                                 |  out|    1|  ap_ctrl_hs|  (anonymous namespace)compute_weight_batch_Pipeline_VITIS_LOOP_164_9|  return value|
|grp_fu_1297_p_din0                               |  out|   32|  ap_ctrl_hs|  (anonymous namespace)compute_weight_batch_Pipeline_VITIS_LOOP_164_9|  return value|
|grp_fu_1297_p_din1                               |  out|   32|  ap_ctrl_hs|  (anonymous namespace)compute_weight_batch_Pipeline_VITIS_LOOP_164_9|  return value|
|grp_fu_1297_p_opcode                             |  out|    2|  ap_ctrl_hs|  (anonymous namespace)compute_weight_batch_Pipeline_VITIS_LOOP_164_9|  return value|
|grp_fu_1297_p_dout0                              |   in|   32|  ap_ctrl_hs|  (anonymous namespace)compute_weight_batch_Pipeline_VITIS_LOOP_164_9|  return value|
|grp_fu_1297_p_ce                                 |  out|    1|  ap_ctrl_hs|  (anonymous namespace)compute_weight_batch_Pipeline_VITIS_LOOP_164_9|  return value|
|grp_fu_1301_p_din0                               |  out|   32|  ap_ctrl_hs|  (anonymous namespace)compute_weight_batch_Pipeline_VITIS_LOOP_164_9|  return value|
|grp_fu_1301_p_din1                               |  out|   32|  ap_ctrl_hs|  (anonymous namespace)compute_weight_batch_Pipeline_VITIS_LOOP_164_9|  return value|
|grp_fu_1301_p_opcode                             |  out|    2|  ap_ctrl_hs|  (anonymous namespace)compute_weight_batch_Pipeline_VITIS_LOOP_164_9|  return value|
|grp_fu_1301_p_dout0                              |   in|   32|  ap_ctrl_hs|  (anonymous namespace)compute_weight_batch_Pipeline_VITIS_LOOP_164_9|  return value|
|grp_fu_1301_p_ce                                 |  out|    1|  ap_ctrl_hs|  (anonymous namespace)compute_weight_batch_Pipeline_VITIS_LOOP_164_9|  return value|
|grp_fu_1305_p_din0                               |  out|   32|  ap_ctrl_hs|  (anonymous namespace)compute_weight_batch_Pipeline_VITIS_LOOP_164_9|  return value|
|grp_fu_1305_p_din1                               |  out|   32|  ap_ctrl_hs|  (anonymous namespace)compute_weight_batch_Pipeline_VITIS_LOOP_164_9|  return value|
|grp_fu_1305_p_opcode                             |  out|    2|  ap_ctrl_hs|  (anonymous namespace)compute_weight_batch_Pipeline_VITIS_LOOP_164_9|  return value|
|grp_fu_1305_p_dout0                              |   in|   32|  ap_ctrl_hs|  (anonymous namespace)compute_weight_batch_Pipeline_VITIS_LOOP_164_9|  return value|
|grp_fu_1305_p_ce                                 |  out|    1|  ap_ctrl_hs|  (anonymous namespace)compute_weight_batch_Pipeline_VITIS_LOOP_164_9|  return value|
|grp_fu_1309_p_din0                               |  out|   32|  ap_ctrl_hs|  (anonymous namespace)compute_weight_batch_Pipeline_VITIS_LOOP_164_9|  return value|
|grp_fu_1309_p_din1                               |  out|   32|  ap_ctrl_hs|  (anonymous namespace)compute_weight_batch_Pipeline_VITIS_LOOP_164_9|  return value|
|grp_fu_1309_p_opcode                             |  out|    2|  ap_ctrl_hs|  (anonymous namespace)compute_weight_batch_Pipeline_VITIS_LOOP_164_9|  return value|
|grp_fu_1309_p_dout0                              |   in|   32|  ap_ctrl_hs|  (anonymous namespace)compute_weight_batch_Pipeline_VITIS_LOOP_164_9|  return value|
|grp_fu_1309_p_ce                                 |  out|    1|  ap_ctrl_hs|  (anonymous namespace)compute_weight_batch_Pipeline_VITIS_LOOP_164_9|  return value|
|grp_fu_1313_p_din0                               |  out|   32|  ap_ctrl_hs|  (anonymous namespace)compute_weight_batch_Pipeline_VITIS_LOOP_164_9|  return value|
|grp_fu_1313_p_din1                               |  out|   32|  ap_ctrl_hs|  (anonymous namespace)compute_weight_batch_Pipeline_VITIS_LOOP_164_9|  return value|
|grp_fu_1313_p_opcode                             |  out|    2|  ap_ctrl_hs|  (anonymous namespace)compute_weight_batch_Pipeline_VITIS_LOOP_164_9|  return value|
|grp_fu_1313_p_dout0                              |   in|   32|  ap_ctrl_hs|  (anonymous namespace)compute_weight_batch_Pipeline_VITIS_LOOP_164_9|  return value|
|grp_fu_1313_p_ce                                 |  out|    1|  ap_ctrl_hs|  (anonymous namespace)compute_weight_batch_Pipeline_VITIS_LOOP_164_9|  return value|
|grp_fu_1317_p_din0                               |  out|   32|  ap_ctrl_hs|  (anonymous namespace)compute_weight_batch_Pipeline_VITIS_LOOP_164_9|  return value|
|grp_fu_1317_p_din1                               |  out|   32|  ap_ctrl_hs|  (anonymous namespace)compute_weight_batch_Pipeline_VITIS_LOOP_164_9|  return value|
|grp_fu_1317_p_opcode                             |  out|    2|  ap_ctrl_hs|  (anonymous namespace)compute_weight_batch_Pipeline_VITIS_LOOP_164_9|  return value|
|grp_fu_1317_p_dout0                              |   in|   32|  ap_ctrl_hs|  (anonymous namespace)compute_weight_batch_Pipeline_VITIS_LOOP_164_9|  return value|
|grp_fu_1317_p_ce                                 |  out|    1|  ap_ctrl_hs|  (anonymous namespace)compute_weight_batch_Pipeline_VITIS_LOOP_164_9|  return value|
|grp_fu_1321_p_din0                               |  out|   32|  ap_ctrl_hs|  (anonymous namespace)compute_weight_batch_Pipeline_VITIS_LOOP_164_9|  return value|
|grp_fu_1321_p_din1                               |  out|   32|  ap_ctrl_hs|  (anonymous namespace)compute_weight_batch_Pipeline_VITIS_LOOP_164_9|  return value|
|grp_fu_1321_p_opcode                             |  out|    2|  ap_ctrl_hs|  (anonymous namespace)compute_weight_batch_Pipeline_VITIS_LOOP_164_9|  return value|
|grp_fu_1321_p_dout0                              |   in|   32|  ap_ctrl_hs|  (anonymous namespace)compute_weight_batch_Pipeline_VITIS_LOOP_164_9|  return value|
|grp_fu_1321_p_ce                                 |  out|    1|  ap_ctrl_hs|  (anonymous namespace)compute_weight_batch_Pipeline_VITIS_LOOP_164_9|  return value|
|grp_fu_1325_p_din0                               |  out|   32|  ap_ctrl_hs|  (anonymous namespace)compute_weight_batch_Pipeline_VITIS_LOOP_164_9|  return value|
|grp_fu_1325_p_din1                               |  out|   32|  ap_ctrl_hs|  (anonymous namespace)compute_weight_batch_Pipeline_VITIS_LOOP_164_9|  return value|
|grp_fu_1325_p_opcode                             |  out|    2|  ap_ctrl_hs|  (anonymous namespace)compute_weight_batch_Pipeline_VITIS_LOOP_164_9|  return value|
|grp_fu_1325_p_dout0                              |   in|   32|  ap_ctrl_hs|  (anonymous namespace)compute_weight_batch_Pipeline_VITIS_LOOP_164_9|  return value|
|grp_fu_1325_p_ce                                 |  out|    1|  ap_ctrl_hs|  (anonymous namespace)compute_weight_batch_Pipeline_VITIS_LOOP_164_9|  return value|
|grp_fu_1329_p_din0                               |  out|   32|  ap_ctrl_hs|  (anonymous namespace)compute_weight_batch_Pipeline_VITIS_LOOP_164_9|  return value|
|grp_fu_1329_p_din1                               |  out|   32|  ap_ctrl_hs|  (anonymous namespace)compute_weight_batch_Pipeline_VITIS_LOOP_164_9|  return value|
|grp_fu_1329_p_opcode                             |  out|    2|  ap_ctrl_hs|  (anonymous namespace)compute_weight_batch_Pipeline_VITIS_LOOP_164_9|  return value|
|grp_fu_1329_p_dout0                              |   in|   32|  ap_ctrl_hs|  (anonymous namespace)compute_weight_batch_Pipeline_VITIS_LOOP_164_9|  return value|
|grp_fu_1329_p_ce                                 |  out|    1|  ap_ctrl_hs|  (anonymous namespace)compute_weight_batch_Pipeline_VITIS_LOOP_164_9|  return value|
|grp_fu_1333_p_din0                               |  out|   32|  ap_ctrl_hs|  (anonymous namespace)compute_weight_batch_Pipeline_VITIS_LOOP_164_9|  return value|
|grp_fu_1333_p_din1                               |  out|   32|  ap_ctrl_hs|  (anonymous namespace)compute_weight_batch_Pipeline_VITIS_LOOP_164_9|  return value|
|grp_fu_1333_p_opcode                             |  out|    2|  ap_ctrl_hs|  (anonymous namespace)compute_weight_batch_Pipeline_VITIS_LOOP_164_9|  return value|
|grp_fu_1333_p_dout0                              |   in|   32|  ap_ctrl_hs|  (anonymous namespace)compute_weight_batch_Pipeline_VITIS_LOOP_164_9|  return value|
|grp_fu_1333_p_ce                                 |  out|    1|  ap_ctrl_hs|  (anonymous namespace)compute_weight_batch_Pipeline_VITIS_LOOP_164_9|  return value|
|grp_fu_1337_p_din0                               |  out|   32|  ap_ctrl_hs|  (anonymous namespace)compute_weight_batch_Pipeline_VITIS_LOOP_164_9|  return value|
|grp_fu_1337_p_din1                               |  out|   32|  ap_ctrl_hs|  (anonymous namespace)compute_weight_batch_Pipeline_VITIS_LOOP_164_9|  return value|
|grp_fu_1337_p_opcode                             |  out|    2|  ap_ctrl_hs|  (anonymous namespace)compute_weight_batch_Pipeline_VITIS_LOOP_164_9|  return value|
|grp_fu_1337_p_dout0                              |   in|   32|  ap_ctrl_hs|  (anonymous namespace)compute_weight_batch_Pipeline_VITIS_LOOP_164_9|  return value|
|grp_fu_1337_p_ce                                 |  out|    1|  ap_ctrl_hs|  (anonymous namespace)compute_weight_batch_Pipeline_VITIS_LOOP_164_9|  return value|
|grp_fu_1341_p_din0                               |  out|   32|  ap_ctrl_hs|  (anonymous namespace)compute_weight_batch_Pipeline_VITIS_LOOP_164_9|  return value|
|grp_fu_1341_p_din1                               |  out|   32|  ap_ctrl_hs|  (anonymous namespace)compute_weight_batch_Pipeline_VITIS_LOOP_164_9|  return value|
|grp_fu_1341_p_opcode                             |  out|    2|  ap_ctrl_hs|  (anonymous namespace)compute_weight_batch_Pipeline_VITIS_LOOP_164_9|  return value|
|grp_fu_1341_p_dout0                              |   in|   32|  ap_ctrl_hs|  (anonymous namespace)compute_weight_batch_Pipeline_VITIS_LOOP_164_9|  return value|
|grp_fu_1341_p_ce                                 |  out|    1|  ap_ctrl_hs|  (anonymous namespace)compute_weight_batch_Pipeline_VITIS_LOOP_164_9|  return value|
|grp_fu_1345_p_din0                               |  out|   32|  ap_ctrl_hs|  (anonymous namespace)compute_weight_batch_Pipeline_VITIS_LOOP_164_9|  return value|
|grp_fu_1345_p_din1                               |  out|   32|  ap_ctrl_hs|  (anonymous namespace)compute_weight_batch_Pipeline_VITIS_LOOP_164_9|  return value|
|grp_fu_1345_p_opcode                             |  out|    2|  ap_ctrl_hs|  (anonymous namespace)compute_weight_batch_Pipeline_VITIS_LOOP_164_9|  return value|
|grp_fu_1345_p_dout0                              |   in|   32|  ap_ctrl_hs|  (anonymous namespace)compute_weight_batch_Pipeline_VITIS_LOOP_164_9|  return value|
|grp_fu_1345_p_ce                                 |  out|    1|  ap_ctrl_hs|  (anonymous namespace)compute_weight_batch_Pipeline_VITIS_LOOP_164_9|  return value|
|grp_fu_1349_p_din0                               |  out|   32|  ap_ctrl_hs|  (anonymous namespace)compute_weight_batch_Pipeline_VITIS_LOOP_164_9|  return value|
|grp_fu_1349_p_din1                               |  out|   32|  ap_ctrl_hs|  (anonymous namespace)compute_weight_batch_Pipeline_VITIS_LOOP_164_9|  return value|
|grp_fu_1349_p_opcode                             |  out|    2|  ap_ctrl_hs|  (anonymous namespace)compute_weight_batch_Pipeline_VITIS_LOOP_164_9|  return value|
|grp_fu_1349_p_dout0                              |   in|   32|  ap_ctrl_hs|  (anonymous namespace)compute_weight_batch_Pipeline_VITIS_LOOP_164_9|  return value|
|grp_fu_1349_p_ce                                 |  out|    1|  ap_ctrl_hs|  (anonymous namespace)compute_weight_batch_Pipeline_VITIS_LOOP_164_9|  return value|
|grp_fu_1353_p_din0                               |  out|   32|  ap_ctrl_hs|  (anonymous namespace)compute_weight_batch_Pipeline_VITIS_LOOP_164_9|  return value|
|grp_fu_1353_p_din1                               |  out|   32|  ap_ctrl_hs|  (anonymous namespace)compute_weight_batch_Pipeline_VITIS_LOOP_164_9|  return value|
|grp_fu_1353_p_opcode                             |  out|    2|  ap_ctrl_hs|  (anonymous namespace)compute_weight_batch_Pipeline_VITIS_LOOP_164_9|  return value|
|grp_fu_1353_p_dout0                              |   in|   32|  ap_ctrl_hs|  (anonymous namespace)compute_weight_batch_Pipeline_VITIS_LOOP_164_9|  return value|
|grp_fu_1353_p_ce                                 |  out|    1|  ap_ctrl_hs|  (anonymous namespace)compute_weight_batch_Pipeline_VITIS_LOOP_164_9|  return value|
|grp_fu_1357_p_din0                               |  out|   32|  ap_ctrl_hs|  (anonymous namespace)compute_weight_batch_Pipeline_VITIS_LOOP_164_9|  return value|
|grp_fu_1357_p_din1                               |  out|   32|  ap_ctrl_hs|  (anonymous namespace)compute_weight_batch_Pipeline_VITIS_LOOP_164_9|  return value|
|grp_fu_1357_p_opcode                             |  out|    2|  ap_ctrl_hs|  (anonymous namespace)compute_weight_batch_Pipeline_VITIS_LOOP_164_9|  return value|
|grp_fu_1357_p_dout0                              |   in|   32|  ap_ctrl_hs|  (anonymous namespace)compute_weight_batch_Pipeline_VITIS_LOOP_164_9|  return value|
|grp_fu_1357_p_ce                                 |  out|    1|  ap_ctrl_hs|  (anonymous namespace)compute_weight_batch_Pipeline_VITIS_LOOP_164_9|  return value|
|grp_fu_1361_p_din0                               |  out|   32|  ap_ctrl_hs|  (anonymous namespace)compute_weight_batch_Pipeline_VITIS_LOOP_164_9|  return value|
|grp_fu_1361_p_din1                               |  out|   32|  ap_ctrl_hs|  (anonymous namespace)compute_weight_batch_Pipeline_VITIS_LOOP_164_9|  return value|
|grp_fu_1361_p_opcode                             |  out|    2|  ap_ctrl_hs|  (anonymous namespace)compute_weight_batch_Pipeline_VITIS_LOOP_164_9|  return value|
|grp_fu_1361_p_dout0                              |   in|   32|  ap_ctrl_hs|  (anonymous namespace)compute_weight_batch_Pipeline_VITIS_LOOP_164_9|  return value|
|grp_fu_1361_p_ce                                 |  out|    1|  ap_ctrl_hs|  (anonymous namespace)compute_weight_batch_Pipeline_VITIS_LOOP_164_9|  return value|
|grp_fu_1365_p_din0                               |  out|   32|  ap_ctrl_hs|  (anonymous namespace)compute_weight_batch_Pipeline_VITIS_LOOP_164_9|  return value|
|grp_fu_1365_p_din1                               |  out|   32|  ap_ctrl_hs|  (anonymous namespace)compute_weight_batch_Pipeline_VITIS_LOOP_164_9|  return value|
|grp_fu_1365_p_opcode                             |  out|    2|  ap_ctrl_hs|  (anonymous namespace)compute_weight_batch_Pipeline_VITIS_LOOP_164_9|  return value|
|grp_fu_1365_p_dout0                              |   in|   32|  ap_ctrl_hs|  (anonymous namespace)compute_weight_batch_Pipeline_VITIS_LOOP_164_9|  return value|
|grp_fu_1365_p_ce                                 |  out|    1|  ap_ctrl_hs|  (anonymous namespace)compute_weight_batch_Pipeline_VITIS_LOOP_164_9|  return value|
|grp_fu_1369_p_din0                               |  out|   32|  ap_ctrl_hs|  (anonymous namespace)compute_weight_batch_Pipeline_VITIS_LOOP_164_9|  return value|
|grp_fu_1369_p_din1                               |  out|   32|  ap_ctrl_hs|  (anonymous namespace)compute_weight_batch_Pipeline_VITIS_LOOP_164_9|  return value|
|grp_fu_1369_p_opcode                             |  out|    2|  ap_ctrl_hs|  (anonymous namespace)compute_weight_batch_Pipeline_VITIS_LOOP_164_9|  return value|
|grp_fu_1369_p_dout0                              |   in|   32|  ap_ctrl_hs|  (anonymous namespace)compute_weight_batch_Pipeline_VITIS_LOOP_164_9|  return value|
|grp_fu_1369_p_ce                                 |  out|    1|  ap_ctrl_hs|  (anonymous namespace)compute_weight_batch_Pipeline_VITIS_LOOP_164_9|  return value|
|mul_ln185                                        |   in|   12|     ap_none|                                                            mul_ln185|        scalar|
|mul_ln182                                        |   in|   11|     ap_none|                                                            mul_ln182|        scalar|
|weight_cache_address0                            |  out|   12|   ap_memory|                                                         weight_cache|         array|
|weight_cache_ce0                                 |  out|    1|   ap_memory|                                                         weight_cache|         array|
|weight_cache_q0                                  |   in|  128|   ap_memory|                                                         weight_cache|         array|
|weight_cache_1_address0                          |  out|   12|   ap_memory|                                                       weight_cache_1|         array|
|weight_cache_1_ce0                               |  out|    1|   ap_memory|                                                       weight_cache_1|         array|
|weight_cache_1_q0                                |   in|  128|   ap_memory|                                                       weight_cache_1|         array|
|weight_cache_2_address0                          |  out|   12|   ap_memory|                                                       weight_cache_2|         array|
|weight_cache_2_ce0                               |  out|    1|   ap_memory|                                                       weight_cache_2|         array|
|weight_cache_2_q0                                |   in|  128|   ap_memory|                                                       weight_cache_2|         array|
|weight_cache_3_address0                          |  out|   12|   ap_memory|                                                       weight_cache_3|         array|
|weight_cache_3_ce0                               |  out|    1|   ap_memory|                                                       weight_cache_3|         array|
|weight_cache_3_q0                                |   in|  128|   ap_memory|                                                       weight_cache_3|         array|
|accum_load_out                                   |  out|   32|      ap_vld|                                                       accum_load_out|       pointer|
|accum_load_out_ap_vld                            |  out|    1|      ap_vld|                                                       accum_load_out|       pointer|
|accum_1_load_out                                 |  out|   32|      ap_vld|                                                     accum_1_load_out|       pointer|
|accum_1_load_out_ap_vld                          |  out|    1|      ap_vld|                                                     accum_1_load_out|       pointer|
|accum_2_load_out                                 |  out|   32|      ap_vld|                                                     accum_2_load_out|       pointer|
|accum_2_load_out_ap_vld                          |  out|    1|      ap_vld|                                                     accum_2_load_out|       pointer|
|accum_3_load_out                                 |  out|   32|      ap_vld|                                                     accum_3_load_out|       pointer|
|accum_3_load_out_ap_vld                          |  out|    1|      ap_vld|                                                     accum_3_load_out|       pointer|
|accum_4_load_out                                 |  out|   32|      ap_vld|                                                     accum_4_load_out|       pointer|
|accum_4_load_out_ap_vld                          |  out|    1|      ap_vld|                                                     accum_4_load_out|       pointer|
|accum_5_load_out                                 |  out|   32|      ap_vld|                                                     accum_5_load_out|       pointer|
|accum_5_load_out_ap_vld                          |  out|    1|      ap_vld|                                                     accum_5_load_out|       pointer|
|accum_6_load_out                                 |  out|   32|      ap_vld|                                                     accum_6_load_out|       pointer|
|accum_6_load_out_ap_vld                          |  out|    1|      ap_vld|                                                     accum_6_load_out|       pointer|
|accum_7_load_out                                 |  out|   32|      ap_vld|                                                     accum_7_load_out|       pointer|
|accum_7_load_out_ap_vld                          |  out|    1|      ap_vld|                                                     accum_7_load_out|       pointer|
|accum_8_load_out                                 |  out|   32|      ap_vld|                                                     accum_8_load_out|       pointer|
|accum_8_load_out_ap_vld                          |  out|    1|      ap_vld|                                                     accum_8_load_out|       pointer|
|accum_9_load_out                                 |  out|   32|      ap_vld|                                                     accum_9_load_out|       pointer|
|accum_9_load_out_ap_vld                          |  out|    1|      ap_vld|                                                     accum_9_load_out|       pointer|
|accum_10_load_out                                |  out|   32|      ap_vld|                                                    accum_10_load_out|       pointer|
|accum_10_load_out_ap_vld                         |  out|    1|      ap_vld|                                                    accum_10_load_out|       pointer|
|accum_11_load_out                                |  out|   32|      ap_vld|                                                    accum_11_load_out|       pointer|
|accum_11_load_out_ap_vld                         |  out|    1|      ap_vld|                                                    accum_11_load_out|       pointer|
|accum_12_load_out                                |  out|   32|      ap_vld|                                                    accum_12_load_out|       pointer|
|accum_12_load_out_ap_vld                         |  out|    1|      ap_vld|                                                    accum_12_load_out|       pointer|
|accum_13_load_out                                |  out|   32|      ap_vld|                                                    accum_13_load_out|       pointer|
|accum_13_load_out_ap_vld                         |  out|    1|      ap_vld|                                                    accum_13_load_out|       pointer|
|accum_14_load_out                                |  out|   32|      ap_vld|                                                    accum_14_load_out|       pointer|
|accum_14_load_out_ap_vld                         |  out|    1|      ap_vld|                                                    accum_14_load_out|       pointer|
|accum_15_load_out                                |  out|   32|      ap_vld|                                                    accum_15_load_out|       pointer|
|accum_15_load_out_ap_vld                         |  out|    1|      ap_vld|                                                    accum_15_load_out|       pointer|
|accum_16_load_out                                |  out|   32|      ap_vld|                                                    accum_16_load_out|       pointer|
|accum_16_load_out_ap_vld                         |  out|    1|      ap_vld|                                                    accum_16_load_out|       pointer|
|accum_17_load_out                                |  out|   32|      ap_vld|                                                    accum_17_load_out|       pointer|
|accum_17_load_out_ap_vld                         |  out|    1|      ap_vld|                                                    accum_17_load_out|       pointer|
|accum_18_load_out                                |  out|   32|      ap_vld|                                                    accum_18_load_out|       pointer|
|accum_18_load_out_ap_vld                         |  out|    1|      ap_vld|                                                    accum_18_load_out|       pointer|
|accum_19_load_out                                |  out|   32|      ap_vld|                                                    accum_19_load_out|       pointer|
|accum_19_load_out_ap_vld                         |  out|    1|      ap_vld|                                                    accum_19_load_out|       pointer|
|accum_20_load_out                                |  out|   32|      ap_vld|                                                    accum_20_load_out|       pointer|
|accum_20_load_out_ap_vld                         |  out|    1|      ap_vld|                                                    accum_20_load_out|       pointer|
|accum_21_load_out                                |  out|   32|      ap_vld|                                                    accum_21_load_out|       pointer|
|accum_21_load_out_ap_vld                         |  out|    1|      ap_vld|                                                    accum_21_load_out|       pointer|
|accum_22_load_out                                |  out|   32|      ap_vld|                                                    accum_22_load_out|       pointer|
|accum_22_load_out_ap_vld                         |  out|    1|      ap_vld|                                                    accum_22_load_out|       pointer|
|accum_23_load_out                                |  out|   32|      ap_vld|                                                    accum_23_load_out|       pointer|
|accum_23_load_out_ap_vld                         |  out|    1|      ap_vld|                                                    accum_23_load_out|       pointer|
|accum_24_load_out                                |  out|   32|      ap_vld|                                                    accum_24_load_out|       pointer|
|accum_24_load_out_ap_vld                         |  out|    1|      ap_vld|                                                    accum_24_load_out|       pointer|
|accum_25_load_out                                |  out|   32|      ap_vld|                                                    accum_25_load_out|       pointer|
|accum_25_load_out_ap_vld                         |  out|    1|      ap_vld|                                                    accum_25_load_out|       pointer|
|accum_26_load_out                                |  out|   32|      ap_vld|                                                    accum_26_load_out|       pointer|
|accum_26_load_out_ap_vld                         |  out|    1|      ap_vld|                                                    accum_26_load_out|       pointer|
|accum_27_load_out                                |  out|   32|      ap_vld|                                                    accum_27_load_out|       pointer|
|accum_27_load_out_ap_vld                         |  out|    1|      ap_vld|                                                    accum_27_load_out|       pointer|
|accum_28_load_out                                |  out|   32|      ap_vld|                                                    accum_28_load_out|       pointer|
|accum_28_load_out_ap_vld                         |  out|    1|      ap_vld|                                                    accum_28_load_out|       pointer|
|accum_29_load_out                                |  out|   32|      ap_vld|                                                    accum_29_load_out|       pointer|
|accum_29_load_out_ap_vld                         |  out|    1|      ap_vld|                                                    accum_29_load_out|       pointer|
|accum_30_load_out                                |  out|   32|      ap_vld|                                                    accum_30_load_out|       pointer|
|accum_30_load_out_ap_vld                         |  out|    1|      ap_vld|                                                    accum_30_load_out|       pointer|
|accum_31_load_out                                |  out|   32|      ap_vld|                                                    accum_31_load_out|       pointer|
|accum_31_load_out_ap_vld                         |  out|    1|      ap_vld|                                                    accum_31_load_out|       pointer|
|accum_32_load_out                                |  out|   32|      ap_vld|                                                    accum_32_load_out|       pointer|
|accum_32_load_out_ap_vld                         |  out|    1|      ap_vld|                                                    accum_32_load_out|       pointer|
|accum_33_load_out                                |  out|   32|      ap_vld|                                                    accum_33_load_out|       pointer|
|accum_33_load_out_ap_vld                         |  out|    1|      ap_vld|                                                    accum_33_load_out|       pointer|
|accum_34_load_out                                |  out|   32|      ap_vld|                                                    accum_34_load_out|       pointer|
|accum_34_load_out_ap_vld                         |  out|    1|      ap_vld|                                                    accum_34_load_out|       pointer|
|accum_35_load_out                                |  out|   32|      ap_vld|                                                    accum_35_load_out|       pointer|
|accum_35_load_out_ap_vld                         |  out|    1|      ap_vld|                                                    accum_35_load_out|       pointer|
|accum_36_load_out                                |  out|   32|      ap_vld|                                                    accum_36_load_out|       pointer|
|accum_36_load_out_ap_vld                         |  out|    1|      ap_vld|                                                    accum_36_load_out|       pointer|
|accum_37_load_out                                |  out|   32|      ap_vld|                                                    accum_37_load_out|       pointer|
|accum_37_load_out_ap_vld                         |  out|    1|      ap_vld|                                                    accum_37_load_out|       pointer|
|accum_38_load_out                                |  out|   32|      ap_vld|                                                    accum_38_load_out|       pointer|
|accum_38_load_out_ap_vld                         |  out|    1|      ap_vld|                                                    accum_38_load_out|       pointer|
|accum_39_load_out                                |  out|   32|      ap_vld|                                                    accum_39_load_out|       pointer|
|accum_39_load_out_ap_vld                         |  out|    1|      ap_vld|                                                    accum_39_load_out|       pointer|
|accum_40_load_out                                |  out|   32|      ap_vld|                                                    accum_40_load_out|       pointer|
|accum_40_load_out_ap_vld                         |  out|    1|      ap_vld|                                                    accum_40_load_out|       pointer|
|accum_41_load_out                                |  out|   32|      ap_vld|                                                    accum_41_load_out|       pointer|
|accum_41_load_out_ap_vld                         |  out|    1|      ap_vld|                                                    accum_41_load_out|       pointer|
|accum_42_load_out                                |  out|   32|      ap_vld|                                                    accum_42_load_out|       pointer|
|accum_42_load_out_ap_vld                         |  out|    1|      ap_vld|                                                    accum_42_load_out|       pointer|
|accum_43_load_out                                |  out|   32|      ap_vld|                                                    accum_43_load_out|       pointer|
|accum_43_load_out_ap_vld                         |  out|    1|      ap_vld|                                                    accum_43_load_out|       pointer|
|accum_44_load_out                                |  out|   32|      ap_vld|                                                    accum_44_load_out|       pointer|
|accum_44_load_out_ap_vld                         |  out|    1|      ap_vld|                                                    accum_44_load_out|       pointer|
|accum_45_load_out                                |  out|   32|      ap_vld|                                                    accum_45_load_out|       pointer|
|accum_45_load_out_ap_vld                         |  out|    1|      ap_vld|                                                    accum_45_load_out|       pointer|
|accum_46_load_out                                |  out|   32|      ap_vld|                                                    accum_46_load_out|       pointer|
|accum_46_load_out_ap_vld                         |  out|    1|      ap_vld|                                                    accum_46_load_out|       pointer|
|accum_47_load_out                                |  out|   32|      ap_vld|                                                    accum_47_load_out|       pointer|
|accum_47_load_out_ap_vld                         |  out|    1|      ap_vld|                                                    accum_47_load_out|       pointer|
|accum_48_load_out                                |  out|   32|      ap_vld|                                                    accum_48_load_out|       pointer|
|accum_48_load_out_ap_vld                         |  out|    1|      ap_vld|                                                    accum_48_load_out|       pointer|
|accum_49_load_out                                |  out|   32|      ap_vld|                                                    accum_49_load_out|       pointer|
|accum_49_load_out_ap_vld                         |  out|    1|      ap_vld|                                                    accum_49_load_out|       pointer|
|accum_50_load_out                                |  out|   32|      ap_vld|                                                    accum_50_load_out|       pointer|
|accum_50_load_out_ap_vld                         |  out|    1|      ap_vld|                                                    accum_50_load_out|       pointer|
|accum_51_load_out                                |  out|   32|      ap_vld|                                                    accum_51_load_out|       pointer|
|accum_51_load_out_ap_vld                         |  out|    1|      ap_vld|                                                    accum_51_load_out|       pointer|
|accum_52_load_out                                |  out|   32|      ap_vld|                                                    accum_52_load_out|       pointer|
|accum_52_load_out_ap_vld                         |  out|    1|      ap_vld|                                                    accum_52_load_out|       pointer|
|accum_53_load_out                                |  out|   32|      ap_vld|                                                    accum_53_load_out|       pointer|
|accum_53_load_out_ap_vld                         |  out|    1|      ap_vld|                                                    accum_53_load_out|       pointer|
|accum_54_load_out                                |  out|   32|      ap_vld|                                                    accum_54_load_out|       pointer|
|accum_54_load_out_ap_vld                         |  out|    1|      ap_vld|                                                    accum_54_load_out|       pointer|
|accum_55_load_out                                |  out|   32|      ap_vld|                                                    accum_55_load_out|       pointer|
|accum_55_load_out_ap_vld                         |  out|    1|      ap_vld|                                                    accum_55_load_out|       pointer|
|accum_56_load_out                                |  out|   32|      ap_vld|                                                    accum_56_load_out|       pointer|
|accum_56_load_out_ap_vld                         |  out|    1|      ap_vld|                                                    accum_56_load_out|       pointer|
|accum_57_load_out                                |  out|   32|      ap_vld|                                                    accum_57_load_out|       pointer|
|accum_57_load_out_ap_vld                         |  out|    1|      ap_vld|                                                    accum_57_load_out|       pointer|
|accum_58_load_out                                |  out|   32|      ap_vld|                                                    accum_58_load_out|       pointer|
|accum_58_load_out_ap_vld                         |  out|    1|      ap_vld|                                                    accum_58_load_out|       pointer|
|accum_59_load_out                                |  out|   32|      ap_vld|                                                    accum_59_load_out|       pointer|
|accum_59_load_out_ap_vld                         |  out|    1|      ap_vld|                                                    accum_59_load_out|       pointer|
|accum_60_load_out                                |  out|   32|      ap_vld|                                                    accum_60_load_out|       pointer|
|accum_60_load_out_ap_vld                         |  out|    1|      ap_vld|                                                    accum_60_load_out|       pointer|
|accum_61_load_out                                |  out|   32|      ap_vld|                                                    accum_61_load_out|       pointer|
|accum_61_load_out_ap_vld                         |  out|    1|      ap_vld|                                                    accum_61_load_out|       pointer|
|accum_62_load_out                                |  out|   32|      ap_vld|                                                    accum_62_load_out|       pointer|
|accum_62_load_out_ap_vld                         |  out|    1|      ap_vld|                                                    accum_62_load_out|       pointer|
|accum_63_load_out                                |  out|   32|      ap_vld|                                                    accum_63_load_out|       pointer|
|accum_63_load_out_ap_vld                         |  out|    1|      ap_vld|                                                    accum_63_load_out|       pointer|
|accum_64_load_out                                |  out|   32|      ap_vld|                                                    accum_64_load_out|       pointer|
|accum_64_load_out_ap_vld                         |  out|    1|      ap_vld|                                                    accum_64_load_out|       pointer|
|accum_65_load_out                                |  out|   32|      ap_vld|                                                    accum_65_load_out|       pointer|
|accum_65_load_out_ap_vld                         |  out|    1|      ap_vld|                                                    accum_65_load_out|       pointer|
|accum_66_load_out                                |  out|   32|      ap_vld|                                                    accum_66_load_out|       pointer|
|accum_66_load_out_ap_vld                         |  out|    1|      ap_vld|                                                    accum_66_load_out|       pointer|
|accum_67_load_out                                |  out|   32|      ap_vld|                                                    accum_67_load_out|       pointer|
|accum_67_load_out_ap_vld                         |  out|    1|      ap_vld|                                                    accum_67_load_out|       pointer|
|accum_68_load_out                                |  out|   32|      ap_vld|                                                    accum_68_load_out|       pointer|
|accum_68_load_out_ap_vld                         |  out|    1|      ap_vld|                                                    accum_68_load_out|       pointer|
|accum_69_load_out                                |  out|   32|      ap_vld|                                                    accum_69_load_out|       pointer|
|accum_69_load_out_ap_vld                         |  out|    1|      ap_vld|                                                    accum_69_load_out|       pointer|
|accum_70_load_out                                |  out|   32|      ap_vld|                                                    accum_70_load_out|       pointer|
|accum_70_load_out_ap_vld                         |  out|    1|      ap_vld|                                                    accum_70_load_out|       pointer|
|accum_71_load_out                                |  out|   32|      ap_vld|                                                    accum_71_load_out|       pointer|
|accum_71_load_out_ap_vld                         |  out|    1|      ap_vld|                                                    accum_71_load_out|       pointer|
|accum_72_load_out                                |  out|   32|      ap_vld|                                                    accum_72_load_out|       pointer|
|accum_72_load_out_ap_vld                         |  out|    1|      ap_vld|                                                    accum_72_load_out|       pointer|
|accum_73_load_out                                |  out|   32|      ap_vld|                                                    accum_73_load_out|       pointer|
|accum_73_load_out_ap_vld                         |  out|    1|      ap_vld|                                                    accum_73_load_out|       pointer|
|accum_74_load_out                                |  out|   32|      ap_vld|                                                    accum_74_load_out|       pointer|
|accum_74_load_out_ap_vld                         |  out|    1|      ap_vld|                                                    accum_74_load_out|       pointer|
|accum_75_load_out                                |  out|   32|      ap_vld|                                                    accum_75_load_out|       pointer|
|accum_75_load_out_ap_vld                         |  out|    1|      ap_vld|                                                    accum_75_load_out|       pointer|
|accum_76_load_out                                |  out|   32|      ap_vld|                                                    accum_76_load_out|       pointer|
|accum_76_load_out_ap_vld                         |  out|    1|      ap_vld|                                                    accum_76_load_out|       pointer|
|accum_77_load_out                                |  out|   32|      ap_vld|                                                    accum_77_load_out|       pointer|
|accum_77_load_out_ap_vld                         |  out|    1|      ap_vld|                                                    accum_77_load_out|       pointer|
|accum_78_load_out                                |  out|   32|      ap_vld|                                                    accum_78_load_out|       pointer|
|accum_78_load_out_ap_vld                         |  out|    1|      ap_vld|                                                    accum_78_load_out|       pointer|
|accum_79_load_out                                |  out|   32|      ap_vld|                                                    accum_79_load_out|       pointer|
|accum_79_load_out_ap_vld                         |  out|    1|      ap_vld|                                                    accum_79_load_out|       pointer|
|p_ZN12_GLOBAL_N_116activation_cacheE_3_address0  |  out|   13|   ap_memory|                               p_ZN12_GLOBAL_N_116activation_cacheE_3|         array|
|p_ZN12_GLOBAL_N_116activation_cacheE_3_ce0       |  out|    1|   ap_memory|                               p_ZN12_GLOBAL_N_116activation_cacheE_3|         array|
|p_ZN12_GLOBAL_N_116activation_cacheE_3_q0        |   in|  256|   ap_memory|                               p_ZN12_GLOBAL_N_116activation_cacheE_3|         array|
|p_ZN12_GLOBAL_N_116activation_cacheE_2_address0  |  out|   13|   ap_memory|                               p_ZN12_GLOBAL_N_116activation_cacheE_2|         array|
|p_ZN12_GLOBAL_N_116activation_cacheE_2_ce0       |  out|    1|   ap_memory|                               p_ZN12_GLOBAL_N_116activation_cacheE_2|         array|
|p_ZN12_GLOBAL_N_116activation_cacheE_2_q0        |   in|  256|   ap_memory|                               p_ZN12_GLOBAL_N_116activation_cacheE_2|         array|
|p_ZN12_GLOBAL_N_116activation_cacheE_1_address0  |  out|   13|   ap_memory|                               p_ZN12_GLOBAL_N_116activation_cacheE_1|         array|
|p_ZN12_GLOBAL_N_116activation_cacheE_1_ce0       |  out|    1|   ap_memory|                               p_ZN12_GLOBAL_N_116activation_cacheE_1|         array|
|p_ZN12_GLOBAL_N_116activation_cacheE_1_q0        |   in|  256|   ap_memory|                               p_ZN12_GLOBAL_N_116activation_cacheE_1|         array|
|p_ZN12_GLOBAL_N_116activation_cacheE_0_address0  |  out|   13|   ap_memory|                               p_ZN12_GLOBAL_N_116activation_cacheE_0|         array|
|p_ZN12_GLOBAL_N_116activation_cacheE_0_ce0       |  out|    1|   ap_memory|                               p_ZN12_GLOBAL_N_116activation_cacheE_0|         array|
|p_ZN12_GLOBAL_N_116activation_cacheE_0_q0        |   in|  256|   ap_memory|                               p_ZN12_GLOBAL_N_116activation_cacheE_0|         array|
+-------------------------------------------------+-----+-----+------------+---------------------------------------------------------------------+--------------+

