

================================================================
== Synthesis Summary Report of 'vision_ffn_down_tile'
================================================================
+ General Information: 
    * Date:           Sat Sep 26 01:54:52 2026
    * Version:        2024.2 (Build 5238294 on Nov  8 2024)
    * Project:        project
    * Solution:       solution1 (Vivado IP Flow Target)
    * Product family: zynquplus
    * Target device:  xck26-sfvc784-2LV-c
    

+ Performance & Resource Estimates: 
    
    PS: '+' for module; 'o' for loop; '*' for dataflow
    +-----------------------------------------------------------------------------------------+--------+-------+---------+-----------+----------+---------+------+----------+----------+-----------+-------------+-------------+----------+
    |                                         Modules                                         |  Issue |       | Latency |  Latency  | Iteration|         | Trip |          |          |           |             |             |          |
    |                                         & Loops                                         |  Type  | Slack | (cycles)|    (ns)   |  Latency | Interval| Count| Pipelined|   BRAM   |    DSP    |      FF     |     LUT     |   URAM   |
    +-----------------------------------------------------------------------------------------+--------+-------+---------+-----------+----------+---------+------+----------+----------+-----------+-------------+-------------+----------+
    |+ vision_ffn_down_tile                                                                   |  Timing|  -0.21|        -|          -|         -|        -|     -|        no|  54 (18%)|  323 (25%)|  50368 (21%)|  47075 (40%)|  40 (62%)|
    | + p_anonymous_namespace_compute_weight_batch                                            |  Timing|  -0.21|        -|          -|         -|        -|     -|        no|   16 (5%)|  321 (25%)|  45988 (19%)|  41717 (35%)|   8 (12%)|
    |  o VITIS_LOOP_79_1                                                                      |       -|   3.65|        -|          -|         -|        -|     -|        no|         -|          -|            -|            -|         -|
    |   + p_anonymous_namespace_compute_weight_batch_Pipeline_VITIS_LOOP_80_2_VITIS_LOOP_81   |       -|   0.00|     8612|  4.306e+04|         -|     8612|     -|        no|         -|    1 (~0%)|    250 (~0%)|    220 (~0%)|         -|
    |    o VITIS_LOOP_80_2_VITIS_LOOP_81_3                                                    |       -|   3.65|     8610|  4.305e+04|         4|        1|  8608|       yes|         -|          -|            -|            -|         -|
    |   + p_anonymous_namespace_compute_weight_batch_Pipeline_VITIS_LOOP_366_15_VITIS_LOOP_s  |       -|   0.00|        -|          -|         -|        -|     -|        no|         -|          -|    820 (~0%)|    443 (~0%)|         -|
    |    o VITIS_LOOP_366_15_VITIS_LOOP_367_16                                                |       -|   3.65|        -|          -|         4|        1|     -|       yes|         -|          -|            -|            -|         -|
    |   o VITIS_LOOP_92_4                                                                     |       -|   3.65|        -|          -|      4602|        -|     -|        no|         -|          -|            -|            -|         -|
    |    o VITIS_LOOP_93_5                                                                    |       -|   3.65|     4600|  2.300e+04|      1150|        -|     4|        no|         -|          -|            -|            -|         -|
    |     + p_anonymous_namespace_compute_weight_batch_Pipeline_VITIS_LOOP_168_9              |       -|   0.01|     1111|  5.555e+03|         -|     1111|     -|        no|         -|  224 (17%)|  28094 (11%)|  24971 (21%)|         -|
    |      o VITIS_LOOP_168_9                                                                 |       -|   3.65|     1109|  5.545e+03|        35|        1|  1076|       yes|         -|          -|            -|            -|         -|
    | + p_anonymous_namespace_stage_activation                                                |       -|   0.00|        -|          -|         -|        -|     -|        no|         -|    2 (~0%)|    584 (~0%)|    690 (~0%)|         -|
    |  + p_anonymous_namespace_stage_activation_Pipeline_VITIS_LOOP_63_1_VITIS_LOOP_64_2      |       -|   0.00|        -|          -|         -|        -|     -|        no|         -|    1 (~0%)|    408 (~0%)|    260 (~0%)|         -|
    |   o VITIS_LOOP_63_1_VITIS_LOOP_64_2                                                     |       -|   3.65|        -|          -|         4|        1|     -|       yes|         -|          -|            -|            -|         -|
    +-----------------------------------------------------------------------------------------+--------+-------+---------+-----------+----------+---------+------+----------+----------+-----------+-------------+-------------+----------+


================================================================
== HW Interfaces
================================================================
* M_AXI
+--------------+------------+------------+---------------+---------+--------+----------+-----------+--------------+--------------+-------------+-------------+-------------------+
| Interface    | Read/Write | Data Width | Address Width | Latency | Offset | Register | Max Widen | Max Read     | Max Write    | Num Read    | Num Write   | Resource Estimate |
|              |            | (SW->HW)   |               |         |        |          | Bitwidth  | Burst Length | Burst Length | Outstanding | Outstanding |                   |
+--------------+------------+------------+---------------+---------+--------+----------+-----------+--------------+--------------+-------------+-------------+-------------------+
| m_axi_gmem_w | READ_ONLY  | 128 -> 128 | 64            | 0       | slave  | 0        | 512       | 64           | 16           | 8           | 16          | BRAM=8            |
| m_axi_gmem_x | READ_ONLY  | 256 -> 256 | 64            | 0       | slave  | 0        | 512       | 64           | 16           | 8           | 16          | BRAM=15           |
| m_axi_gmem_y | WRITE_ONLY | 256 -> 256 | 64            | 0       | slave  | 0        | 512       | 16           | 64           | 16          | 8           | BRAM=15           |
+--------------+------------+------------+---------------+---------+--------+----------+-----------+--------------+--------------+-------------+-------------+-------------------+

* S_AXILITE Interfaces
+---------------+------------+---------------+--------+----------+
| Interface     | Data Width | Address Width | Offset | Register |
+---------------+------------+---------------+--------+----------+
| s_axi_control | 32         | 7             | 24     | 0        |
+---------------+------------+---------------+--------+----------+

* S_AXILITE Registers
+---------------+-----------------------+--------+-------+--------+------------------------------------+----------------------------------------------------------------------+
| Interface     | Register              | Offset | Width | Access | Description                        | Bit Fields                                                           |
+---------------+-----------------------+--------+-------+--------+------------------------------------+----------------------------------------------------------------------+
| s_axi_control | CTRL                  | 0x00   | 32    | RW     | Control signals                    | 0=AP_START 1=AP_DONE 2=AP_IDLE 3=AP_READY 7=AUTO_RESTART 9=INTERRUPT |
| s_axi_control | GIER                  | 0x04   | 32    | RW     | Global Interrupt Enable Register   | 0=Enable                                                             |
| s_axi_control | IP_IER                | 0x08   | 32    | RW     | IP Interrupt Enable Register       | 0=CHAN0_INT_EN 1=CHAN1_INT_EN                                        |
| s_axi_control | IP_ISR                | 0x0c   | 32    | RW     | IP Interrupt Status Register       | 0=CHAN0_INT_ST 1=CHAN1_INT_ST                                        |
| s_axi_control | ap_return             | 0x10   | 32    | R      | Data signal of ap_return           |                                                                      |
| s_axi_control | weight_batch_f16_1    | 0x18   | 32    | W      | Data signal of weight_batch_f16    |                                                                      |
| s_axi_control | weight_batch_f16_2    | 0x1c   | 32    | W      | Data signal of weight_batch_f16    |                                                                      |
| s_axi_control | activation_tile_f32_1 | 0x24   | 32    | W      | Data signal of activation_tile_f32 |                                                                      |
| s_axi_control | activation_tile_f32_2 | 0x28   | 32    | W      | Data signal of activation_tile_f32 |                                                                      |
| s_axi_control | output_batch_f32_1    | 0x30   | 32    | W      | Data signal of output_batch_f32    |                                                                      |
| s_axi_control | output_batch_f32_2    | 0x34   | 32    | W      | Data signal of output_batch_f32    |                                                                      |
| s_axi_control | task_r                | 0x3c   | 32    | W      | Data signal of task_r              |                                                                      |
| s_axi_control | active_N              | 0x44   | 32    | W      | Data signal of active_N            |                                                                      |
| s_axi_control | n_base                | 0x4c   | 32    | W      | Data signal of n_base              |                                                                      |
| s_axi_control | m_base                | 0x54   | 32    | W      | Data signal of m_base              |                                                                      |
| s_axi_control | tile_rows             | 0x5c   | 32    | W      | Data signal of tile_rows           |                                                                      |
+---------------+-----------------------+--------+-------+--------+------------------------------------+----------------------------------------------------------------------+

* TOP LEVEL CONTROL
+-----------+------------+-----------+
| Interface | Type       | Ports     |
+-----------+------------+-----------+
| ap_clk    | clock      | ap_clk    |
| ap_rst_n  | reset      | ap_rst_n  |
| interrupt | interrupt  | interrupt |
| ap_ctrl   | ap_ctrl_hs |           |
+-----------+------------+-----------+


================================================================
== SW I/O Information
================================================================
* Top Function Arguments
+---------------------+-----------+----------------------+
| Argument            | Direction | Datatype             |
+---------------------+-----------+----------------------+
| weight_batch_f16    | in        | ap_uint<128> const * |
| activation_tile_f32 | in        | ap_uint<256> const * |
| output_batch_f32    | out       | ap_uint<256>*        |
| task                | in        | int                  |
| active_N            | in        | int                  |
| n_base              | in        | int                  |
| m_base              | in        | int                  |
| tile_rows           | in        | int                  |
| return              | out       | int                  |
+---------------------+-----------+----------------------+

* SW-to-HW Mapping
+---------------------+---------------+-----------+----------+-------------------------------------------------+
| Argument            | HW Interface  | HW Type   | HW Usage | HW Info                                         |
+---------------------+---------------+-----------+----------+-------------------------------------------------+
| weight_batch_f16    | m_axi_gmem_w  | interface |          | channel=0                                       |
| weight_batch_f16    | s_axi_control | register  | offset   | name=weight_batch_f16_1 offset=0x18 range=32    |
| weight_batch_f16    | s_axi_control | register  | offset   | name=weight_batch_f16_2 offset=0x1c range=32    |
| activation_tile_f32 | m_axi_gmem_x  | interface |          | channel=0                                       |
| activation_tile_f32 | s_axi_control | register  | offset   | name=activation_tile_f32_1 offset=0x24 range=32 |
| activation_tile_f32 | s_axi_control | register  | offset   | name=activation_tile_f32_2 offset=0x28 range=32 |
| output_batch_f32    | m_axi_gmem_y  | interface |          | channel=0                                       |
| output_batch_f32    | s_axi_control | register  | offset   | name=output_batch_f32_1 offset=0x30 range=32    |
| output_batch_f32    | s_axi_control | register  | offset   | name=output_batch_f32_2 offset=0x34 range=32    |
| task                | s_axi_control | register  |          | name=task_r offset=0x3c range=32                |
| active_N            | s_axi_control | register  |          | name=active_N offset=0x44 range=32              |
| n_base              | s_axi_control | register  |          | name=n_base offset=0x4c range=32                |
| m_base              | s_axi_control | register  |          | name=m_base offset=0x54 range=32                |
| tile_rows           | s_axi_control | register  |          | name=tile_rows offset=0x5c range=32             |
| return              | s_axi_control | register  |          | name=ap_return offset=0x10 range=32             |
+---------------------+---------------+-----------+----------+-------------------------------------------------+


================================================================
== M_AXI Burst Information
================================================================
 Note: All burst requests might be further partitioned into multiple requests during RTL generation based on max_read_burst_length or max_write_burst_length settings.

* Inferred Burst Summary
+--------------+-----------+----------+-------+-----------------+---------------------------------------------------------------------------------------------------------------------------------+
| HW Interface | Direction | Length   | Width | Loop            | Loop Location                                                                                                                   |
+--------------+-----------+----------+-------+-----------------+---------------------------------------------------------------------------------------------------------------------------------+
| m_axi_gmem_w | read      | 68864    | 128   | VITIS_LOOP_79_1 | /home/zhiro/research/kv260-vlm-workers/RM10-A-resource-aware/experiments/rm10_a_resource_aware/source/vision_ffn_down.cpp:79:19 |
| m_axi_gmem_x | read      | variable | 256   |                 |                                                                                                                                 |
| m_axi_gmem_y | write     | variable | 256   |                 |                                                                                                                                 |
+--------------+-----------+----------+-------+-----------------+---------------------------------------------------------------------------------------------------------------------------------+

* All M_AXI Variable Accesses
+--------------+--------------+----------------------------------------------------------------------------------------------------------------------------------+-----------+--------------+----------+-------------------+----------------------------------------------------------------------------------------------------------------------------------+------------+-------------------------------------------------------------------------------------+
| HW Interface | Variable     | Access Location                                                                                                                  | Direction | Burst Status | Length   | Loop              | Loop Location                                                                                                                    | Resolution | Problem                                                                             |
+--------------+--------------+----------------------------------------------------------------------------------------------------------------------------------+-----------+--------------+----------+-------------------+----------------------------------------------------------------------------------------------------------------------------------+------------+-------------------------------------------------------------------------------------+
| m_axi_gmem_w | weight_batch | /home/zhiro/research/kv260-vlm-workers/RM10-A-resource-aware/experiments/rm10_a_resource_aware/source/vision_ffn_down.cpp:84:37  | read      | Widen Fail   |          | VITIS_LOOP_81_3   | /home/zhiro/research/kv260-vlm-workers/RM10-A-resource-aware/experiments/rm10_a_resource_aware/source/vision_ffn_down.cpp:81:30  | 214-307    | Could not widen since type i128 size is greater than or equal to alignment 1(bytes) |
| m_axi_gmem_w | weight_batch | /home/zhiro/research/kv260-vlm-workers/RM10-A-resource-aware/experiments/rm10_a_resource_aware/source/vision_ffn_down.cpp:84:37  | read      | Inferred     | 68864    | VITIS_LOOP_79_1   | /home/zhiro/research/kv260-vlm-workers/RM10-A-resource-aware/experiments/rm10_a_resource_aware/source/vision_ffn_down.cpp:79:19  |            |                                                                                     |
| m_axi_gmem_x | src          | /home/zhiro/research/kv260-vlm-workers/RM10-A-resource-aware/experiments/rm10_a_resource_aware/source/vision_ffn_down.cpp:66:26  | read      | Widen Fail   |          | VITIS_LOOP_64_2   | /home/zhiro/research/kv260-vlm-workers/RM10-A-resource-aware/experiments/rm10_a_resource_aware/source/vision_ffn_down.cpp:64:26  | 214-307    | Could not widen since type i256 size is greater than or equal to alignment 1(bytes) |
| m_axi_gmem_x | src          | /home/zhiro/research/kv260-vlm-workers/RM10-A-resource-aware/experiments/rm10_a_resource_aware/source/vision_ffn_down.cpp:66:26  | read      | Inferred     | variable | VITIS_LOOP_63_1   | /home/zhiro/research/kv260-vlm-workers/RM10-A-resource-aware/experiments/rm10_a_resource_aware/source/vision_ffn_down.cpp:63:19  |            |                                                                                     |
| m_axi_gmem_y | output_batch | /home/zhiro/research/kv260-vlm-workers/RM10-A-resource-aware/experiments/rm10_a_resource_aware/source/vision_ffn_down.cpp:378:35 | write     | Widen Fail   |          | VITIS_LOOP_367_16 | /home/zhiro/research/kv260-vlm-workers/RM10-A-resource-aware/experiments/rm10_a_resource_aware/source/vision_ffn_down.cpp:367:32 | 214-307    | Could not widen since type i256 size is greater than or equal to alignment 1(bytes) |
| m_axi_gmem_y | output_batch | /home/zhiro/research/kv260-vlm-workers/RM10-A-resource-aware/experiments/rm10_a_resource_aware/source/vision_ffn_down.cpp:378:35 | write     | Fail         |          | VITIS_LOOP_79_1   | /home/zhiro/research/kv260-vlm-workers/RM10-A-resource-aware/experiments/rm10_a_resource_aware/source/vision_ffn_down.cpp:79:19  | 214-230    | Stride is incompatible                                                              |
| m_axi_gmem_y | output_batch | /home/zhiro/research/kv260-vlm-workers/RM10-A-resource-aware/experiments/rm10_a_resource_aware/source/vision_ffn_down.cpp:378:35 | write     | Inferred     | variable | VITIS_LOOP_366_15 | /home/zhiro/research/kv260-vlm-workers/RM10-A-resource-aware/experiments/rm10_a_resource_aware/source/vision_ffn_down.cpp:366:28 |            |                                                                                     |
+--------------+--------------+----------------------------------------------------------------------------------------------------------------------------------+-----------+--------------+----------+-------------------+----------------------------------------------------------------------------------------------------------------------------------+------------+-------------------------------------------------------------------------------------+

    * Resolution URL: docs.xilinx.com/access/sources/dita/topic?Doc_Version=2024.2%20English&url=ug1448-hls-guidance&resourceid=XXX-YYY.html (replace XXX-YYY with column value)

================================================================
== Bind Op Report
================================================================
+----------------------------------------------------------------------------------------+-----+--------+-----------------+------------+--------------------------+---------+
| Name                                                                                   | DSP | Pragma | Variable        | Op         | Impl                     | Latency |
+----------------------------------------------------------------------------------------+-----+--------+-----------------+------------+--------------------------+---------+
| + vision_ffn_down_tile                                                                 | 323 |        |                 |            |                          |         |
|   add_ln414_fu_300_p2                                                                  |     |        | add_ln414       | add        | fabric                   | 0       |
|   icmp_ln414_fu_305_p2                                                                 |     |        | icmp_ln414      | setgt      | auto                     | 0       |
|   icmp_ln414_1_fu_294_p2                                                               |     |        | icmp_ln414_1    | setne      | auto                     | 0       |
|   or_ln414_fu_311_p2                                                                   |     |        | or_ln414        | or         | auto                     | 0       |
|   icmp_ln416_fu_323_p2                                                                 |     |        | icmp_ln416      | setlt      | auto                     | 0       |
|   xor_ln416_fu_327_p2                                                                  |     |        | xor_ln416       | xor        | auto                     | 0       |
|   icmp_ln416_1_fu_333_p2                                                               |     |        | icmp_ln416_1    | setne      | auto                     | 0       |
|   or_ln416_fu_338_p2                                                                   |     |        | or_ln416        | or         | auto                     | 0       |
|   or_ln416_1_fu_344_p2                                                                 |     |        | or_ln416_1      | or         | auto                     | 0       |
|   remaining_fu_350_p2                                                                  |     |        | remaining       | sub        | fabric                   | 0       |
|   icmp_ln418_fu_364_p2                                                                 |     |        | icmp_ln418      | setlt      | auto                     | 0       |
|   expected_rows_fu_370_p3                                                              |     |        | expected_rows   | select     | auto_sel                 | 0       |
|   icmp_ln419_fu_378_p2                                                                 |     |        | icmp_ln419      | setne      | auto                     | 0       |
|   icmp_ln419_1_fu_383_p2                                                               |     |        | icmp_ln419_1    | setne      | auto                     | 0       |
|   or_ln419_fu_388_p2                                                                   |     |        | or_ln419        | or         | auto                     | 0       |
|   xor_ln431_fu_398_p2                                                                  |     |        | xor_ln431       | xor        | auto                     | 0       |
|   icmp_ln431_fu_408_p2                                                                 |     |        | icmp_ln431      | setne      | auto                     | 0       |
|   icmp_ln431_1_fu_417_p2                                                               |     |        | icmp_ln431_1    | setne      | auto                     | 0       |
|   icmp_ln432_fu_426_p2                                                                 |     |        | icmp_ln432      | setne      | auto                     | 0       |
|   or_ln431_fu_431_p2                                                                   |     |        | or_ln431        | or         | auto                     | 0       |
|   or_ln431_1_fu_437_p2                                                                 |     |        | or_ln431_1      | or         | auto                     | 0       |
|   or_ln431_2_fu_443_p2                                                                 |     |        | or_ln431_2      | or         | auto                     | 0       |
|   icmp_ln433_fu_469_p2                                                                 |     |        | icmp_ln433      | setne      | auto                     | 0       |
|   add_ln433_fu_475_p2                                                                  |     |        | add_ln433       | add        | fabric                   | 0       |
|   icmp_ln433_1_fu_480_p2                                                               |     |        | icmp_ln433_1    | setgt      | auto                     | 0       |
|   or_ln433_fu_486_p2                                                                   |     |        | or_ln433        | or         | auto                     | 0       |
|  + p_anonymous_namespace_compute_weight_batch                                          | 321 |        |                 |            |                          |         |
|    cmp1917_fu_2149_p2                                                                  |     |        | cmp1917         | setgt      | auto                     | 0       |
|    empty_197_fu_2167_p3                                                                |     |        | empty_197       | select     | auto_sel                 | 0       |
|    empty_198_fu_2179_p3                                                                |     |        | empty_198       | select     | auto_sel                 | 0       |
|    icmp_ln79_fu_2198_p2                                                                |     |        | icmp_ln79       | seteq      | auto                     | 0       |
|    add_ln79_1_fu_2204_p2                                                               |     |        | add_ln79_1      | add        | fabric                   | 0       |
|    add_ln79_fu_2226_p2                                                                 |     |        | add_ln79        | add        | fabric                   | 0       |
|    icmp_ln92_fu_2235_p2                                                                |     |        | icmp_ln92       | setlt      | auto                     | 0       |
|    mul_3ns_11ns_12_1_1_U444                                                            |     |        | mul_ln92        | mul        | auto                     | 0       |
|    mul_2ns_11ns_11_1_1_U445                                                            |     |        | mul_ln93        | mul        | auto                     | 0       |
|    fadd_32ns_32ns_32_8_full_dsp_1_U396                                                 | 2   |        | t0              | fadd       | fulldsp                  | 7       |
|    fadd_32ns_32ns_32_8_full_dsp_1_U397                                                 | 2   |        | t1              | fadd       | fulldsp                  | 7       |
|    fadd_32ns_32ns_32_8_full_dsp_1_U398                                                 | 2   |        | t2              | fadd       | fulldsp                  | 7       |
|    fadd_32ns_32ns_32_8_full_dsp_1_U399                                                 | 2   |        | t3              | fadd       | fulldsp                  | 7       |
|    fadd_32ns_32ns_32_8_full_dsp_1_U396                                                 | 2   |        | t4              | fadd       | fulldsp                  | 7       |
|    fadd_32ns_32ns_32_8_full_dsp_1_U396                                                 | 2   |        | add             | fadd       | fulldsp                  | 7       |
|    fadd_32ns_32ns_32_8_full_dsp_1_U397                                                 | 2   |        | add1            | fadd       | fulldsp                  | 7       |
|    fadd_32ns_32ns_32_8_full_dsp_1_U397                                                 | 2   |        | add2            | fadd       | fulldsp                  | 7       |
|    fadd_32ns_32ns_32_8_full_dsp_1_U396                                                 | 2   |        | add3            | fadd       | fulldsp                  | 7       |
|    fadd_32ns_32ns_32_8_full_dsp_1_U396                                                 | 2   |        | t0_1            | fadd       | fulldsp                  | 7       |
|    fadd_32ns_32ns_32_8_full_dsp_1_U397                                                 | 2   |        | t1_1            | fadd       | fulldsp                  | 7       |
|    fadd_32ns_32ns_32_8_full_dsp_1_U396                                                 | 2   |        | add187_s        | fadd       | fulldsp                  | 7       |
|    fadd_32ns_32ns_32_8_full_dsp_1_U398                                                 | 2   |        | t2_1            | fadd       | fulldsp                  | 7       |
|    fadd_32ns_32ns_32_8_full_dsp_1_U399                                                 | 2   |        | t3_1            | fadd       | fulldsp                  | 7       |
|    fadd_32ns_32ns_32_8_full_dsp_1_U397                                                 | 2   |        | add188_s        | fadd       | fulldsp                  | 7       |
|    fadd_32ns_32ns_32_8_full_dsp_1_U396                                                 | 2   |        | add189_s        | fadd       | fulldsp                  | 7       |
|    fadd_32ns_32ns_32_8_full_dsp_1_U397                                                 | 2   |        | t4_1            | fadd       | fulldsp                  | 7       |
|    fadd_32ns_32ns_32_8_full_dsp_1_U396                                                 | 2   |        | add190_s        | fadd       | fulldsp                  | 7       |
|    fadd_32ns_32ns_32_8_full_dsp_1_U400                                                 | 2   |        | t0_2            | fadd       | fulldsp                  | 7       |
|    fadd_32ns_32ns_32_8_full_dsp_1_U401                                                 | 2   |        | t1_2            | fadd       | fulldsp                  | 7       |
|    fadd_32ns_32ns_32_8_full_dsp_1_U398                                                 | 2   |        | add187_4        | fadd       | fulldsp                  | 7       |
|    fadd_32ns_32ns_32_8_full_dsp_1_U402                                                 | 2   |        | t2_2            | fadd       | fulldsp                  | 7       |
|    fadd_32ns_32ns_32_8_full_dsp_1_U403                                                 | 2   |        | t3_2            | fadd       | fulldsp                  | 7       |
|    fadd_32ns_32ns_32_8_full_dsp_1_U399                                                 | 2   |        | add188_4        | fadd       | fulldsp                  | 7       |
|    fadd_32ns_32ns_32_8_full_dsp_1_U398                                                 | 2   |        | add189_4        | fadd       | fulldsp                  | 7       |
|    fadd_32ns_32ns_32_8_full_dsp_1_U399                                                 | 2   |        | t4_2            | fadd       | fulldsp                  | 7       |
|    fadd_32ns_32ns_32_8_full_dsp_1_U397                                                 | 2   |        | add190_4        | fadd       | fulldsp                  | 7       |
|    fadd_32ns_32ns_32_8_full_dsp_1_U404                                                 | 2   |        | t0_3            | fadd       | fulldsp                  | 7       |
|    fadd_32ns_32ns_32_8_full_dsp_1_U405                                                 | 2   |        | t1_3            | fadd       | fulldsp                  | 7       |
|    fadd_32ns_32ns_32_8_full_dsp_1_U400                                                 | 2   |        | add187_5        | fadd       | fulldsp                  | 7       |
|    fadd_32ns_32ns_32_8_full_dsp_1_U406                                                 | 2   |        | t2_3            | fadd       | fulldsp                  | 7       |
|    fadd_32ns_32ns_32_8_full_dsp_1_U407                                                 | 2   |        | t3_3            | fadd       | fulldsp                  | 7       |
|    fadd_32ns_32ns_32_8_full_dsp_1_U401                                                 | 2   |        | add188_5        | fadd       | fulldsp                  | 7       |
|    fadd_32ns_32ns_32_8_full_dsp_1_U400                                                 | 2   |        | add189_5        | fadd       | fulldsp                  | 7       |
|    fadd_32ns_32ns_32_8_full_dsp_1_U401                                                 | 2   |        | t4_3            | fadd       | fulldsp                  | 7       |
|    fadd_32ns_32ns_32_8_full_dsp_1_U398                                                 | 2   |        | add190_5        | fadd       | fulldsp                  | 7       |
|    fadd_32ns_32ns_32_8_full_dsp_1_U400                                                 | 2   |        | t0_4            | fadd       | fulldsp                  | 7       |
|    fadd_32ns_32ns_32_8_full_dsp_1_U401                                                 | 2   |        | t1_4            | fadd       | fulldsp                  | 7       |
|    fadd_32ns_32ns_32_8_full_dsp_1_U398                                                 | 2   |        | add187_1        | fadd       | fulldsp                  | 7       |
|    fadd_32ns_32ns_32_8_full_dsp_1_U402                                                 | 2   |        | t2_4            | fadd       | fulldsp                  | 7       |
|    fadd_32ns_32ns_32_8_full_dsp_1_U403                                                 | 2   |        | t3_4            | fadd       | fulldsp                  | 7       |
|    fadd_32ns_32ns_32_8_full_dsp_1_U399                                                 | 2   |        | add188_1        | fadd       | fulldsp                  | 7       |
|    fadd_32ns_32ns_32_8_full_dsp_1_U398                                                 | 2   |        | add189_1        | fadd       | fulldsp                  | 7       |
|    fadd_32ns_32ns_32_8_full_dsp_1_U399                                                 | 2   |        | t4_4            | fadd       | fulldsp                  | 7       |
|    fadd_32ns_32ns_32_8_full_dsp_1_U397                                                 | 2   |        | add190_1        | fadd       | fulldsp                  | 7       |
|    fadd_32ns_32ns_32_8_full_dsp_1_U408                                                 | 2   |        | t0_5            | fadd       | fulldsp                  | 7       |
|    fadd_32ns_32ns_32_8_full_dsp_1_U409                                                 | 2   |        | t1_5            | fadd       | fulldsp                  | 7       |
|    fadd_32ns_32ns_32_8_full_dsp_1_U402                                                 | 2   |        | add187_1_1      | fadd       | fulldsp                  | 7       |
|    fadd_32ns_32ns_32_8_full_dsp_1_U410                                                 | 2   |        | t2_5            | fadd       | fulldsp                  | 7       |
|    fadd_32ns_32ns_32_8_full_dsp_1_U411                                                 | 2   |        | t3_5            | fadd       | fulldsp                  | 7       |
|    fadd_32ns_32ns_32_8_full_dsp_1_U403                                                 | 2   |        | add188_1_1      | fadd       | fulldsp                  | 7       |
|    fadd_32ns_32ns_32_8_full_dsp_1_U402                                                 | 2   |        | add189_1_1      | fadd       | fulldsp                  | 7       |
|    fadd_32ns_32ns_32_8_full_dsp_1_U403                                                 | 2   |        | t4_5            | fadd       | fulldsp                  | 7       |
|    fadd_32ns_32ns_32_8_full_dsp_1_U399                                                 | 2   |        | add190_1_1      | fadd       | fulldsp                  | 7       |
|    fadd_32ns_32ns_32_8_full_dsp_1_U412                                                 | 2   |        | t0_6            | fadd       | fulldsp                  | 7       |
|    fadd_32ns_32ns_32_8_full_dsp_1_U413                                                 | 2   |        | t1_6            | fadd       | fulldsp                  | 7       |
|    fadd_32ns_32ns_32_8_full_dsp_1_U404                                                 | 2   |        | add187_1_2      | fadd       | fulldsp                  | 7       |
|    fadd_32ns_32ns_32_8_full_dsp_1_U414                                                 | 2   |        | t2_6            | fadd       | fulldsp                  | 7       |
|    fadd_32ns_32ns_32_8_full_dsp_1_U415                                                 | 2   |        | t3_6            | fadd       | fulldsp                  | 7       |
|    fadd_32ns_32ns_32_8_full_dsp_1_U405                                                 | 2   |        | add188_1_2      | fadd       | fulldsp                  | 7       |
|    fadd_32ns_32ns_32_8_full_dsp_1_U404                                                 | 2   |        | add189_1_2      | fadd       | fulldsp                  | 7       |
|    fadd_32ns_32ns_32_8_full_dsp_1_U405                                                 | 2   |        | t4_6            | fadd       | fulldsp                  | 7       |
|    fadd_32ns_32ns_32_8_full_dsp_1_U400                                                 | 2   |        | add190_1_2      | fadd       | fulldsp                  | 7       |
|    fadd_32ns_32ns_32_8_full_dsp_1_U416                                                 | 2   |        | t0_7            | fadd       | fulldsp                  | 7       |
|    fadd_32ns_32ns_32_8_full_dsp_1_U417                                                 | 2   |        | t1_7            | fadd       | fulldsp                  | 7       |
|    fadd_32ns_32ns_32_8_full_dsp_1_U406                                                 | 2   |        | add187_1_3      | fadd       | fulldsp                  | 7       |
|    fadd_32ns_32ns_32_8_full_dsp_1_U418                                                 | 2   |        | t2_7            | fadd       | fulldsp                  | 7       |
|    fadd_32ns_32ns_32_8_full_dsp_1_U419                                                 | 2   |        | t3_7            | fadd       | fulldsp                  | 7       |
|    fadd_32ns_32ns_32_8_full_dsp_1_U407                                                 | 2   |        | add188_1_3      | fadd       | fulldsp                  | 7       |
|    fadd_32ns_32ns_32_8_full_dsp_1_U406                                                 | 2   |        | add189_1_3      | fadd       | fulldsp                  | 7       |
|    fadd_32ns_32ns_32_8_full_dsp_1_U407                                                 | 2   |        | t4_7            | fadd       | fulldsp                  | 7       |
|    fadd_32ns_32ns_32_8_full_dsp_1_U401                                                 | 2   |        | add190_1_3      | fadd       | fulldsp                  | 7       |
|    fadd_32ns_32ns_32_8_full_dsp_1_U404                                                 | 2   |        | t0_8            | fadd       | fulldsp                  | 7       |
|    fadd_32ns_32ns_32_8_full_dsp_1_U405                                                 | 2   |        | t1_8            | fadd       | fulldsp                  | 7       |
|    fadd_32ns_32ns_32_8_full_dsp_1_U400                                                 | 2   |        | add187_2        | fadd       | fulldsp                  | 7       |
|    fadd_32ns_32ns_32_8_full_dsp_1_U406                                                 | 2   |        | t2_8            | fadd       | fulldsp                  | 7       |
|    fadd_32ns_32ns_32_8_full_dsp_1_U407                                                 | 2   |        | t3_8            | fadd       | fulldsp                  | 7       |
|    fadd_32ns_32ns_32_8_full_dsp_1_U401                                                 | 2   |        | add188_2        | fadd       | fulldsp                  | 7       |
|    fadd_32ns_32ns_32_8_full_dsp_1_U400                                                 | 2   |        | add189_2        | fadd       | fulldsp                  | 7       |
|    fadd_32ns_32ns_32_8_full_dsp_1_U401                                                 | 2   |        | t4_8            | fadd       | fulldsp                  | 7       |
|    fadd_32ns_32ns_32_8_full_dsp_1_U398                                                 | 2   |        | add190_2        | fadd       | fulldsp                  | 7       |
|    fadd_32ns_32ns_32_8_full_dsp_1_U420                                                 | 2   |        | t0_9            | fadd       | fulldsp                  | 7       |
|    fadd_32ns_32ns_32_8_full_dsp_1_U421                                                 | 2   |        | t1_9            | fadd       | fulldsp                  | 7       |
|    fadd_32ns_32ns_32_8_full_dsp_1_U408                                                 | 2   |        | add187_2_1      | fadd       | fulldsp                  | 7       |
|    fadd_32ns_32ns_32_8_full_dsp_1_U422                                                 | 2   |        | t2_9            | fadd       | fulldsp                  | 7       |
|    fadd_32ns_32ns_32_8_full_dsp_1_U423                                                 | 2   |        | t3_9            | fadd       | fulldsp                  | 7       |
|    fadd_32ns_32ns_32_8_full_dsp_1_U409                                                 | 2   |        | add188_2_1      | fadd       | fulldsp                  | 7       |
|    fadd_32ns_32ns_32_8_full_dsp_1_U408                                                 | 2   |        | add189_2_1      | fadd       | fulldsp                  | 7       |
|    fadd_32ns_32ns_32_8_full_dsp_1_U409                                                 | 2   |        | t4_9            | fadd       | fulldsp                  | 7       |
|    fadd_32ns_32ns_32_8_full_dsp_1_U402                                                 | 2   |        | add190_2_1      | fadd       | fulldsp                  | 7       |
|    fadd_32ns_32ns_32_8_full_dsp_1_U424                                                 | 2   |        | t0_16           | fadd       | fulldsp                  | 7       |
|    fadd_32ns_32ns_32_8_full_dsp_1_U425                                                 | 2   |        | t1_16           | fadd       | fulldsp                  | 7       |
|    fadd_32ns_32ns_32_8_full_dsp_1_U410                                                 | 2   |        | add187_2_2      | fadd       | fulldsp                  | 7       |
|    fadd_32ns_32ns_32_8_full_dsp_1_U426                                                 | 2   |        | t2_16           | fadd       | fulldsp                  | 7       |
|    fadd_32ns_32ns_32_8_full_dsp_1_U427                                                 | 2   |        | t3_16           | fadd       | fulldsp                  | 7       |
|    fadd_32ns_32ns_32_8_full_dsp_1_U411                                                 | 2   |        | add188_2_2      | fadd       | fulldsp                  | 7       |
|    fadd_32ns_32ns_32_8_full_dsp_1_U410                                                 | 2   |        | add189_2_2      | fadd       | fulldsp                  | 7       |
|    fadd_32ns_32ns_32_8_full_dsp_1_U411                                                 | 2   |        | t4_16           | fadd       | fulldsp                  | 7       |
|    fadd_32ns_32ns_32_8_full_dsp_1_U403                                                 | 2   |        | add190_2_2      | fadd       | fulldsp                  | 7       |
|    fadd_32ns_32ns_32_8_full_dsp_1_U428                                                 | 2   |        | t0_10           | fadd       | fulldsp                  | 7       |
|    fadd_32ns_32ns_32_8_full_dsp_1_U429                                                 | 2   |        | t1_10           | fadd       | fulldsp                  | 7       |
|    fadd_32ns_32ns_32_8_full_dsp_1_U412                                                 | 2   |        | add187_2_3      | fadd       | fulldsp                  | 7       |
|    fadd_32ns_32ns_32_8_full_dsp_1_U430                                                 | 2   |        | t2_10           | fadd       | fulldsp                  | 7       |
|    fadd_32ns_32ns_32_8_full_dsp_1_U431                                                 | 2   |        | t3_10           | fadd       | fulldsp                  | 7       |
|    fadd_32ns_32ns_32_8_full_dsp_1_U413                                                 | 2   |        | add188_2_3      | fadd       | fulldsp                  | 7       |
|    fadd_32ns_32ns_32_8_full_dsp_1_U412                                                 | 2   |        | add189_2_3      | fadd       | fulldsp                  | 7       |
|    fadd_32ns_32ns_32_8_full_dsp_1_U413                                                 | 2   |        | t4_10           | fadd       | fulldsp                  | 7       |
|    fadd_32ns_32ns_32_8_full_dsp_1_U404                                                 | 2   |        | add190_2_3      | fadd       | fulldsp                  | 7       |
|    fadd_32ns_32ns_32_8_full_dsp_1_U408                                                 | 2   |        | t0_11           | fadd       | fulldsp                  | 7       |
|    fadd_32ns_32ns_32_8_full_dsp_1_U409                                                 | 2   |        | t1_11           | fadd       | fulldsp                  | 7       |
|    fadd_32ns_32ns_32_8_full_dsp_1_U402                                                 | 2   |        | add187_3        | fadd       | fulldsp                  | 7       |
|    fadd_32ns_32ns_32_8_full_dsp_1_U410                                                 | 2   |        | t2_11           | fadd       | fulldsp                  | 7       |
|    fadd_32ns_32ns_32_8_full_dsp_1_U411                                                 | 2   |        | t3_11           | fadd       | fulldsp                  | 7       |
|    fadd_32ns_32ns_32_8_full_dsp_1_U403                                                 | 2   |        | add188_3        | fadd       | fulldsp                  | 7       |
|    fadd_32ns_32ns_32_8_full_dsp_1_U402                                                 | 2   |        | add189_3        | fadd       | fulldsp                  | 7       |
|    fadd_32ns_32ns_32_8_full_dsp_1_U403                                                 | 2   |        | t4_11           | fadd       | fulldsp                  | 7       |
|    fadd_32ns_32ns_32_8_full_dsp_1_U399                                                 | 2   |        | add190_3        | fadd       | fulldsp                  | 7       |
|    fadd_32ns_32ns_32_8_full_dsp_1_U432                                                 | 2   |        | t0_12           | fadd       | fulldsp                  | 7       |
|    fadd_32ns_32ns_32_8_full_dsp_1_U433                                                 | 2   |        | t1_12           | fadd       | fulldsp                  | 7       |
|    fadd_32ns_32ns_32_8_full_dsp_1_U414                                                 | 2   |        | add187_3_1      | fadd       | fulldsp                  | 7       |
|    fadd_32ns_32ns_32_8_full_dsp_1_U434                                                 | 2   |        | t2_12           | fadd       | fulldsp                  | 7       |
|    fadd_32ns_32ns_32_8_full_dsp_1_U435                                                 | 2   |        | t3_12           | fadd       | fulldsp                  | 7       |
|    fadd_32ns_32ns_32_8_full_dsp_1_U415                                                 | 2   |        | add188_3_1      | fadd       | fulldsp                  | 7       |
|    fadd_32ns_32ns_32_8_full_dsp_1_U414                                                 | 2   |        | add189_3_1      | fadd       | fulldsp                  | 7       |
|    fadd_32ns_32ns_32_8_full_dsp_1_U415                                                 | 2   |        | t4_12           | fadd       | fulldsp                  | 7       |
|    fadd_32ns_32ns_32_8_full_dsp_1_U405                                                 | 2   |        | add190_3_1      | fadd       | fulldsp                  | 7       |
|    fadd_32ns_32ns_32_8_full_dsp_1_U436                                                 | 2   |        | t0_13           | fadd       | fulldsp                  | 7       |
|    fadd_32ns_32ns_32_8_full_dsp_1_U437                                                 | 2   |        | t1_13           | fadd       | fulldsp                  | 7       |
|    fadd_32ns_32ns_32_8_full_dsp_1_U416                                                 | 2   |        | add187_3_2      | fadd       | fulldsp                  | 7       |
|    fadd_32ns_32ns_32_8_full_dsp_1_U438                                                 | 2   |        | t2_13           | fadd       | fulldsp                  | 7       |
|    fadd_32ns_32ns_32_8_full_dsp_1_U439                                                 | 2   |        | t3_13           | fadd       | fulldsp                  | 7       |
|    fadd_32ns_32ns_32_8_full_dsp_1_U417                                                 | 2   |        | add188_3_2      | fadd       | fulldsp                  | 7       |
|    fadd_32ns_32ns_32_8_full_dsp_1_U416                                                 | 2   |        | add189_3_2      | fadd       | fulldsp                  | 7       |
|    fadd_32ns_32ns_32_8_full_dsp_1_U417                                                 | 2   |        | t4_13           | fadd       | fulldsp                  | 7       |
|    fadd_32ns_32ns_32_8_full_dsp_1_U406                                                 | 2   |        | add190_3_2      | fadd       | fulldsp                  | 7       |
|    fadd_32ns_32ns_32_8_full_dsp_1_U440                                                 | 2   |        | t0_14           | fadd       | fulldsp                  | 7       |
|    fadd_32ns_32ns_32_8_full_dsp_1_U441                                                 | 2   |        | t1_14           | fadd       | fulldsp                  | 7       |
|    fadd_32ns_32ns_32_8_full_dsp_1_U442                                                 | 2   |        | t2_14           | fadd       | fulldsp                  | 7       |
|    fadd_32ns_32ns_32_8_full_dsp_1_U443                                                 | 2   |        | t3_14           | fadd       | fulldsp                  | 7       |
|    fadd_32ns_32ns_32_8_full_dsp_1_U418                                                 | 2   |        | t4_14           | fadd       | fulldsp                  | 7       |
|    fadd_32ns_32ns_32_8_full_dsp_1_U418                                                 | 2   |        | add187_3_3      | fadd       | fulldsp                  | 7       |
|    fadd_32ns_32ns_32_8_full_dsp_1_U419                                                 | 2   |        | add188_3_3      | fadd       | fulldsp                  | 7       |
|    fadd_32ns_32ns_32_8_full_dsp_1_U419                                                 | 2   |        | add189_3_3      | fadd       | fulldsp                  | 7       |
|    fadd_32ns_32ns_32_8_full_dsp_1_U407                                                 | 2   |        | add190_3_3      | fadd       | fulldsp                  | 7       |
|    add_ln93_fu_3065_p2                                                                 |     |        | add_ln93        | add        | fabric                   | 0       |
|    add_ln92_fu_2415_p2                                                                 |     |        | add_ln92        | add        | fabric                   | 0       |
|   + p_anonymous_namespace_compute_weight_batch_Pipeline_VITIS_LOOP_80_2_VITIS_LOOP_81  | 1   |        |                 |            |                          |         |
|     icmp_ln80_fu_203_p2                                                                |     |        | icmp_ln80       | seteq      | auto                     | 0       |
|     add_ln80_1_fu_209_p2                                                               |     |        | add_ln80_1      | add        | fabric                   | 0       |
|     add_ln80_fu_221_p2                                                                 |     |        | add_ln80        | add        | fabric                   | 0       |
|     icmp_ln81_fu_227_p2                                                                |     |        | icmp_ln81       | seteq      | auto                     | 0       |
|     select_ln80_fu_233_p3                                                              |     |        | select_ln80     | select     | auto_sel                 | 0       |
|     select_ln80_1_fu_241_p3                                                            |     |        | select_ln80_1   | select     | auto_sel                 | 0       |
|     mac_muladd_10ns_2ns_10ns_12_4_1_U1                                                 | 1   |        | mul_ln84        | mul        | dsp_slice                | 3       |
|     mac_muladd_10ns_2ns_10ns_12_4_1_U1                                                 | 1   |        | add_ln84        | add        | dsp_slice                | 3       |
|     add_ln81_fu_267_p2                                                                 |     |        | add_ln81        | add        | fabric                   | 0       |
|   + p_anonymous_namespace_compute_weight_batch_Pipeline_VITIS_LOOP_168_9               | 224 |        |                 |            |                          |         |
|     icmp_ln168_fu_3744_p2                                                              |     |        | icmp_ln168      | seteq      | auto                     | 0       |
|     group_2_fu_3750_p2                                                                 |     |        | group_2         | add        | fabric                   | 0       |
|     add_ln189_fu_3778_p2                                                               |     |        | add_ln189       | add        | fabric                   | 0       |
|     add_ln186_fu_3792_p2                                                               |     |        | add_ln186       | add        | fabric                   | 0       |
|     partselect_16ns_128ns_32ns_16_1_1_U137                                             |     |        | wbits           | partselect | auto                     | 0       |
|     icmp_ln32_fu_3852_p2                                                               |     |        | icmp_ln32       | seteq      | auto                     | 0       |
|     normalized_3_fu_6811_p3                                                            |     |        | normalized_3    | select     | auto_sel                 | 0       |
|     select_ln39_1_fu_6818_p3                                                           |     |        | select_ln39_1   | select     | auto_sel                 | 0       |
|     select_ln41_fu_6839_p3                                                             |     |        | select_ln41     | select     | auto_sel                 | 0       |
|     normalized_5_fu_6846_p3                                                            |     |        | normalized_5    | select     | auto_sel                 | 0       |
|     select_ln39_2_fu_6854_p3                                                           |     |        | select_ln39_2   | select     | auto_sel                 | 0       |
|     normalized_7_fu_6880_p3                                                            |     |        | normalized_7    | select     | auto_sel                 | 0       |
|     add_ln39_fu_6888_p2                                                                |     |        | add_ln39        | add        | fabric                   | 0       |
|     select_ln39_3_fu_6894_p3                                                           |     |        | select_ln39_3   | select     | auto_sel                 | 0       |
|     normalized_9_fu_6916_p3                                                            |     |        | normalized_9    | select     | auto_sel                 | 0       |
|     add_ln39_1_fu_6924_p2                                                              |     |        | add_ln39_1      | add        | fabric                   | 0       |
|     select_ln39_4_fu_6930_p3                                                           |     |        | select_ln39_4   | select     | auto_sel                 | 0       |
|     normalized_11_fu_9139_p3                                                           |     |        | normalized_11   | select     | auto_sel                 | 0       |
|     add_ln39_2_fu_6946_p2                                                              |     |        | add_ln39_2      | add        | fabric                   | 0       |
|     select_ln39_5_fu_6952_p3                                                           |     |        | select_ln39_5   | select     | auto_sel                 | 0       |
|     normalized_13_fu_9159_p3                                                           |     |        | normalized_13   | select     | auto_sel                 | 0       |
|     add_ln39_3_fu_9167_p2                                                              |     |        | add_ln39_3      | add        | fabric                   | 0       |
|     select_ln39_6_fu_9172_p3                                                           |     |        | select_ln39_6   | select     | auto_sel                 | 0       |
|     normalized_15_fu_9197_p3                                                           |     |        | normalized_15   | select     | auto_sel                 | 0       |
|     add_ln39_4_fu_9205_p2                                                              |     |        | add_ln39_4      | add        | fabric                   | 0       |
|     select_ln39_7_fu_9211_p3                                                           |     |        | select_ln39_7   | select     | auto_sel                 | 0       |
|     normalized_17_fu_9233_p3                                                           |     |        | normalized_17   | select     | auto_sel                 | 0       |
|     add_ln39_5_fu_9241_p2                                                              |     |        | add_ln39_5      | add        | fabric                   | 0       |
|     select_ln39_8_fu_9247_p3                                                           |     |        | select_ln39_8   | select     | auto_sel                 | 0       |
|     add_ln39_6_fu_13043_p2                                                             |     |        | add_ln39_6      | add        | fabric                   | 0       |
|     select_ln39_fu_13048_p3                                                            |     |        | select_ln39     | select     | auto_sel                 | 0       |
|     sub_ln45_fu_13058_p2                                                               |     |        | sub_ln45        | sub        | fabric                   | 0       |
|     select_ln39_9_fu_9279_p3                                                           |     |        | select_ln39_9   | select     | auto_sel                 | 0       |
|     add_ln51_fu_13091_p2                                                               |     |        | add_ln51        | add        | fabric                   | 0       |
|     partselect_32ns_256ns_32ns_32_1_1_U138                                             |     |        | xbits_12        | partselect | auto                     | 0       |
|     fmul_32ns_32ns_32_5_max_dsp_1_U136                                                 | 3   |        | mul             | fmul       | maxdsp                   | 4       |
|     partselect_16ns_128ns_32ns_16_1_1_U139                                             |     |        | wbits_1         | partselect | auto                     | 0       |
|     add_ln51_1_fu_9305_p2                                                              |     |        | add_ln51_1      | add        | fabric                   | 0       |
|     normalized_22_fu_3958_p3                                                           |     |        | normalized_22   | select     | auto_sel                 | 0       |
|     select_ln39_10_fu_3966_p3                                                          |     |        | select_ln39_10  | select     | auto_sel                 | 0       |
|     select_ln41_1_fu_3988_p3                                                           |     |        | select_ln41_1   | select     | auto_sel                 | 0       |
|     normalized_24_fu_3996_p3                                                           |     |        | normalized_24   | select     | auto_sel                 | 0       |
|     select_ln39_11_fu_4004_p3                                                          |     |        | select_ln39_11  | select     | auto_sel                 | 0       |
|     normalized_26_fu_6965_p3                                                           |     |        | normalized_26   | select     | auto_sel                 | 0       |
|     add_ln39_7_fu_4024_p2                                                              |     |        | add_ln39_7      | add        | fabric                   | 0       |
|     select_ln39_12_fu_4030_p3                                                          |     |        | select_ln39_12  | select     | auto_sel                 | 0       |
|     normalized_28_fu_6985_p3                                                           |     |        | normalized_28   | select     | auto_sel                 | 0       |
|     add_ln39_8_fu_6993_p2                                                              |     |        | add_ln39_8      | add        | fabric                   | 0       |
|     select_ln39_13_fu_6998_p3                                                          |     |        | select_ln39_13  | select     | auto_sel                 | 0       |
|     normalized_30_fu_7019_p3                                                           |     |        | normalized_30   | select     | auto_sel                 | 0       |
|     add_ln39_9_fu_7027_p2                                                              |     |        | add_ln39_9      | add        | fabric                   | 0       |
|     select_ln39_14_fu_7033_p3                                                          |     |        | select_ln39_14  | select     | auto_sel                 | 0       |
|     normalized_32_fu_7055_p3                                                           |     |        | normalized_32   | select     | auto_sel                 | 0       |
|     add_ln39_10_fu_7063_p2                                                             |     |        | add_ln39_10     | add        | fabric                   | 0       |
|     select_ln39_15_fu_7069_p3                                                          |     |        | select_ln39_15  | select     | auto_sel                 | 0       |
|     normalized_34_fu_9346_p3                                                           |     |        | normalized_34   | select     | auto_sel                 | 0       |
|     add_ln39_11_fu_7089_p2                                                             |     |        | add_ln39_11     | add        | fabric                   | 0       |
|     select_ln39_16_fu_9352_p3                                                          |     |        | select_ln39_16  | select     | auto_sel                 | 0       |
|     normalized_36_fu_9371_p3                                                           |     |        | normalized_36   | select     | auto_sel                 | 0       |
|     add_ln39_12_fu_9379_p2                                                             |     |        | add_ln39_12     | add        | fabric                   | 0       |
|     select_ln39_17_fu_9385_p3                                                          |     |        | select_ln39_17  | select     | auto_sel                 | 0       |
|     add_ln39_13_fu_9413_p2                                                             |     |        | add_ln39_13     | add        | fabric                   | 0       |
|     select_ln39_18_fu_9419_p3                                                          |     |        | select_ln39_18  | select     | auto_sel                 | 0       |
|     sub_ln45_1_fu_9431_p2                                                              |     |        | sub_ln45_1      | sub        | fabric                   | 0       |
|     select_ln39_162_fu_9441_p3                                                         |     |        | select_ln39_162 | select     | auto_sel                 | 0       |
|     icmp_ln31_fu_9466_p2                                                               |     |        | icmp_ln31       | seteq      | auto                     | 0       |
|     or_ln32_fu_4042_p2                                                                 |     |        | or_ln32         | or         | auto                     | 0       |
|     icmp_ln32_1_fu_4066_p2                                                             |     |        | icmp_ln32_1     | seteq      | auto                     | 0       |
|     icmp_ln31_1_fu_9471_p2                                                             |     |        | icmp_ln31_1     | seteq      | auto                     | 0       |
|     icmp_ln32_2_fu_9476_p2                                                             |     |        | icmp_ln32_2     | setne      | auto                     | 0       |
|     and_ln32_fu_9481_p2                                                                |     |        | and_ln32        | and        | auto                     | 0       |
|     sparsemux_9_3_32_1_1_U169                                                          |     |        | bits_135        | sparsemux  | onehotencoding_realdef   | 0       |
|     partselect_32ns_256ns_32ns_32_1_1_U140                                             |     |        | xbits_13        | partselect | auto                     | 0       |
|     fmul_32ns_32ns_32_5_max_dsp_1_U73                                                  | 3   |        | mul93_s         | fmul       | maxdsp                   | 4       |
|     partselect_16ns_128ns_32ns_16_1_1_U141                                             |     |        | wbits_2         | partselect | auto                     | 0       |
|     add_ln51_2_fu_9538_p2                                                              |     |        | add_ln51_2      | add        | fabric                   | 0       |
|     normalized_41_fu_4160_p3                                                           |     |        | normalized_41   | select     | auto_sel                 | 0       |
|     select_ln39_19_fu_4168_p3                                                          |     |        | select_ln39_19  | select     | auto_sel                 | 0       |
|     select_ln41_2_fu_4190_p3                                                           |     |        | select_ln41_2   | select     | auto_sel                 | 0       |
|     normalized_43_fu_4198_p3                                                           |     |        | normalized_43   | select     | auto_sel                 | 0       |
|     select_ln39_20_fu_4206_p3                                                          |     |        | select_ln39_20  | select     | auto_sel                 | 0       |
|     normalized_45_fu_7100_p3                                                           |     |        | normalized_45   | select     | auto_sel                 | 0       |
|     add_ln39_14_fu_4226_p2                                                             |     |        | add_ln39_14     | add        | fabric                   | 0       |
|     select_ln39_21_fu_4232_p3                                                          |     |        | select_ln39_21  | select     | auto_sel                 | 0       |
|     normalized_47_fu_7120_p3                                                           |     |        | normalized_47   | select     | auto_sel                 | 0       |
|     add_ln39_15_fu_7128_p2                                                             |     |        | add_ln39_15     | add        | fabric                   | 0       |
|     select_ln39_22_fu_7133_p3                                                          |     |        | select_ln39_22  | select     | auto_sel                 | 0       |
|     normalized_49_fu_7154_p3                                                           |     |        | normalized_49   | select     | auto_sel                 | 0       |
|     add_ln39_16_fu_7162_p2                                                             |     |        | add_ln39_16     | add        | fabric                   | 0       |
|     select_ln39_23_fu_7168_p3                                                          |     |        | select_ln39_23  | select     | auto_sel                 | 0       |
|     normalized_51_fu_7190_p3                                                           |     |        | normalized_51   | select     | auto_sel                 | 0       |
|     add_ln39_17_fu_7198_p2                                                             |     |        | add_ln39_17     | add        | fabric                   | 0       |
|     select_ln39_24_fu_7204_p3                                                          |     |        | select_ln39_24  | select     | auto_sel                 | 0       |
|     normalized_53_fu_9579_p3                                                           |     |        | normalized_53   | select     | auto_sel                 | 0       |
|     add_ln39_18_fu_7224_p2                                                             |     |        | add_ln39_18     | add        | fabric                   | 0       |
|     select_ln39_25_fu_9585_p3                                                          |     |        | select_ln39_25  | select     | auto_sel                 | 0       |
|     normalized_55_fu_9604_p3                                                           |     |        | normalized_55   | select     | auto_sel                 | 0       |
|     add_ln39_19_fu_9612_p2                                                             |     |        | add_ln39_19     | add        | fabric                   | 0       |
|     select_ln39_26_fu_9618_p3                                                          |     |        | select_ln39_26  | select     | auto_sel                 | 0       |
|     add_ln39_20_fu_9646_p2                                                             |     |        | add_ln39_20     | add        | fabric                   | 0       |
|     select_ln39_27_fu_9652_p3                                                          |     |        | select_ln39_27  | select     | auto_sel                 | 0       |
|     sub_ln45_2_fu_9664_p2                                                              |     |        | sub_ln45_2      | sub        | fabric                   | 0       |
|     select_ln39_171_fu_9674_p3                                                         |     |        | select_ln39_171 | select     | auto_sel                 | 0       |
|     icmp_ln31_2_fu_9699_p2                                                             |     |        | icmp_ln31_2     | seteq      | auto                     | 0       |
|     or_ln32_1_fu_4244_p2                                                               |     |        | or_ln32_1       | or         | auto                     | 0       |
|     icmp_ln32_3_fu_4268_p2                                                             |     |        | icmp_ln32_3     | seteq      | auto                     | 0       |
|     icmp_ln31_3_fu_9704_p2                                                             |     |        | icmp_ln31_3     | seteq      | auto                     | 0       |
|     icmp_ln32_4_fu_9709_p2                                                             |     |        | icmp_ln32_4     | setne      | auto                     | 0       |
|     and_ln32_1_fu_9714_p2                                                              |     |        | and_ln32_1      | and        | auto                     | 0       |
|     sparsemux_9_3_32_1_1_U170                                                          |     |        | bits_136        | sparsemux  | onehotencoding_realdef   | 0       |
|     partselect_32ns_256ns_32ns_32_1_1_U142                                             |     |        | xbits_14        | partselect | auto                     | 0       |
|     fmul_32ns_32ns_32_5_max_dsp_1_U74                                                  | 3   |        | mul93_4         | fmul       | maxdsp                   | 4       |
|     partselect_16ns_128ns_32ns_16_1_1_U143                                             |     |        | wbits_3         | partselect | auto                     | 0       |
|     add_ln51_3_fu_9771_p2                                                              |     |        | add_ln51_3      | add        | fabric                   | 0       |
|     normalized_60_fu_4362_p3                                                           |     |        | normalized_60   | select     | auto_sel                 | 0       |
|     select_ln39_28_fu_4370_p3                                                          |     |        | select_ln39_28  | select     | auto_sel                 | 0       |
|     select_ln41_3_fu_4392_p3                                                           |     |        | select_ln41_3   | select     | auto_sel                 | 0       |
|     normalized_62_fu_4400_p3                                                           |     |        | normalized_62   | select     | auto_sel                 | 0       |
|     select_ln39_29_fu_4408_p3                                                          |     |        | select_ln39_29  | select     | auto_sel                 | 0       |
|     normalized_64_fu_7235_p3                                                           |     |        | normalized_64   | select     | auto_sel                 | 0       |
|     add_ln39_21_fu_4428_p2                                                             |     |        | add_ln39_21     | add        | fabric                   | 0       |
|     select_ln39_30_fu_4434_p3                                                          |     |        | select_ln39_30  | select     | auto_sel                 | 0       |
|     normalized_66_fu_7255_p3                                                           |     |        | normalized_66   | select     | auto_sel                 | 0       |
|     add_ln39_22_fu_7263_p2                                                             |     |        | add_ln39_22     | add        | fabric                   | 0       |
|     select_ln39_31_fu_7268_p3                                                          |     |        | select_ln39_31  | select     | auto_sel                 | 0       |
|     normalized_68_fu_7289_p3                                                           |     |        | normalized_68   | select     | auto_sel                 | 0       |
|     add_ln39_23_fu_7297_p2                                                             |     |        | add_ln39_23     | add        | fabric                   | 0       |
|     select_ln39_32_fu_7303_p3                                                          |     |        | select_ln39_32  | select     | auto_sel                 | 0       |
|     normalized_70_fu_7325_p3                                                           |     |        | normalized_70   | select     | auto_sel                 | 0       |
|     add_ln39_24_fu_7333_p2                                                             |     |        | add_ln39_24     | add        | fabric                   | 0       |
|     select_ln39_33_fu_7339_p3                                                          |     |        | select_ln39_33  | select     | auto_sel                 | 0       |
|     normalized_72_fu_9812_p3                                                           |     |        | normalized_72   | select     | auto_sel                 | 0       |
|     add_ln39_25_fu_7359_p2                                                             |     |        | add_ln39_25     | add        | fabric                   | 0       |
|     select_ln39_34_fu_9818_p3                                                          |     |        | select_ln39_34  | select     | auto_sel                 | 0       |
|     normalized_74_fu_9837_p3                                                           |     |        | normalized_74   | select     | auto_sel                 | 0       |
|     add_ln39_26_fu_9845_p2                                                             |     |        | add_ln39_26     | add        | fabric                   | 0       |
|     select_ln39_35_fu_9851_p3                                                          |     |        | select_ln39_35  | select     | auto_sel                 | 0       |
|     add_ln39_27_fu_9879_p2                                                             |     |        | add_ln39_27     | add        | fabric                   | 0       |
|     select_ln39_36_fu_9885_p3                                                          |     |        | select_ln39_36  | select     | auto_sel                 | 0       |
|     sub_ln45_3_fu_9897_p2                                                              |     |        | sub_ln45_3      | sub        | fabric                   | 0       |
|     select_ln39_180_fu_9907_p3                                                         |     |        | select_ln39_180 | select     | auto_sel                 | 0       |
|     icmp_ln31_4_fu_9932_p2                                                             |     |        | icmp_ln31_4     | seteq      | auto                     | 0       |
|     or_ln32_2_fu_4446_p2                                                               |     |        | or_ln32_2       | or         | auto                     | 0       |
|     icmp_ln32_5_fu_4470_p2                                                             |     |        | icmp_ln32_5     | seteq      | auto                     | 0       |
|     icmp_ln31_5_fu_9937_p2                                                             |     |        | icmp_ln31_5     | seteq      | auto                     | 0       |
|     icmp_ln32_6_fu_9942_p2                                                             |     |        | icmp_ln32_6     | setne      | auto                     | 0       |
|     and_ln32_2_fu_9947_p2                                                              |     |        | and_ln32_2      | and        | auto                     | 0       |
|     sparsemux_9_3_32_1_1_U171                                                          |     |        | bits_137        | sparsemux  | onehotencoding_realdef   | 0       |
|     partselect_32ns_256ns_32ns_32_1_1_U144                                             |     |        | xbits_15        | partselect | auto                     | 0       |
|     fmul_32ns_32ns_32_5_max_dsp_1_U75                                                  | 3   |        | mul93_5         | fmul       | maxdsp                   | 4       |
|     sparsemux_21_4_32_1_1_U200                                                         |     |        | tmp             | sparsemux  | compactencoding_dontcare | 0       |
|     fadd_32ns_32ns_32_8_full_dsp_1_U72                                                 | 2   |        | accum_160       | fadd       | fulldsp                  | 7       |
|     add_ln51_4_fu_9997_p2                                                              |     |        | add_ln51_4      | add        | fabric                   | 0       |
|     normalized_78_fu_4523_p3                                                           |     |        | normalized_78   | select     | auto_sel                 | 0       |
|     select_ln39_37_fu_4531_p3                                                          |     |        | select_ln39_37  | select     | auto_sel                 | 0       |
|     select_ln41_4_fu_4553_p3                                                           |     |        | select_ln41_4   | select     | auto_sel                 | 0       |
|     normalized_80_fu_4561_p3                                                           |     |        | normalized_80   | select     | auto_sel                 | 0       |
|     select_ln39_38_fu_4569_p3                                                          |     |        | select_ln39_38  | select     | auto_sel                 | 0       |
|     normalized_82_fu_7370_p3                                                           |     |        | normalized_82   | select     | auto_sel                 | 0       |
|     add_ln39_28_fu_4589_p2                                                             |     |        | add_ln39_28     | add        | fabric                   | 0       |
|     select_ln39_39_fu_4595_p3                                                          |     |        | select_ln39_39  | select     | auto_sel                 | 0       |
|     normalized_84_fu_7390_p3                                                           |     |        | normalized_84   | select     | auto_sel                 | 0       |
|     add_ln39_29_fu_7398_p2                                                             |     |        | add_ln39_29     | add        | fabric                   | 0       |
|     select_ln39_40_fu_7403_p3                                                          |     |        | select_ln39_40  | select     | auto_sel                 | 0       |
|     normalized_86_fu_7424_p3                                                           |     |        | normalized_86   | select     | auto_sel                 | 0       |
|     add_ln39_30_fu_7432_p2                                                             |     |        | add_ln39_30     | add        | fabric                   | 0       |
|     select_ln39_41_fu_7438_p3                                                          |     |        | select_ln39_41  | select     | auto_sel                 | 0       |
|     normalized_88_fu_7460_p3                                                           |     |        | normalized_88   | select     | auto_sel                 | 0       |
|     add_ln39_31_fu_7468_p2                                                             |     |        | add_ln39_31     | add        | fabric                   | 0       |
|     select_ln39_42_fu_7474_p3                                                          |     |        | select_ln39_42  | select     | auto_sel                 | 0       |
|     normalized_90_fu_10038_p3                                                          |     |        | normalized_90   | select     | auto_sel                 | 0       |
|     add_ln39_32_fu_7494_p2                                                             |     |        | add_ln39_32     | add        | fabric                   | 0       |
|     select_ln39_43_fu_10044_p3                                                         |     |        | select_ln39_43  | select     | auto_sel                 | 0       |
|     normalized_92_fu_10063_p3                                                          |     |        | normalized_92   | select     | auto_sel                 | 0       |
|     add_ln39_33_fu_10071_p2                                                            |     |        | add_ln39_33     | add        | fabric                   | 0       |
|     select_ln39_44_fu_10077_p3                                                         |     |        | select_ln39_44  | select     | auto_sel                 | 0       |
|     add_ln39_34_fu_10105_p2                                                            |     |        | add_ln39_34     | add        | fabric                   | 0       |
|     select_ln39_45_fu_10111_p3                                                         |     |        | select_ln39_45  | select     | auto_sel                 | 0       |
|     sub_ln45_4_fu_10123_p2                                                             |     |        | sub_ln45_4      | sub        | fabric                   | 0       |
|     select_ln39_189_fu_10133_p3                                                        |     |        | select_ln39_189 | select     | auto_sel                 | 0       |
|     icmp_ln31_6_fu_10158_p2                                                            |     |        | icmp_ln31_6     | seteq      | auto                     | 0       |
|     or_ln32_3_fu_4607_p2                                                               |     |        | or_ln32_3       | or         | auto                     | 0       |
|     icmp_ln32_7_fu_4631_p2                                                             |     |        | icmp_ln32_7     | seteq      | auto                     | 0       |
|     icmp_ln31_7_fu_10163_p2                                                            |     |        | icmp_ln31_7     | seteq      | auto                     | 0       |
|     icmp_ln32_8_fu_10168_p2                                                            |     |        | icmp_ln32_8     | setne      | auto                     | 0       |
|     and_ln32_3_fu_10173_p2                                                             |     |        | and_ln32_3      | and        | auto                     | 0       |
|     sparsemux_9_3_32_1_1_U172                                                          |     |        | bits_134        | sparsemux  | onehotencoding_realdef   | 0       |
|     partselect_32ns_256ns_32ns_32_1_1_U145                                             |     |        | xbits_8         | partselect | auto                     | 0       |
|     fmul_32ns_32ns_32_5_max_dsp_1_U76                                                  | 3   |        | mul93_6         | fmul       | maxdsp                   | 4       |
|     partselect_32ns_256ns_32ns_32_1_1_U146                                             |     |        | xbits_9         | partselect | auto                     | 0       |
|     fmul_32ns_32ns_32_5_max_dsp_1_U77                                                  | 3   |        | mul93_11006_1   | fmul       | maxdsp                   | 4       |
|     partselect_32ns_256ns_32ns_32_1_1_U147                                             |     |        | xbits_10        | partselect | auto                     | 0       |
|     fmul_32ns_32ns_32_5_max_dsp_1_U78                                                  | 3   |        | mul93_11006_2   | fmul       | maxdsp                   | 4       |
|     partselect_32ns_256ns_32ns_32_1_1_U148                                             |     |        | xbits_11        | partselect | auto                     | 0       |
|     fmul_32ns_32ns_32_5_max_dsp_1_U79                                                  | 3   |        | mul93_11006_3   | fmul       | maxdsp                   | 4       |
|     sparsemux_21_4_32_1_1_U185                                                         |     |        | tmp_5           | sparsemux  | compactencoding_dontcare | 0       |
|     fadd_32ns_32ns_32_8_full_dsp_1_U57                                                 | 2   |        | accum_161       | fadd       | fulldsp                  | 7       |
|     partselect_32ns_256ns_32ns_32_1_1_U149                                             |     |        | xbits_4         | partselect | auto                     | 0       |
|     fmul_32ns_32ns_32_5_max_dsp_1_U80                                                  | 3   |        | mul93_7         | fmul       | maxdsp                   | 4       |
|     partselect_32ns_256ns_32ns_32_1_1_U150                                             |     |        | xbits_5         | partselect | auto                     | 0       |
|     fmul_32ns_32ns_32_5_max_dsp_1_U81                                                  | 3   |        | mul93_21062_1   | fmul       | maxdsp                   | 4       |
|     partselect_32ns_256ns_32ns_32_1_1_U151                                             |     |        | xbits_6         | partselect | auto                     | 0       |
|     fmul_32ns_32ns_32_5_max_dsp_1_U82                                                  | 3   |        | mul93_21062_2   | fmul       | maxdsp                   | 4       |
|     partselect_32ns_256ns_32ns_32_1_1_U152                                             |     |        | xbits_7         | partselect | auto                     | 0       |
|     fmul_32ns_32ns_32_5_max_dsp_1_U83                                                  | 3   |        | mul93_21062_3   | fmul       | maxdsp                   | 4       |
|     sparsemux_21_4_32_1_1_U186                                                         |     |        | tmp_s           | sparsemux  | compactencoding_dontcare | 0       |
|     fadd_32ns_32ns_32_8_full_dsp_1_U58                                                 | 2   |        | accum_162       | fadd       | fulldsp                  | 7       |
|     partselect_32ns_256ns_32ns_32_1_1_U153                                             |     |        | xbits           | partselect | auto                     | 0       |
|     fmul_32ns_32ns_32_5_max_dsp_1_U84                                                  | 3   |        | mul93_8         | fmul       | maxdsp                   | 4       |
|     partselect_32ns_256ns_32ns_32_1_1_U154                                             |     |        | xbits_1         | partselect | auto                     | 0       |
|     fmul_32ns_32ns_32_5_max_dsp_1_U85                                                  | 3   |        | mul93_31118_1   | fmul       | maxdsp                   | 4       |
|     partselect_32ns_256ns_32ns_32_1_1_U155                                             |     |        | xbits_2         | partselect | auto                     | 0       |
|     fmul_32ns_32ns_32_5_max_dsp_1_U86                                                  | 3   |        | mul93_31118_2   | fmul       | maxdsp                   | 4       |
|     partselect_32ns_256ns_32ns_32_1_1_U156                                             |     |        | xbits_3         | partselect | auto                     | 0       |
|     fmul_32ns_32ns_32_5_max_dsp_1_U87                                                  | 3   |        | mul93_31118_3   | fmul       | maxdsp                   | 4       |
|     sparsemux_21_4_32_1_1_U187                                                         |     |        | tmp_1           | sparsemux  | compactencoding_dontcare | 0       |
|     fadd_32ns_32ns_32_8_full_dsp_1_U59                                                 | 2   |        | accum_163       | fadd       | fulldsp                  | 7       |
|     partselect_16ns_128ns_32ns_16_1_1_U157                                             |     |        | wbits_10        | partselect | auto                     | 0       |
|     add_ln51_5_fu_10230_p2                                                             |     |        | add_ln51_5      | add        | fabric                   | 0       |
|     normalized_106_fu_4791_p3                                                          |     |        | normalized_106  | select     | auto_sel                 | 0       |
|     select_ln39_46_fu_4799_p3                                                          |     |        | select_ln39_46  | select     | auto_sel                 | 0       |
|     select_ln41_5_fu_4821_p3                                                           |     |        | select_ln41_5   | select     | auto_sel                 | 0       |
|     normalized_108_fu_4829_p3                                                          |     |        | normalized_108  | select     | auto_sel                 | 0       |
|     select_ln39_47_fu_4837_p3                                                          |     |        | select_ln39_47  | select     | auto_sel                 | 0       |
|     normalized_110_fu_7505_p3                                                          |     |        | normalized_110  | select     | auto_sel                 | 0       |
|     add_ln39_35_fu_4857_p2                                                             |     |        | add_ln39_35     | add        | fabric                   | 0       |
|     select_ln39_48_fu_4863_p3                                                          |     |        | select_ln39_48  | select     | auto_sel                 | 0       |
|     normalized_112_fu_7525_p3                                                          |     |        | normalized_112  | select     | auto_sel                 | 0       |
|     add_ln39_36_fu_7533_p2                                                             |     |        | add_ln39_36     | add        | fabric                   | 0       |
|     select_ln39_49_fu_7538_p3                                                          |     |        | select_ln39_49  | select     | auto_sel                 | 0       |
|     normalized_114_fu_7559_p3                                                          |     |        | normalized_114  | select     | auto_sel                 | 0       |
|     add_ln39_37_fu_7567_p2                                                             |     |        | add_ln39_37     | add        | fabric                   | 0       |
|     select_ln39_50_fu_7573_p3                                                          |     |        | select_ln39_50  | select     | auto_sel                 | 0       |
|     normalized_116_fu_7595_p3                                                          |     |        | normalized_116  | select     | auto_sel                 | 0       |
|     add_ln39_38_fu_7603_p2                                                             |     |        | add_ln39_38     | add        | fabric                   | 0       |
|     select_ln39_51_fu_7609_p3                                                          |     |        | select_ln39_51  | select     | auto_sel                 | 0       |
|     normalized_118_fu_10271_p3                                                         |     |        | normalized_118  | select     | auto_sel                 | 0       |
|     add_ln39_39_fu_7629_p2                                                             |     |        | add_ln39_39     | add        | fabric                   | 0       |
|     select_ln39_52_fu_10277_p3                                                         |     |        | select_ln39_52  | select     | auto_sel                 | 0       |
|     normalized_120_fu_10296_p3                                                         |     |        | normalized_120  | select     | auto_sel                 | 0       |
|     add_ln39_40_fu_10304_p2                                                            |     |        | add_ln39_40     | add        | fabric                   | 0       |
|     select_ln39_53_fu_10310_p3                                                         |     |        | select_ln39_53  | select     | auto_sel                 | 0       |
|     add_ln39_41_fu_10338_p2                                                            |     |        | add_ln39_41     | add        | fabric                   | 0       |
|     select_ln39_54_fu_10344_p3                                                         |     |        | select_ln39_54  | select     | auto_sel                 | 0       |
|     sub_ln45_5_fu_10356_p2                                                             |     |        | sub_ln45_5      | sub        | fabric                   | 0       |
|     select_ln39_198_fu_10366_p3                                                        |     |        | select_ln39_198 | select     | auto_sel                 | 0       |
|     icmp_ln31_8_fu_10391_p2                                                            |     |        | icmp_ln31_8     | seteq      | auto                     | 0       |
|     or_ln32_4_fu_4875_p2                                                               |     |        | or_ln32_4       | or         | auto                     | 0       |
|     icmp_ln32_9_fu_4899_p2                                                             |     |        | icmp_ln32_9     | seteq      | auto                     | 0       |
|     icmp_ln31_9_fu_10396_p2                                                            |     |        | icmp_ln31_9     | seteq      | auto                     | 0       |
|     icmp_ln32_10_fu_10401_p2                                                           |     |        | icmp_ln32_10    | setne      | auto                     | 0       |
|     and_ln32_4_fu_10406_p2                                                             |     |        | and_ln32_4      | and        | auto                     | 0       |
|     sparsemux_9_3_32_1_1_U173                                                          |     |        | bits_130        | sparsemux  | onehotencoding_realdef   | 0       |
|     fmul_32ns_32ns_32_5_max_dsp_1_U88                                                  | 3   |        | mul93_1         | fmul       | maxdsp                   | 4       |
|     partselect_16ns_128ns_32ns_16_1_1_U158                                             |     |        | wbits_11        | partselect | auto                     | 0       |
|     add_ln51_6_fu_10463_p2                                                             |     |        | add_ln51_6      | add        | fabric                   | 0       |
|     normalized_125_fu_4963_p3                                                          |     |        | normalized_125  | select     | auto_sel                 | 0       |
|     select_ln39_55_fu_4971_p3                                                          |     |        | select_ln39_55  | select     | auto_sel                 | 0       |
|     select_ln41_6_fu_4993_p3                                                           |     |        | select_ln41_6   | select     | auto_sel                 | 0       |
|     normalized_127_fu_5001_p3                                                          |     |        | normalized_127  | select     | auto_sel                 | 0       |
|     select_ln39_56_fu_5009_p3                                                          |     |        | select_ln39_56  | select     | auto_sel                 | 0       |
|     normalized_129_fu_7640_p3                                                          |     |        | normalized_129  | select     | auto_sel                 | 0       |
|     add_ln39_42_fu_5029_p2                                                             |     |        | add_ln39_42     | add        | fabric                   | 0       |
|     select_ln39_57_fu_5035_p3                                                          |     |        | select_ln39_57  | select     | auto_sel                 | 0       |
|     normalized_131_fu_7660_p3                                                          |     |        | normalized_131  | select     | auto_sel                 | 0       |
|     add_ln39_43_fu_7668_p2                                                             |     |        | add_ln39_43     | add        | fabric                   | 0       |
|     select_ln39_58_fu_7673_p3                                                          |     |        | select_ln39_58  | select     | auto_sel                 | 0       |
|     normalized_133_fu_7694_p3                                                          |     |        | normalized_133  | select     | auto_sel                 | 0       |
|     add_ln39_44_fu_7702_p2                                                             |     |        | add_ln39_44     | add        | fabric                   | 0       |
|     select_ln39_59_fu_7708_p3                                                          |     |        | select_ln39_59  | select     | auto_sel                 | 0       |
|     normalized_135_fu_7730_p3                                                          |     |        | normalized_135  | select     | auto_sel                 | 0       |
|     add_ln39_45_fu_7738_p2                                                             |     |        | add_ln39_45     | add        | fabric                   | 0       |
|     select_ln39_60_fu_7744_p3                                                          |     |        | select_ln39_60  | select     | auto_sel                 | 0       |
|     normalized_137_fu_10504_p3                                                         |     |        | normalized_137  | select     | auto_sel                 | 0       |
|     add_ln39_46_fu_7764_p2                                                             |     |        | add_ln39_46     | add        | fabric                   | 0       |
|     select_ln39_61_fu_10510_p3                                                         |     |        | select_ln39_61  | select     | auto_sel                 | 0       |
|     normalized_139_fu_10529_p3                                                         |     |        | normalized_139  | select     | auto_sel                 | 0       |
|     add_ln39_47_fu_10537_p2                                                            |     |        | add_ln39_47     | add        | fabric                   | 0       |
|     select_ln39_62_fu_10543_p3                                                         |     |        | select_ln39_62  | select     | auto_sel                 | 0       |
|     add_ln39_48_fu_10571_p2                                                            |     |        | add_ln39_48     | add        | fabric                   | 0       |
|     select_ln39_63_fu_10577_p3                                                         |     |        | select_ln39_63  | select     | auto_sel                 | 0       |
|     sub_ln45_6_fu_10589_p2                                                             |     |        | sub_ln45_6      | sub        | fabric                   | 0       |
|     select_ln39_207_fu_10599_p3                                                        |     |        | select_ln39_207 | select     | auto_sel                 | 0       |
|     icmp_ln31_10_fu_10624_p2                                                           |     |        | icmp_ln31_10    | seteq      | auto                     | 0       |
|     or_ln32_5_fu_5047_p2                                                               |     |        | or_ln32_5       | or         | auto                     | 0       |
|     icmp_ln32_11_fu_5071_p2                                                            |     |        | icmp_ln32_11    | seteq      | auto                     | 0       |
|     icmp_ln31_11_fu_10629_p2                                                           |     |        | icmp_ln31_11    | seteq      | auto                     | 0       |
|     icmp_ln32_12_fu_10634_p2                                                           |     |        | icmp_ln32_12    | setne      | auto                     | 0       |
|     and_ln32_5_fu_10639_p2                                                             |     |        | and_ln32_5      | and        | auto                     | 0       |
|     sparsemux_9_3_32_1_1_U174                                                          |     |        | bits_131        | sparsemux  | onehotencoding_realdef   | 0       |
|     fmul_32ns_32ns_32_5_max_dsp_1_U89                                                  | 3   |        | mul93_1_s       | fmul       | maxdsp                   | 4       |
|     partselect_16ns_128ns_32ns_16_1_1_U159                                             |     |        | wbits_12        | partselect | auto                     | 0       |
|     add_ln51_7_fu_10696_p2                                                             |     |        | add_ln51_7      | add        | fabric                   | 0       |
|     normalized_144_fu_5135_p3                                                          |     |        | normalized_144  | select     | auto_sel                 | 0       |
|     select_ln39_64_fu_5143_p3                                                          |     |        | select_ln39_64  | select     | auto_sel                 | 0       |
|     select_ln41_7_fu_5165_p3                                                           |     |        | select_ln41_7   | select     | auto_sel                 | 0       |
|     normalized_146_fu_5173_p3                                                          |     |        | normalized_146  | select     | auto_sel                 | 0       |
|     select_ln39_65_fu_5181_p3                                                          |     |        | select_ln39_65  | select     | auto_sel                 | 0       |
|     normalized_148_fu_7775_p3                                                          |     |        | normalized_148  | select     | auto_sel                 | 0       |
|     add_ln39_49_fu_5201_p2                                                             |     |        | add_ln39_49     | add        | fabric                   | 0       |
|     select_ln39_66_fu_5207_p3                                                          |     |        | select_ln39_66  | select     | auto_sel                 | 0       |
|     normalized_150_fu_7795_p3                                                          |     |        | normalized_150  | select     | auto_sel                 | 0       |
|     add_ln39_50_fu_7803_p2                                                             |     |        | add_ln39_50     | add        | fabric                   | 0       |
|     select_ln39_67_fu_7808_p3                                                          |     |        | select_ln39_67  | select     | auto_sel                 | 0       |
|     normalized_152_fu_7829_p3                                                          |     |        | normalized_152  | select     | auto_sel                 | 0       |
|     add_ln39_51_fu_7837_p2                                                             |     |        | add_ln39_51     | add        | fabric                   | 0       |
|     select_ln39_68_fu_7843_p3                                                          |     |        | select_ln39_68  | select     | auto_sel                 | 0       |
|     normalized_154_fu_7865_p3                                                          |     |        | normalized_154  | select     | auto_sel                 | 0       |
|     add_ln39_52_fu_7873_p2                                                             |     |        | add_ln39_52     | add        | fabric                   | 0       |
|     select_ln39_69_fu_7879_p3                                                          |     |        | select_ln39_69  | select     | auto_sel                 | 0       |
|     normalized_156_fu_10737_p3                                                         |     |        | normalized_156  | select     | auto_sel                 | 0       |
|     add_ln39_53_fu_7899_p2                                                             |     |        | add_ln39_53     | add        | fabric                   | 0       |
|     select_ln39_70_fu_10743_p3                                                         |     |        | select_ln39_70  | select     | auto_sel                 | 0       |
|     normalized_158_fu_10762_p3                                                         |     |        | normalized_158  | select     | auto_sel                 | 0       |
|     add_ln39_54_fu_10770_p2                                                            |     |        | add_ln39_54     | add        | fabric                   | 0       |
|     select_ln39_71_fu_10776_p3                                                         |     |        | select_ln39_71  | select     | auto_sel                 | 0       |
|     add_ln39_55_fu_10804_p2                                                            |     |        | add_ln39_55     | add        | fabric                   | 0       |
|     select_ln39_72_fu_10810_p3                                                         |     |        | select_ln39_72  | select     | auto_sel                 | 0       |
|     sub_ln45_7_fu_10822_p2                                                             |     |        | sub_ln45_7      | sub        | fabric                   | 0       |
|     select_ln39_216_fu_10832_p3                                                        |     |        | select_ln39_216 | select     | auto_sel                 | 0       |
|     icmp_ln31_12_fu_10857_p2                                                           |     |        | icmp_ln31_12    | seteq      | auto                     | 0       |
|     or_ln32_6_fu_5219_p2                                                               |     |        | or_ln32_6       | or         | auto                     | 0       |
|     icmp_ln32_13_fu_5243_p2                                                            |     |        | icmp_ln32_13    | seteq      | auto                     | 0       |
|     icmp_ln31_13_fu_10862_p2                                                           |     |        | icmp_ln31_13    | seteq      | auto                     | 0       |
|     icmp_ln32_14_fu_10867_p2                                                           |     |        | icmp_ln32_14    | setne      | auto                     | 0       |
|     and_ln32_6_fu_10872_p2                                                             |     |        | and_ln32_6      | and        | auto                     | 0       |
|     sparsemux_9_3_32_1_1_U175                                                          |     |        | bits_132        | sparsemux  | onehotencoding_realdef   | 0       |
|     fmul_32ns_32ns_32_5_max_dsp_1_U90                                                  | 3   |        | mul93_1_4       | fmul       | maxdsp                   | 4       |
|     partselect_16ns_128ns_32ns_16_1_1_U160                                             |     |        | wbits_13        | partselect | auto                     | 0       |
|     add_ln51_8_fu_10929_p2                                                             |     |        | add_ln51_8      | add        | fabric                   | 0       |
|     normalized_163_fu_5307_p3                                                          |     |        | normalized_163  | select     | auto_sel                 | 0       |
|     select_ln39_73_fu_5315_p3                                                          |     |        | select_ln39_73  | select     | auto_sel                 | 0       |
|     select_ln41_8_fu_5337_p3                                                           |     |        | select_ln41_8   | select     | auto_sel                 | 0       |
|     normalized_165_fu_5345_p3                                                          |     |        | normalized_165  | select     | auto_sel                 | 0       |
|     select_ln39_74_fu_5353_p3                                                          |     |        | select_ln39_74  | select     | auto_sel                 | 0       |
|     normalized_167_fu_7910_p3                                                          |     |        | normalized_167  | select     | auto_sel                 | 0       |
|     add_ln39_56_fu_5373_p2                                                             |     |        | add_ln39_56     | add        | fabric                   | 0       |
|     select_ln39_75_fu_5379_p3                                                          |     |        | select_ln39_75  | select     | auto_sel                 | 0       |
|     normalized_169_fu_7930_p3                                                          |     |        | normalized_169  | select     | auto_sel                 | 0       |
|     add_ln39_57_fu_7938_p2                                                             |     |        | add_ln39_57     | add        | fabric                   | 0       |
|     select_ln39_76_fu_7943_p3                                                          |     |        | select_ln39_76  | select     | auto_sel                 | 0       |
|     normalized_171_fu_7964_p3                                                          |     |        | normalized_171  | select     | auto_sel                 | 0       |
|     add_ln39_58_fu_7972_p2                                                             |     |        | add_ln39_58     | add        | fabric                   | 0       |
|     select_ln39_77_fu_7978_p3                                                          |     |        | select_ln39_77  | select     | auto_sel                 | 0       |
|     normalized_173_fu_8000_p3                                                          |     |        | normalized_173  | select     | auto_sel                 | 0       |
|     add_ln39_59_fu_8008_p2                                                             |     |        | add_ln39_59     | add        | fabric                   | 0       |
|     select_ln39_78_fu_8014_p3                                                          |     |        | select_ln39_78  | select     | auto_sel                 | 0       |
|     normalized_175_fu_10970_p3                                                         |     |        | normalized_175  | select     | auto_sel                 | 0       |
|     add_ln39_60_fu_8034_p2                                                             |     |        | add_ln39_60     | add        | fabric                   | 0       |
|     select_ln39_79_fu_10976_p3                                                         |     |        | select_ln39_79  | select     | auto_sel                 | 0       |
|     normalized_177_fu_10995_p3                                                         |     |        | normalized_177  | select     | auto_sel                 | 0       |
|     add_ln39_61_fu_11003_p2                                                            |     |        | add_ln39_61     | add        | fabric                   | 0       |
|     select_ln39_80_fu_11009_p3                                                         |     |        | select_ln39_80  | select     | auto_sel                 | 0       |
|     add_ln39_62_fu_11037_p2                                                            |     |        | add_ln39_62     | add        | fabric                   | 0       |
|     select_ln39_81_fu_11043_p3                                                         |     |        | select_ln39_81  | select     | auto_sel                 | 0       |
|     sub_ln45_8_fu_11055_p2                                                             |     |        | sub_ln45_8      | sub        | fabric                   | 0       |
|     select_ln39_225_fu_11065_p3                                                        |     |        | select_ln39_225 | select     | auto_sel                 | 0       |
|     icmp_ln31_14_fu_11090_p2                                                           |     |        | icmp_ln31_14    | seteq      | auto                     | 0       |
|     or_ln32_7_fu_5391_p2                                                               |     |        | or_ln32_7       | or         | auto                     | 0       |
|     icmp_ln32_15_fu_5415_p2                                                            |     |        | icmp_ln32_15    | seteq      | auto                     | 0       |
|     icmp_ln31_15_fu_11095_p2                                                           |     |        | icmp_ln31_15    | seteq      | auto                     | 0       |
|     icmp_ln32_16_fu_11100_p2                                                           |     |        | icmp_ln32_16    | setne      | auto                     | 0       |
|     and_ln32_7_fu_11105_p2                                                             |     |        | and_ln32_7      | and        | auto                     | 0       |
|     sparsemux_9_3_32_1_1_U176                                                          |     |        | bits_133        | sparsemux  | onehotencoding_realdef   | 0       |
|     fmul_32ns_32ns_32_5_max_dsp_1_U91                                                  | 3   |        | mul93_1_5       | fmul       | maxdsp                   | 4       |
|     sparsemux_21_4_32_1_1_U188                                                         |     |        | tmp_2           | sparsemux  | compactencoding_dontcare | 0       |
|     fadd_32ns_32ns_32_8_full_dsp_1_U60                                                 | 2   |        | accum_164       | fadd       | fulldsp                  | 7       |
|     fmul_32ns_32ns_32_5_max_dsp_1_U92                                                  | 3   |        | mul93_1_1       | fmul       | maxdsp                   | 4       |
|     fmul_32ns_32ns_32_5_max_dsp_1_U93                                                  | 3   |        | mul93_1_1_1     | fmul       | maxdsp                   | 4       |
|     fmul_32ns_32ns_32_5_max_dsp_1_U94                                                  | 3   |        | mul93_1_1_2     | fmul       | maxdsp                   | 4       |
|     fmul_32ns_32ns_32_5_max_dsp_1_U95                                                  | 3   |        | mul93_1_1_3     | fmul       | maxdsp                   | 4       |
|     sparsemux_21_4_32_1_1_U189                                                         |     |        | tmp_3           | sparsemux  | compactencoding_dontcare | 0       |
|     fadd_32ns_32ns_32_8_full_dsp_1_U61                                                 | 2   |        | accum_165       | fadd       | fulldsp                  | 7       |
|     fmul_32ns_32ns_32_5_max_dsp_1_U96                                                  | 3   |        | mul93_1_2       | fmul       | maxdsp                   | 4       |
|     fmul_32ns_32ns_32_5_max_dsp_1_U97                                                  | 3   |        | mul93_1_2_1     | fmul       | maxdsp                   | 4       |
|     fmul_32ns_32ns_32_5_max_dsp_1_U98                                                  | 3   |        | mul93_1_2_2     | fmul       | maxdsp                   | 4       |
|     fmul_32ns_32ns_32_5_max_dsp_1_U99                                                  | 3   |        | mul93_1_2_3     | fmul       | maxdsp                   | 4       |
|     sparsemux_21_4_32_1_1_U190                                                         |     |        | tmp_4           | sparsemux  | compactencoding_dontcare | 0       |
|     fadd_32ns_32ns_32_8_full_dsp_1_U62                                                 | 2   |        | accum_166       | fadd       | fulldsp                  | 7       |
|     fmul_32ns_32ns_32_5_max_dsp_1_U100                                                 | 3   |        | mul93_1_3       | fmul       | maxdsp                   | 4       |
|     fmul_32ns_32ns_32_5_max_dsp_1_U101                                                 | 3   |        | mul93_1_3_1     | fmul       | maxdsp                   | 4       |
|     fmul_32ns_32ns_32_5_max_dsp_1_U102                                                 | 3   |        | mul93_1_3_2     | fmul       | maxdsp                   | 4       |
|     fmul_32ns_32ns_32_5_max_dsp_1_U103                                                 | 3   |        | mul93_1_3_3     | fmul       | maxdsp                   | 4       |
|     sparsemux_21_4_32_1_1_U191                                                         |     |        | tmp_6           | sparsemux  | compactencoding_dontcare | 0       |
|     fadd_32ns_32ns_32_8_full_dsp_1_U63                                                 | 2   |        | accum_167       | fadd       | fulldsp                  | 7       |
|     partselect_16ns_128ns_32ns_16_1_1_U161                                             |     |        | wbits_8         | partselect | auto                     | 0       |
|     add_ln51_9_fu_11162_p2                                                             |     |        | add_ln51_9      | add        | fabric                   | 0       |
|     normalized_194_fu_5479_p3                                                          |     |        | normalized_194  | select     | auto_sel                 | 0       |
|     select_ln39_82_fu_5487_p3                                                          |     |        | select_ln39_82  | select     | auto_sel                 | 0       |
|     select_ln41_9_fu_5509_p3                                                           |     |        | select_ln41_9   | select     | auto_sel                 | 0       |
|     normalized_196_fu_5517_p3                                                          |     |        | normalized_196  | select     | auto_sel                 | 0       |
|     select_ln39_83_fu_5525_p3                                                          |     |        | select_ln39_83  | select     | auto_sel                 | 0       |
|     normalized_198_fu_8045_p3                                                          |     |        | normalized_198  | select     | auto_sel                 | 0       |
|     add_ln39_63_fu_5545_p2                                                             |     |        | add_ln39_63     | add        | fabric                   | 0       |
|     select_ln39_84_fu_5551_p3                                                          |     |        | select_ln39_84  | select     | auto_sel                 | 0       |
|     normalized_200_fu_8065_p3                                                          |     |        | normalized_200  | select     | auto_sel                 | 0       |
|     add_ln39_64_fu_8073_p2                                                             |     |        | add_ln39_64     | add        | fabric                   | 0       |
|     select_ln39_85_fu_8078_p3                                                          |     |        | select_ln39_85  | select     | auto_sel                 | 0       |
|     normalized_202_fu_8099_p3                                                          |     |        | normalized_202  | select     | auto_sel                 | 0       |
|     add_ln39_65_fu_8107_p2                                                             |     |        | add_ln39_65     | add        | fabric                   | 0       |
|     select_ln39_86_fu_8113_p3                                                          |     |        | select_ln39_86  | select     | auto_sel                 | 0       |
|     normalized_204_fu_8135_p3                                                          |     |        | normalized_204  | select     | auto_sel                 | 0       |
|     add_ln39_66_fu_8143_p2                                                             |     |        | add_ln39_66     | add        | fabric                   | 0       |
|     select_ln39_87_fu_8149_p3                                                          |     |        | select_ln39_87  | select     | auto_sel                 | 0       |
|     normalized_206_fu_11203_p3                                                         |     |        | normalized_206  | select     | auto_sel                 | 0       |
|     add_ln39_67_fu_8169_p2                                                             |     |        | add_ln39_67     | add        | fabric                   | 0       |
|     select_ln39_88_fu_11209_p3                                                         |     |        | select_ln39_88  | select     | auto_sel                 | 0       |
|     normalized_208_fu_11228_p3                                                         |     |        | normalized_208  | select     | auto_sel                 | 0       |
|     add_ln39_68_fu_11236_p2                                                            |     |        | add_ln39_68     | add        | fabric                   | 0       |
|     select_ln39_89_fu_11242_p3                                                         |     |        | select_ln39_89  | select     | auto_sel                 | 0       |
|     add_ln39_69_fu_11270_p2                                                            |     |        | add_ln39_69     | add        | fabric                   | 0       |
|     select_ln39_90_fu_11276_p3                                                         |     |        | select_ln39_90  | select     | auto_sel                 | 0       |
|     sub_ln45_9_fu_11288_p2                                                             |     |        | sub_ln45_9      | sub        | fabric                   | 0       |
|     select_ln39_234_fu_11298_p3                                                        |     |        | select_ln39_234 | select     | auto_sel                 | 0       |
|     icmp_ln31_16_fu_11323_p2                                                           |     |        | icmp_ln31_16    | seteq      | auto                     | 0       |
|     or_ln32_8_fu_5563_p2                                                               |     |        | or_ln32_8       | or         | auto                     | 0       |
|     icmp_ln32_17_fu_5587_p2                                                            |     |        | icmp_ln32_17    | seteq      | auto                     | 0       |
|     icmp_ln31_17_fu_11328_p2                                                           |     |        | icmp_ln31_17    | seteq      | auto                     | 0       |
|     icmp_ln32_18_fu_11333_p2                                                           |     |        | icmp_ln32_18    | setne      | auto                     | 0       |
|     and_ln32_8_fu_11338_p2                                                             |     |        | and_ln32_8      | and        | auto                     | 0       |
|     sparsemux_9_3_32_1_1_U177                                                          |     |        | bits_126        | sparsemux  | onehotencoding_realdef   | 0       |
|     fmul_32ns_32ns_32_5_max_dsp_1_U104                                                 | 3   |        | mul93_2         | fmul       | maxdsp                   | 4       |
|     partselect_16ns_128ns_32ns_16_1_1_U162                                             |     |        | wbits_9         | partselect | auto                     | 0       |
|     add_ln51_10_fu_11395_p2                                                            |     |        | add_ln51_10     | add        | fabric                   | 0       |
|     normalized_213_fu_5651_p3                                                          |     |        | normalized_213  | select     | auto_sel                 | 0       |
|     select_ln39_91_fu_5659_p3                                                          |     |        | select_ln39_91  | select     | auto_sel                 | 0       |
|     select_ln41_10_fu_5681_p3                                                          |     |        | select_ln41_10  | select     | auto_sel                 | 0       |
|     normalized_215_fu_5689_p3                                                          |     |        | normalized_215  | select     | auto_sel                 | 0       |
|     select_ln39_92_fu_5697_p3                                                          |     |        | select_ln39_92  | select     | auto_sel                 | 0       |
|     normalized_217_fu_8180_p3                                                          |     |        | normalized_217  | select     | auto_sel                 | 0       |
|     add_ln39_70_fu_5717_p2                                                             |     |        | add_ln39_70     | add        | fabric                   | 0       |
|     select_ln39_93_fu_5723_p3                                                          |     |        | select_ln39_93  | select     | auto_sel                 | 0       |
|     normalized_219_fu_8200_p3                                                          |     |        | normalized_219  | select     | auto_sel                 | 0       |
|     add_ln39_71_fu_8208_p2                                                             |     |        | add_ln39_71     | add        | fabric                   | 0       |
|     select_ln39_94_fu_8213_p3                                                          |     |        | select_ln39_94  | select     | auto_sel                 | 0       |
|     normalized_221_fu_8234_p3                                                          |     |        | normalized_221  | select     | auto_sel                 | 0       |
|     add_ln39_72_fu_8242_p2                                                             |     |        | add_ln39_72     | add        | fabric                   | 0       |
|     select_ln39_95_fu_8248_p3                                                          |     |        | select_ln39_95  | select     | auto_sel                 | 0       |
|     normalized_223_fu_8270_p3                                                          |     |        | normalized_223  | select     | auto_sel                 | 0       |
|     add_ln39_73_fu_8278_p2                                                             |     |        | add_ln39_73     | add        | fabric                   | 0       |
|     select_ln39_96_fu_8284_p3                                                          |     |        | select_ln39_96  | select     | auto_sel                 | 0       |
|     normalized_225_fu_11436_p3                                                         |     |        | normalized_225  | select     | auto_sel                 | 0       |
|     add_ln39_74_fu_8304_p2                                                             |     |        | add_ln39_74     | add        | fabric                   | 0       |
|     select_ln39_97_fu_11442_p3                                                         |     |        | select_ln39_97  | select     | auto_sel                 | 0       |
|     normalized_227_fu_11461_p3                                                         |     |        | normalized_227  | select     | auto_sel                 | 0       |
|     add_ln39_75_fu_11469_p2                                                            |     |        | add_ln39_75     | add        | fabric                   | 0       |
|     select_ln39_98_fu_11475_p3                                                         |     |        | select_ln39_98  | select     | auto_sel                 | 0       |
|     add_ln39_76_fu_11503_p2                                                            |     |        | add_ln39_76     | add        | fabric                   | 0       |
|     select_ln39_99_fu_11509_p3                                                         |     |        | select_ln39_99  | select     | auto_sel                 | 0       |
|     sub_ln45_10_fu_11521_p2                                                            |     |        | sub_ln45_10     | sub        | fabric                   | 0       |
|     select_ln39_243_fu_11531_p3                                                        |     |        | select_ln39_243 | select     | auto_sel                 | 0       |
|     icmp_ln31_18_fu_11556_p2                                                           |     |        | icmp_ln31_18    | seteq      | auto                     | 0       |
|     or_ln32_9_fu_5735_p2                                                               |     |        | or_ln32_9       | or         | auto                     | 0       |
|     icmp_ln32_19_fu_5759_p2                                                            |     |        | icmp_ln32_19    | seteq      | auto                     | 0       |
|     icmp_ln31_19_fu_11561_p2                                                           |     |        | icmp_ln31_19    | seteq      | auto                     | 0       |
|     icmp_ln32_20_fu_11566_p2                                                           |     |        | icmp_ln32_20    | setne      | auto                     | 0       |
|     and_ln32_9_fu_11571_p2                                                             |     |        | and_ln32_9      | and        | auto                     | 0       |
|     sparsemux_9_3_32_1_1_U178                                                          |     |        | bits_127        | sparsemux  | onehotencoding_realdef   | 0       |
|     fmul_32ns_32ns_32_5_max_dsp_1_U105                                                 | 3   |        | mul93_2_s       | fmul       | maxdsp                   | 4       |
|     partselect_16ns_128ns_32ns_16_1_1_U163                                             |     |        | wbits_14        | partselect | auto                     | 0       |
|     add_ln51_11_fu_11628_p2                                                            |     |        | add_ln51_11     | add        | fabric                   | 0       |
|     normalized_232_fu_5823_p3                                                          |     |        | normalized_232  | select     | auto_sel                 | 0       |
|     select_ln39_100_fu_5831_p3                                                         |     |        | select_ln39_100 | select     | auto_sel                 | 0       |
|     select_ln41_11_fu_5853_p3                                                          |     |        | select_ln41_11  | select     | auto_sel                 | 0       |
|     normalized_234_fu_5861_p3                                                          |     |        | normalized_234  | select     | auto_sel                 | 0       |
|     select_ln39_101_fu_5869_p3                                                         |     |        | select_ln39_101 | select     | auto_sel                 | 0       |
|     normalized_236_fu_8315_p3                                                          |     |        | normalized_236  | select     | auto_sel                 | 0       |
|     add_ln39_77_fu_5889_p2                                                             |     |        | add_ln39_77     | add        | fabric                   | 0       |
|     select_ln39_102_fu_5895_p3                                                         |     |        | select_ln39_102 | select     | auto_sel                 | 0       |
|     normalized_238_fu_8335_p3                                                          |     |        | normalized_238  | select     | auto_sel                 | 0       |
|     add_ln39_78_fu_8343_p2                                                             |     |        | add_ln39_78     | add        | fabric                   | 0       |
|     select_ln39_103_fu_8348_p3                                                         |     |        | select_ln39_103 | select     | auto_sel                 | 0       |
|     normalized_240_fu_8369_p3                                                          |     |        | normalized_240  | select     | auto_sel                 | 0       |
|     add_ln39_79_fu_8377_p2                                                             |     |        | add_ln39_79     | add        | fabric                   | 0       |
|     select_ln39_104_fu_8383_p3                                                         |     |        | select_ln39_104 | select     | auto_sel                 | 0       |
|     normalized_242_fu_8405_p3                                                          |     |        | normalized_242  | select     | auto_sel                 | 0       |
|     add_ln39_80_fu_8413_p2                                                             |     |        | add_ln39_80     | add        | fabric                   | 0       |
|     select_ln39_105_fu_8419_p3                                                         |     |        | select_ln39_105 | select     | auto_sel                 | 0       |
|     normalized_244_fu_11669_p3                                                         |     |        | normalized_244  | select     | auto_sel                 | 0       |
|     add_ln39_81_fu_8439_p2                                                             |     |        | add_ln39_81     | add        | fabric                   | 0       |
|     select_ln39_106_fu_11675_p3                                                        |     |        | select_ln39_106 | select     | auto_sel                 | 0       |
|     normalized_246_fu_11694_p3                                                         |     |        | normalized_246  | select     | auto_sel                 | 0       |
|     add_ln39_82_fu_11702_p2                                                            |     |        | add_ln39_82     | add        | fabric                   | 0       |
|     select_ln39_107_fu_11708_p3                                                        |     |        | select_ln39_107 | select     | auto_sel                 | 0       |
|     add_ln39_83_fu_11736_p2                                                            |     |        | add_ln39_83     | add        | fabric                   | 0       |
|     select_ln39_108_fu_11742_p3                                                        |     |        | select_ln39_108 | select     | auto_sel                 | 0       |
|     sub_ln45_11_fu_11754_p2                                                            |     |        | sub_ln45_11     | sub        | fabric                   | 0       |
|     select_ln39_252_fu_11764_p3                                                        |     |        | select_ln39_252 | select     | auto_sel                 | 0       |
|     icmp_ln31_20_fu_11789_p2                                                           |     |        | icmp_ln31_20    | seteq      | auto                     | 0       |
|     or_ln32_10_fu_5907_p2                                                              |     |        | or_ln32_10      | or         | auto                     | 0       |
|     icmp_ln32_21_fu_5931_p2                                                            |     |        | icmp_ln32_21    | seteq      | auto                     | 0       |
|     icmp_ln31_21_fu_11794_p2                                                           |     |        | icmp_ln31_21    | seteq      | auto                     | 0       |
|     icmp_ln32_22_fu_11799_p2                                                           |     |        | icmp_ln32_22    | setne      | auto                     | 0       |
|     and_ln32_10_fu_11804_p2                                                            |     |        | and_ln32_10     | and        | auto                     | 0       |
|     sparsemux_9_3_32_1_1_U179                                                          |     |        | bits_128        | sparsemux  | onehotencoding_realdef   | 0       |
|     fmul_32ns_32ns_32_5_max_dsp_1_U106                                                 | 3   |        | mul93_2_4       | fmul       | maxdsp                   | 4       |
|     partselect_16ns_128ns_32ns_16_1_1_U164                                             |     |        | wbits_15        | partselect | auto                     | 0       |
|     add_ln51_12_fu_11861_p2                                                            |     |        | add_ln51_12     | add        | fabric                   | 0       |
|     normalized_251_fu_5995_p3                                                          |     |        | normalized_251  | select     | auto_sel                 | 0       |
|     select_ln39_109_fu_6003_p3                                                         |     |        | select_ln39_109 | select     | auto_sel                 | 0       |
|     select_ln41_12_fu_6025_p3                                                          |     |        | select_ln41_12  | select     | auto_sel                 | 0       |
|     normalized_253_fu_6033_p3                                                          |     |        | normalized_253  | select     | auto_sel                 | 0       |
|     select_ln39_110_fu_6041_p3                                                         |     |        | select_ln39_110 | select     | auto_sel                 | 0       |
|     normalized_255_fu_8450_p3                                                          |     |        | normalized_255  | select     | auto_sel                 | 0       |
|     add_ln39_84_fu_6061_p2                                                             |     |        | add_ln39_84     | add        | fabric                   | 0       |
|     select_ln39_111_fu_6067_p3                                                         |     |        | select_ln39_111 | select     | auto_sel                 | 0       |
|     normalized_257_fu_8470_p3                                                          |     |        | normalized_257  | select     | auto_sel                 | 0       |
|     add_ln39_85_fu_8478_p2                                                             |     |        | add_ln39_85     | add        | fabric                   | 0       |
|     select_ln39_112_fu_8483_p3                                                         |     |        | select_ln39_112 | select     | auto_sel                 | 0       |
|     normalized_259_fu_8504_p3                                                          |     |        | normalized_259  | select     | auto_sel                 | 0       |
|     add_ln39_86_fu_8512_p2                                                             |     |        | add_ln39_86     | add        | fabric                   | 0       |
|     select_ln39_113_fu_8518_p3                                                         |     |        | select_ln39_113 | select     | auto_sel                 | 0       |
|     normalized_261_fu_8540_p3                                                          |     |        | normalized_261  | select     | auto_sel                 | 0       |
|     add_ln39_87_fu_8548_p2                                                             |     |        | add_ln39_87     | add        | fabric                   | 0       |
|     select_ln39_114_fu_8554_p3                                                         |     |        | select_ln39_114 | select     | auto_sel                 | 0       |
|     normalized_263_fu_11902_p3                                                         |     |        | normalized_263  | select     | auto_sel                 | 0       |
|     add_ln39_88_fu_8574_p2                                                             |     |        | add_ln39_88     | add        | fabric                   | 0       |
|     select_ln39_115_fu_11908_p3                                                        |     |        | select_ln39_115 | select     | auto_sel                 | 0       |
|     normalized_265_fu_11927_p3                                                         |     |        | normalized_265  | select     | auto_sel                 | 0       |
|     add_ln39_89_fu_11935_p2                                                            |     |        | add_ln39_89     | add        | fabric                   | 0       |
|     select_ln39_116_fu_11941_p3                                                        |     |        | select_ln39_116 | select     | auto_sel                 | 0       |
|     add_ln39_90_fu_11969_p2                                                            |     |        | add_ln39_90     | add        | fabric                   | 0       |
|     select_ln39_117_fu_11975_p3                                                        |     |        | select_ln39_117 | select     | auto_sel                 | 0       |
|     sub_ln45_12_fu_11987_p2                                                            |     |        | sub_ln45_12     | sub        | fabric                   | 0       |
|     select_ln39_261_fu_11997_p3                                                        |     |        | select_ln39_261 | select     | auto_sel                 | 0       |
|     icmp_ln31_22_fu_12022_p2                                                           |     |        | icmp_ln31_22    | seteq      | auto                     | 0       |
|     or_ln32_11_fu_6079_p2                                                              |     |        | or_ln32_11      | or         | auto                     | 0       |
|     icmp_ln32_23_fu_6103_p2                                                            |     |        | icmp_ln32_23    | seteq      | auto                     | 0       |
|     icmp_ln31_23_fu_12027_p2                                                           |     |        | icmp_ln31_23    | seteq      | auto                     | 0       |
|     icmp_ln32_24_fu_12032_p2                                                           |     |        | icmp_ln32_24    | setne      | auto                     | 0       |
|     and_ln32_11_fu_12037_p2                                                            |     |        | and_ln32_11     | and        | auto                     | 0       |
|     sparsemux_9_3_32_1_1_U180                                                          |     |        | bits_129        | sparsemux  | onehotencoding_realdef   | 0       |
|     fmul_32ns_32ns_32_5_max_dsp_1_U107                                                 | 3   |        | mul93_2_5       | fmul       | maxdsp                   | 4       |
|     sparsemux_21_4_32_1_1_U192                                                         |     |        | tmp_7           | sparsemux  | compactencoding_dontcare | 0       |
|     fadd_32ns_32ns_32_8_full_dsp_1_U64                                                 | 2   |        | accum_168       | fadd       | fulldsp                  | 7       |
|     fmul_32ns_32ns_32_5_max_dsp_1_U108                                                 | 3   |        | mul93_2_1       | fmul       | maxdsp                   | 4       |
|     fmul_32ns_32ns_32_5_max_dsp_1_U109                                                 | 3   |        | mul93_2_1_1     | fmul       | maxdsp                   | 4       |
|     fmul_32ns_32ns_32_5_max_dsp_1_U110                                                 | 3   |        | mul93_2_1_2     | fmul       | maxdsp                   | 4       |
|     fmul_32ns_32ns_32_5_max_dsp_1_U111                                                 | 3   |        | mul93_2_1_3     | fmul       | maxdsp                   | 4       |
|     sparsemux_21_4_32_1_1_U193                                                         |     |        | tmp_8           | sparsemux  | compactencoding_dontcare | 0       |
|     fadd_32ns_32ns_32_8_full_dsp_1_U65                                                 | 2   |        | accum_169       | fadd       | fulldsp                  | 7       |
|     fmul_32ns_32ns_32_5_max_dsp_1_U112                                                 | 3   |        | mul93_2_2       | fmul       | maxdsp                   | 4       |
|     fmul_32ns_32ns_32_5_max_dsp_1_U113                                                 | 3   |        | mul93_2_2_1     | fmul       | maxdsp                   | 4       |
|     fmul_32ns_32ns_32_5_max_dsp_1_U114                                                 | 3   |        | mul93_2_2_2     | fmul       | maxdsp                   | 4       |
|     fmul_32ns_32ns_32_5_max_dsp_1_U115                                                 | 3   |        | mul93_2_2_3     | fmul       | maxdsp                   | 4       |
|     sparsemux_21_4_32_1_1_U194                                                         |     |        | tmp_9           | sparsemux  | compactencoding_dontcare | 0       |
|     fadd_32ns_32ns_32_8_full_dsp_1_U66                                                 | 2   |        | accum_170       | fadd       | fulldsp                  | 7       |
|     fmul_32ns_32ns_32_5_max_dsp_1_U116                                                 | 3   |        | mul93_2_3       | fmul       | maxdsp                   | 4       |
|     fmul_32ns_32ns_32_5_max_dsp_1_U117                                                 | 3   |        | mul93_2_3_1     | fmul       | maxdsp                   | 4       |
|     fmul_32ns_32ns_32_5_max_dsp_1_U118                                                 | 3   |        | mul93_2_3_2     | fmul       | maxdsp                   | 4       |
|     fmul_32ns_32ns_32_5_max_dsp_1_U119                                                 | 3   |        | mul93_2_3_3     | fmul       | maxdsp                   | 4       |
|     sparsemux_21_4_32_1_1_U195                                                         |     |        | tmp_10          | sparsemux  | compactencoding_dontcare | 0       |
|     fadd_32ns_32ns_32_8_full_dsp_1_U67                                                 | 2   |        | accum_171       | fadd       | fulldsp                  | 7       |
|     partselect_16ns_128ns_32ns_16_1_1_U165                                             |     |        | wbits_4         | partselect | auto                     | 0       |
|     add_ln51_13_fu_12094_p2                                                            |     |        | add_ln51_13     | add        | fabric                   | 0       |
|     normalized_282_fu_6167_p3                                                          |     |        | normalized_282  | select     | auto_sel                 | 0       |
|     select_ln39_118_fu_6175_p3                                                         |     |        | select_ln39_118 | select     | auto_sel                 | 0       |
|     select_ln41_13_fu_6197_p3                                                          |     |        | select_ln41_13  | select     | auto_sel                 | 0       |
|     normalized_284_fu_6205_p3                                                          |     |        | normalized_284  | select     | auto_sel                 | 0       |
|     select_ln39_119_fu_6213_p3                                                         |     |        | select_ln39_119 | select     | auto_sel                 | 0       |
|     normalized_286_fu_8585_p3                                                          |     |        | normalized_286  | select     | auto_sel                 | 0       |
|     add_ln39_91_fu_6233_p2                                                             |     |        | add_ln39_91     | add        | fabric                   | 0       |
|     select_ln39_120_fu_6239_p3                                                         |     |        | select_ln39_120 | select     | auto_sel                 | 0       |
|     normalized_288_fu_8605_p3                                                          |     |        | normalized_288  | select     | auto_sel                 | 0       |
|     add_ln39_92_fu_8613_p2                                                             |     |        | add_ln39_92     | add        | fabric                   | 0       |
|     select_ln39_121_fu_8618_p3                                                         |     |        | select_ln39_121 | select     | auto_sel                 | 0       |
|     normalized_290_fu_8639_p3                                                          |     |        | normalized_290  | select     | auto_sel                 | 0       |
|     add_ln39_93_fu_8647_p2                                                             |     |        | add_ln39_93     | add        | fabric                   | 0       |
|     select_ln39_122_fu_8653_p3                                                         |     |        | select_ln39_122 | select     | auto_sel                 | 0       |
|     normalized_292_fu_8675_p3                                                          |     |        | normalized_292  | select     | auto_sel                 | 0       |
|     add_ln39_94_fu_8683_p2                                                             |     |        | add_ln39_94     | add        | fabric                   | 0       |
|     select_ln39_123_fu_8689_p3                                                         |     |        | select_ln39_123 | select     | auto_sel                 | 0       |
|     normalized_294_fu_12135_p3                                                         |     |        | normalized_294  | select     | auto_sel                 | 0       |
|     add_ln39_95_fu_8709_p2                                                             |     |        | add_ln39_95     | add        | fabric                   | 0       |
|     select_ln39_124_fu_12141_p3                                                        |     |        | select_ln39_124 | select     | auto_sel                 | 0       |
|     normalized_296_fu_12160_p3                                                         |     |        | normalized_296  | select     | auto_sel                 | 0       |
|     add_ln39_96_fu_12168_p2                                                            |     |        | add_ln39_96     | add        | fabric                   | 0       |
|     select_ln39_125_fu_12174_p3                                                        |     |        | select_ln39_125 | select     | auto_sel                 | 0       |
|     add_ln39_97_fu_12202_p2                                                            |     |        | add_ln39_97     | add        | fabric                   | 0       |
|     select_ln39_126_fu_12208_p3                                                        |     |        | select_ln39_126 | select     | auto_sel                 | 0       |
|     sub_ln45_13_fu_12220_p2                                                            |     |        | sub_ln45_13     | sub        | fabric                   | 0       |
|     select_ln39_270_fu_12230_p3                                                        |     |        | select_ln39_270 | select     | auto_sel                 | 0       |
|     icmp_ln31_24_fu_12255_p2                                                           |     |        | icmp_ln31_24    | seteq      | auto                     | 0       |
|     or_ln32_12_fu_6251_p2                                                              |     |        | or_ln32_12      | or         | auto                     | 0       |
|     icmp_ln32_25_fu_6275_p2                                                            |     |        | icmp_ln32_25    | seteq      | auto                     | 0       |
|     icmp_ln31_25_fu_12260_p2                                                           |     |        | icmp_ln31_25    | seteq      | auto                     | 0       |
|     icmp_ln32_26_fu_12265_p2                                                           |     |        | icmp_ln32_26    | setne      | auto                     | 0       |
|     and_ln32_12_fu_12270_p2                                                            |     |        | and_ln32_12     | and        | auto                     | 0       |
|     sparsemux_9_3_32_1_1_U181                                                          |     |        | bits_122        | sparsemux  | onehotencoding_realdef   | 0       |
|     fmul_32ns_32ns_32_5_max_dsp_1_U120                                                 | 3   |        | mul93_3         | fmul       | maxdsp                   | 4       |
|     partselect_16ns_128ns_32ns_16_1_1_U166                                             |     |        | wbits_5         | partselect | auto                     | 0       |
|     add_ln51_14_fu_12327_p2                                                            |     |        | add_ln51_14     | add        | fabric                   | 0       |
|     normalized_301_fu_6339_p3                                                          |     |        | normalized_301  | select     | auto_sel                 | 0       |
|     select_ln39_127_fu_6347_p3                                                         |     |        | select_ln39_127 | select     | auto_sel                 | 0       |
|     select_ln41_14_fu_6369_p3                                                          |     |        | select_ln41_14  | select     | auto_sel                 | 0       |
|     normalized_303_fu_6377_p3                                                          |     |        | normalized_303  | select     | auto_sel                 | 0       |
|     select_ln39_128_fu_6385_p3                                                         |     |        | select_ln39_128 | select     | auto_sel                 | 0       |
|     normalized_305_fu_8720_p3                                                          |     |        | normalized_305  | select     | auto_sel                 | 0       |
|     add_ln39_98_fu_6405_p2                                                             |     |        | add_ln39_98     | add        | fabric                   | 0       |
|     select_ln39_129_fu_6411_p3                                                         |     |        | select_ln39_129 | select     | auto_sel                 | 0       |
|     normalized_307_fu_8740_p3                                                          |     |        | normalized_307  | select     | auto_sel                 | 0       |
|     add_ln39_99_fu_8748_p2                                                             |     |        | add_ln39_99     | add        | fabric                   | 0       |
|     select_ln39_130_fu_8753_p3                                                         |     |        | select_ln39_130 | select     | auto_sel                 | 0       |
|     normalized_309_fu_8774_p3                                                          |     |        | normalized_309  | select     | auto_sel                 | 0       |
|     add_ln39_100_fu_8782_p2                                                            |     |        | add_ln39_100    | add        | fabric                   | 0       |
|     select_ln39_131_fu_8788_p3                                                         |     |        | select_ln39_131 | select     | auto_sel                 | 0       |
|     normalized_311_fu_8810_p3                                                          |     |        | normalized_311  | select     | auto_sel                 | 0       |
|     add_ln39_101_fu_8818_p2                                                            |     |        | add_ln39_101    | add        | fabric                   | 0       |
|     select_ln39_132_fu_8824_p3                                                         |     |        | select_ln39_132 | select     | auto_sel                 | 0       |
|     normalized_313_fu_12368_p3                                                         |     |        | normalized_313  | select     | auto_sel                 | 0       |
|     add_ln39_102_fu_8844_p2                                                            |     |        | add_ln39_102    | add        | fabric                   | 0       |
|     select_ln39_133_fu_12374_p3                                                        |     |        | select_ln39_133 | select     | auto_sel                 | 0       |
|     normalized_315_fu_12393_p3                                                         |     |        | normalized_315  | select     | auto_sel                 | 0       |
|     add_ln39_103_fu_12401_p2                                                           |     |        | add_ln39_103    | add        | fabric                   | 0       |
|     select_ln39_134_fu_12407_p3                                                        |     |        | select_ln39_134 | select     | auto_sel                 | 0       |
|     add_ln39_104_fu_12435_p2                                                           |     |        | add_ln39_104    | add        | fabric                   | 0       |
|     select_ln39_135_fu_12441_p3                                                        |     |        | select_ln39_135 | select     | auto_sel                 | 0       |
|     sub_ln45_14_fu_12453_p2                                                            |     |        | sub_ln45_14     | sub        | fabric                   | 0       |
|     select_ln39_279_fu_12463_p3                                                        |     |        | select_ln39_279 | select     | auto_sel                 | 0       |
|     icmp_ln31_26_fu_12488_p2                                                           |     |        | icmp_ln31_26    | seteq      | auto                     | 0       |
|     or_ln32_13_fu_6423_p2                                                              |     |        | or_ln32_13      | or         | auto                     | 0       |
|     icmp_ln32_27_fu_6447_p2                                                            |     |        | icmp_ln32_27    | seteq      | auto                     | 0       |
|     icmp_ln31_27_fu_12493_p2                                                           |     |        | icmp_ln31_27    | seteq      | auto                     | 0       |
|     icmp_ln32_28_fu_12498_p2                                                           |     |        | icmp_ln32_28    | setne      | auto                     | 0       |
|     and_ln32_13_fu_12503_p2                                                            |     |        | and_ln32_13     | and        | auto                     | 0       |
|     sparsemux_9_3_32_1_1_U182                                                          |     |        | bits_123        | sparsemux  | onehotencoding_realdef   | 0       |
|     fmul_32ns_32ns_32_5_max_dsp_1_U121                                                 | 3   |        | mul93_3_s       | fmul       | maxdsp                   | 4       |
|     partselect_16ns_128ns_32ns_16_1_1_U167                                             |     |        | wbits_6         | partselect | auto                     | 0       |
|     add_ln51_15_fu_12560_p2                                                            |     |        | add_ln51_15     | add        | fabric                   | 0       |
|     normalized_320_fu_6511_p3                                                          |     |        | normalized_320  | select     | auto_sel                 | 0       |
|     select_ln39_136_fu_6519_p3                                                         |     |        | select_ln39_136 | select     | auto_sel                 | 0       |
|     select_ln41_15_fu_6541_p3                                                          |     |        | select_ln41_15  | select     | auto_sel                 | 0       |
|     normalized_322_fu_6549_p3                                                          |     |        | normalized_322  | select     | auto_sel                 | 0       |
|     select_ln39_137_fu_6557_p3                                                         |     |        | select_ln39_137 | select     | auto_sel                 | 0       |
|     normalized_324_fu_8855_p3                                                          |     |        | normalized_324  | select     | auto_sel                 | 0       |
|     add_ln39_105_fu_6577_p2                                                            |     |        | add_ln39_105    | add        | fabric                   | 0       |
|     select_ln39_138_fu_6583_p3                                                         |     |        | select_ln39_138 | select     | auto_sel                 | 0       |
|     normalized_326_fu_8875_p3                                                          |     |        | normalized_326  | select     | auto_sel                 | 0       |
|     add_ln39_106_fu_8883_p2                                                            |     |        | add_ln39_106    | add        | fabric                   | 0       |
|     select_ln39_139_fu_8888_p3                                                         |     |        | select_ln39_139 | select     | auto_sel                 | 0       |
|     normalized_328_fu_8909_p3                                                          |     |        | normalized_328  | select     | auto_sel                 | 0       |
|     add_ln39_107_fu_8917_p2                                                            |     |        | add_ln39_107    | add        | fabric                   | 0       |
|     select_ln39_140_fu_8923_p3                                                         |     |        | select_ln39_140 | select     | auto_sel                 | 0       |
|     normalized_330_fu_8945_p3                                                          |     |        | normalized_330  | select     | auto_sel                 | 0       |
|     add_ln39_108_fu_8953_p2                                                            |     |        | add_ln39_108    | add        | fabric                   | 0       |
|     select_ln39_141_fu_8959_p3                                                         |     |        | select_ln39_141 | select     | auto_sel                 | 0       |
|     normalized_332_fu_12601_p3                                                         |     |        | normalized_332  | select     | auto_sel                 | 0       |
|     add_ln39_109_fu_8979_p2                                                            |     |        | add_ln39_109    | add        | fabric                   | 0       |
|     select_ln39_142_fu_12607_p3                                                        |     |        | select_ln39_142 | select     | auto_sel                 | 0       |
|     normalized_334_fu_12626_p3                                                         |     |        | normalized_334  | select     | auto_sel                 | 0       |
|     add_ln39_110_fu_12634_p2                                                           |     |        | add_ln39_110    | add        | fabric                   | 0       |
|     select_ln39_143_fu_12640_p3                                                        |     |        | select_ln39_143 | select     | auto_sel                 | 0       |
|     add_ln39_111_fu_12668_p2                                                           |     |        | add_ln39_111    | add        | fabric                   | 0       |
|     select_ln39_144_fu_12674_p3                                                        |     |        | select_ln39_144 | select     | auto_sel                 | 0       |
|     sub_ln45_15_fu_12686_p2                                                            |     |        | sub_ln45_15     | sub        | fabric                   | 0       |
|     select_ln39_288_fu_12696_p3                                                        |     |        | select_ln39_288 | select     | auto_sel                 | 0       |
|     icmp_ln31_28_fu_12721_p2                                                           |     |        | icmp_ln31_28    | seteq      | auto                     | 0       |
|     or_ln32_14_fu_6595_p2                                                              |     |        | or_ln32_14      | or         | auto                     | 0       |
|     icmp_ln32_29_fu_6619_p2                                                            |     |        | icmp_ln32_29    | seteq      | auto                     | 0       |
|     icmp_ln31_29_fu_12726_p2                                                           |     |        | icmp_ln31_29    | seteq      | auto                     | 0       |
|     icmp_ln32_30_fu_12731_p2                                                           |     |        | icmp_ln32_30    | setne      | auto                     | 0       |
|     and_ln32_14_fu_12736_p2                                                            |     |        | and_ln32_14     | and        | auto                     | 0       |
|     sparsemux_9_3_32_1_1_U183                                                          |     |        | bits_124        | sparsemux  | onehotencoding_realdef   | 0       |
|     fmul_32ns_32ns_32_5_max_dsp_1_U122                                                 | 3   |        | mul93_3_4       | fmul       | maxdsp                   | 4       |
|     partselect_16ns_128ns_32ns_16_1_1_U168                                             |     |        | wbits_7         | partselect | auto                     | 0       |
|     add_ln51_16_fu_12793_p2                                                            |     |        | add_ln51_16     | add        | fabric                   | 0       |
|     normalized_339_fu_6683_p3                                                          |     |        | normalized_339  | select     | auto_sel                 | 0       |
|     select_ln39_145_fu_6691_p3                                                         |     |        | select_ln39_145 | select     | auto_sel                 | 0       |
|     select_ln41_16_fu_6713_p3                                                          |     |        | select_ln41_16  | select     | auto_sel                 | 0       |
|     normalized_341_fu_6721_p3                                                          |     |        | normalized_341  | select     | auto_sel                 | 0       |
|     select_ln39_146_fu_6729_p3                                                         |     |        | select_ln39_146 | select     | auto_sel                 | 0       |
|     normalized_343_fu_8990_p3                                                          |     |        | normalized_343  | select     | auto_sel                 | 0       |
|     add_ln39_112_fu_6749_p2                                                            |     |        | add_ln39_112    | add        | fabric                   | 0       |
|     select_ln39_147_fu_6755_p3                                                         |     |        | select_ln39_147 | select     | auto_sel                 | 0       |
|     normalized_345_fu_9010_p3                                                          |     |        | normalized_345  | select     | auto_sel                 | 0       |
|     add_ln39_113_fu_9018_p2                                                            |     |        | add_ln39_113    | add        | fabric                   | 0       |
|     select_ln39_148_fu_9023_p3                                                         |     |        | select_ln39_148 | select     | auto_sel                 | 0       |
|     normalized_347_fu_9044_p3                                                          |     |        | normalized_347  | select     | auto_sel                 | 0       |
|     add_ln39_114_fu_9052_p2                                                            |     |        | add_ln39_114    | add        | fabric                   | 0       |
|     select_ln39_149_fu_9058_p3                                                         |     |        | select_ln39_149 | select     | auto_sel                 | 0       |
|     normalized_349_fu_9080_p3                                                          |     |        | normalized_349  | select     | auto_sel                 | 0       |
|     add_ln39_115_fu_9088_p2                                                            |     |        | add_ln39_115    | add        | fabric                   | 0       |
|     select_ln39_150_fu_9094_p3                                                         |     |        | select_ln39_150 | select     | auto_sel                 | 0       |
|     normalized_351_fu_12834_p3                                                         |     |        | normalized_351  | select     | auto_sel                 | 0       |
|     add_ln39_116_fu_9114_p2                                                            |     |        | add_ln39_116    | add        | fabric                   | 0       |
|     select_ln39_151_fu_12840_p3                                                        |     |        | select_ln39_151 | select     | auto_sel                 | 0       |
|     normalized_353_fu_12859_p3                                                         |     |        | normalized_353  | select     | auto_sel                 | 0       |
|     add_ln39_117_fu_12867_p2                                                           |     |        | add_ln39_117    | add        | fabric                   | 0       |
|     select_ln39_152_fu_12873_p3                                                        |     |        | select_ln39_152 | select     | auto_sel                 | 0       |
|     add_ln39_118_fu_12901_p2                                                           |     |        | add_ln39_118    | add        | fabric                   | 0       |
|     select_ln39_153_fu_12907_p3                                                        |     |        | select_ln39_153 | select     | auto_sel                 | 0       |
|     sub_ln45_16_fu_12919_p2                                                            |     |        | sub_ln45_16     | sub        | fabric                   | 0       |
|     select_ln39_297_fu_12929_p3                                                        |     |        | select_ln39_297 | select     | auto_sel                 | 0       |
|     icmp_ln31_30_fu_12954_p2                                                           |     |        | icmp_ln31_30    | seteq      | auto                     | 0       |
|     or_ln32_15_fu_6767_p2                                                              |     |        | or_ln32_15      | or         | auto                     | 0       |
|     icmp_ln32_31_fu_6791_p2                                                            |     |        | icmp_ln32_31    | seteq      | auto                     | 0       |
|     icmp_ln31_31_fu_12959_p2                                                           |     |        | icmp_ln31_31    | seteq      | auto                     | 0       |
|     icmp_ln32_32_fu_12964_p2                                                           |     |        | icmp_ln32_32    | setne      | auto                     | 0       |
|     and_ln32_15_fu_12969_p2                                                            |     |        | and_ln32_15     | and        | auto                     | 0       |
|     sparsemux_9_3_32_1_1_U184                                                          |     |        | bits_125        | sparsemux  | onehotencoding_realdef   | 0       |
|     fmul_32ns_32ns_32_5_max_dsp_1_U123                                                 | 3   |        | mul93_3_5       | fmul       | maxdsp                   | 4       |
|     sparsemux_21_4_32_1_1_U196                                                         |     |        | tmp_11          | sparsemux  | compactencoding_dontcare | 0       |
|     fadd_32ns_32ns_32_8_full_dsp_1_U68                                                 | 2   |        | accum_172       | fadd       | fulldsp                  | 7       |
|     fmul_32ns_32ns_32_5_max_dsp_1_U124                                                 | 3   |        | mul93_3_1       | fmul       | maxdsp                   | 4       |
|     fmul_32ns_32ns_32_5_max_dsp_1_U125                                                 | 3   |        | mul93_3_1_1     | fmul       | maxdsp                   | 4       |
|     fmul_32ns_32ns_32_5_max_dsp_1_U126                                                 | 3   |        | mul93_3_1_2     | fmul       | maxdsp                   | 4       |
|     fmul_32ns_32ns_32_5_max_dsp_1_U127                                                 | 3   |        | mul93_3_1_3     | fmul       | maxdsp                   | 4       |
|     sparsemux_21_4_32_1_1_U197                                                         |     |        | tmp_12          | sparsemux  | compactencoding_dontcare | 0       |
|     fadd_32ns_32ns_32_8_full_dsp_1_U69                                                 | 2   |        | accum_173       | fadd       | fulldsp                  | 7       |
|     fmul_32ns_32ns_32_5_max_dsp_1_U128                                                 | 3   |        | mul93_3_2       | fmul       | maxdsp                   | 4       |
|     fmul_32ns_32ns_32_5_max_dsp_1_U129                                                 | 3   |        | mul93_3_2_1     | fmul       | maxdsp                   | 4       |
|     fmul_32ns_32ns_32_5_max_dsp_1_U130                                                 | 3   |        | mul93_3_2_2     | fmul       | maxdsp                   | 4       |
|     fmul_32ns_32ns_32_5_max_dsp_1_U131                                                 | 3   |        | mul93_3_2_3     | fmul       | maxdsp                   | 4       |
|     sparsemux_21_4_32_1_1_U198                                                         |     |        | tmp_13          | sparsemux  | compactencoding_dontcare | 0       |
|     fadd_32ns_32ns_32_8_full_dsp_1_U70                                                 | 2   |        | accum_174       | fadd       | fulldsp                  | 7       |
|     fmul_32ns_32ns_32_5_max_dsp_1_U132                                                 | 3   |        | mul93_3_3       | fmul       | maxdsp                   | 4       |
|     fmul_32ns_32ns_32_5_max_dsp_1_U133                                                 | 3   |        | mul93_3_3_1     | fmul       | maxdsp                   | 4       |
|     fmul_32ns_32ns_32_5_max_dsp_1_U134                                                 | 3   |        | mul93_3_3_2     | fmul       | maxdsp                   | 4       |
|     fmul_32ns_32ns_32_5_max_dsp_1_U135                                                 | 3   |        | mul93_3_3_3     | fmul       | maxdsp                   | 4       |
|     sparsemux_21_4_32_1_1_U199                                                         |     |        | tmp_14          | sparsemux  | compactencoding_dontcare | 0       |
|     fadd_32ns_32ns_32_8_full_dsp_1_U71                                                 | 2   |        | accum_175       | fadd       | fulldsp                  | 7       |
|     add_ln168_1_fu_13008_p2                                                            |     |        | add_ln168_1     | add        | fabric                   | 0       |
|     icmp_ln168_1_fu_13014_p2                                                           |     |        | icmp_ln168_1    | seteq      | auto                     | 0       |
|     select_ln168_fu_13020_p3                                                           |     |        | select_ln168    | select     | auto_sel                 | 0       |
|   + p_anonymous_namespace_compute_weight_batch_Pipeline_VITIS_LOOP_366_15_VITIS_LOOP_s | 0   |        |                 |            |                          |         |
|     icmp_ln366_fu_428_p2                                                               |     |        | icmp_ln366      | seteq      | auto                     | 0       |
|     add_ln366_1_fu_433_p2                                                              |     |        | add_ln366_1     | add        | fabric                   | 0       |
|     add_ln366_fu_449_p2                                                                |     |        | add_ln366       | add        | fabric                   | 0       |
|     icmp_ln367_fu_455_p2                                                               |     |        | icmp_ln367      | seteq      | auto                     | 0       |
|     xor_ln366_fu_461_p2                                                                |     |        | xor_ln366       | xor        | auto                     | 0       |
|     and_ln366_fu_467_p2                                                                |     |        | and_ln366       | and        | auto                     | 0       |
|     select_ln366_fu_473_p3                                                             |     |        | select_ln366    | select     | auto_sel                 | 0       |
|     mw_cast_not_fu_481_p2                                                              |     |        | mw_cast_not     | xor        | auto                     | 0       |
|     first_iter_1_fu_487_p2                                                             |     |        | first_iter_1    | or         | auto                     | 0       |
|     bits_fu_664_p3                                                                     |     |        | bits            | select     | auto_sel                 | 0       |
|     bits_1_fu_671_p3                                                                   |     |        | bits_1          | select     | auto_sel                 | 0       |
|     bits_2_fu_678_p3                                                                   |     |        | bits_2          | select     | auto_sel                 | 0       |
|     bits_3_fu_685_p3                                                                   |     |        | bits_3          | select     | auto_sel                 | 0       |
|     bits_4_fu_692_p3                                                                   |     |        | bits_4          | select     | auto_sel                 | 0       |
|     bits_5_fu_699_p3                                                                   |     |        | bits_5          | select     | auto_sel                 | 0       |
|     bits_6_fu_706_p3                                                                   |     |        | bits_6          | select     | auto_sel                 | 0       |
|     bits_7_fu_713_p3                                                                   |     |        | bits_7          | select     | auto_sel                 | 0       |
|     select_ln367_fu_513_p3                                                             |     |        | select_ln367    | select     | auto_sel                 | 0       |
|  + p_anonymous_namespace_stage_activation                                              | 2   |        |                 |            |                          |         |
|    icmp_ln63_fu_112_p2                                                                 |     |        | icmp_ln63       | setgt      | auto                     | 0       |
|    mul_15s_11ns_15_1_1_U516                                                            | 1   |        | mul_ln63        | mul        | auto                     | 0       |
|    empty_fu_127_p3                                                                     |     |        | empty           | select     | auto_sel                 | 0       |
|    smax_fu_134_p3                                                                      |     |        | smax            | select     | auto_sel                 | 0       |
|    p_add_fu_187_p2                                                                     |     |        | p_add           | add        | fabric                   | 0       |
|   + p_anonymous_namespace_stage_activation_Pipeline_VITIS_LOOP_63_1_VITIS_LOOP_64_2    | 1   |        |                 |            |                          |         |
|     icmp_ln63_fu_207_p2                                                                |     |        | icmp_ln63       | seteq      | auto                     | 0       |
|     add_ln63_1_fu_212_p2                                                               |     |        | add_ln63_1      | add        | fabric                   | 0       |
|     add_ln63_fu_224_p2                                                                 |     |        | add_ln63        | add        | fabric                   | 0       |
|     icmp_ln64_fu_230_p2                                                                |     |        | icmp_ln64       | seteq      | auto                     | 0       |
|     select_ln63_fu_236_p3                                                              |     |        | select_ln63     | select     | auto_sel                 | 0       |
|     select_ln63_1_fu_244_p3                                                            |     |        | select_ln63_1   | select     | auto_sel                 | 0       |
|     mac_muladd_10ns_3ns_10ns_13_4_1_U507                                               | 1   |        | mul_ln66        | mul        | dsp_slice                | 3       |
|     mac_muladd_10ns_3ns_10ns_13_4_1_U507                                               | 1   |        | add_ln66        | add        | dsp_slice                | 3       |
|     add_ln64_fu_270_p2                                                                 |     |        | add_ln64        | add        | fabric                   | 0       |
+----------------------------------------------------------------------------------------+-----+--------+-----------------+------------+--------------------------+---------+


================================================================
== Storage Report
================================================================
+-----------------------------------------------+--------------+-----------+------+------+--------+----------------------------------------+------+---------+------------------+
| Name                                          | Usage        | Type      | BRAM | URAM | Pragma | Variable                               | Impl | Latency | Bitwidth, Depth, |
|                                               |              |           |      |      |        |                                        |      |         | Banks            |
+-----------------------------------------------+--------------+-----------+------+------+--------+----------------------------------------+------+---------+------------------+
| + vision_ffn_down_tile                        |              |           | 54   | 40   |        |                                        |      |         |                  |
|   control_s_axi_U                             | interface    | s_axilite |      |      |        |                                        |      |         |                  |
|   gmem_w_m_axi_U                              | interface    | m_axi     | 8    |      |        |                                        |      |         |                  |
|   gmem_x_m_axi_U                              | interface    | m_axi     | 15   |      |        |                                        |      |         |                  |
|   gmem_y_m_axi_U                              | interface    | m_axi     | 15   |      |        |                                        |      |         |                  |
|   p_ZN12_GLOBAL_N_116activation_cacheE_0_U    | ram_2p       |           |      | 8    | pragma | p_ZN12_GLOBAL_N_116activation_cacheE_0 | uram | 1       | 256, 4304, 1     |
|   p_ZN12_GLOBAL_N_116activation_cacheE_1_U    | ram_2p       |           |      | 8    | pragma | p_ZN12_GLOBAL_N_116activation_cacheE_1 | uram | 1       | 256, 4304, 1     |
|   p_ZN12_GLOBAL_N_116activation_cacheE_2_U    | ram_2p       |           |      | 8    | pragma | p_ZN12_GLOBAL_N_116activation_cacheE_2 | uram | 1       | 256, 4304, 1     |
|   p_ZN12_GLOBAL_N_116activation_cacheE_3_U    | ram_2p       |           |      | 8    | pragma | p_ZN12_GLOBAL_N_116activation_cacheE_3 | uram | 1       | 256, 4304, 1     |
|  + p_anonymous_namespace_compute_weight_batch |              |           | 16   | 8    |        |                                        |      |         |                  |
|    weight_cache_U                             | ram_2p array |           |      | 2    | yes    | weight_cache                           | uram | 1       | 128, 2152, 1     |
|    weight_cache_1_U                           | ram_2p array |           |      | 2    | yes    | weight_cache_1                         | uram | 1       | 128, 2152, 1     |
|    weight_cache_2_U                           | ram_2p array |           |      | 2    | yes    | weight_cache_2                         | uram | 1       | 128, 2152, 1     |
|    weight_cache_3_U                           | ram_2p array |           |      | 2    | yes    | weight_cache_3                         | uram | 1       | 128, 2152, 1     |
|    result_tile_U                              | ram_2p array |           | 1    |      | yes    | result_tile                            | bram | 1       | 32, 32, 1        |
|    result_tile_1_U                            | ram_2p array |           | 1    |      | yes    | result_tile_1                          | bram | 1       | 32, 32, 1        |
|    result_tile_2_U                            | ram_2p array |           | 1    |      | yes    | result_tile_2                          | bram | 1       | 32, 32, 1        |
|    result_tile_3_U                            | ram_2p array |           | 1    |      | yes    | result_tile_3                          | bram | 1       | 32, 32, 1        |
|    result_tile_4_U                            | ram_2p array |           | 1    |      | yes    | result_tile_4                          | bram | 1       | 32, 32, 1        |
|    result_tile_5_U                            | ram_2p array |           | 1    |      | yes    | result_tile_5                          | bram | 1       | 32, 32, 1        |
|    result_tile_6_U                            | ram_2p array |           | 1    |      | yes    | result_tile_6                          | bram | 1       | 32, 32, 1        |
|    result_tile_7_U                            | ram_2p array |           | 1    |      | yes    | result_tile_7                          | bram | 1       | 32, 32, 1        |
|    result_tile_8_U                            | ram_2p array |           | 1    |      | yes    | result_tile_8                          | bram | 1       | 32, 32, 1        |
|    result_tile_9_U                            | ram_2p array |           | 1    |      | yes    | result_tile_9                          | bram | 1       | 32, 32, 1        |
|    result_tile_10_U                           | ram_2p array |           | 1    |      | yes    | result_tile_10                         | bram | 1       | 32, 32, 1        |
|    result_tile_11_U                           | ram_2p array |           | 1    |      | yes    | result_tile_11                         | bram | 1       | 32, 32, 1        |
|    result_tile_12_U                           | ram_2p array |           | 1    |      | yes    | result_tile_12                         | bram | 1       | 32, 32, 1        |
|    result_tile_13_U                           | ram_2p array |           | 1    |      | yes    | result_tile_13                         | bram | 1       | 32, 32, 1        |
|    result_tile_14_U                           | ram_2p array |           | 1    |      | yes    | result_tile_14                         | bram | 1       | 32, 32, 1        |
|    result_tile_15_U                           | ram_2p array |           | 1    |      | yes    | result_tile_15                         | bram | 1       | 32, 32, 1        |
+-----------------------------------------------+--------------+-----------+------+------+--------+----------------------------------------+------+---------+------------------+


================================================================
== Pragma Report
================================================================
* Valid Pragma Syntax
+-----------------+---------------------------------------------------------------------------------------------------------------------------------------+---------------------------------------------------------------------------------------------------------------------------------------------------------------------------------+
| Type            | Options                                                                                                                               | Location                                                                                                                                                                        |
+-----------------+---------------------------------------------------------------------------------------------------------------------------------------+---------------------------------------------------------------------------------------------------------------------------------------------------------------------------------+
| inline          |                                                                                                                                       | ../../home/zhiro/research/kv260-vlm-workers/RM10-A-resource-aware/experiments/rm10_a_resource_aware/source/vision_ffn_down.cpp:26 in half_to_float                              |
| unroll          |                                                                                                                                       | ../../home/zhiro/research/kv260-vlm-workers/RM10-A-resource-aware/experiments/rm10_a_resource_aware/source/vision_ffn_down.cpp:38 in half_to_float                              |
| inline          | off                                                                                                                                   | ../../home/zhiro/research/kv260-vlm-workers/RM10-A-resource-aware/experiments/rm10_a_resource_aware/source/vision_ffn_down.cpp:62 in stage_activation                           |
| pipeline        | II=1                                                                                                                                  | ../../home/zhiro/research/kv260-vlm-workers/RM10-A-resource-aware/experiments/rm10_a_resource_aware/source/vision_ffn_down.cpp:65 in stage_activation                           |
| inline          | off                                                                                                                                   | ../../home/zhiro/research/kv260-vlm-workers/RM10-A-resource-aware/experiments/rm10_a_resource_aware/source/vision_ffn_down.cpp:74 in compute_weight_batch                       |
| array_partition | variable=weight_cache cyclic factor=PE_M dim=1                                                                                        | ../../home/zhiro/research/kv260-vlm-workers/RM10-A-resource-aware/experiments/rm10_a_resource_aware/source/vision_ffn_down.cpp:76 in compute_weight_batch, weight_cache         |
| bind_storage    | variable=weight_cache type=ram_2p impl=uram                                                                                           | ../../home/zhiro/research/kv260-vlm-workers/RM10-A-resource-aware/experiments/rm10_a_resource_aware/source/vision_ffn_down.cpp:77 in compute_weight_batch, weight_cache         |
| pipeline        | II=1                                                                                                                                  | ../../home/zhiro/research/kv260-vlm-workers/RM10-A-resource-aware/experiments/rm10_a_resource_aware/source/vision_ffn_down.cpp:82 in compute_weight_batch                       |
| array_partition | variable=result_tile complete dim=2                                                                                                   | ../../home/zhiro/research/kv260-vlm-workers/RM10-A-resource-aware/experiments/rm10_a_resource_aware/source/vision_ffn_down.cpp:89 in compute_weight_batch, result_tile          |
| bind_storage    | variable=result_tile type=ram_2p impl=bram                                                                                            | ../../home/zhiro/research/kv260-vlm-workers/RM10-A-resource-aware/experiments/rm10_a_resource_aware/source/vision_ffn_down.cpp:90 in compute_weight_batch, result_tile          |
| array_partition | variable=accum complete dim=0                                                                                                         | ../../home/zhiro/research/kv260-vlm-workers/RM10-A-resource-aware/experiments/rm10_a_resource_aware/source/vision_ffn_down.cpp:155 in compute_weight_batch, accum               |
| unroll          |                                                                                                                                       | ../../home/zhiro/research/kv260-vlm-workers/RM10-A-resource-aware/experiments/rm10_a_resource_aware/source/vision_ffn_down.cpp:157 in compute_weight_batch                      |
| unroll          |                                                                                                                                       | ../../home/zhiro/research/kv260-vlm-workers/RM10-A-resource-aware/experiments/rm10_a_resource_aware/source/vision_ffn_down.cpp:159 in compute_weight_batch                      |
| unroll          |                                                                                                                                       | ../../home/zhiro/research/kv260-vlm-workers/RM10-A-resource-aware/experiments/rm10_a_resource_aware/source/vision_ffn_down.cpp:161 in compute_weight_batch                      |
| loop_flatten    | off                                                                                                                                   | ../../home/zhiro/research/kv260-vlm-workers/RM10-A-resource-aware/experiments/rm10_a_resource_aware/source/vision_ffn_down.cpp:167 in compute_weight_batch                      |
| pipeline        | II=1                                                                                                                                  | ../../home/zhiro/research/kv260-vlm-workers/RM10-A-resource-aware/experiments/rm10_a_resource_aware/source/vision_ffn_down.cpp:169 in compute_weight_batch                      |
| dependence      | variable=accum inter true distance=10                                                                                                 | ../../home/zhiro/research/kv260-vlm-workers/RM10-A-resource-aware/experiments/rm10_a_resource_aware/source/vision_ffn_down.cpp:170 in compute_weight_batch, accum               |
| unroll          |                                                                                                                                       | ../../home/zhiro/research/kv260-vlm-workers/RM10-A-resource-aware/experiments/rm10_a_resource_aware/source/vision_ffn_down.cpp:174 in compute_weight_batch                      |
| unroll          |                                                                                                                                       | ../../home/zhiro/research/kv260-vlm-workers/RM10-A-resource-aware/experiments/rm10_a_resource_aware/source/vision_ffn_down.cpp:176 in compute_weight_batch                      |
| array_partition | variable=product complete dim=1                                                                                                       | ../../home/zhiro/research/kv260-vlm-workers/RM10-A-resource-aware/experiments/rm10_a_resource_aware/source/vision_ffn_down.cpp:178 in compute_weight_batch, product             |
| unroll          |                                                                                                                                       | ../../home/zhiro/research/kv260-vlm-workers/RM10-A-resource-aware/experiments/rm10_a_resource_aware/source/vision_ffn_down.cpp:180 in compute_weight_batch                      |
| unroll          |                                                                                                                                       | ../../home/zhiro/research/kv260-vlm-workers/RM10-A-resource-aware/experiments/rm10_a_resource_aware/source/vision_ffn_down.cpp:203 in compute_weight_batch                      |
| unroll          |                                                                                                                                       | ../../home/zhiro/research/kv260-vlm-workers/RM10-A-resource-aware/experiments/rm10_a_resource_aware/source/vision_ffn_down.cpp:205 in compute_weight_batch                      |
| pipeline        | II=1                                                                                                                                  | ../../home/zhiro/research/kv260-vlm-workers/RM10-A-resource-aware/experiments/rm10_a_resource_aware/source/vision_ffn_down.cpp:368 in compute_weight_batch                      |
| unroll          |                                                                                                                                       | ../../home/zhiro/research/kv260-vlm-workers/RM10-A-resource-aware/experiments/rm10_a_resource_aware/source/vision_ffn_down.cpp:371 in compute_weight_batch                      |
| interface       | m_axi port=weight_batch_f16 offset=slave bundle=gmem_w depth=WEIGHT_BATCH_WORDS max_read_burst_length=64 num_read_outstanding=8       | ../../home/zhiro/research/kv260-vlm-workers/RM10-A-resource-aware/experiments/rm10_a_resource_aware/source/vision_ffn_down.cpp:394 in vision_ffn_down_tile, weight_batch_f16    |
| interface       | m_axi port=activation_tile_f32 offset=slave bundle=gmem_x depth=ACTIVATION_TILE_WORDS max_read_burst_length=64 num_read_outstanding=8 | ../../home/zhiro/research/kv260-vlm-workers/RM10-A-resource-aware/experiments/rm10_a_resource_aware/source/vision_ffn_down.cpp:395 in vision_ffn_down_tile, activation_tile_f32 |
| interface       | m_axi port=output_batch_f32 offset=slave bundle=gmem_y depth=OUTPUT_BATCH_WORDS max_write_burst_length=64 num_write_outstanding=8     | ../../home/zhiro/research/kv260-vlm-workers/RM10-A-resource-aware/experiments/rm10_a_resource_aware/source/vision_ffn_down.cpp:396 in vision_ffn_down_tile, output_batch_f32    |
| interface       | s_axilite port=weight_batch_f16 bundle=control                                                                                        | ../../home/zhiro/research/kv260-vlm-workers/RM10-A-resource-aware/experiments/rm10_a_resource_aware/source/vision_ffn_down.cpp:397 in vision_ffn_down_tile, weight_batch_f16    |
| interface       | s_axilite port=activation_tile_f32 bundle=control                                                                                     | ../../home/zhiro/research/kv260-vlm-workers/RM10-A-resource-aware/experiments/rm10_a_resource_aware/source/vision_ffn_down.cpp:398 in vision_ffn_down_tile, activation_tile_f32 |
| interface       | s_axilite port=output_batch_f32 bundle=control                                                                                        | ../../home/zhiro/research/kv260-vlm-workers/RM10-A-resource-aware/experiments/rm10_a_resource_aware/source/vision_ffn_down.cpp:399 in vision_ffn_down_tile, output_batch_f32    |
| interface       | s_axilite port=task bundle=control                                                                                                    | ../../home/zhiro/research/kv260-vlm-workers/RM10-A-resource-aware/experiments/rm10_a_resource_aware/source/vision_ffn_down.cpp:400 in vision_ffn_down_tile, task                |
| interface       | s_axilite port=active_N bundle=control                                                                                                | ../../home/zhiro/research/kv260-vlm-workers/RM10-A-resource-aware/experiments/rm10_a_resource_aware/source/vision_ffn_down.cpp:401 in vision_ffn_down_tile, active_N            |
| interface       | s_axilite port=n_base bundle=control                                                                                                  | ../../home/zhiro/research/kv260-vlm-workers/RM10-A-resource-aware/experiments/rm10_a_resource_aware/source/vision_ffn_down.cpp:402 in vision_ffn_down_tile, n_base              |
| interface       | s_axilite port=m_base bundle=control                                                                                                  | ../../home/zhiro/research/kv260-vlm-workers/RM10-A-resource-aware/experiments/rm10_a_resource_aware/source/vision_ffn_down.cpp:403 in vision_ffn_down_tile, m_base              |
| interface       | s_axilite port=tile_rows bundle=control                                                                                               | ../../home/zhiro/research/kv260-vlm-workers/RM10-A-resource-aware/experiments/rm10_a_resource_aware/source/vision_ffn_down.cpp:404 in vision_ffn_down_tile, tile_rows           |
| interface       | s_axilite port=return bundle=control                                                                                                  | ../../home/zhiro/research/kv260-vlm-workers/RM10-A-resource-aware/experiments/rm10_a_resource_aware/source/vision_ffn_down.cpp:405 in vision_ffn_down_tile, return              |
| array_partition | variable=activation_cache cyclic factor=PE_N dim=1                                                                                    | ../../home/zhiro/research/kv260-vlm-workers/RM10-A-resource-aware/experiments/rm10_a_resource_aware/source/vision_ffn_down.cpp:406 in vision_ffn_down_tile, activation_cache    |
| bind_storage    | variable=activation_cache type=ram_2p impl=uram                                                                                       | ../../home/zhiro/research/kv260-vlm-workers/RM10-A-resource-aware/experiments/rm10_a_resource_aware/source/vision_ffn_down.cpp:407 in vision_ffn_down_tile, activation_cache    |
+-----------------+---------------------------------------------------------------------------------------------------------------------------------------+---------------------------------------------------------------------------------------------------------------------------------------------------------------------------------+


