

================================================================
== Vitis HLS Report for 'p_anonymous_namespace_compute_weight_batch_Pipeline_VITIS_LOOP_168_9'
================================================================
* Date:           Sat Sep 26 01:54:51 2026

* Version:        2024.2 (Build 5238294 on Nov  8 2024)
* Project:        project
* Solution:       solution1 (Vivado IP Flow Target)
* Product family: zynquplus
* Target device:  xck26-sfvc784-2LV-c


================================================================
== Performance Estimates
================================================================
+ Timing: 
    * Summary: 
    +--------+---------+----------+------------+
    |  Clock |  Target | Estimated| Uncertainty|
    +--------+---------+----------+------------+
    |ap_clk  |  5.00 ns|  3.641 ns|     1.35 ns|
    +--------+---------+----------+------------+

+ Latency: 
    * Summary: 
    +---------+---------+----------+----------+------+------+------------------------------------------------+
    |  Latency (cycles) |  Latency (absolute) |   Interval  |                    Pipeline                    |
    |   min   |   max   |    min   |    max   |  min |  max |                      Type                      |
    +---------+---------+----------+----------+------+------+------------------------------------------------+
    |     1111|     1111|  5.555 us|  5.555 us|  1077|  1077|  loop auto-rewind stp (delay=0 clock cycles(s))|
    +---------+---------+----------+----------+------+------+------------------------------------------------+

    + Detail: 
        * Instance: 
        N/A

        * Loop: 
        +--------------------+---------+---------+----------+-----------+-----------+------+----------+
        |                    |  Latency (cycles) | Iteration|  Initiation Interval  | Trip |          |
        |      Loop Name     |   min   |   max   |  Latency |  achieved |   target  | Count| Pipelined|
        +--------------------+---------+---------+----------+-----------+-----------+------+----------+
        |- VITIS_LOOP_168_9  |     1109|     1109|        35|          1|          1|  1076|       yes|
        +--------------------+---------+---------+----------+-----------+-----------+------+----------+



================================================================
== Utilization Estimates
================================================================
* Summary: 
+-----------------+---------+------+--------+--------+-----+
|       Name      | BRAM_18K|  DSP |   FF   |   LUT  | URAM|
+-----------------+---------+------+--------+--------+-----+
|DSP              |        -|     -|       -|       -|    -|
|Expression       |        -|     -|       0|    5425|    -|
|FIFO             |        -|     -|       -|       -|    -|
|Instance         |        -|   224|   14400|   15824|    -|
|Memory           |        -|     -|       -|       -|    -|
|Multiplexer      |        -|     -|       0|    2954|    -|
|Register         |        -|     -|   13694|     768|    -|
+-----------------+---------+------+--------+--------+-----+
|Total            |        0|   224|   28094|   24971|    0|
+-----------------+---------+------+--------+--------+-----+
|Available        |      288|  1248|  234240|  117120|   64|
+-----------------+---------+------+--------+--------+-----+
|Utilization (%)  |        0|    17|      11|      21|    0|
+-----------------+---------+------+--------+--------+-----+

+ Detail: 
    * Instance: 
    +----------------------------------------+-----------------------------------+---------+----+-----+-----+-----+
    |                Instance                |               Module              | BRAM_18K| DSP|  FF | LUT | URAM|
    +----------------------------------------+-----------------------------------+---------+----+-----+-----+-----+
    |fadd_32ns_32ns_32_8_full_dsp_1_U57      |fadd_32ns_32ns_32_8_full_dsp_1     |        0|   2|  296|  239|    0|
    |fadd_32ns_32ns_32_8_full_dsp_1_U58      |fadd_32ns_32ns_32_8_full_dsp_1     |        0|   2|  296|  239|    0|
    |fadd_32ns_32ns_32_8_full_dsp_1_U59      |fadd_32ns_32ns_32_8_full_dsp_1     |        0|   2|  296|  239|    0|
    |fadd_32ns_32ns_32_8_full_dsp_1_U60      |fadd_32ns_32ns_32_8_full_dsp_1     |        0|   2|  296|  239|    0|
    |fadd_32ns_32ns_32_8_full_dsp_1_U61      |fadd_32ns_32ns_32_8_full_dsp_1     |        0|   2|  296|  239|    0|
    |fadd_32ns_32ns_32_8_full_dsp_1_U62      |fadd_32ns_32ns_32_8_full_dsp_1     |        0|   2|  296|  239|    0|
    |fadd_32ns_32ns_32_8_full_dsp_1_U63      |fadd_32ns_32ns_32_8_full_dsp_1     |        0|   2|  296|  239|    0|
    |fadd_32ns_32ns_32_8_full_dsp_1_U64      |fadd_32ns_32ns_32_8_full_dsp_1     |        0|   2|  296|  239|    0|
    |fadd_32ns_32ns_32_8_full_dsp_1_U65      |fadd_32ns_32ns_32_8_full_dsp_1     |        0|   2|  296|  239|    0|
    |fadd_32ns_32ns_32_8_full_dsp_1_U66      |fadd_32ns_32ns_32_8_full_dsp_1     |        0|   2|  296|  239|    0|
    |fadd_32ns_32ns_32_8_full_dsp_1_U67      |fadd_32ns_32ns_32_8_full_dsp_1     |        0|   2|  296|  239|    0|
    |fadd_32ns_32ns_32_8_full_dsp_1_U68      |fadd_32ns_32ns_32_8_full_dsp_1     |        0|   2|  296|  239|    0|
    |fadd_32ns_32ns_32_8_full_dsp_1_U69      |fadd_32ns_32ns_32_8_full_dsp_1     |        0|   2|  296|  239|    0|
    |fadd_32ns_32ns_32_8_full_dsp_1_U70      |fadd_32ns_32ns_32_8_full_dsp_1     |        0|   2|  296|  239|    0|
    |fadd_32ns_32ns_32_8_full_dsp_1_U71      |fadd_32ns_32ns_32_8_full_dsp_1     |        0|   2|  296|  239|    0|
    |fadd_32ns_32ns_32_8_full_dsp_1_U72      |fadd_32ns_32ns_32_8_full_dsp_1     |        0|   2|  296|  239|    0|
    |fmul_32ns_32ns_32_5_max_dsp_1_U73       |fmul_32ns_32ns_32_5_max_dsp_1      |        0|   3|  151|  145|    0|
    |fmul_32ns_32ns_32_5_max_dsp_1_U74       |fmul_32ns_32ns_32_5_max_dsp_1      |        0|   3|  151|  145|    0|
    |fmul_32ns_32ns_32_5_max_dsp_1_U75       |fmul_32ns_32ns_32_5_max_dsp_1      |        0|   3|  151|  145|    0|
    |fmul_32ns_32ns_32_5_max_dsp_1_U76       |fmul_32ns_32ns_32_5_max_dsp_1      |        0|   3|  151|  145|    0|
    |fmul_32ns_32ns_32_5_max_dsp_1_U77       |fmul_32ns_32ns_32_5_max_dsp_1      |        0|   3|  151|  145|    0|
    |fmul_32ns_32ns_32_5_max_dsp_1_U78       |fmul_32ns_32ns_32_5_max_dsp_1      |        0|   3|  151|  145|    0|
    |fmul_32ns_32ns_32_5_max_dsp_1_U79       |fmul_32ns_32ns_32_5_max_dsp_1      |        0|   3|  151|  145|    0|
    |fmul_32ns_32ns_32_5_max_dsp_1_U80       |fmul_32ns_32ns_32_5_max_dsp_1      |        0|   3|  151|  145|    0|
    |fmul_32ns_32ns_32_5_max_dsp_1_U81       |fmul_32ns_32ns_32_5_max_dsp_1      |        0|   3|  151|  145|    0|
    |fmul_32ns_32ns_32_5_max_dsp_1_U82       |fmul_32ns_32ns_32_5_max_dsp_1      |        0|   3|  151|  145|    0|
    |fmul_32ns_32ns_32_5_max_dsp_1_U83       |fmul_32ns_32ns_32_5_max_dsp_1      |        0|   3|  151|  145|    0|
    |fmul_32ns_32ns_32_5_max_dsp_1_U84       |fmul_32ns_32ns_32_5_max_dsp_1      |        0|   3|  151|  145|    0|
    |fmul_32ns_32ns_32_5_max_dsp_1_U85       |fmul_32ns_32ns_32_5_max_dsp_1      |        0|   3|  151|  145|    0|
    |fmul_32ns_32ns_32_5_max_dsp_1_U86       |fmul_32ns_32ns_32_5_max_dsp_1      |        0|   3|  151|  145|    0|
    |fmul_32ns_32ns_32_5_max_dsp_1_U87       |fmul_32ns_32ns_32_5_max_dsp_1      |        0|   3|  151|  145|    0|
    |fmul_32ns_32ns_32_5_max_dsp_1_U88       |fmul_32ns_32ns_32_5_max_dsp_1      |        0|   3|  151|  145|    0|
    |fmul_32ns_32ns_32_5_max_dsp_1_U89       |fmul_32ns_32ns_32_5_max_dsp_1      |        0|   3|  151|  145|    0|
    |fmul_32ns_32ns_32_5_max_dsp_1_U90       |fmul_32ns_32ns_32_5_max_dsp_1      |        0|   3|  151|  145|    0|
    |fmul_32ns_32ns_32_5_max_dsp_1_U91       |fmul_32ns_32ns_32_5_max_dsp_1      |        0|   3|  151|  145|    0|
    |fmul_32ns_32ns_32_5_max_dsp_1_U92       |fmul_32ns_32ns_32_5_max_dsp_1      |        0|   3|  151|  145|    0|
    |fmul_32ns_32ns_32_5_max_dsp_1_U93       |fmul_32ns_32ns_32_5_max_dsp_1      |        0|   3|  151|  145|    0|
    |fmul_32ns_32ns_32_5_max_dsp_1_U94       |fmul_32ns_32ns_32_5_max_dsp_1      |        0|   3|  151|  145|    0|
    |fmul_32ns_32ns_32_5_max_dsp_1_U95       |fmul_32ns_32ns_32_5_max_dsp_1      |        0|   3|  151|  145|    0|
    |fmul_32ns_32ns_32_5_max_dsp_1_U96       |fmul_32ns_32ns_32_5_max_dsp_1      |        0|   3|  151|  145|    0|
    |fmul_32ns_32ns_32_5_max_dsp_1_U97       |fmul_32ns_32ns_32_5_max_dsp_1      |        0|   3|  151|  145|    0|
    |fmul_32ns_32ns_32_5_max_dsp_1_U98       |fmul_32ns_32ns_32_5_max_dsp_1      |        0|   3|  151|  145|    0|
    |fmul_32ns_32ns_32_5_max_dsp_1_U99       |fmul_32ns_32ns_32_5_max_dsp_1      |        0|   3|  151|  145|    0|
    |fmul_32ns_32ns_32_5_max_dsp_1_U100      |fmul_32ns_32ns_32_5_max_dsp_1      |        0|   3|  151|  145|    0|
    |fmul_32ns_32ns_32_5_max_dsp_1_U101      |fmul_32ns_32ns_32_5_max_dsp_1      |        0|   3|  151|  145|    0|
    |fmul_32ns_32ns_32_5_max_dsp_1_U102      |fmul_32ns_32ns_32_5_max_dsp_1      |        0|   3|  151|  145|    0|
    |fmul_32ns_32ns_32_5_max_dsp_1_U103      |fmul_32ns_32ns_32_5_max_dsp_1      |        0|   3|  151|  145|    0|
    |fmul_32ns_32ns_32_5_max_dsp_1_U104      |fmul_32ns_32ns_32_5_max_dsp_1      |        0|   3|  151|  145|    0|
    |fmul_32ns_32ns_32_5_max_dsp_1_U105      |fmul_32ns_32ns_32_5_max_dsp_1      |        0|   3|  151|  145|    0|
    |fmul_32ns_32ns_32_5_max_dsp_1_U106      |fmul_32ns_32ns_32_5_max_dsp_1      |        0|   3|  151|  145|    0|
    |fmul_32ns_32ns_32_5_max_dsp_1_U107      |fmul_32ns_32ns_32_5_max_dsp_1      |        0|   3|  151|  145|    0|
    |fmul_32ns_32ns_32_5_max_dsp_1_U108      |fmul_32ns_32ns_32_5_max_dsp_1      |        0|   3|  151|  145|    0|
    |fmul_32ns_32ns_32_5_max_dsp_1_U109      |fmul_32ns_32ns_32_5_max_dsp_1      |        0|   3|  151|  145|    0|
    |fmul_32ns_32ns_32_5_max_dsp_1_U110      |fmul_32ns_32ns_32_5_max_dsp_1      |        0|   3|  151|  145|    0|
    |fmul_32ns_32ns_32_5_max_dsp_1_U111      |fmul_32ns_32ns_32_5_max_dsp_1      |        0|   3|  151|  145|    0|
    |fmul_32ns_32ns_32_5_max_dsp_1_U112      |fmul_32ns_32ns_32_5_max_dsp_1      |        0|   3|  151|  145|    0|
    |fmul_32ns_32ns_32_5_max_dsp_1_U113      |fmul_32ns_32ns_32_5_max_dsp_1      |        0|   3|  151|  145|    0|
    |fmul_32ns_32ns_32_5_max_dsp_1_U114      |fmul_32ns_32ns_32_5_max_dsp_1      |        0|   3|  151|  145|    0|
    |fmul_32ns_32ns_32_5_max_dsp_1_U115      |fmul_32ns_32ns_32_5_max_dsp_1      |        0|   3|  151|  145|    0|
    |fmul_32ns_32ns_32_5_max_dsp_1_U116      |fmul_32ns_32ns_32_5_max_dsp_1      |        0|   3|  151|  145|    0|
    |fmul_32ns_32ns_32_5_max_dsp_1_U117      |fmul_32ns_32ns_32_5_max_dsp_1      |        0|   3|  151|  145|    0|
    |fmul_32ns_32ns_32_5_max_dsp_1_U118      |fmul_32ns_32ns_32_5_max_dsp_1      |        0|   3|  151|  145|    0|
    |fmul_32ns_32ns_32_5_max_dsp_1_U119      |fmul_32ns_32ns_32_5_max_dsp_1      |        0|   3|  151|  145|    0|
    |fmul_32ns_32ns_32_5_max_dsp_1_U120      |fmul_32ns_32ns_32_5_max_dsp_1      |        0|   3|  151|  145|    0|
    |fmul_32ns_32ns_32_5_max_dsp_1_U121      |fmul_32ns_32ns_32_5_max_dsp_1      |        0|   3|  151|  145|    0|
    |fmul_32ns_32ns_32_5_max_dsp_1_U122      |fmul_32ns_32ns_32_5_max_dsp_1      |        0|   3|  151|  145|    0|
    |fmul_32ns_32ns_32_5_max_dsp_1_U123      |fmul_32ns_32ns_32_5_max_dsp_1      |        0|   3|  151|  145|    0|
    |fmul_32ns_32ns_32_5_max_dsp_1_U124      |fmul_32ns_32ns_32_5_max_dsp_1      |        0|   3|  151|  145|    0|
    |fmul_32ns_32ns_32_5_max_dsp_1_U125      |fmul_32ns_32ns_32_5_max_dsp_1      |        0|   3|  151|  145|    0|
    |fmul_32ns_32ns_32_5_max_dsp_1_U126      |fmul_32ns_32ns_32_5_max_dsp_1      |        0|   3|  151|  145|    0|
    |fmul_32ns_32ns_32_5_max_dsp_1_U127      |fmul_32ns_32ns_32_5_max_dsp_1      |        0|   3|  151|  145|    0|
    |fmul_32ns_32ns_32_5_max_dsp_1_U128      |fmul_32ns_32ns_32_5_max_dsp_1      |        0|   3|  151|  145|    0|
    |fmul_32ns_32ns_32_5_max_dsp_1_U129      |fmul_32ns_32ns_32_5_max_dsp_1      |        0|   3|  151|  145|    0|
    |fmul_32ns_32ns_32_5_max_dsp_1_U130      |fmul_32ns_32ns_32_5_max_dsp_1      |        0|   3|  151|  145|    0|
    |fmul_32ns_32ns_32_5_max_dsp_1_U131      |fmul_32ns_32ns_32_5_max_dsp_1      |        0|   3|  151|  145|    0|
    |fmul_32ns_32ns_32_5_max_dsp_1_U132      |fmul_32ns_32ns_32_5_max_dsp_1      |        0|   3|  151|  145|    0|
    |fmul_32ns_32ns_32_5_max_dsp_1_U133      |fmul_32ns_32ns_32_5_max_dsp_1      |        0|   3|  151|  145|    0|
    |fmul_32ns_32ns_32_5_max_dsp_1_U134      |fmul_32ns_32ns_32_5_max_dsp_1      |        0|   3|  151|  145|    0|
    |fmul_32ns_32ns_32_5_max_dsp_1_U135      |fmul_32ns_32ns_32_5_max_dsp_1      |        0|   3|  151|  145|    0|
    |fmul_32ns_32ns_32_5_max_dsp_1_U136      |fmul_32ns_32ns_32_5_max_dsp_1      |        0|   3|  151|  145|    0|
    |partselect_16ns_128ns_32ns_16_1_1_U137  |partselect_16ns_128ns_32ns_16_1_1  |        0|   0|    0|   34|    0|
    |partselect_16ns_128ns_32ns_16_1_1_U139  |partselect_16ns_128ns_32ns_16_1_1  |        0|   0|    0|   34|    0|
    |partselect_16ns_128ns_32ns_16_1_1_U141  |partselect_16ns_128ns_32ns_16_1_1  |        0|   0|    0|   34|    0|
    |partselect_16ns_128ns_32ns_16_1_1_U143  |partselect_16ns_128ns_32ns_16_1_1  |        0|   0|    0|   34|    0|
    |partselect_16ns_128ns_32ns_16_1_1_U157  |partselect_16ns_128ns_32ns_16_1_1  |        0|   0|    0|   34|    0|
    |partselect_16ns_128ns_32ns_16_1_1_U158  |partselect_16ns_128ns_32ns_16_1_1  |        0|   0|    0|   34|    0|
    |partselect_16ns_128ns_32ns_16_1_1_U159  |partselect_16ns_128ns_32ns_16_1_1  |        0|   0|    0|   34|    0|
    |partselect_16ns_128ns_32ns_16_1_1_U160  |partselect_16ns_128ns_32ns_16_1_1  |        0|   0|    0|   34|    0|
    |partselect_16ns_128ns_32ns_16_1_1_U161  |partselect_16ns_128ns_32ns_16_1_1  |        0|   0|    0|   34|    0|
    |partselect_16ns_128ns_32ns_16_1_1_U162  |partselect_16ns_128ns_32ns_16_1_1  |        0|   0|    0|   34|    0|
    |partselect_16ns_128ns_32ns_16_1_1_U163  |partselect_16ns_128ns_32ns_16_1_1  |        0|   0|    0|   34|    0|
    |partselect_16ns_128ns_32ns_16_1_1_U164  |partselect_16ns_128ns_32ns_16_1_1  |        0|   0|    0|   34|    0|
    |partselect_16ns_128ns_32ns_16_1_1_U165  |partselect_16ns_128ns_32ns_16_1_1  |        0|   0|    0|   34|    0|
    |partselect_16ns_128ns_32ns_16_1_1_U166  |partselect_16ns_128ns_32ns_16_1_1  |        0|   0|    0|   34|    0|
    |partselect_16ns_128ns_32ns_16_1_1_U167  |partselect_16ns_128ns_32ns_16_1_1  |        0|   0|    0|   34|    0|
    |partselect_16ns_128ns_32ns_16_1_1_U168  |partselect_16ns_128ns_32ns_16_1_1  |        0|   0|    0|   34|    0|
    |partselect_32ns_256ns_32ns_32_1_1_U138  |partselect_32ns_256ns_32ns_32_1_1  |        0|   0|    0|   68|    0|
    |partselect_32ns_256ns_32ns_32_1_1_U140  |partselect_32ns_256ns_32ns_32_1_1  |        0|   0|    0|   68|    0|
    |partselect_32ns_256ns_32ns_32_1_1_U142  |partselect_32ns_256ns_32ns_32_1_1  |        0|   0|    0|   68|    0|
    |partselect_32ns_256ns_32ns_32_1_1_U144  |partselect_32ns_256ns_32ns_32_1_1  |        0|   0|    0|   68|    0|
    |partselect_32ns_256ns_32ns_32_1_1_U145  |partselect_32ns_256ns_32ns_32_1_1  |        0|   0|    0|   68|    0|
    |partselect_32ns_256ns_32ns_32_1_1_U146  |partselect_32ns_256ns_32ns_32_1_1  |        0|   0|    0|   68|    0|
    |partselect_32ns_256ns_32ns_32_1_1_U147  |partselect_32ns_256ns_32ns_32_1_1  |        0|   0|    0|   68|    0|
    |partselect_32ns_256ns_32ns_32_1_1_U148  |partselect_32ns_256ns_32ns_32_1_1  |        0|   0|    0|   68|    0|
    |partselect_32ns_256ns_32ns_32_1_1_U149  |partselect_32ns_256ns_32ns_32_1_1  |        0|   0|    0|   68|    0|
    |partselect_32ns_256ns_32ns_32_1_1_U150  |partselect_32ns_256ns_32ns_32_1_1  |        0|   0|    0|   68|    0|
    |partselect_32ns_256ns_32ns_32_1_1_U151  |partselect_32ns_256ns_32ns_32_1_1  |        0|   0|    0|   68|    0|
    |partselect_32ns_256ns_32ns_32_1_1_U152  |partselect_32ns_256ns_32ns_32_1_1  |        0|   0|    0|   68|    0|
    |partselect_32ns_256ns_32ns_32_1_1_U153  |partselect_32ns_256ns_32ns_32_1_1  |        0|   0|    0|   68|    0|
    |partselect_32ns_256ns_32ns_32_1_1_U154  |partselect_32ns_256ns_32ns_32_1_1  |        0|   0|    0|   68|    0|
    |partselect_32ns_256ns_32ns_32_1_1_U155  |partselect_32ns_256ns_32ns_32_1_1  |        0|   0|    0|   68|    0|
    |partselect_32ns_256ns_32ns_32_1_1_U156  |partselect_32ns_256ns_32ns_32_1_1  |        0|   0|    0|   68|    0|
    |sparsemux_21_4_32_1_1_U185              |sparsemux_21_4_32_1_1              |        0|   0|    0|   54|    0|
    |sparsemux_21_4_32_1_1_U186              |sparsemux_21_4_32_1_1              |        0|   0|    0|   54|    0|
    |sparsemux_21_4_32_1_1_U187              |sparsemux_21_4_32_1_1              |        0|   0|    0|   54|    0|
    |sparsemux_21_4_32_1_1_U188              |sparsemux_21_4_32_1_1              |        0|   0|    0|   54|    0|
    |sparsemux_21_4_32_1_1_U189              |sparsemux_21_4_32_1_1              |        0|   0|    0|   54|    0|
    |sparsemux_21_4_32_1_1_U190              |sparsemux_21_4_32_1_1              |        0|   0|    0|   54|    0|
    |sparsemux_21_4_32_1_1_U191              |sparsemux_21_4_32_1_1              |        0|   0|    0|   54|    0|
    |sparsemux_21_4_32_1_1_U192              |sparsemux_21_4_32_1_1              |        0|   0|    0|   54|    0|
    |sparsemux_21_4_32_1_1_U193              |sparsemux_21_4_32_1_1              |        0|   0|    0|   54|    0|
    |sparsemux_21_4_32_1_1_U194              |sparsemux_21_4_32_1_1              |        0|   0|    0|   54|    0|
    |sparsemux_21_4_32_1_1_U195              |sparsemux_21_4_32_1_1              |        0|   0|    0|   54|    0|
    |sparsemux_21_4_32_1_1_U196              |sparsemux_21_4_32_1_1              |        0|   0|    0|   54|    0|
    |sparsemux_21_4_32_1_1_U197              |sparsemux_21_4_32_1_1              |        0|   0|    0|   54|    0|
    |sparsemux_21_4_32_1_1_U198              |sparsemux_21_4_32_1_1              |        0|   0|    0|   54|    0|
    |sparsemux_21_4_32_1_1_U199              |sparsemux_21_4_32_1_1              |        0|   0|    0|   54|    0|
    |sparsemux_21_4_32_1_1_U200              |sparsemux_21_4_32_1_1              |        0|   0|    0|   54|    0|
    |sparsemux_9_3_32_1_1_U169               |sparsemux_9_3_32_1_1               |        0|   0|    0|   14|    0|
    |sparsemux_9_3_32_1_1_U170               |sparsemux_9_3_32_1_1               |        0|   0|    0|   14|    0|
    |sparsemux_9_3_32_1_1_U171               |sparsemux_9_3_32_1_1               |        0|   0|    0|   14|    0|
    |sparsemux_9_3_32_1_1_U172               |sparsemux_9_3_32_1_1               |        0|   0|    0|   14|    0|
    |sparsemux_9_3_32_1_1_U173               |sparsemux_9_3_32_1_1               |        0|   0|    0|   14|    0|
    |sparsemux_9_3_32_1_1_U174               |sparsemux_9_3_32_1_1               |        0|   0|    0|   14|    0|
    |sparsemux_9_3_32_1_1_U175               |sparsemux_9_3_32_1_1               |        0|   0|    0|   14|    0|
    |sparsemux_9_3_32_1_1_U176               |sparsemux_9_3_32_1_1               |        0|   0|    0|   14|    0|
    |sparsemux_9_3_32_1_1_U177               |sparsemux_9_3_32_1_1               |        0|   0|    0|   14|    0|
    |sparsemux_9_3_32_1_1_U178               |sparsemux_9_3_32_1_1               |        0|   0|    0|   14|    0|
    |sparsemux_9_3_32_1_1_U179               |sparsemux_9_3_32_1_1               |        0|   0|    0|   14|    0|
    |sparsemux_9_3_32_1_1_U180               |sparsemux_9_3_32_1_1               |        0|   0|    0|   14|    0|
    |sparsemux_9_3_32_1_1_U181               |sparsemux_9_3_32_1_1               |        0|   0|    0|   14|    0|
    |sparsemux_9_3_32_1_1_U182               |sparsemux_9_3_32_1_1               |        0|   0|    0|   14|    0|
    |sparsemux_9_3_32_1_1_U183               |sparsemux_9_3_32_1_1               |        0|   0|    0|   14|    0|
    |sparsemux_9_3_32_1_1_U184               |sparsemux_9_3_32_1_1               |        0|   0|    0|   14|    0|
    +----------------------------------------+-----------------------------------+---------+----+-----+-----+-----+
    |Total                                   |                                   |        0| 224|14400|15824|    0|
    +----------------------------------------+-----------------------------------+---------+----+-----+-----+-----+

    * DSP: 
    N/A

    * Memory: 
    N/A

    * FIFO: 
    N/A

    * Expression: 
    +------------------------------+----------+----+---+----+------------+------------+
    |         Variable Name        | Operation| DSP| FF| LUT| Bitwidth P0| Bitwidth P1|
    +------------------------------+----------+----+---+----+------------+------------+
    |add_ln168_1_fu_13008_p2       |         +|   0|  0|  18|          11|           1|
    |add_ln186_fu_3792_p2          |         +|   0|  0|  19|          12|          12|
    |add_ln189_fu_3778_p2          |         +|   0|  0|  20|          13|          13|
    |add_ln39_100_fu_8782_p2       |         +|   0|  0|  10|           3|           1|
    |add_ln39_101_fu_8818_p2       |         +|   0|  0|  10|           3|           1|
    |add_ln39_102_fu_8844_p2       |         +|   0|  0|  12|           4|           1|
    |add_ln39_103_fu_12401_p2      |         +|   0|  0|  12|           4|           1|
    |add_ln39_104_fu_12435_p2      |         +|   0|  0|  12|           4|           1|
    |add_ln39_105_fu_6577_p2       |         +|   0|  0|  10|           3|           1|
    |add_ln39_106_fu_8883_p2       |         +|   0|  0|  10|           3|           1|
    |add_ln39_107_fu_8917_p2       |         +|   0|  0|  10|           3|           1|
    |add_ln39_108_fu_8953_p2       |         +|   0|  0|  10|           3|           1|
    |add_ln39_109_fu_8979_p2       |         +|   0|  0|  12|           4|           1|
    |add_ln39_10_fu_7063_p2        |         +|   0|  0|  10|           3|           1|
    |add_ln39_110_fu_12634_p2      |         +|   0|  0|  12|           4|           1|
    |add_ln39_111_fu_12668_p2      |         +|   0|  0|  12|           4|           1|
    |add_ln39_112_fu_6749_p2       |         +|   0|  0|  10|           3|           1|
    |add_ln39_113_fu_9018_p2       |         +|   0|  0|  10|           3|           1|
    |add_ln39_114_fu_9052_p2       |         +|   0|  0|  10|           3|           1|
    |add_ln39_115_fu_9088_p2       |         +|   0|  0|  10|           3|           1|
    |add_ln39_116_fu_9114_p2       |         +|   0|  0|  12|           4|           1|
    |add_ln39_117_fu_12867_p2      |         +|   0|  0|  12|           4|           1|
    |add_ln39_118_fu_12901_p2      |         +|   0|  0|  12|           4|           1|
    |add_ln39_11_fu_7089_p2        |         +|   0|  0|  12|           4|           1|
    |add_ln39_12_fu_9379_p2        |         +|   0|  0|  12|           4|           1|
    |add_ln39_13_fu_9413_p2        |         +|   0|  0|  12|           4|           1|
    |add_ln39_14_fu_4226_p2        |         +|   0|  0|  10|           3|           1|
    |add_ln39_15_fu_7128_p2        |         +|   0|  0|  10|           3|           1|
    |add_ln39_16_fu_7162_p2        |         +|   0|  0|  10|           3|           1|
    |add_ln39_17_fu_7198_p2        |         +|   0|  0|  10|           3|           1|
    |add_ln39_18_fu_7224_p2        |         +|   0|  0|  12|           4|           1|
    |add_ln39_19_fu_9612_p2        |         +|   0|  0|  12|           4|           1|
    |add_ln39_1_fu_6924_p2         |         +|   0|  0|  10|           3|           1|
    |add_ln39_20_fu_9646_p2        |         +|   0|  0|  12|           4|           1|
    |add_ln39_21_fu_4428_p2        |         +|   0|  0|  10|           3|           1|
    |add_ln39_22_fu_7263_p2        |         +|   0|  0|  10|           3|           1|
    |add_ln39_23_fu_7297_p2        |         +|   0|  0|  10|           3|           1|
    |add_ln39_24_fu_7333_p2        |         +|   0|  0|  10|           3|           1|
    |add_ln39_25_fu_7359_p2        |         +|   0|  0|  12|           4|           1|
    |add_ln39_26_fu_9845_p2        |         +|   0|  0|  12|           4|           1|
    |add_ln39_27_fu_9879_p2        |         +|   0|  0|  12|           4|           1|
    |add_ln39_28_fu_4589_p2        |         +|   0|  0|  10|           3|           1|
    |add_ln39_29_fu_7398_p2        |         +|   0|  0|  10|           3|           1|
    |add_ln39_2_fu_6946_p2         |         +|   0|  0|  10|           3|           1|
    |add_ln39_30_fu_7432_p2        |         +|   0|  0|  10|           3|           1|
    |add_ln39_31_fu_7468_p2        |         +|   0|  0|  10|           3|           1|
    |add_ln39_32_fu_7494_p2        |         +|   0|  0|  12|           4|           1|
    |add_ln39_33_fu_10071_p2       |         +|   0|  0|  12|           4|           1|
    |add_ln39_34_fu_10105_p2       |         +|   0|  0|  12|           4|           1|
    |add_ln39_35_fu_4857_p2        |         +|   0|  0|  10|           3|           1|
    |add_ln39_36_fu_7533_p2        |         +|   0|  0|  10|           3|           1|
    |add_ln39_37_fu_7567_p2        |         +|   0|  0|  10|           3|           1|
    |add_ln39_38_fu_7603_p2        |         +|   0|  0|  10|           3|           1|
    |add_ln39_39_fu_7629_p2        |         +|   0|  0|  12|           4|           1|
    |add_ln39_3_fu_9167_p2         |         +|   0|  0|  10|           3|           1|
    |add_ln39_40_fu_10304_p2       |         +|   0|  0|  12|           4|           1|
    |add_ln39_41_fu_10338_p2       |         +|   0|  0|  12|           4|           1|
    |add_ln39_42_fu_5029_p2        |         +|   0|  0|  10|           3|           1|
    |add_ln39_43_fu_7668_p2        |         +|   0|  0|  10|           3|           1|
    |add_ln39_44_fu_7702_p2        |         +|   0|  0|  10|           3|           1|
    |add_ln39_45_fu_7738_p2        |         +|   0|  0|  10|           3|           1|
    |add_ln39_46_fu_7764_p2        |         +|   0|  0|  12|           4|           1|
    |add_ln39_47_fu_10537_p2       |         +|   0|  0|  12|           4|           1|
    |add_ln39_48_fu_10571_p2       |         +|   0|  0|  12|           4|           1|
    |add_ln39_49_fu_5201_p2        |         +|   0|  0|  10|           3|           1|
    |add_ln39_4_fu_9205_p2         |         +|   0|  0|  12|           4|           1|
    |add_ln39_50_fu_7803_p2        |         +|   0|  0|  10|           3|           1|
    |add_ln39_51_fu_7837_p2        |         +|   0|  0|  10|           3|           1|
    |add_ln39_52_fu_7873_p2        |         +|   0|  0|  10|           3|           1|
    |add_ln39_53_fu_7899_p2        |         +|   0|  0|  12|           4|           1|
    |add_ln39_54_fu_10770_p2       |         +|   0|  0|  12|           4|           1|
    |add_ln39_55_fu_10804_p2       |         +|   0|  0|  12|           4|           1|
    |add_ln39_56_fu_5373_p2        |         +|   0|  0|  10|           3|           1|
    |add_ln39_57_fu_7938_p2        |         +|   0|  0|  10|           3|           1|
    |add_ln39_58_fu_7972_p2        |         +|   0|  0|  10|           3|           1|
    |add_ln39_59_fu_8008_p2        |         +|   0|  0|  10|           3|           1|
    |add_ln39_5_fu_9241_p2         |         +|   0|  0|  12|           4|           1|
    |add_ln39_60_fu_8034_p2        |         +|   0|  0|  12|           4|           1|
    |add_ln39_61_fu_11003_p2       |         +|   0|  0|  12|           4|           1|
    |add_ln39_62_fu_11037_p2       |         +|   0|  0|  12|           4|           1|
    |add_ln39_63_fu_5545_p2        |         +|   0|  0|  10|           3|           1|
    |add_ln39_64_fu_8073_p2        |         +|   0|  0|  10|           3|           1|
    |add_ln39_65_fu_8107_p2        |         +|   0|  0|  10|           3|           1|
    |add_ln39_66_fu_8143_p2        |         +|   0|  0|  10|           3|           1|
    |add_ln39_67_fu_8169_p2        |         +|   0|  0|  12|           4|           1|
    |add_ln39_68_fu_11236_p2       |         +|   0|  0|  12|           4|           1|
    |add_ln39_69_fu_11270_p2       |         +|   0|  0|  12|           4|           1|
    |add_ln39_6_fu_13043_p2        |         +|   0|  0|  12|           4|           1|
    |add_ln39_70_fu_5717_p2        |         +|   0|  0|  10|           3|           1|
    |add_ln39_71_fu_8208_p2        |         +|   0|  0|  10|           3|           1|
    |add_ln39_72_fu_8242_p2        |         +|   0|  0|  10|           3|           1|
    |add_ln39_73_fu_8278_p2        |         +|   0|  0|  10|           3|           1|
    |add_ln39_74_fu_8304_p2        |         +|   0|  0|  12|           4|           1|
    |add_ln39_75_fu_11469_p2       |         +|   0|  0|  12|           4|           1|
    |add_ln39_76_fu_11503_p2       |         +|   0|  0|  12|           4|           1|
    |add_ln39_77_fu_5889_p2        |         +|   0|  0|  10|           3|           1|
    |add_ln39_78_fu_8343_p2        |         +|   0|  0|  10|           3|           1|
    |add_ln39_79_fu_8377_p2        |         +|   0|  0|  10|           3|           1|
    |add_ln39_7_fu_4024_p2         |         +|   0|  0|  10|           3|           1|
    |add_ln39_80_fu_8413_p2        |         +|   0|  0|  10|           3|           1|
    |add_ln39_81_fu_8439_p2        |         +|   0|  0|  12|           4|           1|
    |add_ln39_82_fu_11702_p2       |         +|   0|  0|  12|           4|           1|
    |add_ln39_83_fu_11736_p2       |         +|   0|  0|  12|           4|           1|
    |add_ln39_84_fu_6061_p2        |         +|   0|  0|  10|           3|           1|
    |add_ln39_85_fu_8478_p2        |         +|   0|  0|  10|           3|           1|
    |add_ln39_86_fu_8512_p2        |         +|   0|  0|  10|           3|           1|
    |add_ln39_87_fu_8548_p2        |         +|   0|  0|  10|           3|           1|
    |add_ln39_88_fu_8574_p2        |         +|   0|  0|  12|           4|           1|
    |add_ln39_89_fu_11935_p2       |         +|   0|  0|  12|           4|           1|
    |add_ln39_8_fu_6993_p2         |         +|   0|  0|  10|           3|           1|
    |add_ln39_90_fu_11969_p2       |         +|   0|  0|  12|           4|           1|
    |add_ln39_91_fu_6233_p2        |         +|   0|  0|  10|           3|           1|
    |add_ln39_92_fu_8613_p2        |         +|   0|  0|  10|           3|           1|
    |add_ln39_93_fu_8647_p2        |         +|   0|  0|  10|           3|           1|
    |add_ln39_94_fu_8683_p2        |         +|   0|  0|  10|           3|           1|
    |add_ln39_95_fu_8709_p2        |         +|   0|  0|  12|           4|           1|
    |add_ln39_96_fu_12168_p2       |         +|   0|  0|  12|           4|           1|
    |add_ln39_97_fu_12202_p2       |         +|   0|  0|  12|           4|           1|
    |add_ln39_98_fu_6405_p2        |         +|   0|  0|  10|           3|           1|
    |add_ln39_99_fu_8748_p2        |         +|   0|  0|  10|           3|           1|
    |add_ln39_9_fu_7027_p2         |         +|   0|  0|  10|           3|           1|
    |add_ln39_fu_6888_p2           |         +|   0|  0|  10|           3|           1|
    |add_ln51_10_fu_11395_p2       |         +|   0|  0|  38|          31|          30|
    |add_ln51_11_fu_11628_p2       |         +|   0|  0|  38|          31|          30|
    |add_ln51_12_fu_11861_p2       |         +|   0|  0|  38|          31|          30|
    |add_ln51_13_fu_12094_p2       |         +|   0|  0|  38|          31|          30|
    |add_ln51_14_fu_12327_p2       |         +|   0|  0|  38|          31|          30|
    |add_ln51_15_fu_12560_p2       |         +|   0|  0|  38|          31|          30|
    |add_ln51_16_fu_12793_p2       |         +|   0|  0|  38|          31|          30|
    |add_ln51_1_fu_9305_p2         |         +|   0|  0|  38|          31|          30|
    |add_ln51_2_fu_9538_p2         |         +|   0|  0|  38|          31|          30|
    |add_ln51_3_fu_9771_p2         |         +|   0|  0|  38|          31|          30|
    |add_ln51_4_fu_9997_p2         |         +|   0|  0|  38|          31|          30|
    |add_ln51_5_fu_10230_p2        |         +|   0|  0|  38|          31|          30|
    |add_ln51_6_fu_10463_p2        |         +|   0|  0|  38|          31|          30|
    |add_ln51_7_fu_10696_p2        |         +|   0|  0|  38|          31|          30|
    |add_ln51_8_fu_10929_p2        |         +|   0|  0|  38|          31|          30|
    |add_ln51_9_fu_11162_p2        |         +|   0|  0|  38|          31|          30|
    |add_ln51_fu_13091_p2          |         +|   0|  0|  38|          31|          30|
    |group_2_fu_3750_p2            |         +|   0|  0|  18|          11|           1|
    |sub_ln45_10_fu_11521_p2       |         -|   0|  0|  13|           5|           6|
    |sub_ln45_11_fu_11754_p2       |         -|   0|  0|  13|           5|           6|
    |sub_ln45_12_fu_11987_p2       |         -|   0|  0|  13|           5|           6|
    |sub_ln45_13_fu_12220_p2       |         -|   0|  0|  13|           5|           6|
    |sub_ln45_14_fu_12453_p2       |         -|   0|  0|  13|           5|           6|
    |sub_ln45_15_fu_12686_p2       |         -|   0|  0|  13|           5|           6|
    |sub_ln45_16_fu_12919_p2       |         -|   0|  0|  13|           5|           6|
    |sub_ln45_1_fu_9431_p2         |         -|   0|  0|  13|           5|           6|
    |sub_ln45_2_fu_9664_p2         |         -|   0|  0|  13|           5|           6|
    |sub_ln45_3_fu_9897_p2         |         -|   0|  0|  13|           5|           6|
    |sub_ln45_4_fu_10123_p2        |         -|   0|  0|  13|           5|           6|
    |sub_ln45_5_fu_10356_p2        |         -|   0|  0|  13|           5|           6|
    |sub_ln45_6_fu_10589_p2        |         -|   0|  0|  13|           5|           6|
    |sub_ln45_7_fu_10822_p2        |         -|   0|  0|  13|           5|           6|
    |sub_ln45_8_fu_11055_p2        |         -|   0|  0|  13|           5|           6|
    |sub_ln45_9_fu_11288_p2        |         -|   0|  0|  13|           5|           6|
    |sub_ln45_fu_13058_p2          |         -|   0|  0|  13|           5|           6|
    |and_ln32_10_fu_11804_p2       |       and|   0|  0|   2|           1|           1|
    |and_ln32_11_fu_12037_p2       |       and|   0|  0|   2|           1|           1|
    |and_ln32_12_fu_12270_p2       |       and|   0|  0|   2|           1|           1|
    |and_ln32_13_fu_12503_p2       |       and|   0|  0|   2|           1|           1|
    |and_ln32_14_fu_12736_p2       |       and|   0|  0|   2|           1|           1|
    |and_ln32_15_fu_12969_p2       |       and|   0|  0|   2|           1|           1|
    |and_ln32_1_fu_9714_p2         |       and|   0|  0|   2|           1|           1|
    |and_ln32_2_fu_9947_p2         |       and|   0|  0|   2|           1|           1|
    |and_ln32_3_fu_10173_p2        |       and|   0|  0|   2|           1|           1|
    |and_ln32_4_fu_10406_p2        |       and|   0|  0|   2|           1|           1|
    |and_ln32_5_fu_10639_p2        |       and|   0|  0|   2|           1|           1|
    |and_ln32_6_fu_10872_p2        |       and|   0|  0|   2|           1|           1|
    |and_ln32_7_fu_11105_p2        |       and|   0|  0|   2|           1|           1|
    |and_ln32_8_fu_11338_p2        |       and|   0|  0|   2|           1|           1|
    |and_ln32_9_fu_11571_p2        |       and|   0|  0|   2|           1|           1|
    |and_ln32_fu_9481_p2           |       and|   0|  0|   2|           1|           1|
    |ap_condition_16408            |       and|   0|  0|   2|           1|           1|
    |ap_condition_16426            |       and|   0|  0|   2|           1|           1|
    |ap_predicate_pred8282_state5  |       and|   0|  0|   2|           1|           1|
    |ap_predicate_pred8293_state5  |       and|   0|  0|   2|           1|           1|
    |ap_predicate_pred8299_state5  |       and|   0|  0|   2|           1|           1|
    |ap_predicate_pred8307_state4  |       and|   0|  0|   2|           1|           1|
    |icmp_ln168_1_fu_13014_p2      |      icmp|   0|  0|  18|          11|           4|
    |icmp_ln168_fu_3744_p2         |      icmp|   0|  0|  18|          11|          11|
    |icmp_ln31_10_fu_10624_p2      |      icmp|   0|  0|  12|           5|           2|
    |icmp_ln31_11_fu_10629_p2      |      icmp|   0|  0|  12|           5|           1|
    |icmp_ln31_12_fu_10857_p2      |      icmp|   0|  0|  12|           5|           2|
    |icmp_ln31_13_fu_10862_p2      |      icmp|   0|  0|  12|           5|           1|
    |icmp_ln31_14_fu_11090_p2      |      icmp|   0|  0|  12|           5|           2|
    |icmp_ln31_15_fu_11095_p2      |      icmp|   0|  0|  12|           5|           1|
    |icmp_ln31_16_fu_11323_p2      |      icmp|   0|  0|  12|           5|           2|
    |icmp_ln31_17_fu_11328_p2      |      icmp|   0|  0|  12|           5|           1|
    |icmp_ln31_18_fu_11556_p2      |      icmp|   0|  0|  12|           5|           2|
    |icmp_ln31_19_fu_11561_p2      |      icmp|   0|  0|  12|           5|           1|
    |icmp_ln31_1_fu_9471_p2        |      icmp|   0|  0|  12|           5|           1|
    |icmp_ln31_20_fu_11789_p2      |      icmp|   0|  0|  12|           5|           2|
    |icmp_ln31_21_fu_11794_p2      |      icmp|   0|  0|  12|           5|           1|
    |icmp_ln31_22_fu_12022_p2      |      icmp|   0|  0|  12|           5|           2|
    |icmp_ln31_23_fu_12027_p2      |      icmp|   0|  0|  12|           5|           1|
    |icmp_ln31_24_fu_12255_p2      |      icmp|   0|  0|  12|           5|           2|
    |icmp_ln31_25_fu_12260_p2      |      icmp|   0|  0|  12|           5|           1|
    |icmp_ln31_26_fu_12488_p2      |      icmp|   0|  0|  12|           5|           2|
    |icmp_ln31_27_fu_12493_p2      |      icmp|   0|  0|  12|           5|           1|
    |icmp_ln31_28_fu_12721_p2      |      icmp|   0|  0|  12|           5|           2|
    |icmp_ln31_29_fu_12726_p2      |      icmp|   0|  0|  12|           5|           1|
    |icmp_ln31_2_fu_9699_p2        |      icmp|   0|  0|  12|           5|           2|
    |icmp_ln31_30_fu_12954_p2      |      icmp|   0|  0|  12|           5|           2|
    |icmp_ln31_31_fu_12959_p2      |      icmp|   0|  0|  12|           5|           1|
    |icmp_ln31_3_fu_9704_p2        |      icmp|   0|  0|  12|           5|           1|
    |icmp_ln31_4_fu_9932_p2        |      icmp|   0|  0|  12|           5|           2|
    |icmp_ln31_5_fu_9937_p2        |      icmp|   0|  0|  12|           5|           1|
    |icmp_ln31_6_fu_10158_p2       |      icmp|   0|  0|  12|           5|           2|
    |icmp_ln31_7_fu_10163_p2       |      icmp|   0|  0|  12|           5|           1|
    |icmp_ln31_8_fu_10391_p2       |      icmp|   0|  0|  12|           5|           2|
    |icmp_ln31_9_fu_10396_p2       |      icmp|   0|  0|  12|           5|           1|
    |icmp_ln31_fu_9466_p2          |      icmp|   0|  0|  12|           5|           2|
    |icmp_ln32_10_fu_10401_p2      |      icmp|   0|  0|  17|          10|           1|
    |icmp_ln32_11_fu_5071_p2       |      icmp|   0|  0|  17|          10|           1|
    |icmp_ln32_12_fu_10634_p2      |      icmp|   0|  0|  17|          10|           1|
    |icmp_ln32_13_fu_5243_p2       |      icmp|   0|  0|  17|          10|           1|
    |icmp_ln32_14_fu_10867_p2      |      icmp|   0|  0|  17|          10|           1|
    |icmp_ln32_15_fu_5415_p2       |      icmp|   0|  0|  17|          10|           1|
    |icmp_ln32_16_fu_11100_p2      |      icmp|   0|  0|  17|          10|           1|
    |icmp_ln32_17_fu_5587_p2       |      icmp|   0|  0|  17|          10|           1|
    |icmp_ln32_18_fu_11333_p2      |      icmp|   0|  0|  17|          10|           1|
    |icmp_ln32_19_fu_5759_p2       |      icmp|   0|  0|  17|          10|           1|
    |icmp_ln32_1_fu_4066_p2        |      icmp|   0|  0|  17|          10|           1|
    |icmp_ln32_20_fu_11566_p2      |      icmp|   0|  0|  17|          10|           1|
    |icmp_ln32_21_fu_5931_p2       |      icmp|   0|  0|  17|          10|           1|
    |icmp_ln32_22_fu_11799_p2      |      icmp|   0|  0|  17|          10|           1|
    |icmp_ln32_23_fu_6103_p2       |      icmp|   0|  0|  17|          10|           1|
    |icmp_ln32_24_fu_12032_p2      |      icmp|   0|  0|  17|          10|           1|
    |icmp_ln32_25_fu_6275_p2       |      icmp|   0|  0|  17|          10|           1|
    |icmp_ln32_26_fu_12265_p2      |      icmp|   0|  0|  17|          10|           1|
    |icmp_ln32_27_fu_6447_p2       |      icmp|   0|  0|  17|          10|           1|
    |icmp_ln32_28_fu_12498_p2      |      icmp|   0|  0|  17|          10|           1|
    |icmp_ln32_29_fu_6619_p2       |      icmp|   0|  0|  17|          10|           1|
    |icmp_ln32_2_fu_9476_p2        |      icmp|   0|  0|  17|          10|           1|
    |icmp_ln32_30_fu_12731_p2      |      icmp|   0|  0|  17|          10|           1|
    |icmp_ln32_31_fu_6791_p2       |      icmp|   0|  0|  17|          10|           1|
    |icmp_ln32_32_fu_12964_p2      |      icmp|   0|  0|  17|          10|           1|
    |icmp_ln32_3_fu_4268_p2        |      icmp|   0|  0|  17|          10|           1|
    |icmp_ln32_4_fu_9709_p2        |      icmp|   0|  0|  17|          10|           1|
    |icmp_ln32_5_fu_4470_p2        |      icmp|   0|  0|  17|          10|           1|
    |icmp_ln32_6_fu_9942_p2        |      icmp|   0|  0|  17|          10|           1|
    |icmp_ln32_7_fu_4631_p2        |      icmp|   0|  0|  17|          10|           1|
    |icmp_ln32_8_fu_10168_p2       |      icmp|   0|  0|  17|          10|           1|
    |icmp_ln32_9_fu_4899_p2        |      icmp|   0|  0|  17|          10|           1|
    |icmp_ln32_fu_3852_p2          |      icmp|   0|  0|  17|          10|           1|
    |or_ln32_10_fu_5907_p2         |        or|   0|  0|   5|           5|           5|
    |or_ln32_11_fu_6079_p2         |        or|   0|  0|   5|           5|           5|
    |or_ln32_12_fu_6251_p2         |        or|   0|  0|   5|           5|           5|
    |or_ln32_13_fu_6423_p2         |        or|   0|  0|   5|           5|           5|
    |or_ln32_14_fu_6595_p2         |        or|   0|  0|   5|           5|           5|
    |or_ln32_15_fu_6767_p2         |        or|   0|  0|   5|           5|           5|
    |or_ln32_1_fu_4244_p2          |        or|   0|  0|   5|           5|           5|
    |or_ln32_2_fu_4446_p2          |        or|   0|  0|   5|           5|           5|
    |or_ln32_3_fu_4607_p2          |        or|   0|  0|   5|           5|           5|
    |or_ln32_4_fu_4875_p2          |        or|   0|  0|   5|           5|           5|
    |or_ln32_5_fu_5047_p2          |        or|   0|  0|   5|           5|           5|
    |or_ln32_6_fu_5219_p2          |        or|   0|  0|   5|           5|           5|
    |or_ln32_7_fu_5391_p2          |        or|   0|  0|   5|           5|           5|
    |or_ln32_8_fu_5563_p2          |        or|   0|  0|   5|           5|           5|
    |or_ln32_9_fu_5735_p2          |        or|   0|  0|   5|           5|           5|
    |or_ln32_fu_4042_p2            |        or|   0|  0|   5|           5|           5|
    |normalized_106_fu_4791_p3     |    select|   0|  0|  10|           1|          11|
    |normalized_108_fu_4829_p3     |    select|   0|  0|  10|           1|          11|
    |normalized_110_fu_7505_p3     |    select|   0|  0|  10|           1|          11|
    |normalized_112_fu_7525_p3     |    select|   0|  0|  10|           1|          11|
    |normalized_114_fu_7559_p3     |    select|   0|  0|  10|           1|          11|
    |normalized_116_fu_7595_p3     |    select|   0|  0|  10|           1|          11|
    |normalized_118_fu_10271_p3    |    select|   0|  0|  10|           1|          11|
    |normalized_11_fu_9139_p3      |    select|   0|  0|  10|           1|          11|
    |normalized_120_fu_10296_p3    |    select|   0|  0|  10|           1|          11|
    |normalized_125_fu_4963_p3     |    select|   0|  0|  10|           1|          11|
    |normalized_127_fu_5001_p3     |    select|   0|  0|  10|           1|          11|
    |normalized_129_fu_7640_p3     |    select|   0|  0|  10|           1|          11|
    |normalized_131_fu_7660_p3     |    select|   0|  0|  10|           1|          11|
    |normalized_133_fu_7694_p3     |    select|   0|  0|  10|           1|          11|
    |normalized_135_fu_7730_p3     |    select|   0|  0|  10|           1|          11|
    |normalized_137_fu_10504_p3    |    select|   0|  0|  10|           1|          11|
    |normalized_139_fu_10529_p3    |    select|   0|  0|  10|           1|          11|
    |normalized_13_fu_9159_p3      |    select|   0|  0|  10|           1|          11|
    |normalized_144_fu_5135_p3     |    select|   0|  0|  10|           1|          11|
    |normalized_146_fu_5173_p3     |    select|   0|  0|  10|           1|          11|
    |normalized_148_fu_7775_p3     |    select|   0|  0|  10|           1|          11|
    |normalized_150_fu_7795_p3     |    select|   0|  0|  10|           1|          11|
    |normalized_152_fu_7829_p3     |    select|   0|  0|  10|           1|          11|
    |normalized_154_fu_7865_p3     |    select|   0|  0|  10|           1|          11|
    |normalized_156_fu_10737_p3    |    select|   0|  0|  10|           1|          11|
    |normalized_158_fu_10762_p3    |    select|   0|  0|  10|           1|          11|
    |normalized_15_fu_9197_p3      |    select|   0|  0|  10|           1|          11|
    |normalized_163_fu_5307_p3     |    select|   0|  0|  10|           1|          11|
    |normalized_165_fu_5345_p3     |    select|   0|  0|  10|           1|          11|
    |normalized_167_fu_7910_p3     |    select|   0|  0|  10|           1|          11|
    |normalized_169_fu_7930_p3     |    select|   0|  0|  10|           1|          11|
    |normalized_171_fu_7964_p3     |    select|   0|  0|  10|           1|          11|
    |normalized_173_fu_8000_p3     |    select|   0|  0|  10|           1|          11|
    |normalized_175_fu_10970_p3    |    select|   0|  0|  10|           1|          11|
    |normalized_177_fu_10995_p3    |    select|   0|  0|  10|           1|          11|
    |normalized_17_fu_9233_p3      |    select|   0|  0|  10|           1|          11|
    |normalized_194_fu_5479_p3     |    select|   0|  0|  10|           1|          11|
    |normalized_196_fu_5517_p3     |    select|   0|  0|  10|           1|          11|
    |normalized_198_fu_8045_p3     |    select|   0|  0|  10|           1|          11|
    |normalized_200_fu_8065_p3     |    select|   0|  0|  10|           1|          11|
    |normalized_202_fu_8099_p3     |    select|   0|  0|  10|           1|          11|
    |normalized_204_fu_8135_p3     |    select|   0|  0|  10|           1|          11|
    |normalized_206_fu_11203_p3    |    select|   0|  0|  10|           1|          11|
    |normalized_208_fu_11228_p3    |    select|   0|  0|  10|           1|          11|
    |normalized_213_fu_5651_p3     |    select|   0|  0|  10|           1|          11|
    |normalized_215_fu_5689_p3     |    select|   0|  0|  10|           1|          11|
    |normalized_217_fu_8180_p3     |    select|   0|  0|  10|           1|          11|
    |normalized_219_fu_8200_p3     |    select|   0|  0|  10|           1|          11|
    |normalized_221_fu_8234_p3     |    select|   0|  0|  10|           1|          11|
    |normalized_223_fu_8270_p3     |    select|   0|  0|  10|           1|          11|
    |normalized_225_fu_11436_p3    |    select|   0|  0|  10|           1|          11|
    |normalized_227_fu_11461_p3    |    select|   0|  0|  10|           1|          11|
    |normalized_22_fu_3958_p3      |    select|   0|  0|  10|           1|          11|
    |normalized_232_fu_5823_p3     |    select|   0|  0|  10|           1|          11|
    |normalized_234_fu_5861_p3     |    select|   0|  0|  10|           1|          11|
    |normalized_236_fu_8315_p3     |    select|   0|  0|  10|           1|          11|
    |normalized_238_fu_8335_p3     |    select|   0|  0|  10|           1|          11|
    |normalized_240_fu_8369_p3     |    select|   0|  0|  10|           1|          11|
    |normalized_242_fu_8405_p3     |    select|   0|  0|  10|           1|          11|
    |normalized_244_fu_11669_p3    |    select|   0|  0|  10|           1|          11|
    |normalized_246_fu_11694_p3    |    select|   0|  0|  10|           1|          11|
    |normalized_24_fu_3996_p3      |    select|   0|  0|  10|           1|          11|
    |normalized_251_fu_5995_p3     |    select|   0|  0|  10|           1|          11|
    |normalized_253_fu_6033_p3     |    select|   0|  0|  10|           1|          11|
    |normalized_255_fu_8450_p3     |    select|   0|  0|  10|           1|          11|
    |normalized_257_fu_8470_p3     |    select|   0|  0|  10|           1|          11|
    |normalized_259_fu_8504_p3     |    select|   0|  0|  10|           1|          11|
    |normalized_261_fu_8540_p3     |    select|   0|  0|  10|           1|          11|
    |normalized_263_fu_11902_p3    |    select|   0|  0|  10|           1|          11|
    |normalized_265_fu_11927_p3    |    select|   0|  0|  10|           1|          11|
    |normalized_26_fu_6965_p3      |    select|   0|  0|  10|           1|          11|
    |normalized_282_fu_6167_p3     |    select|   0|  0|  10|           1|          11|
    |normalized_284_fu_6205_p3     |    select|   0|  0|  10|           1|          11|
    |normalized_286_fu_8585_p3     |    select|   0|  0|  10|           1|          11|
    |normalized_288_fu_8605_p3     |    select|   0|  0|  10|           1|          11|
    |normalized_28_fu_6985_p3      |    select|   0|  0|  10|           1|          11|
    |normalized_290_fu_8639_p3     |    select|   0|  0|  10|           1|          11|
    |normalized_292_fu_8675_p3     |    select|   0|  0|  10|           1|          11|
    |normalized_294_fu_12135_p3    |    select|   0|  0|  10|           1|          11|
    |normalized_296_fu_12160_p3    |    select|   0|  0|  10|           1|          11|
    |normalized_301_fu_6339_p3     |    select|   0|  0|  10|           1|          11|
    |normalized_303_fu_6377_p3     |    select|   0|  0|  10|           1|          11|
    |normalized_305_fu_8720_p3     |    select|   0|  0|  10|           1|          11|
    |normalized_307_fu_8740_p3     |    select|   0|  0|  10|           1|          11|
    |normalized_309_fu_8774_p3     |    select|   0|  0|  10|           1|          11|
    |normalized_30_fu_7019_p3      |    select|   0|  0|  10|           1|          11|
    |normalized_311_fu_8810_p3     |    select|   0|  0|  10|           1|          11|
    |normalized_313_fu_12368_p3    |    select|   0|  0|  10|           1|          11|
    |normalized_315_fu_12393_p3    |    select|   0|  0|  10|           1|          11|
    |normalized_320_fu_6511_p3     |    select|   0|  0|  10|           1|          11|
    |normalized_322_fu_6549_p3     |    select|   0|  0|  10|           1|          11|
    |normalized_324_fu_8855_p3     |    select|   0|  0|  10|           1|          11|
    |normalized_326_fu_8875_p3     |    select|   0|  0|  10|           1|          11|
    |normalized_328_fu_8909_p3     |    select|   0|  0|  10|           1|          11|
    |normalized_32_fu_7055_p3      |    select|   0|  0|  10|           1|          11|
    |normalized_330_fu_8945_p3     |    select|   0|  0|  10|           1|          11|
    |normalized_332_fu_12601_p3    |    select|   0|  0|  10|           1|          11|
    |normalized_334_fu_12626_p3    |    select|   0|  0|  10|           1|          11|
    |normalized_339_fu_6683_p3     |    select|   0|  0|  10|           1|          11|
    |normalized_341_fu_6721_p3     |    select|   0|  0|  10|           1|          11|
    |normalized_343_fu_8990_p3     |    select|   0|  0|  10|           1|          11|
    |normalized_345_fu_9010_p3     |    select|   0|  0|  10|           1|          11|
    |normalized_347_fu_9044_p3     |    select|   0|  0|  10|           1|          11|
    |normalized_349_fu_9080_p3     |    select|   0|  0|  10|           1|          11|
    |normalized_34_fu_9346_p3      |    select|   0|  0|  10|           1|          11|
    |normalized_351_fu_12834_p3    |    select|   0|  0|  10|           1|          11|
    |normalized_353_fu_12859_p3    |    select|   0|  0|  10|           1|          11|
    |normalized_36_fu_9371_p3      |    select|   0|  0|  10|           1|          11|
    |normalized_3_fu_6811_p3       |    select|   0|  0|  10|           1|          11|
    |normalized_41_fu_4160_p3      |    select|   0|  0|  10|           1|          11|
    |normalized_43_fu_4198_p3      |    select|   0|  0|  10|           1|          11|
    |normalized_45_fu_7100_p3      |    select|   0|  0|  10|           1|          11|
    |normalized_47_fu_7120_p3      |    select|   0|  0|  10|           1|          11|
    |normalized_49_fu_7154_p3      |    select|   0|  0|  10|           1|          11|
    |normalized_51_fu_7190_p3      |    select|   0|  0|  10|           1|          11|
    |normalized_53_fu_9579_p3      |    select|   0|  0|  10|           1|          11|
    |normalized_55_fu_9604_p3      |    select|   0|  0|  10|           1|          11|
    |normalized_5_fu_6846_p3       |    select|   0|  0|  10|           1|          11|
    |normalized_60_fu_4362_p3      |    select|   0|  0|  10|           1|          11|
    |normalized_62_fu_4400_p3      |    select|   0|  0|  10|           1|          11|
    |normalized_64_fu_7235_p3      |    select|   0|  0|  10|           1|          11|
    |normalized_66_fu_7255_p3      |    select|   0|  0|  10|           1|          11|
    |normalized_68_fu_7289_p3      |    select|   0|  0|  10|           1|          11|
    |normalized_70_fu_7325_p3      |    select|   0|  0|  10|           1|          11|
    |normalized_72_fu_9812_p3      |    select|   0|  0|  10|           1|          11|
    |normalized_74_fu_9837_p3      |    select|   0|  0|  10|           1|          11|
    |normalized_78_fu_4523_p3      |    select|   0|  0|  10|           1|          11|
    |normalized_7_fu_6880_p3       |    select|   0|  0|  10|           1|          11|
    |normalized_80_fu_4561_p3      |    select|   0|  0|  10|           1|          11|
    |normalized_82_fu_7370_p3      |    select|   0|  0|  10|           1|          11|
    |normalized_84_fu_7390_p3      |    select|   0|  0|  10|           1|          11|
    |normalized_86_fu_7424_p3      |    select|   0|  0|  10|           1|          11|
    |normalized_88_fu_7460_p3      |    select|   0|  0|  10|           1|          11|
    |normalized_90_fu_10038_p3     |    select|   0|  0|  10|           1|          11|
    |normalized_92_fu_10063_p3     |    select|   0|  0|  10|           1|          11|
    |normalized_9_fu_6916_p3       |    select|   0|  0|  10|           1|          11|
    |select_ln168_fu_13020_p3      |    select|   0|  0|  10|           1|           1|
    |select_ln39_100_fu_5831_p3    |    select|   0|  0|   3|           1|           1|
    |select_ln39_101_fu_5869_p3    |    select|   0|  0|   2|           1|           2|
    |select_ln39_102_fu_5895_p3    |    select|   0|  0|   3|           1|           3|
    |select_ln39_103_fu_8348_p3    |    select|   0|  0|   3|           1|           3|
    |select_ln39_104_fu_8383_p3    |    select|   0|  0|   3|           1|           3|
    |select_ln39_105_fu_8419_p3    |    select|   0|  0|   3|           1|           3|
    |select_ln39_106_fu_11675_p3   |    select|   0|  0|   4|           1|           4|
    |select_ln39_107_fu_11708_p3   |    select|   0|  0|   4|           1|           4|
    |select_ln39_108_fu_11742_p3   |    select|   0|  0|   4|           1|           4|
    |select_ln39_109_fu_6003_p3    |    select|   0|  0|   3|           1|           1|
    |select_ln39_10_fu_3966_p3     |    select|   0|  0|   3|           1|           1|
    |select_ln39_110_fu_6041_p3    |    select|   0|  0|   2|           1|           2|
    |select_ln39_111_fu_6067_p3    |    select|   0|  0|   3|           1|           3|
    |select_ln39_112_fu_8483_p3    |    select|   0|  0|   3|           1|           3|
    |select_ln39_113_fu_8518_p3    |    select|   0|  0|   3|           1|           3|
    |select_ln39_114_fu_8554_p3    |    select|   0|  0|   3|           1|           3|
    |select_ln39_115_fu_11908_p3   |    select|   0|  0|   4|           1|           4|
    |select_ln39_116_fu_11941_p3   |    select|   0|  0|   4|           1|           4|
    |select_ln39_117_fu_11975_p3   |    select|   0|  0|   4|           1|           4|
    |select_ln39_118_fu_6175_p3    |    select|   0|  0|   3|           1|           1|
    |select_ln39_119_fu_6213_p3    |    select|   0|  0|   2|           1|           2|
    |select_ln39_11_fu_4004_p3     |    select|   0|  0|   2|           1|           2|
    |select_ln39_120_fu_6239_p3    |    select|   0|  0|   3|           1|           3|
    |select_ln39_121_fu_8618_p3    |    select|   0|  0|   3|           1|           3|
    |select_ln39_122_fu_8653_p3    |    select|   0|  0|   3|           1|           3|
    |select_ln39_123_fu_8689_p3    |    select|   0|  0|   3|           1|           3|
    |select_ln39_124_fu_12141_p3   |    select|   0|  0|   4|           1|           4|
    |select_ln39_125_fu_12174_p3   |    select|   0|  0|   4|           1|           4|
    |select_ln39_126_fu_12208_p3   |    select|   0|  0|   4|           1|           4|
    |select_ln39_127_fu_6347_p3    |    select|   0|  0|   3|           1|           1|
    |select_ln39_128_fu_6385_p3    |    select|   0|  0|   2|           1|           2|
    |select_ln39_129_fu_6411_p3    |    select|   0|  0|   3|           1|           3|
    |select_ln39_12_fu_4030_p3     |    select|   0|  0|   3|           1|           3|
    |select_ln39_130_fu_8753_p3    |    select|   0|  0|   3|           1|           3|
    |select_ln39_131_fu_8788_p3    |    select|   0|  0|   3|           1|           3|
    |select_ln39_132_fu_8824_p3    |    select|   0|  0|   3|           1|           3|
    |select_ln39_133_fu_12374_p3   |    select|   0|  0|   4|           1|           4|
    |select_ln39_134_fu_12407_p3   |    select|   0|  0|   4|           1|           4|
    |select_ln39_135_fu_12441_p3   |    select|   0|  0|   4|           1|           4|
    |select_ln39_136_fu_6519_p3    |    select|   0|  0|   3|           1|           1|
    |select_ln39_137_fu_6557_p3    |    select|   0|  0|   2|           1|           2|
    |select_ln39_138_fu_6583_p3    |    select|   0|  0|   3|           1|           3|
    |select_ln39_139_fu_8888_p3    |    select|   0|  0|   3|           1|           3|
    |select_ln39_13_fu_6998_p3     |    select|   0|  0|   3|           1|           3|
    |select_ln39_140_fu_8923_p3    |    select|   0|  0|   3|           1|           3|
    |select_ln39_141_fu_8959_p3    |    select|   0|  0|   3|           1|           3|
    |select_ln39_142_fu_12607_p3   |    select|   0|  0|   4|           1|           4|
    |select_ln39_143_fu_12640_p3   |    select|   0|  0|   4|           1|           4|
    |select_ln39_144_fu_12674_p3   |    select|   0|  0|   4|           1|           4|
    |select_ln39_145_fu_6691_p3    |    select|   0|  0|   3|           1|           1|
    |select_ln39_146_fu_6729_p3    |    select|   0|  0|   2|           1|           2|
    |select_ln39_147_fu_6755_p3    |    select|   0|  0|   3|           1|           3|
    |select_ln39_148_fu_9023_p3    |    select|   0|  0|   3|           1|           3|
    |select_ln39_149_fu_9058_p3    |    select|   0|  0|   3|           1|           3|
    |select_ln39_14_fu_7033_p3     |    select|   0|  0|   3|           1|           3|
    |select_ln39_150_fu_9094_p3    |    select|   0|  0|   3|           1|           3|
    |select_ln39_151_fu_12840_p3   |    select|   0|  0|   4|           1|           4|
    |select_ln39_152_fu_12873_p3   |    select|   0|  0|   4|           1|           4|
    |select_ln39_153_fu_12907_p3   |    select|   0|  0|   4|           1|           4|
    |select_ln39_15_fu_7069_p3     |    select|   0|  0|   3|           1|           3|
    |select_ln39_162_fu_9441_p3    |    select|   0|  0|  10|           1|          10|
    |select_ln39_16_fu_9352_p3     |    select|   0|  0|   4|           1|           4|
    |select_ln39_171_fu_9674_p3    |    select|   0|  0|  10|           1|          10|
    |select_ln39_17_fu_9385_p3     |    select|   0|  0|   4|           1|           4|
    |select_ln39_180_fu_9907_p3    |    select|   0|  0|  10|           1|          10|
    |select_ln39_189_fu_10133_p3   |    select|   0|  0|  10|           1|          10|
    |select_ln39_18_fu_9419_p3     |    select|   0|  0|   4|           1|           4|
    |select_ln39_198_fu_10366_p3   |    select|   0|  0|  10|           1|          10|
    |select_ln39_19_fu_4168_p3     |    select|   0|  0|   3|           1|           1|
    |select_ln39_1_fu_6818_p3      |    select|   0|  0|   3|           1|           1|
    |select_ln39_207_fu_10599_p3   |    select|   0|  0|  10|           1|          10|
    |select_ln39_20_fu_4206_p3     |    select|   0|  0|   2|           1|           2|
    |select_ln39_216_fu_10832_p3   |    select|   0|  0|  10|           1|          10|
    |select_ln39_21_fu_4232_p3     |    select|   0|  0|   3|           1|           3|
    |select_ln39_225_fu_11065_p3   |    select|   0|  0|  10|           1|          10|
    |select_ln39_22_fu_7133_p3     |    select|   0|  0|   3|           1|           3|
    |select_ln39_234_fu_11298_p3   |    select|   0|  0|  10|           1|          10|
    |select_ln39_23_fu_7168_p3     |    select|   0|  0|   3|           1|           3|
    |select_ln39_243_fu_11531_p3   |    select|   0|  0|  10|           1|          10|
    |select_ln39_24_fu_7204_p3     |    select|   0|  0|   3|           1|           3|
    |select_ln39_252_fu_11764_p3   |    select|   0|  0|  10|           1|          10|
    |select_ln39_25_fu_9585_p3     |    select|   0|  0|   4|           1|           4|
    |select_ln39_261_fu_11997_p3   |    select|   0|  0|  10|           1|          10|
    |select_ln39_26_fu_9618_p3     |    select|   0|  0|   4|           1|           4|
    |select_ln39_270_fu_12230_p3   |    select|   0|  0|  10|           1|          10|
    |select_ln39_279_fu_12463_p3   |    select|   0|  0|  10|           1|          10|
    |select_ln39_27_fu_9652_p3     |    select|   0|  0|   4|           1|           4|
    |select_ln39_288_fu_12696_p3   |    select|   0|  0|  10|           1|          10|
    |select_ln39_28_fu_4370_p3     |    select|   0|  0|   3|           1|           1|
    |select_ln39_297_fu_12929_p3   |    select|   0|  0|  10|           1|          10|
    |select_ln39_29_fu_4408_p3     |    select|   0|  0|   2|           1|           2|
    |select_ln39_2_fu_6854_p3      |    select|   0|  0|   2|           1|           2|
    |select_ln39_30_fu_4434_p3     |    select|   0|  0|   3|           1|           3|
    |select_ln39_31_fu_7268_p3     |    select|   0|  0|   3|           1|           3|
    |select_ln39_32_fu_7303_p3     |    select|   0|  0|   3|           1|           3|
    |select_ln39_33_fu_7339_p3     |    select|   0|  0|   3|           1|           3|
    |select_ln39_34_fu_9818_p3     |    select|   0|  0|   4|           1|           4|
    |select_ln39_35_fu_9851_p3     |    select|   0|  0|   4|           1|           4|
    |select_ln39_36_fu_9885_p3     |    select|   0|  0|   4|           1|           4|
    |select_ln39_37_fu_4531_p3     |    select|   0|  0|   3|           1|           1|
    |select_ln39_38_fu_4569_p3     |    select|   0|  0|   2|           1|           2|
    |select_ln39_39_fu_4595_p3     |    select|   0|  0|   3|           1|           3|
    |select_ln39_3_fu_6894_p3      |    select|   0|  0|   3|           1|           3|
    |select_ln39_40_fu_7403_p3     |    select|   0|  0|   3|           1|           3|
    |select_ln39_41_fu_7438_p3     |    select|   0|  0|   3|           1|           3|
    |select_ln39_42_fu_7474_p3     |    select|   0|  0|   3|           1|           3|
    |select_ln39_43_fu_10044_p3    |    select|   0|  0|   4|           1|           4|
    |select_ln39_44_fu_10077_p3    |    select|   0|  0|   4|           1|           4|
    |select_ln39_45_fu_10111_p3    |    select|   0|  0|   4|           1|           4|
    |select_ln39_46_fu_4799_p3     |    select|   0|  0|   3|           1|           1|
    |select_ln39_47_fu_4837_p3     |    select|   0|  0|   2|           1|           2|
    |select_ln39_48_fu_4863_p3     |    select|   0|  0|   3|           1|           3|
    |select_ln39_49_fu_7538_p3     |    select|   0|  0|   3|           1|           3|
    |select_ln39_4_fu_6930_p3      |    select|   0|  0|   3|           1|           3|
    |select_ln39_50_fu_7573_p3     |    select|   0|  0|   3|           1|           3|
    |select_ln39_51_fu_7609_p3     |    select|   0|  0|   3|           1|           3|
    |select_ln39_52_fu_10277_p3    |    select|   0|  0|   4|           1|           4|
    |select_ln39_53_fu_10310_p3    |    select|   0|  0|   4|           1|           4|
    |select_ln39_54_fu_10344_p3    |    select|   0|  0|   4|           1|           4|
    |select_ln39_55_fu_4971_p3     |    select|   0|  0|   3|           1|           1|
    |select_ln39_56_fu_5009_p3     |    select|   0|  0|   2|           1|           2|
    |select_ln39_57_fu_5035_p3     |    select|   0|  0|   3|           1|           3|
    |select_ln39_58_fu_7673_p3     |    select|   0|  0|   3|           1|           3|
    |select_ln39_59_fu_7708_p3     |    select|   0|  0|   3|           1|           3|
    |select_ln39_5_fu_6952_p3      |    select|   0|  0|   3|           1|           3|
    |select_ln39_60_fu_7744_p3     |    select|   0|  0|   3|           1|           3|
    |select_ln39_61_fu_10510_p3    |    select|   0|  0|   4|           1|           4|
    |select_ln39_62_fu_10543_p3    |    select|   0|  0|   4|           1|           4|
    |select_ln39_63_fu_10577_p3    |    select|   0|  0|   4|           1|           4|
    |select_ln39_64_fu_5143_p3     |    select|   0|  0|   3|           1|           1|
    |select_ln39_65_fu_5181_p3     |    select|   0|  0|   2|           1|           2|
    |select_ln39_66_fu_5207_p3     |    select|   0|  0|   3|           1|           3|
    |select_ln39_67_fu_7808_p3     |    select|   0|  0|   3|           1|           3|
    |select_ln39_68_fu_7843_p3     |    select|   0|  0|   3|           1|           3|
    |select_ln39_69_fu_7879_p3     |    select|   0|  0|   3|           1|           3|
    |select_ln39_6_fu_9172_p3      |    select|   0|  0|   3|           1|           3|
    |select_ln39_70_fu_10743_p3    |    select|   0|  0|   4|           1|           4|
    |select_ln39_71_fu_10776_p3    |    select|   0|  0|   4|           1|           4|
    |select_ln39_72_fu_10810_p3    |    select|   0|  0|   4|           1|           4|
    |select_ln39_73_fu_5315_p3     |    select|   0|  0|   3|           1|           1|
    |select_ln39_74_fu_5353_p3     |    select|   0|  0|   2|           1|           2|
    |select_ln39_75_fu_5379_p3     |    select|   0|  0|   3|           1|           3|
    |select_ln39_76_fu_7943_p3     |    select|   0|  0|   3|           1|           3|
    |select_ln39_77_fu_7978_p3     |    select|   0|  0|   3|           1|           3|
    |select_ln39_78_fu_8014_p3     |    select|   0|  0|   3|           1|           3|
    |select_ln39_79_fu_10976_p3    |    select|   0|  0|   4|           1|           4|
    |select_ln39_7_fu_9211_p3      |    select|   0|  0|   4|           1|           4|
    |select_ln39_80_fu_11009_p3    |    select|   0|  0|   4|           1|           4|
    |select_ln39_81_fu_11043_p3    |    select|   0|  0|   4|           1|           4|
    |select_ln39_82_fu_5487_p3     |    select|   0|  0|   3|           1|           1|
    |select_ln39_83_fu_5525_p3     |    select|   0|  0|   2|           1|           2|
    |select_ln39_84_fu_5551_p3     |    select|   0|  0|   3|           1|           3|
    |select_ln39_85_fu_8078_p3     |    select|   0|  0|   3|           1|           3|
    |select_ln39_86_fu_8113_p3     |    select|   0|  0|   3|           1|           3|
    |select_ln39_87_fu_8149_p3     |    select|   0|  0|   3|           1|           3|
    |select_ln39_88_fu_11209_p3    |    select|   0|  0|   4|           1|           4|
    |select_ln39_89_fu_11242_p3    |    select|   0|  0|   4|           1|           4|
    |select_ln39_8_fu_9247_p3      |    select|   0|  0|   4|           1|           4|
    |select_ln39_90_fu_11276_p3    |    select|   0|  0|   4|           1|           4|
    |select_ln39_91_fu_5659_p3     |    select|   0|  0|   3|           1|           1|
    |select_ln39_92_fu_5697_p3     |    select|   0|  0|   2|           1|           2|
    |select_ln39_93_fu_5723_p3     |    select|   0|  0|   3|           1|           3|
    |select_ln39_94_fu_8213_p3     |    select|   0|  0|   3|           1|           3|
    |select_ln39_95_fu_8248_p3     |    select|   0|  0|   3|           1|           3|
    |select_ln39_96_fu_8284_p3     |    select|   0|  0|   3|           1|           3|
    |select_ln39_97_fu_11442_p3    |    select|   0|  0|   4|           1|           4|
    |select_ln39_98_fu_11475_p3    |    select|   0|  0|   4|           1|           4|
    |select_ln39_99_fu_11509_p3    |    select|   0|  0|   4|           1|           4|
    |select_ln39_9_fu_9279_p3      |    select|   0|  0|  10|           1|          10|
    |select_ln39_fu_13048_p3       |    select|   0|  0|   4|           1|           4|
    |select_ln41_10_fu_5681_p3     |    select|   0|  0|   3|           1|           3|
    |select_ln41_11_fu_5853_p3     |    select|   0|  0|   3|           1|           3|
    |select_ln41_12_fu_6025_p3     |    select|   0|  0|   3|           1|           3|
    |select_ln41_13_fu_6197_p3     |    select|   0|  0|   3|           1|           3|
    |select_ln41_14_fu_6369_p3     |    select|   0|  0|   3|           1|           3|
    |select_ln41_15_fu_6541_p3     |    select|   0|  0|   3|           1|           3|
    |select_ln41_16_fu_6713_p3     |    select|   0|  0|   3|           1|           3|
    |select_ln41_1_fu_3988_p3      |    select|   0|  0|   3|           1|           3|
    |select_ln41_2_fu_4190_p3      |    select|   0|  0|   3|           1|           3|
    |select_ln41_3_fu_4392_p3      |    select|   0|  0|   3|           1|           3|
    |select_ln41_4_fu_4553_p3      |    select|   0|  0|   3|           1|           3|
    |select_ln41_5_fu_4821_p3      |    select|   0|  0|   3|           1|           3|
    |select_ln41_6_fu_4993_p3      |    select|   0|  0|   3|           1|           3|
    |select_ln41_7_fu_5165_p3      |    select|   0|  0|   3|           1|           3|
    |select_ln41_8_fu_5337_p3      |    select|   0|  0|   3|           1|           3|
    |select_ln41_9_fu_5509_p3      |    select|   0|  0|   3|           1|           3|
    |select_ln41_fu_6839_p3        |    select|   0|  0|   3|           1|           3|
    |ap_enable_pp0                 |       xor|   0|  0|   2|           1|           2|
    +------------------------------+----------+----+---+----+------------+------------+
    |Total                         |          |   0|  0|5425|        2006|        3135|
    +------------------------------+----------+----+---+----+------------+------------+

    * Multiplexer: 
    +----------------------------------------+----+-----------+-----+-----------+
    |                  Name                  | LUT| Input Size| Bits| Total Bits|
    +----------------------------------------+----+-----------+-----+-----------+
    |accum_100_fu_758                        |   9|          2|   32|         64|
    |accum_101_fu_754                        |   9|          2|   32|         64|
    |accum_102_fu_750                        |   9|          2|   32|         64|
    |accum_103_fu_746                        |   9|          2|   32|         64|
    |accum_104_fu_742                        |   9|          2|   32|         64|
    |accum_105_fu_738                        |   9|          2|   32|         64|
    |accum_106_fu_734                        |   9|          2|   32|         64|
    |accum_107_fu_730                        |   9|          2|   32|         64|
    |accum_108_fu_726                        |   9|          2|   32|         64|
    |accum_109_fu_722                        |   9|          2|   32|         64|
    |accum_10_fu_1118                        |   9|          2|   32|         64|
    |accum_110_fu_718                        |   9|          2|   32|         64|
    |accum_111_fu_714                        |   9|          2|   32|         64|
    |accum_112_fu_710                        |   9|          2|   32|         64|
    |accum_113_fu_706                        |   9|          2|   32|         64|
    |accum_114_fu_702                        |   9|          2|   32|         64|
    |accum_115_fu_698                        |   9|          2|   32|         64|
    |accum_116_fu_694                        |   9|          2|   32|         64|
    |accum_117_fu_690                        |   9|          2|   32|         64|
    |accum_118_fu_686                        |   9|          2|   32|         64|
    |accum_119_fu_682                        |   9|          2|   32|         64|
    |accum_11_fu_1114                        |   9|          2|   32|         64|
    |accum_120_fu_678                        |   9|          2|   32|         64|
    |accum_121_fu_674                        |   9|          2|   32|         64|
    |accum_122_fu_670                        |   9|          2|   32|         64|
    |accum_123_fu_666                        |   9|          2|   32|         64|
    |accum_124_fu_662                        |   9|          2|   32|         64|
    |accum_125_fu_658                        |   9|          2|   32|         64|
    |accum_126_fu_654                        |   9|          2|   32|         64|
    |accum_127_fu_650                        |   9|          2|   32|         64|
    |accum_128_fu_646                        |   9|          2|   32|         64|
    |accum_129_fu_642                        |   9|          2|   32|         64|
    |accum_12_fu_1110                        |   9|          2|   32|         64|
    |accum_130_fu_638                        |   9|          2|   32|         64|
    |accum_131_fu_634                        |   9|          2|   32|         64|
    |accum_132_fu_630                        |   9|          2|   32|         64|
    |accum_133_fu_626                        |   9|          2|   32|         64|
    |accum_134_fu_622                        |   9|          2|   32|         64|
    |accum_135_fu_618                        |   9|          2|   32|         64|
    |accum_136_fu_614                        |   9|          2|   32|         64|
    |accum_137_fu_610                        |   9|          2|   32|         64|
    |accum_138_fu_606                        |   9|          2|   32|         64|
    |accum_139_fu_602                        |   9|          2|   32|         64|
    |accum_13_fu_1106                        |   9|          2|   32|         64|
    |accum_140_fu_598                        |   9|          2|   32|         64|
    |accum_141_fu_594                        |   9|          2|   32|         64|
    |accum_142_fu_590                        |   9|          2|   32|         64|
    |accum_143_fu_586                        |   9|          2|   32|         64|
    |accum_144_fu_582                        |   9|          2|   32|         64|
    |accum_145_fu_578                        |   9|          2|   32|         64|
    |accum_146_fu_574                        |   9|          2|   32|         64|
    |accum_147_fu_570                        |   9|          2|   32|         64|
    |accum_148_fu_566                        |   9|          2|   32|         64|
    |accum_149_fu_562                        |   9|          2|   32|         64|
    |accum_14_fu_1102                        |   9|          2|   32|         64|
    |accum_150_fu_558                        |   9|          2|   32|         64|
    |accum_151_fu_554                        |   9|          2|   32|         64|
    |accum_152_fu_550                        |   9|          2|   32|         64|
    |accum_153_fu_546                        |   9|          2|   32|         64|
    |accum_154_fu_542                        |   9|          2|   32|         64|
    |accum_155_fu_538                        |   9|          2|   32|         64|
    |accum_156_fu_534                        |   9|          2|   32|         64|
    |accum_157_fu_530                        |   9|          2|   32|         64|
    |accum_158_fu_526                        |   9|          2|   32|         64|
    |accum_159_fu_522                        |   9|          2|   32|         64|
    |accum_15_fu_1098                        |   9|          2|   32|         64|
    |accum_16_fu_1094                        |   9|          2|   32|         64|
    |accum_17_fu_1090                        |   9|          2|   32|         64|
    |accum_18_fu_1086                        |   9|          2|   32|         64|
    |accum_19_fu_1082                        |   9|          2|   32|         64|
    |accum_1_fu_1154                         |   9|          2|   32|         64|
    |accum_20_fu_1078                        |   9|          2|   32|         64|
    |accum_21_fu_1074                        |   9|          2|   32|         64|
    |accum_22_fu_1070                        |   9|          2|   32|         64|
    |accum_23_fu_1066                        |   9|          2|   32|         64|
    |accum_24_fu_1062                        |   9|          2|   32|         64|
    |accum_25_fu_1058                        |   9|          2|   32|         64|
    |accum_26_fu_1054                        |   9|          2|   32|         64|
    |accum_27_fu_1050                        |   9|          2|   32|         64|
    |accum_28_fu_1046                        |   9|          2|   32|         64|
    |accum_29_fu_1042                        |   9|          2|   32|         64|
    |accum_2_fu_1150                         |   9|          2|   32|         64|
    |accum_30_fu_1038                        |   9|          2|   32|         64|
    |accum_31_fu_1034                        |   9|          2|   32|         64|
    |accum_32_fu_1030                        |   9|          2|   32|         64|
    |accum_33_fu_1026                        |   9|          2|   32|         64|
    |accum_34_fu_1022                        |   9|          2|   32|         64|
    |accum_35_fu_1018                        |   9|          2|   32|         64|
    |accum_36_fu_1014                        |   9|          2|   32|         64|
    |accum_37_fu_1010                        |   9|          2|   32|         64|
    |accum_38_fu_1006                        |   9|          2|   32|         64|
    |accum_39_fu_1002                        |   9|          2|   32|         64|
    |accum_3_fu_1146                         |   9|          2|   32|         64|
    |accum_40_fu_998                         |   9|          2|   32|         64|
    |accum_41_fu_994                         |   9|          2|   32|         64|
    |accum_42_fu_990                         |   9|          2|   32|         64|
    |accum_43_fu_986                         |   9|          2|   32|         64|
    |accum_44_fu_982                         |   9|          2|   32|         64|
    |accum_45_fu_978                         |   9|          2|   32|         64|
    |accum_46_fu_974                         |   9|          2|   32|         64|
    |accum_47_fu_970                         |   9|          2|   32|         64|
    |accum_48_fu_966                         |   9|          2|   32|         64|
    |accum_49_fu_962                         |   9|          2|   32|         64|
    |accum_4_fu_1142                         |   9|          2|   32|         64|
    |accum_50_fu_958                         |   9|          2|   32|         64|
    |accum_51_fu_954                         |   9|          2|   32|         64|
    |accum_52_fu_950                         |   9|          2|   32|         64|
    |accum_53_fu_946                         |   9|          2|   32|         64|
    |accum_54_fu_942                         |   9|          2|   32|         64|
    |accum_55_fu_938                         |   9|          2|   32|         64|
    |accum_56_fu_934                         |   9|          2|   32|         64|
    |accum_57_fu_930                         |   9|          2|   32|         64|
    |accum_58_fu_926                         |   9|          2|   32|         64|
    |accum_59_fu_922                         |   9|          2|   32|         64|
    |accum_5_fu_1138                         |   9|          2|   32|         64|
    |accum_60_fu_918                         |   9|          2|   32|         64|
    |accum_61_fu_914                         |   9|          2|   32|         64|
    |accum_62_fu_910                         |   9|          2|   32|         64|
    |accum_63_fu_906                         |   9|          2|   32|         64|
    |accum_64_fu_902                         |   9|          2|   32|         64|
    |accum_65_fu_898                         |   9|          2|   32|         64|
    |accum_66_fu_894                         |   9|          2|   32|         64|
    |accum_67_fu_890                         |   9|          2|   32|         64|
    |accum_68_fu_886                         |   9|          2|   32|         64|
    |accum_69_fu_882                         |   9|          2|   32|         64|
    |accum_6_fu_1134                         |   9|          2|   32|         64|
    |accum_70_fu_878                         |   9|          2|   32|         64|
    |accum_71_fu_874                         |   9|          2|   32|         64|
    |accum_72_fu_870                         |   9|          2|   32|         64|
    |accum_73_fu_866                         |   9|          2|   32|         64|
    |accum_74_fu_862                         |   9|          2|   32|         64|
    |accum_75_fu_858                         |   9|          2|   32|         64|
    |accum_76_fu_854                         |   9|          2|   32|         64|
    |accum_77_fu_850                         |   9|          2|   32|         64|
    |accum_78_fu_846                         |   9|          2|   32|         64|
    |accum_79_fu_842                         |   9|          2|   32|         64|
    |accum_7_fu_1130                         |   9|          2|   32|         64|
    |accum_80_fu_838                         |   9|          2|   32|         64|
    |accum_81_fu_834                         |   9|          2|   32|         64|
    |accum_82_fu_830                         |   9|          2|   32|         64|
    |accum_83_fu_826                         |   9|          2|   32|         64|
    |accum_84_fu_822                         |   9|          2|   32|         64|
    |accum_85_fu_818                         |   9|          2|   32|         64|
    |accum_86_fu_814                         |   9|          2|   32|         64|
    |accum_87_fu_810                         |   9|          2|   32|         64|
    |accum_88_fu_806                         |   9|          2|   32|         64|
    |accum_89_fu_802                         |   9|          2|   32|         64|
    |accum_8_fu_1126                         |   9|          2|   32|         64|
    |accum_90_fu_798                         |   9|          2|   32|         64|
    |accum_91_fu_794                         |   9|          2|   32|         64|
    |accum_92_fu_790                         |   9|          2|   32|         64|
    |accum_93_fu_786                         |   9|          2|   32|         64|
    |accum_94_fu_782                         |   9|          2|   32|         64|
    |accum_95_fu_778                         |   9|          2|   32|         64|
    |accum_96_fu_774                         |   9|          2|   32|         64|
    |accum_97_fu_770                         |   9|          2|   32|         64|
    |accum_98_fu_766                         |   9|          2|   32|         64|
    |accum_99_fu_762                         |   9|          2|   32|         64|
    |accum_9_fu_1122                         |   9|          2|   32|         64|
    |accum_fu_1158                           |   9|          2|   32|         64|
    |ap_done_int                             |   9|          2|    1|          2|
    |ap_enable_reg_pp0_iter4                 |   9|          2|    1|          2|
    |ap_phi_reg_pp0_iter4_bits_138_reg_2398  |   9|          2|   32|         64|
    |ap_phi_reg_pp0_iter5_bits_138_reg_2398  |  20|          4|   32|        128|
    |ap_sig_allocacmp_accum_100_load_1       |   9|          2|   32|         64|
    |ap_sig_allocacmp_accum_101_load_1       |   9|          2|   32|         64|
    |ap_sig_allocacmp_accum_102_load_1       |   9|          2|   32|         64|
    |ap_sig_allocacmp_accum_103_load_1       |   9|          2|   32|         64|
    |ap_sig_allocacmp_accum_104_load_1       |   9|          2|   32|         64|
    |ap_sig_allocacmp_accum_105_load_1       |   9|          2|   32|         64|
    |ap_sig_allocacmp_accum_106_load_1       |   9|          2|   32|         64|
    |ap_sig_allocacmp_accum_107_load_1       |   9|          2|   32|         64|
    |ap_sig_allocacmp_accum_108_load_1       |   9|          2|   32|         64|
    |ap_sig_allocacmp_accum_109_load_1       |   9|          2|   32|         64|
    |ap_sig_allocacmp_accum_10_load_1        |   9|          2|   32|         64|
    |ap_sig_allocacmp_accum_110_load_1       |   9|          2|   32|         64|
    |ap_sig_allocacmp_accum_111_load_1       |   9|          2|   32|         64|
    |ap_sig_allocacmp_accum_112_load_1       |   9|          2|   32|         64|
    |ap_sig_allocacmp_accum_113_load_1       |   9|          2|   32|         64|
    |ap_sig_allocacmp_accum_114_load_1       |   9|          2|   32|         64|
    |ap_sig_allocacmp_accum_115_load_1       |   9|          2|   32|         64|
    |ap_sig_allocacmp_accum_116_load_1       |   9|          2|   32|         64|
    |ap_sig_allocacmp_accum_117_load_1       |   9|          2|   32|         64|
    |ap_sig_allocacmp_accum_118_load_1       |   9|          2|   32|         64|
    |ap_sig_allocacmp_accum_119_load_1       |   9|          2|   32|         64|
    |ap_sig_allocacmp_accum_11_load_1        |   9|          2|   32|         64|
    |ap_sig_allocacmp_accum_120_load_1       |   9|          2|   32|         64|
    |ap_sig_allocacmp_accum_121_load_1       |   9|          2|   32|         64|
    |ap_sig_allocacmp_accum_122_load_1       |   9|          2|   32|         64|
    |ap_sig_allocacmp_accum_123_load_1       |   9|          2|   32|         64|
    |ap_sig_allocacmp_accum_124_load_1       |   9|          2|   32|         64|
    |ap_sig_allocacmp_accum_125_load_1       |   9|          2|   32|         64|
    |ap_sig_allocacmp_accum_126_load_1       |   9|          2|   32|         64|
    |ap_sig_allocacmp_accum_127_load_1       |   9|          2|   32|         64|
    |ap_sig_allocacmp_accum_128_load_1       |   9|          2|   32|         64|
    |ap_sig_allocacmp_accum_129_load_1       |   9|          2|   32|         64|
    |ap_sig_allocacmp_accum_12_load_1        |   9|          2|   32|         64|
    |ap_sig_allocacmp_accum_130_load_1       |   9|          2|   32|         64|
    |ap_sig_allocacmp_accum_131_load_1       |   9|          2|   32|         64|
    |ap_sig_allocacmp_accum_132_load_1       |   9|          2|   32|         64|
    |ap_sig_allocacmp_accum_133_load_1       |   9|          2|   32|         64|
    |ap_sig_allocacmp_accum_134_load_1       |   9|          2|   32|         64|
    |ap_sig_allocacmp_accum_135_load_1       |   9|          2|   32|         64|
    |ap_sig_allocacmp_accum_136_load_1       |   9|          2|   32|         64|
    |ap_sig_allocacmp_accum_137_load_1       |   9|          2|   32|         64|
    |ap_sig_allocacmp_accum_138_load_1       |   9|          2|   32|         64|
    |ap_sig_allocacmp_accum_139_load_1       |   9|          2|   32|         64|
    |ap_sig_allocacmp_accum_13_load_1        |   9|          2|   32|         64|
    |ap_sig_allocacmp_accum_140_load_1       |   9|          2|   32|         64|
    |ap_sig_allocacmp_accum_141_load_1       |   9|          2|   32|         64|
    |ap_sig_allocacmp_accum_142_load_1       |   9|          2|   32|         64|
    |ap_sig_allocacmp_accum_143_load_1       |   9|          2|   32|         64|
    |ap_sig_allocacmp_accum_144_load_1       |   9|          2|   32|         64|
    |ap_sig_allocacmp_accum_145_load_1       |   9|          2|   32|         64|
    |ap_sig_allocacmp_accum_146_load_1       |   9|          2|   32|         64|
    |ap_sig_allocacmp_accum_147_load_1       |   9|          2|   32|         64|
    |ap_sig_allocacmp_accum_148_load_1       |   9|          2|   32|         64|
    |ap_sig_allocacmp_accum_149_load_1       |   9|          2|   32|         64|
    |ap_sig_allocacmp_accum_14_load_1        |   9|          2|   32|         64|
    |ap_sig_allocacmp_accum_150_load_1       |   9|          2|   32|         64|
    |ap_sig_allocacmp_accum_151_load_1       |   9|          2|   32|         64|
    |ap_sig_allocacmp_accum_152_load_1       |   9|          2|   32|         64|
    |ap_sig_allocacmp_accum_153_load_1       |   9|          2|   32|         64|
    |ap_sig_allocacmp_accum_154_load_1       |   9|          2|   32|         64|
    |ap_sig_allocacmp_accum_155_load_1       |   9|          2|   32|         64|
    |ap_sig_allocacmp_accum_156_load_1       |   9|          2|   32|         64|
    |ap_sig_allocacmp_accum_157_load_1       |   9|          2|   32|         64|
    |ap_sig_allocacmp_accum_158_load_1       |   9|          2|   32|         64|
    |ap_sig_allocacmp_accum_159_load_1       |   9|          2|   32|         64|
    |ap_sig_allocacmp_accum_15_load_1        |   9|          2|   32|         64|
    |ap_sig_allocacmp_accum_16_load_1        |   9|          2|   32|         64|
    |ap_sig_allocacmp_accum_17_load_1        |   9|          2|   32|         64|
    |ap_sig_allocacmp_accum_18_load_1        |   9|          2|   32|         64|
    |ap_sig_allocacmp_accum_19_load_1        |   9|          2|   32|         64|
    |ap_sig_allocacmp_accum_1_load_1         |   9|          2|   32|         64|
    |ap_sig_allocacmp_accum_20_load_1        |   9|          2|   32|         64|
    |ap_sig_allocacmp_accum_21_load_1        |   9|          2|   32|         64|
    |ap_sig_allocacmp_accum_22_load_1        |   9|          2|   32|         64|
    |ap_sig_allocacmp_accum_23_load_1        |   9|          2|   32|         64|
    |ap_sig_allocacmp_accum_24_load_1        |   9|          2|   32|         64|
    |ap_sig_allocacmp_accum_25_load_1        |   9|          2|   32|         64|
    |ap_sig_allocacmp_accum_26_load_1        |   9|          2|   32|         64|
    |ap_sig_allocacmp_accum_27_load_1        |   9|          2|   32|         64|
    |ap_sig_allocacmp_accum_28_load_1        |   9|          2|   32|         64|
    |ap_sig_allocacmp_accum_29_load_1        |   9|          2|   32|         64|
    |ap_sig_allocacmp_accum_2_load_1         |   9|          2|   32|         64|
    |ap_sig_allocacmp_accum_30_load_1        |   9|          2|   32|         64|
    |ap_sig_allocacmp_accum_31_load_1        |   9|          2|   32|         64|
    |ap_sig_allocacmp_accum_32_load_1        |   9|          2|   32|         64|
    |ap_sig_allocacmp_accum_33_load_1        |   9|          2|   32|         64|
    |ap_sig_allocacmp_accum_34_load_1        |   9|          2|   32|         64|
    |ap_sig_allocacmp_accum_35_load_1        |   9|          2|   32|         64|
    |ap_sig_allocacmp_accum_36_load_1        |   9|          2|   32|         64|
    |ap_sig_allocacmp_accum_37_load_1        |   9|          2|   32|         64|
    |ap_sig_allocacmp_accum_38_load_1        |   9|          2|   32|         64|
    |ap_sig_allocacmp_accum_39_load_1        |   9|          2|   32|         64|
    |ap_sig_allocacmp_accum_3_load_1         |   9|          2|   32|         64|
    |ap_sig_allocacmp_accum_40_load_1        |   9|          2|   32|         64|
    |ap_sig_allocacmp_accum_41_load_1        |   9|          2|   32|         64|
    |ap_sig_allocacmp_accum_42_load_1        |   9|          2|   32|         64|
    |ap_sig_allocacmp_accum_43_load_1        |   9|          2|   32|         64|
    |ap_sig_allocacmp_accum_44_load_1        |   9|          2|   32|         64|
    |ap_sig_allocacmp_accum_45_load_1        |   9|          2|   32|         64|
    |ap_sig_allocacmp_accum_46_load_1        |   9|          2|   32|         64|
    |ap_sig_allocacmp_accum_47_load_1        |   9|          2|   32|         64|
    |ap_sig_allocacmp_accum_48_load_1        |   9|          2|   32|         64|
    |ap_sig_allocacmp_accum_49_load_1        |   9|          2|   32|         64|
    |ap_sig_allocacmp_accum_4_load_1         |   9|          2|   32|         64|
    |ap_sig_allocacmp_accum_50_load_1        |   9|          2|   32|         64|
    |ap_sig_allocacmp_accum_51_load_1        |   9|          2|   32|         64|
    |ap_sig_allocacmp_accum_52_load_1        |   9|          2|   32|         64|
    |ap_sig_allocacmp_accum_53_load_1        |   9|          2|   32|         64|
    |ap_sig_allocacmp_accum_54_load_1        |   9|          2|   32|         64|
    |ap_sig_allocacmp_accum_55_load_1        |   9|          2|   32|         64|
    |ap_sig_allocacmp_accum_56_load_1        |   9|          2|   32|         64|
    |ap_sig_allocacmp_accum_57_load_1        |   9|          2|   32|         64|
    |ap_sig_allocacmp_accum_58_load_1        |   9|          2|   32|         64|
    |ap_sig_allocacmp_accum_59_load_1        |   9|          2|   32|         64|
    |ap_sig_allocacmp_accum_5_load_1         |   9|          2|   32|         64|
    |ap_sig_allocacmp_accum_60_load_1        |   9|          2|   32|         64|
    |ap_sig_allocacmp_accum_61_load_1        |   9|          2|   32|         64|
    |ap_sig_allocacmp_accum_62_load_1        |   9|          2|   32|         64|
    |ap_sig_allocacmp_accum_63_load_1        |   9|          2|   32|         64|
    |ap_sig_allocacmp_accum_64_load_1        |   9|          2|   32|         64|
    |ap_sig_allocacmp_accum_65_load_1        |   9|          2|   32|         64|
    |ap_sig_allocacmp_accum_66_load_1        |   9|          2|   32|         64|
    |ap_sig_allocacmp_accum_67_load_1        |   9|          2|   32|         64|
    |ap_sig_allocacmp_accum_68_load_1        |   9|          2|   32|         64|
    |ap_sig_allocacmp_accum_69_load_1        |   9|          2|   32|         64|
    |ap_sig_allocacmp_accum_6_load_1         |   9|          2|   32|         64|
    |ap_sig_allocacmp_accum_70_load_1        |   9|          2|   32|         64|
    |ap_sig_allocacmp_accum_71_load_1        |   9|          2|   32|         64|
    |ap_sig_allocacmp_accum_72_load_1        |   9|          2|   32|         64|
    |ap_sig_allocacmp_accum_73_load_1        |   9|          2|   32|         64|
    |ap_sig_allocacmp_accum_74_load_1        |   9|          2|   32|         64|
    |ap_sig_allocacmp_accum_75_load_1        |   9|          2|   32|         64|
    |ap_sig_allocacmp_accum_76_load_1        |   9|          2|   32|         64|
    |ap_sig_allocacmp_accum_77_load_1        |   9|          2|   32|         64|
    |ap_sig_allocacmp_accum_78_load_1        |   9|          2|   32|         64|
    |ap_sig_allocacmp_accum_79_load_1        |   9|          2|   32|         64|
    |ap_sig_allocacmp_accum_7_load_1         |   9|          2|   32|         64|
    |ap_sig_allocacmp_accum_80_load_1        |   9|          2|   32|         64|
    |ap_sig_allocacmp_accum_81_load_1        |   9|          2|   32|         64|
    |ap_sig_allocacmp_accum_82_load_1        |   9|          2|   32|         64|
    |ap_sig_allocacmp_accum_83_load_1        |   9|          2|   32|         64|
    |ap_sig_allocacmp_accum_84_load_1        |   9|          2|   32|         64|
    |ap_sig_allocacmp_accum_85_load_1        |   9|          2|   32|         64|
    |ap_sig_allocacmp_accum_86_load_1        |   9|          2|   32|         64|
    |ap_sig_allocacmp_accum_87_load_1        |   9|          2|   32|         64|
    |ap_sig_allocacmp_accum_88_load_1        |   9|          2|   32|         64|
    |ap_sig_allocacmp_accum_89_load_1        |   9|          2|   32|         64|
    |ap_sig_allocacmp_accum_8_load_1         |   9|          2|   32|         64|
    |ap_sig_allocacmp_accum_90_load_1        |   9|          2|   32|         64|
    |ap_sig_allocacmp_accum_91_load_1        |   9|          2|   32|         64|
    |ap_sig_allocacmp_accum_92_load_1        |   9|          2|   32|         64|
    |ap_sig_allocacmp_accum_93_load_1        |   9|          2|   32|         64|
    |ap_sig_allocacmp_accum_94_load_1        |   9|          2|   32|         64|
    |ap_sig_allocacmp_accum_95_load_1        |   9|          2|   32|         64|
    |ap_sig_allocacmp_accum_96_load_1        |   9|          2|   32|         64|
    |ap_sig_allocacmp_accum_97_load_1        |   9|          2|   32|         64|
    |ap_sig_allocacmp_accum_98_load_1        |   9|          2|   32|         64|
    |ap_sig_allocacmp_accum_99_load_1        |   9|          2|   32|         64|
    |ap_sig_allocacmp_accum_9_load_1         |   9|          2|   32|         64|
    |ap_sig_allocacmp_accum_load_1           |   9|          2|   32|         64|
    |ap_sig_allocacmp_group_1                |   9|          2|   11|         22|
    |group_fu_518                            |   9|          2|   11|         22|
    |phi_urem_fu_514                         |   9|          2|   11|         22|
    +----------------------------------------+----+-----------+-----+-----------+
    |Total                                   |2954|        656|10339|      20742|
    +----------------------------------------+----+-----------+-----+-----------+

    * Register: 
    +----------------------------------------+-----+----+-----+-----------+
    |                  Name                  |  FF | LUT| Bits| Const Bits|
    +----------------------------------------+-----+----+-----+-----------+
    |accum_100_fu_758                        |   32|   0|   32|          0|
    |accum_101_fu_754                        |   32|   0|   32|          0|
    |accum_102_fu_750                        |   32|   0|   32|          0|
    |accum_103_fu_746                        |   32|   0|   32|          0|
    |accum_104_fu_742                        |   32|   0|   32|          0|
    |accum_105_fu_738                        |   32|   0|   32|          0|
    |accum_106_fu_734                        |   32|   0|   32|          0|
    |accum_107_fu_730                        |   32|   0|   32|          0|
    |accum_108_fu_726                        |   32|   0|   32|          0|
    |accum_109_fu_722                        |   32|   0|   32|          0|
    |accum_10_fu_1118                        |   32|   0|   32|          0|
    |accum_110_fu_718                        |   32|   0|   32|          0|
    |accum_111_fu_714                        |   32|   0|   32|          0|
    |accum_112_fu_710                        |   32|   0|   32|          0|
    |accum_113_fu_706                        |   32|   0|   32|          0|
    |accum_114_fu_702                        |   32|   0|   32|          0|
    |accum_115_fu_698                        |   32|   0|   32|          0|
    |accum_116_fu_694                        |   32|   0|   32|          0|
    |accum_117_fu_690                        |   32|   0|   32|          0|
    |accum_118_fu_686                        |   32|   0|   32|          0|
    |accum_119_fu_682                        |   32|   0|   32|          0|
    |accum_11_fu_1114                        |   32|   0|   32|          0|
    |accum_120_fu_678                        |   32|   0|   32|          0|
    |accum_121_fu_674                        |   32|   0|   32|          0|
    |accum_122_fu_670                        |   32|   0|   32|          0|
    |accum_123_fu_666                        |   32|   0|   32|          0|
    |accum_124_fu_662                        |   32|   0|   32|          0|
    |accum_125_fu_658                        |   32|   0|   32|          0|
    |accum_126_fu_654                        |   32|   0|   32|          0|
    |accum_127_fu_650                        |   32|   0|   32|          0|
    |accum_128_fu_646                        |   32|   0|   32|          0|
    |accum_129_fu_642                        |   32|   0|   32|          0|
    |accum_12_fu_1110                        |   32|   0|   32|          0|
    |accum_130_fu_638                        |   32|   0|   32|          0|
    |accum_131_fu_634                        |   32|   0|   32|          0|
    |accum_132_fu_630                        |   32|   0|   32|          0|
    |accum_133_fu_626                        |   32|   0|   32|          0|
    |accum_134_fu_622                        |   32|   0|   32|          0|
    |accum_135_fu_618                        |   32|   0|   32|          0|
    |accum_136_fu_614                        |   32|   0|   32|          0|
    |accum_137_fu_610                        |   32|   0|   32|          0|
    |accum_138_fu_606                        |   32|   0|   32|          0|
    |accum_139_fu_602                        |   32|   0|   32|          0|
    |accum_13_fu_1106                        |   32|   0|   32|          0|
    |accum_140_fu_598                        |   32|   0|   32|          0|
    |accum_141_fu_594                        |   32|   0|   32|          0|
    |accum_142_fu_590                        |   32|   0|   32|          0|
    |accum_143_fu_586                        |   32|   0|   32|          0|
    |accum_144_fu_582                        |   32|   0|   32|          0|
    |accum_145_fu_578                        |   32|   0|   32|          0|
    |accum_146_fu_574                        |   32|   0|   32|          0|
    |accum_147_fu_570                        |   32|   0|   32|          0|
    |accum_148_fu_566                        |   32|   0|   32|          0|
    |accum_149_fu_562                        |   32|   0|   32|          0|
    |accum_14_fu_1102                        |   32|   0|   32|          0|
    |accum_150_fu_558                        |   32|   0|   32|          0|
    |accum_151_fu_554                        |   32|   0|   32|          0|
    |accum_152_fu_550                        |   32|   0|   32|          0|
    |accum_153_fu_546                        |   32|   0|   32|          0|
    |accum_154_fu_542                        |   32|   0|   32|          0|
    |accum_155_fu_538                        |   32|   0|   32|          0|
    |accum_156_fu_534                        |   32|   0|   32|          0|
    |accum_157_fu_530                        |   32|   0|   32|          0|
    |accum_158_fu_526                        |   32|   0|   32|          0|
    |accum_159_fu_522                        |   32|   0|   32|          0|
    |accum_15_fu_1098                        |   32|   0|   32|          0|
    |accum_160_reg_19628                     |   32|   0|   32|          0|
    |accum_161_reg_19418                     |   32|   0|   32|          0|
    |accum_162_reg_19432                     |   32|   0|   32|          0|
    |accum_163_reg_19446                     |   32|   0|   32|          0|
    |accum_164_reg_19460                     |   32|   0|   32|          0|
    |accum_165_reg_19474                     |   32|   0|   32|          0|
    |accum_166_reg_19488                     |   32|   0|   32|          0|
    |accum_167_reg_19502                     |   32|   0|   32|          0|
    |accum_168_reg_19516                     |   32|   0|   32|          0|
    |accum_169_reg_19530                     |   32|   0|   32|          0|
    |accum_16_fu_1094                        |   32|   0|   32|          0|
    |accum_170_reg_19544                     |   32|   0|   32|          0|
    |accum_171_reg_19558                     |   32|   0|   32|          0|
    |accum_172_reg_19572                     |   32|   0|   32|          0|
    |accum_173_reg_19586                     |   32|   0|   32|          0|
    |accum_174_reg_19600                     |   32|   0|   32|          0|
    |accum_175_reg_19614                     |   32|   0|   32|          0|
    |accum_17_fu_1090                        |   32|   0|   32|          0|
    |accum_18_fu_1086                        |   32|   0|   32|          0|
    |accum_19_fu_1082                        |   32|   0|   32|          0|
    |accum_1_fu_1154                         |   32|   0|   32|          0|
    |accum_20_fu_1078                        |   32|   0|   32|          0|
    |accum_21_fu_1074                        |   32|   0|   32|          0|
    |accum_22_fu_1070                        |   32|   0|   32|          0|
    |accum_23_fu_1066                        |   32|   0|   32|          0|
    |accum_24_fu_1062                        |   32|   0|   32|          0|
    |accum_25_fu_1058                        |   32|   0|   32|          0|
    |accum_26_fu_1054                        |   32|   0|   32|          0|
    |accum_27_fu_1050                        |   32|   0|   32|          0|
    |accum_28_fu_1046                        |   32|   0|   32|          0|
    |accum_29_fu_1042                        |   32|   0|   32|          0|
    |accum_2_fu_1150                         |   32|   0|   32|          0|
    |accum_30_fu_1038                        |   32|   0|   32|          0|
    |accum_31_fu_1034                        |   32|   0|   32|          0|
    |accum_32_fu_1030                        |   32|   0|   32|          0|
    |accum_33_fu_1026                        |   32|   0|   32|          0|
    |accum_34_fu_1022                        |   32|   0|   32|          0|
    |accum_35_fu_1018                        |   32|   0|   32|          0|
    |accum_36_fu_1014                        |   32|   0|   32|          0|
    |accum_37_fu_1010                        |   32|   0|   32|          0|
    |accum_38_fu_1006                        |   32|   0|   32|          0|
    |accum_39_fu_1002                        |   32|   0|   32|          0|
    |accum_3_fu_1146                         |   32|   0|   32|          0|
    |accum_40_fu_998                         |   32|   0|   32|          0|
    |accum_41_fu_994                         |   32|   0|   32|          0|
    |accum_42_fu_990                         |   32|   0|   32|          0|
    |accum_43_fu_986                         |   32|   0|   32|          0|
    |accum_44_fu_982                         |   32|   0|   32|          0|
    |accum_45_fu_978                         |   32|   0|   32|          0|
    |accum_46_fu_974                         |   32|   0|   32|          0|
    |accum_47_fu_970                         |   32|   0|   32|          0|
    |accum_48_fu_966                         |   32|   0|   32|          0|
    |accum_49_fu_962                         |   32|   0|   32|          0|
    |accum_4_fu_1142                         |   32|   0|   32|          0|
    |accum_50_fu_958                         |   32|   0|   32|          0|
    |accum_51_fu_954                         |   32|   0|   32|          0|
    |accum_52_fu_950                         |   32|   0|   32|          0|
    |accum_53_fu_946                         |   32|   0|   32|          0|
    |accum_54_fu_942                         |   32|   0|   32|          0|
    |accum_55_fu_938                         |   32|   0|   32|          0|
    |accum_56_fu_934                         |   32|   0|   32|          0|
    |accum_57_fu_930                         |   32|   0|   32|          0|
    |accum_58_fu_926                         |   32|   0|   32|          0|
    |accum_59_fu_922                         |   32|   0|   32|          0|
    |accum_5_fu_1138                         |   32|   0|   32|          0|
    |accum_60_fu_918                         |   32|   0|   32|          0|
    |accum_61_fu_914                         |   32|   0|   32|          0|
    |accum_62_fu_910                         |   32|   0|   32|          0|
    |accum_63_fu_906                         |   32|   0|   32|          0|
    |accum_64_fu_902                         |   32|   0|   32|          0|
    |accum_65_fu_898                         |   32|   0|   32|          0|
    |accum_66_fu_894                         |   32|   0|   32|          0|
    |accum_67_fu_890                         |   32|   0|   32|          0|
    |accum_68_fu_886                         |   32|   0|   32|          0|
    |accum_69_fu_882                         |   32|   0|   32|          0|
    |accum_6_fu_1134                         |   32|   0|   32|          0|
    |accum_70_fu_878                         |   32|   0|   32|          0|
    |accum_71_fu_874                         |   32|   0|   32|          0|
    |accum_72_fu_870                         |   32|   0|   32|          0|
    |accum_73_fu_866                         |   32|   0|   32|          0|
    |accum_74_fu_862                         |   32|   0|   32|          0|
    |accum_75_fu_858                         |   32|   0|   32|          0|
    |accum_76_fu_854                         |   32|   0|   32|          0|
    |accum_77_fu_850                         |   32|   0|   32|          0|
    |accum_78_fu_846                         |   32|   0|   32|          0|
    |accum_79_fu_842                         |   32|   0|   32|          0|
    |accum_7_fu_1130                         |   32|   0|   32|          0|
    |accum_80_fu_838                         |   32|   0|   32|          0|
    |accum_81_fu_834                         |   32|   0|   32|          0|
    |accum_82_fu_830                         |   32|   0|   32|          0|
    |accum_83_fu_826                         |   32|   0|   32|          0|
    |accum_84_fu_822                         |   32|   0|   32|          0|
    |accum_85_fu_818                         |   32|   0|   32|          0|
    |accum_86_fu_814                         |   32|   0|   32|          0|
    |accum_87_fu_810                         |   32|   0|   32|          0|
    |accum_88_fu_806                         |   32|   0|   32|          0|
    |accum_89_fu_802                         |   32|   0|   32|          0|
    |accum_8_fu_1126                         |   32|   0|   32|          0|
    |accum_90_fu_798                         |   32|   0|   32|          0|
    |accum_91_fu_794                         |   32|   0|   32|          0|
    |accum_92_fu_790                         |   32|   0|   32|          0|
    |accum_93_fu_786                         |   32|   0|   32|          0|
    |accum_94_fu_782                         |   32|   0|   32|          0|
    |accum_95_fu_778                         |   32|   0|   32|          0|
    |accum_96_fu_774                         |   32|   0|   32|          0|
    |accum_97_fu_770                         |   32|   0|   32|          0|
    |accum_98_fu_766                         |   32|   0|   32|          0|
    |accum_99_fu_762                         |   32|   0|   32|          0|
    |accum_9_fu_1122                         |   32|   0|   32|          0|
    |accum_fu_1158                           |   32|   0|   32|          0|
    |add_ln39_102_reg_18333                  |    4|   0|    4|          0|
    |add_ln39_109_reg_18355                  |    4|   0|    4|          0|
    |add_ln39_116_reg_18377                  |    4|   0|    4|          0|
    |add_ln39_11_reg_18047                   |    4|   0|    4|          0|
    |add_ln39_18_reg_18069                   |    4|   0|    4|          0|
    |add_ln39_25_reg_18091                   |    4|   0|    4|          0|
    |add_ln39_32_reg_18113                   |    4|   0|    4|          0|
    |add_ln39_39_reg_18135                   |    4|   0|    4|          0|
    |add_ln39_46_reg_18157                   |    4|   0|    4|          0|
    |add_ln39_53_reg_18179                   |    4|   0|    4|          0|
    |add_ln39_60_reg_18201                   |    4|   0|    4|          0|
    |add_ln39_67_reg_18223                   |    4|   0|    4|          0|
    |add_ln39_74_reg_18245                   |    4|   0|    4|          0|
    |add_ln39_81_reg_18267                   |    4|   0|    4|          0|
    |add_ln39_88_reg_18289                   |    4|   0|    4|          0|
    |add_ln39_95_reg_18311                   |    4|   0|    4|          0|
    |ap_CS_fsm                               |    1|   0|    1|          0|
    |ap_done_reg                             |    1|   0|    1|          0|
    |ap_enable_reg_pp0_iter1                 |    1|   0|    1|          0|
    |ap_enable_reg_pp0_iter10                |    1|   0|    1|          0|
    |ap_enable_reg_pp0_iter11                |    1|   0|    1|          0|
    |ap_enable_reg_pp0_iter12                |    1|   0|    1|          0|
    |ap_enable_reg_pp0_iter13                |    1|   0|    1|          0|
    |ap_enable_reg_pp0_iter14                |    1|   0|    1|          0|
    |ap_enable_reg_pp0_iter15                |    1|   0|    1|          0|
    |ap_enable_reg_pp0_iter16                |    1|   0|    1|          0|
    |ap_enable_reg_pp0_iter17                |    1|   0|    1|          0|
    |ap_enable_reg_pp0_iter18                |    1|   0|    1|          0|
    |ap_enable_reg_pp0_iter19                |    1|   0|    1|          0|
    |ap_enable_reg_pp0_iter2                 |    1|   0|    1|          0|
    |ap_enable_reg_pp0_iter20                |    1|   0|    1|          0|
    |ap_enable_reg_pp0_iter21                |    1|   0|    1|          0|
    |ap_enable_reg_pp0_iter22                |    1|   0|    1|          0|
    |ap_enable_reg_pp0_iter23                |    1|   0|    1|          0|
    |ap_enable_reg_pp0_iter24                |    1|   0|    1|          0|
    |ap_enable_reg_pp0_iter25                |    1|   0|    1|          0|
    |ap_enable_reg_pp0_iter26                |    1|   0|    1|          0|
    |ap_enable_reg_pp0_iter27                |    1|   0|    1|          0|
    |ap_enable_reg_pp0_iter28                |    1|   0|    1|          0|
    |ap_enable_reg_pp0_iter29                |    1|   0|    1|          0|
    |ap_enable_reg_pp0_iter3                 |    1|   0|    1|          0|
    |ap_enable_reg_pp0_iter30                |    1|   0|    1|          0|
    |ap_enable_reg_pp0_iter31                |    1|   0|    1|          0|
    |ap_enable_reg_pp0_iter32                |    1|   0|    1|          0|
    |ap_enable_reg_pp0_iter33                |    1|   0|    1|          0|
    |ap_enable_reg_pp0_iter34                |    1|   0|    1|          0|
    |ap_enable_reg_pp0_iter4                 |    1|   0|    1|          0|
    |ap_enable_reg_pp0_iter5                 |    1|   0|    1|          0|
    |ap_enable_reg_pp0_iter6                 |    1|   0|    1|          0|
    |ap_enable_reg_pp0_iter7                 |    1|   0|    1|          0|
    |ap_enable_reg_pp0_iter8                 |    1|   0|    1|          0|
    |ap_enable_reg_pp0_iter9                 |    1|   0|    1|          0|
    |ap_loop_exit_ready_pp0_iter10_reg       |    1|   0|    1|          0|
    |ap_loop_exit_ready_pp0_iter11_reg       |    1|   0|    1|          0|
    |ap_loop_exit_ready_pp0_iter12_reg       |    1|   0|    1|          0|
    |ap_loop_exit_ready_pp0_iter13_reg       |    1|   0|    1|          0|
    |ap_loop_exit_ready_pp0_iter14_reg       |    1|   0|    1|          0|
    |ap_loop_exit_ready_pp0_iter15_reg       |    1|   0|    1|          0|
    |ap_loop_exit_ready_pp0_iter16_reg       |    1|   0|    1|          0|
    |ap_loop_exit_ready_pp0_iter17_reg       |    1|   0|    1|          0|
    |ap_loop_exit_ready_pp0_iter18_reg       |    1|   0|    1|          0|
    |ap_loop_exit_ready_pp0_iter19_reg       |    1|   0|    1|          0|
    |ap_loop_exit_ready_pp0_iter1_reg        |    1|   0|    1|          0|
    |ap_loop_exit_ready_pp0_iter20_reg       |    1|   0|    1|          0|
    |ap_loop_exit_ready_pp0_iter21_reg       |    1|   0|    1|          0|
    |ap_loop_exit_ready_pp0_iter22_reg       |    1|   0|    1|          0|
    |ap_loop_exit_ready_pp0_iter23_reg       |    1|   0|    1|          0|
    |ap_loop_exit_ready_pp0_iter24_reg       |    1|   0|    1|          0|
    |ap_loop_exit_ready_pp0_iter25_reg       |    1|   0|    1|          0|
    |ap_loop_exit_ready_pp0_iter26_reg       |    1|   0|    1|          0|
    |ap_loop_exit_ready_pp0_iter27_reg       |    1|   0|    1|          0|
    |ap_loop_exit_ready_pp0_iter28_reg       |    1|   0|    1|          0|
    |ap_loop_exit_ready_pp0_iter29_reg       |    1|   0|    1|          0|
    |ap_loop_exit_ready_pp0_iter2_reg        |    1|   0|    1|          0|
    |ap_loop_exit_ready_pp0_iter30_reg       |    1|   0|    1|          0|
    |ap_loop_exit_ready_pp0_iter31_reg       |    1|   0|    1|          0|
    |ap_loop_exit_ready_pp0_iter32_reg       |    1|   0|    1|          0|
    |ap_loop_exit_ready_pp0_iter33_reg       |    1|   0|    1|          0|
    |ap_loop_exit_ready_pp0_iter3_reg        |    1|   0|    1|          0|
    |ap_loop_exit_ready_pp0_iter4_reg        |    1|   0|    1|          0|
    |ap_loop_exit_ready_pp0_iter5_reg        |    1|   0|    1|          0|
    |ap_loop_exit_ready_pp0_iter6_reg        |    1|   0|    1|          0|
    |ap_loop_exit_ready_pp0_iter7_reg        |    1|   0|    1|          0|
    |ap_loop_exit_ready_pp0_iter8_reg        |    1|   0|    1|          0|
    |ap_loop_exit_ready_pp0_iter9_reg        |    1|   0|    1|          0|
    |ap_phi_reg_pp0_iter1_bits_138_reg_2398  |   32|   0|   32|          0|
    |ap_phi_reg_pp0_iter2_bits_138_reg_2398  |   32|   0|   32|          0|
    |ap_phi_reg_pp0_iter3_bits_138_reg_2398  |   32|   0|   32|          0|
    |ap_phi_reg_pp0_iter4_bits_138_reg_2398  |   32|   0|   32|          0|
    |ap_phi_reg_pp0_iter5_bits_138_reg_2398  |   32|   0|   32|          0|
    |ap_predicate_pred8282_state5            |    1|   0|    1|          0|
    |ap_predicate_pred8293_state5            |    1|   0|    1|          0|
    |ap_predicate_pred8299_state5            |    1|   0|    1|          0|
    |ap_predicate_pred8307_state4            |    1|   0|    1|          0|
    |bitcast_ln192_reg_18518                 |   32|   0|   32|          0|
    |bits_122_reg_18483                      |   32|   0|   32|          0|
    |bits_123_reg_18488                      |   32|   0|   32|          0|
    |bits_124_reg_18493                      |   32|   0|   32|          0|
    |bits_125_reg_18498                      |   32|   0|   32|          0|
    |bits_126_reg_18463                      |   32|   0|   32|          0|
    |bits_127_reg_18468                      |   32|   0|   32|          0|
    |bits_128_reg_18473                      |   32|   0|   32|          0|
    |bits_129_reg_18478                      |   32|   0|   32|          0|
    |bits_130_reg_18443                      |   32|   0|   32|          0|
    |bits_131_reg_18448                      |   32|   0|   32|          0|
    |bits_132_reg_18453                      |   32|   0|   32|          0|
    |bits_133_reg_18458                      |   32|   0|   32|          0|
    |bits_134_reg_18438                      |   32|   0|   32|          0|
    |bits_135_reg_18423                      |   32|   0|   32|          0|
    |bits_136_reg_18428                      |   32|   0|   32|          0|
    |bits_137_reg_18433                      |   32|   0|   32|          0|
    |chunk_10_reg_19348                      |   32|   0|   32|          0|
    |chunk_11_reg_19358                      |   32|   0|   32|          0|
    |chunk_12_reg_19368                      |   32|   0|   32|          0|
    |chunk_13_reg_19378                      |   32|   0|   32|          0|
    |chunk_14_reg_19388                      |   32|   0|   32|          0|
    |chunk_15_reg_19398                      |   32|   0|   32|          0|
    |chunk_1_reg_19258                       |   32|   0|   32|          0|
    |chunk_2_reg_19268                       |   32|   0|   32|          0|
    |chunk_3_reg_19278                       |   32|   0|   32|          0|
    |chunk_4_reg_19288                       |   32|   0|   32|          0|
    |chunk_5_reg_19298                       |   32|   0|   32|          0|
    |chunk_6_reg_19308                       |   32|   0|   32|          0|
    |chunk_7_reg_19318                       |   32|   0|   32|          0|
    |chunk_8_reg_19328                       |   32|   0|   32|          0|
    |chunk_9_reg_19338                       |   32|   0|   32|          0|
    |chunk_reg_19408                         |   32|   0|   32|          0|
    |exp_10_reg_17764                        |    5|   0|    5|          0|
    |exp_10_reg_17764_pp0_iter2_reg          |    5|   0|    5|          0|
    |exp_11_reg_17808                        |    5|   0|    5|          0|
    |exp_11_reg_17808_pp0_iter2_reg          |    5|   0|    5|          0|
    |exp_12_reg_17852                        |    5|   0|    5|          0|
    |exp_12_reg_17852_pp0_iter2_reg          |    5|   0|    5|          0|
    |exp_13_reg_17896                        |    5|   0|    5|          0|
    |exp_13_reg_17896_pp0_iter2_reg          |    5|   0|    5|          0|
    |exp_14_reg_17940                        |    5|   0|    5|          0|
    |exp_14_reg_17940_pp0_iter2_reg          |    5|   0|    5|          0|
    |exp_15_reg_17984                        |    5|   0|    5|          0|
    |exp_15_reg_17984_pp0_iter2_reg          |    5|   0|    5|          0|
    |exp_1_reg_17271                         |    5|   0|    5|          0|
    |exp_1_reg_17271_pp0_iter2_reg           |    5|   0|    5|          0|
    |exp_2_reg_17320                         |    5|   0|    5|          0|
    |exp_2_reg_17320_pp0_iter2_reg           |    5|   0|    5|          0|
    |exp_3_reg_17369                         |    5|   0|    5|          0|
    |exp_3_reg_17369_pp0_iter2_reg           |    5|   0|    5|          0|
    |exp_4_reg_17500                         |    5|   0|    5|          0|
    |exp_4_reg_17500_pp0_iter2_reg           |    5|   0|    5|          0|
    |exp_5_reg_17544                         |    5|   0|    5|          0|
    |exp_5_reg_17544_pp0_iter2_reg           |    5|   0|    5|          0|
    |exp_6_reg_17588                         |    5|   0|    5|          0|
    |exp_6_reg_17588_pp0_iter2_reg           |    5|   0|    5|          0|
    |exp_7_reg_17632                         |    5|   0|    5|          0|
    |exp_7_reg_17632_pp0_iter2_reg           |    5|   0|    5|          0|
    |exp_8_reg_17676                         |    5|   0|    5|          0|
    |exp_8_reg_17676_pp0_iter2_reg           |    5|   0|    5|          0|
    |exp_9_reg_17720                         |    5|   0|    5|          0|
    |exp_9_reg_17720_pp0_iter2_reg           |    5|   0|    5|          0|
    |exp_reg_17227                           |    5|   0|    5|          0|
    |frac_10_reg_17573                       |   10|   0|   10|          0|
    |frac_10_reg_17573_pp0_iter2_reg         |   10|   0|   10|          0|
    |frac_11_reg_17617                       |   10|   0|   10|          0|
    |frac_11_reg_17617_pp0_iter2_reg         |   10|   0|   10|          0|
    |frac_12_reg_17206                       |   10|   0|   10|          0|
    |frac_13_reg_17256                       |   10|   0|   10|          0|
    |frac_13_reg_17256_pp0_iter2_reg         |   10|   0|   10|          0|
    |frac_14_reg_17305                       |   10|   0|   10|          0|
    |frac_14_reg_17305_pp0_iter2_reg         |   10|   0|   10|          0|
    |frac_15_reg_17354                       |   10|   0|   10|          0|
    |frac_15_reg_17354_pp0_iter2_reg         |   10|   0|   10|          0|
    |frac_1_reg_17881                        |   10|   0|   10|          0|
    |frac_1_reg_17881_pp0_iter2_reg          |   10|   0|   10|          0|
    |frac_2_reg_17925                        |   10|   0|   10|          0|
    |frac_2_reg_17925_pp0_iter2_reg          |   10|   0|   10|          0|
    |frac_3_reg_17969                        |   10|   0|   10|          0|
    |frac_3_reg_17969_pp0_iter2_reg          |   10|   0|   10|          0|
    |frac_4_reg_17661                        |   10|   0|   10|          0|
    |frac_4_reg_17661_pp0_iter2_reg          |   10|   0|   10|          0|
    |frac_5_reg_17705                        |   10|   0|   10|          0|
    |frac_5_reg_17705_pp0_iter2_reg          |   10|   0|   10|          0|
    |frac_6_reg_17749                        |   10|   0|   10|          0|
    |frac_6_reg_17749_pp0_iter2_reg          |   10|   0|   10|          0|
    |frac_7_reg_17793                        |   10|   0|   10|          0|
    |frac_7_reg_17793_pp0_iter2_reg          |   10|   0|   10|          0|
    |frac_8_reg_17485                        |   10|   0|   10|          0|
    |frac_8_reg_17485_pp0_iter2_reg          |   10|   0|   10|          0|
    |frac_9_reg_17529                        |   10|   0|   10|          0|
    |frac_9_reg_17529_pp0_iter2_reg          |   10|   0|   10|          0|
    |frac_reg_17837                          |   10|   0|   10|          0|
    |frac_reg_17837_pp0_iter2_reg            |   10|   0|   10|          0|
    |group_fu_518                            |   11|   0|   11|          0|
    |icmp_ln168_reg_17150                    |    1|   0|    1|          0|
    |icmp_ln32_11_reg_17568                  |    1|   0|    1|          0|
    |icmp_ln32_11_reg_17568_pp0_iter2_reg    |    1|   0|    1|          0|
    |icmp_ln32_13_reg_17612                  |    1|   0|    1|          0|
    |icmp_ln32_13_reg_17612_pp0_iter2_reg    |    1|   0|    1|          0|
    |icmp_ln32_15_reg_17656                  |    1|   0|    1|          0|
    |icmp_ln32_15_reg_17656_pp0_iter2_reg    |    1|   0|    1|          0|
    |icmp_ln32_17_reg_17700                  |    1|   0|    1|          0|
    |icmp_ln32_17_reg_17700_pp0_iter2_reg    |    1|   0|    1|          0|
    |icmp_ln32_19_reg_17744                  |    1|   0|    1|          0|
    |icmp_ln32_19_reg_17744_pp0_iter2_reg    |    1|   0|    1|          0|
    |icmp_ln32_1_reg_17295                   |    1|   0|    1|          0|
    |icmp_ln32_1_reg_17295_pp0_iter2_reg     |    1|   0|    1|          0|
    |icmp_ln32_21_reg_17788                  |    1|   0|    1|          0|
    |icmp_ln32_21_reg_17788_pp0_iter2_reg    |    1|   0|    1|          0|
    |icmp_ln32_23_reg_17832                  |    1|   0|    1|          0|
    |icmp_ln32_23_reg_17832_pp0_iter2_reg    |    1|   0|    1|          0|
    |icmp_ln32_25_reg_17876                  |    1|   0|    1|          0|
    |icmp_ln32_25_reg_17876_pp0_iter2_reg    |    1|   0|    1|          0|
    |icmp_ln32_27_reg_17920                  |    1|   0|    1|          0|
    |icmp_ln32_27_reg_17920_pp0_iter2_reg    |    1|   0|    1|          0|
    |icmp_ln32_29_reg_17964                  |    1|   0|    1|          0|
    |icmp_ln32_29_reg_17964_pp0_iter2_reg    |    1|   0|    1|          0|
    |icmp_ln32_31_reg_18008                  |    1|   0|    1|          0|
    |icmp_ln32_31_reg_18008_pp0_iter2_reg    |    1|   0|    1|          0|
    |icmp_ln32_3_reg_17344                   |    1|   0|    1|          0|
    |icmp_ln32_3_reg_17344_pp0_iter2_reg     |    1|   0|    1|          0|
    |icmp_ln32_5_reg_17393                   |    1|   0|    1|          0|
    |icmp_ln32_5_reg_17393_pp0_iter2_reg     |    1|   0|    1|          0|
    |icmp_ln32_7_reg_17420                   |    1|   0|    1|          0|
    |icmp_ln32_7_reg_17420_pp0_iter2_reg     |    1|   0|    1|          0|
    |icmp_ln32_9_reg_17524                   |    1|   0|    1|          0|
    |icmp_ln32_9_reg_17524_pp0_iter2_reg     |    1|   0|    1|          0|
    |icmp_ln32_reg_17235                     |    1|   0|    1|          0|
    |left_10_reg_19193                       |   32|   0|   32|          0|
    |left_11_reg_19203                       |   32|   0|   32|          0|
    |left_12_reg_19213                       |   32|   0|   32|          0|
    |left_13_reg_19223                       |   32|   0|   32|          0|
    |left_14_reg_19233                       |   32|   0|   32|          0|
    |left_15_reg_19243                       |   32|   0|   32|          0|
    |left_1_reg_19103                        |   32|   0|   32|          0|
    |left_2_reg_19113                        |   32|   0|   32|          0|
    |left_3_reg_19123                        |   32|   0|   32|          0|
    |left_4_reg_19133                        |   32|   0|   32|          0|
    |left_5_reg_19143                        |   32|   0|   32|          0|
    |left_6_reg_19153                        |   32|   0|   32|          0|
    |left_7_reg_19163                        |   32|   0|   32|          0|
    |left_8_reg_19173                        |   32|   0|   32|          0|
    |left_9_reg_19183                        |   32|   0|   32|          0|
    |left_reg_19253                          |   32|   0|   32|          0|
    |mul93_11006_1_reg_18798                 |   32|   0|   32|          0|
    |mul93_11006_2_reg_18803                 |   32|   0|   32|          0|
    |mul93_11006_3_reg_18808                 |   32|   0|   32|          0|
    |mul93_1_1_1_reg_18878                   |   32|   0|   32|          0|
    |mul93_1_1_2_reg_18883                   |   32|   0|   32|          0|
    |mul93_1_1_3_reg_18888                   |   32|   0|   32|          0|
    |mul93_1_1_reg_18873                     |   32|   0|   32|          0|
    |mul93_1_2_1_reg_18898                   |   32|   0|   32|          0|
    |mul93_1_2_2_reg_18903                   |   32|   0|   32|          0|
    |mul93_1_2_3_reg_18908                   |   32|   0|   32|          0|
    |mul93_1_2_reg_18893                     |   32|   0|   32|          0|
    |mul93_1_3_1_reg_18918                   |   32|   0|   32|          0|
    |mul93_1_3_2_reg_18923                   |   32|   0|   32|          0|
    |mul93_1_3_3_reg_18928                   |   32|   0|   32|          0|
    |mul93_1_3_reg_18913                     |   32|   0|   32|          0|
    |mul93_1_4_reg_18863                     |   32|   0|   32|          0|
    |mul93_1_5_reg_18868                     |   32|   0|   32|          0|
    |mul93_1_reg_18853                       |   32|   0|   32|          0|
    |mul93_1_s_reg_18858                     |   32|   0|   32|          0|
    |mul93_21062_1_reg_18818                 |   32|   0|   32|          0|
    |mul93_21062_2_reg_18823                 |   32|   0|   32|          0|
    |mul93_21062_3_reg_18828                 |   32|   0|   32|          0|
    |mul93_2_1_1_reg_18958                   |   32|   0|   32|          0|
    |mul93_2_1_2_reg_18963                   |   32|   0|   32|          0|
    |mul93_2_1_3_reg_18968                   |   32|   0|   32|          0|
    |mul93_2_1_reg_18953                     |   32|   0|   32|          0|
    |mul93_2_2_1_reg_18978                   |   32|   0|   32|          0|
    |mul93_2_2_2_reg_18983                   |   32|   0|   32|          0|
    |mul93_2_2_3_reg_18988                   |   32|   0|   32|          0|
    |mul93_2_2_reg_18973                     |   32|   0|   32|          0|
    |mul93_2_3_1_reg_18998                   |   32|   0|   32|          0|
    |mul93_2_3_2_reg_19003                   |   32|   0|   32|          0|
    |mul93_2_3_3_reg_19008                   |   32|   0|   32|          0|
    |mul93_2_3_reg_18993                     |   32|   0|   32|          0|
    |mul93_2_4_reg_18943                     |   32|   0|   32|          0|
    |mul93_2_5_reg_18948                     |   32|   0|   32|          0|
    |mul93_2_reg_18933                       |   32|   0|   32|          0|
    |mul93_2_s_reg_18938                     |   32|   0|   32|          0|
    |mul93_31118_1_reg_18838                 |   32|   0|   32|          0|
    |mul93_31118_2_reg_18843                 |   32|   0|   32|          0|
    |mul93_31118_3_reg_18848                 |   32|   0|   32|          0|
    |mul93_3_1_1_reg_19038                   |   32|   0|   32|          0|
    |mul93_3_1_2_reg_19043                   |   32|   0|   32|          0|
    |mul93_3_1_3_reg_19048                   |   32|   0|   32|          0|
    |mul93_3_1_reg_19033                     |   32|   0|   32|          0|
    |mul93_3_2_1_reg_19058                   |   32|   0|   32|          0|
    |mul93_3_2_2_reg_19063                   |   32|   0|   32|          0|
    |mul93_3_2_3_reg_19068                   |   32|   0|   32|          0|
    |mul93_3_2_reg_19053                     |   32|   0|   32|          0|
    |mul93_3_3_1_reg_19078                   |   32|   0|   32|          0|
    |mul93_3_3_2_reg_19083                   |   32|   0|   32|          0|
    |mul93_3_3_3_reg_19088                   |   32|   0|   32|          0|
    |mul93_3_3_reg_19073                     |   32|   0|   32|          0|
    |mul93_3_4_reg_19023                     |   32|   0|   32|          0|
    |mul93_3_5_reg_19028                     |   32|   0|   32|          0|
    |mul93_3_reg_19013                       |   32|   0|   32|          0|
    |mul93_3_s_reg_19018                     |   32|   0|   32|          0|
    |mul93_4_reg_18783                       |   32|   0|   32|          0|
    |mul93_5_reg_18788                       |   32|   0|   32|          0|
    |mul93_6_reg_18793                       |   32|   0|   32|          0|
    |mul93_7_reg_18813                       |   32|   0|   32|          0|
    |mul93_8_reg_18833                       |   32|   0|   32|          0|
    |mul93_s_reg_18778                       |   32|   0|   32|          0|
    |mul_reg_19093                           |   32|   0|   32|          0|
    |normalized_108_reg_17507                |   11|   0|   11|          0|
    |normalized_116_reg_18118                |   11|   0|   11|          0|
    |normalized_127_reg_17551                |   11|   0|   11|          0|
    |normalized_135_reg_18140                |   11|   0|   11|          0|
    |normalized_146_reg_17595                |   11|   0|   11|          0|
    |normalized_154_reg_18162                |   11|   0|   11|          0|
    |normalized_165_reg_17639                |   11|   0|   11|          0|
    |normalized_173_reg_18184                |   11|   0|   11|          0|
    |normalized_196_reg_17683                |   11|   0|   11|          0|
    |normalized_204_reg_18206                |   11|   0|   11|          0|
    |normalized_215_reg_17727                |   11|   0|   11|          0|
    |normalized_223_reg_18228                |   11|   0|   11|          0|
    |normalized_234_reg_17771                |   11|   0|   11|          0|
    |normalized_242_reg_18250                |   11|   0|   11|          0|
    |normalized_24_reg_17278                 |   11|   0|   11|          0|
    |normalized_253_reg_17815                |   11|   0|   11|          0|
    |normalized_261_reg_18272                |   11|   0|   11|          0|
    |normalized_284_reg_17859                |   11|   0|   11|          0|
    |normalized_292_reg_18294                |   11|   0|   11|          0|
    |normalized_303_reg_17903                |   11|   0|   11|          0|
    |normalized_311_reg_18316                |   11|   0|   11|          0|
    |normalized_322_reg_17947                |   11|   0|   11|          0|
    |normalized_32_reg_18030                 |   11|   0|   11|          0|
    |normalized_330_reg_18338                |   11|   0|   11|          0|
    |normalized_341_reg_17991                |   11|   0|   11|          0|
    |normalized_349_reg_18360                |   11|   0|   11|          0|
    |normalized_43_reg_17327                 |   11|   0|   11|          0|
    |normalized_51_reg_18052                 |   11|   0|   11|          0|
    |normalized_62_reg_17376                 |   11|   0|   11|          0|
    |normalized_70_reg_18074                 |   11|   0|   11|          0|
    |normalized_80_reg_17403                 |   11|   0|   11|          0|
    |normalized_88_reg_18096                 |   11|   0|   11|          0|
    |normalized_9_reg_18013                  |   11|   0|   11|          0|
    |phi_urem_fu_514                         |   11|   0|   11|          0|
    |right_10_reg_19198                      |   32|   0|   32|          0|
    |right_11_reg_19208                      |   32|   0|   32|          0|
    |right_12_reg_19218                      |   32|   0|   32|          0|
    |right_13_reg_19228                      |   32|   0|   32|          0|
    |right_14_reg_19238                      |   32|   0|   32|          0|
    |right_15_reg_19248                      |   32|   0|   32|          0|
    |right_1_reg_19108                       |   32|   0|   32|          0|
    |right_2_reg_19118                       |   32|   0|   32|          0|
    |right_3_reg_19128                       |   32|   0|   32|          0|
    |right_4_reg_19138                       |   32|   0|   32|          0|
    |right_5_reg_19148                       |   32|   0|   32|          0|
    |right_6_reg_19158                       |   32|   0|   32|          0|
    |right_7_reg_19168                       |   32|   0|   32|          0|
    |right_8_reg_19178                       |   32|   0|   32|          0|
    |right_9_reg_19188                       |   32|   0|   32|          0|
    |right_reg_19098                         |   32|   0|   32|          0|
    |select_ln39_102_reg_17782               |    3|   0|    3|          0|
    |select_ln39_111_reg_17826               |    3|   0|    3|          0|
    |select_ln39_120_reg_17870               |    3|   0|    3|          0|
    |select_ln39_129_reg_17914               |    3|   0|    3|          0|
    |select_ln39_12_reg_17289                |    3|   0|    3|          0|
    |select_ln39_138_reg_17958               |    3|   0|    3|          0|
    |select_ln39_147_reg_18002               |    3|   0|    3|          0|
    |select_ln39_21_reg_17338                |    3|   0|    3|          0|
    |select_ln39_30_reg_17387                |    3|   0|    3|          0|
    |select_ln39_39_reg_17414                |    3|   0|    3|          0|
    |select_ln39_48_reg_17518                |    3|   0|    3|          0|
    |select_ln39_57_reg_17562                |    3|   0|    3|          0|
    |select_ln39_5_reg_18024                 |    3|   0|    3|          0|
    |select_ln39_66_reg_17606                |    3|   0|    3|          0|
    |select_ln39_75_reg_17650                |    3|   0|    3|          0|
    |select_ln39_84_reg_17694                |    3|   0|    3|          0|
    |select_ln39_8_reg_18407                 |    4|   0|    4|          0|
    |select_ln39_93_reg_17738                |    3|   0|    3|          0|
    |select_ln39_9_reg_18418                 |   10|   0|   10|          0|
    |tmp_100_reg_17557                       |    1|   0|    1|          0|
    |tmp_106_reg_18151                       |    1|   0|    1|          0|
    |tmp_109_reg_17580                       |    1|   0|    1|          0|
    |tmp_109_reg_17580_pp0_iter2_reg         |    1|   0|    1|          0|
    |tmp_10_reg_19363                        |   32|   0|   32|          0|
    |tmp_115_reg_17601                       |    1|   0|    1|          0|
    |tmp_119_reg_18173                       |    1|   0|    1|          0|
    |tmp_11_reg_19373                        |   32|   0|   32|          0|
    |tmp_124_reg_17624                       |    1|   0|    1|          0|
    |tmp_124_reg_17624_pp0_iter2_reg         |    1|   0|    1|          0|
    |tmp_128_reg_17645                       |    1|   0|    1|          0|
    |tmp_12_reg_19383                        |   32|   0|   32|          0|
    |tmp_134_reg_18195                       |    1|   0|    1|          0|
    |tmp_137_reg_17668                       |    1|   0|    1|          0|
    |tmp_137_reg_17668_pp0_iter2_reg         |    1|   0|    1|          0|
    |tmp_13_reg_19393                        |   32|   0|   32|          0|
    |tmp_143_reg_17689                       |    1|   0|    1|          0|
    |tmp_149_reg_18217                       |    1|   0|    1|          0|
    |tmp_14_reg_19403                        |   32|   0|   32|          0|
    |tmp_152_reg_17712                       |    1|   0|    1|          0|
    |tmp_152_reg_17712_pp0_iter2_reg         |    1|   0|    1|          0|
    |tmp_158_reg_17733                       |    1|   0|    1|          0|
    |tmp_162_reg_18239                       |    1|   0|    1|          0|
    |tmp_167_reg_17756                       |    1|   0|    1|          0|
    |tmp_167_reg_17756_pp0_iter2_reg         |    1|   0|    1|          0|
    |tmp_16_reg_17216                        |    1|   0|    1|          0|
    |tmp_171_reg_17777                       |    1|   0|    1|          0|
    |tmp_175_reg_18261                       |    1|   0|    1|          0|
    |tmp_178_reg_17800                       |    1|   0|    1|          0|
    |tmp_178_reg_17800_pp0_iter2_reg         |    1|   0|    1|          0|
    |tmp_17_reg_17239                        |    1|   0|    1|          0|
    |tmp_182_reg_17821                       |    1|   0|    1|          0|
    |tmp_186_reg_18283                       |    1|   0|    1|          0|
    |tmp_189_reg_17844                       |    1|   0|    1|          0|
    |tmp_189_reg_17844_pp0_iter2_reg         |    1|   0|    1|          0|
    |tmp_193_reg_17865                       |    1|   0|    1|          0|
    |tmp_197_reg_18305                       |    1|   0|    1|          0|
    |tmp_1_reg_19283                         |   32|   0|   32|          0|
    |tmp_200_reg_17888                       |    1|   0|    1|          0|
    |tmp_200_reg_17888_pp0_iter2_reg         |    1|   0|    1|          0|
    |tmp_204_reg_17909                       |    1|   0|    1|          0|
    |tmp_208_reg_18327                       |    1|   0|    1|          0|
    |tmp_211_reg_17932                       |    1|   0|    1|          0|
    |tmp_211_reg_17932_pp0_iter2_reg         |    1|   0|    1|          0|
    |tmp_215_reg_17953                       |    1|   0|    1|          0|
    |tmp_219_reg_18349                       |    1|   0|    1|          0|
    |tmp_21_reg_18019                        |    1|   0|    1|          0|
    |tmp_222_reg_17976                       |    1|   0|    1|          0|
    |tmp_222_reg_17976_pp0_iter2_reg         |    1|   0|    1|          0|
    |tmp_226_reg_17997                       |    1|   0|    1|          0|
    |tmp_230_reg_18371                       |    1|   0|    1|          0|
    |tmp_25_reg_18413                        |    1|   0|    1|          0|
    |tmp_26_reg_17263                        |    1|   0|    1|          0|
    |tmp_26_reg_17263_pp0_iter2_reg          |    1|   0|    1|          0|
    |tmp_2_reg_19293                         |   32|   0|   32|          0|
    |tmp_32_reg_17284                        |    1|   0|    1|          0|
    |tmp_36_reg_18041                        |    1|   0|    1|          0|
    |tmp_3_reg_19303                         |   32|   0|   32|          0|
    |tmp_41_reg_17312                        |    1|   0|    1|          0|
    |tmp_41_reg_17312_pp0_iter2_reg          |    1|   0|    1|          0|
    |tmp_45_reg_17333                        |    1|   0|    1|          0|
    |tmp_4_reg_19313                         |   32|   0|   32|          0|
    |tmp_51_reg_18063                        |    1|   0|    1|          0|
    |tmp_54_reg_17361                        |    1|   0|    1|          0|
    |tmp_54_reg_17361_pp0_iter2_reg          |    1|   0|    1|          0|
    |tmp_5_reg_19263                         |   32|   0|   32|          0|
    |tmp_60_reg_17382                        |    1|   0|    1|          0|
    |tmp_64_reg_18085                        |    1|   0|    1|          0|
    |tmp_6_reg_19323                         |   32|   0|   32|          0|
    |tmp_72_reg_17409                        |    1|   0|    1|          0|
    |tmp_78_reg_18107                        |    1|   0|    1|          0|
    |tmp_7_reg_19333                         |   32|   0|   32|          0|
    |tmp_81_reg_17492                        |    1|   0|    1|          0|
    |tmp_81_reg_17492_pp0_iter2_reg          |    1|   0|    1|          0|
    |tmp_87_reg_17513                        |    1|   0|    1|          0|
    |tmp_8_reg_19343                         |   32|   0|   32|          0|
    |tmp_91_reg_18129                        |    1|   0|    1|          0|
    |tmp_96_reg_17536                        |    1|   0|    1|          0|
    |tmp_96_reg_17536_pp0_iter2_reg          |    1|   0|    1|          0|
    |tmp_9_reg_19353                         |   32|   0|   32|          0|
    |tmp_reg_19413                           |   32|   0|   32|          0|
    |tmp_s_reg_19273                         |   32|   0|   32|          0|
    |trunc_ln171_reg_17154                   |    1|   0|    1|          0|
    |trunc_ln181_reg_18382                   |    4|   0|    4|          0|
    |trunc_ln40_reg_17246                    |    9|   0|    9|          0|
    |xbits_10_reg_17435                      |   32|   0|   32|          0|
    |xbits_11_reg_17440                      |   32|   0|   32|          0|
    |xbits_12_reg_17251                      |   32|   0|   32|          0|
    |xbits_13_reg_17300                      |   32|   0|   32|          0|
    |xbits_14_reg_17349                      |   32|   0|   32|          0|
    |xbits_15_reg_17398                      |   32|   0|   32|          0|
    |xbits_1_reg_17470                       |   32|   0|   32|          0|
    |xbits_2_reg_17475                       |   32|   0|   32|          0|
    |xbits_3_reg_17480                       |   32|   0|   32|          0|
    |xbits_4_reg_17445                       |   32|   0|   32|          0|
    |xbits_5_reg_17450                       |   32|   0|   32|          0|
    |xbits_6_reg_17455                       |   32|   0|   32|          0|
    |xbits_7_reg_17460                       |   32|   0|   32|          0|
    |xbits_8_reg_17425                       |   32|   0|   32|          0|
    |xbits_9_reg_17430                       |   32|   0|   32|          0|
    |xbits_reg_17465                         |   32|   0|   32|          0|
    |zext_ln35_10_reg_18080                  |    3|   0|    4|          1|
    |zext_ln35_13_reg_18102                  |    3|   0|    4|          1|
    |zext_ln35_16_reg_18124                  |    3|   0|    4|          1|
    |zext_ln35_19_reg_18146                  |    3|   0|    4|          1|
    |zext_ln35_22_reg_18168                  |    3|   0|    4|          1|
    |zext_ln35_25_reg_18190                  |    3|   0|    4|          1|
    |zext_ln35_28_reg_18212                  |    3|   0|    4|          1|
    |zext_ln35_31_reg_18234                  |    3|   0|    4|          1|
    |zext_ln35_34_reg_18256                  |    3|   0|    4|          1|
    |zext_ln35_37_reg_18278                  |    3|   0|    4|          1|
    |zext_ln35_40_reg_18300                  |    3|   0|    4|          1|
    |zext_ln35_43_reg_18322                  |    3|   0|    4|          1|
    |zext_ln35_46_reg_18344                  |    3|   0|    4|          1|
    |zext_ln35_49_reg_18366                  |    3|   0|    4|          1|
    |zext_ln35_4_reg_18036                   |    3|   0|    4|          1|
    |zext_ln35_7_reg_18058                   |    3|   0|    4|          1|
    |exp_reg_17227                           |   64|  32|    5|          0|
    |frac_12_reg_17206                       |   64|  32|   10|          0|
    |icmp_ln168_reg_17150                    |   64|  32|    1|          0|
    |icmp_ln32_reg_17235                     |   64|  32|    1|          0|
    |mul93_s_reg_18778                       |   64|  32|   32|          0|
    |right_reg_19098                         |   64|  32|   32|          0|
    |tmp_16_reg_17216                        |   64|  32|    1|          0|
    |trunc_ln181_reg_18382                   |   64|  32|    4|          0|
    |xbits_10_reg_17435                      |   64|  32|   32|          0|
    |xbits_11_reg_17440                      |   64|  32|   32|          0|
    |xbits_12_reg_17251                      |   64|  32|   32|          0|
    |xbits_13_reg_17300                      |   64|  32|   32|          0|
    |xbits_14_reg_17349                      |   64|  32|   32|          0|
    |xbits_15_reg_17398                      |   64|  32|   32|          0|
    |xbits_1_reg_17470                       |   64|  32|   32|          0|
    |xbits_2_reg_17475                       |   64|  32|   32|          0|
    |xbits_3_reg_17480                       |   64|  32|   32|          0|
    |xbits_4_reg_17445                       |   64|  32|   32|          0|
    |xbits_5_reg_17450                       |   64|  32|   32|          0|
    |xbits_6_reg_17455                       |   64|  32|   32|          0|
    |xbits_7_reg_17460                       |   64|  32|   32|          0|
    |xbits_8_reg_17425                       |   64|  32|   32|          0|
    |xbits_9_reg_17430                       |   64|  32|   32|          0|
    |xbits_reg_17465                         |   64|  32|   32|          0|
    +----------------------------------------+-----+----+-----+-----------+
    |Total                                   |13694| 768|12772|         16|
    +----------------------------------------+-----+----+-----+-----------+



================================================================
== Interface
================================================================
* Summary: 
+-------------------------------------------------+-----+-----+------------+---------------------------------------------------------------------+--------------+
|                    RTL Ports                    | Dir | Bits|  Protocol  |                            Source Object                            |    C Type    |
+-------------------------------------------------+-----+-----+------------+---------------------------------------------------------------------+--------------+
|ap_clk                                           |   in|    1|  ap_ctrl_hs|  (anonymous namespace)compute_weight_batch_Pipeline_VITIS_LOOP_168_9|  return value|
|ap_rst                                           |   in|    1|  ap_ctrl_hs|  (anonymous namespace)compute_weight_batch_Pipeline_VITIS_LOOP_168_9|  return value|
|ap_start                                         |   in|    1|  ap_ctrl_hs|  (anonymous namespace)compute_weight_batch_Pipeline_VITIS_LOOP_168_9|  return value|
|ap_done                                          |  out|    1|  ap_ctrl_hs|  (anonymous namespace)compute_weight_batch_Pipeline_VITIS_LOOP_168_9|  return value|
|ap_idle                                          |  out|    1|  ap_ctrl_hs|  (anonymous namespace)compute_weight_batch_Pipeline_VITIS_LOOP_168_9|  return value|
|ap_ready                                         |  out|    1|  ap_ctrl_hs|  (anonymous namespace)compute_weight_batch_Pipeline_VITIS_LOOP_168_9|  return value|
|grp_fu_1677_p_din0                               |  out|   32|  ap_ctrl_hs|  (anonymous namespace)compute_weight_batch_Pipeline_VITIS_LOOP_168_9|  return value|
|grp_fu_1677_p_din1                               |  out|   32|  ap_ctrl_hs|  (anonymous namespace)compute_weight_batch_Pipeline_VITIS_LOOP_168_9|  return value|
|grp_fu_1677_p_opcode                             |  out|    2|  ap_ctrl_hs|  (anonymous namespace)compute_weight_batch_Pipeline_VITIS_LOOP_168_9|  return value|
|grp_fu_1677_p_dout0                              |   in|   32|  ap_ctrl_hs|  (anonymous namespace)compute_weight_batch_Pipeline_VITIS_LOOP_168_9|  return value|
|grp_fu_1677_p_ce                                 |  out|    1|  ap_ctrl_hs|  (anonymous namespace)compute_weight_batch_Pipeline_VITIS_LOOP_168_9|  return value|
|grp_fu_1681_p_din0                               |  out|   32|  ap_ctrl_hs|  (anonymous namespace)compute_weight_batch_Pipeline_VITIS_LOOP_168_9|  return value|
|grp_fu_1681_p_din1                               |  out|   32|  ap_ctrl_hs|  (anonymous namespace)compute_weight_batch_Pipeline_VITIS_LOOP_168_9|  return value|
|grp_fu_1681_p_opcode                             |  out|    2|  ap_ctrl_hs|  (anonymous namespace)compute_weight_batch_Pipeline_VITIS_LOOP_168_9|  return value|
|grp_fu_1681_p_dout0                              |   in|   32|  ap_ctrl_hs|  (anonymous namespace)compute_weight_batch_Pipeline_VITIS_LOOP_168_9|  return value|
|grp_fu_1681_p_ce                                 |  out|    1|  ap_ctrl_hs|  (anonymous namespace)compute_weight_batch_Pipeline_VITIS_LOOP_168_9|  return value|
|grp_fu_1685_p_din0                               |  out|   32|  ap_ctrl_hs|  (anonymous namespace)compute_weight_batch_Pipeline_VITIS_LOOP_168_9|  return value|
|grp_fu_1685_p_din1                               |  out|   32|  ap_ctrl_hs|  (anonymous namespace)compute_weight_batch_Pipeline_VITIS_LOOP_168_9|  return value|
|grp_fu_1685_p_opcode                             |  out|    2|  ap_ctrl_hs|  (anonymous namespace)compute_weight_batch_Pipeline_VITIS_LOOP_168_9|  return value|
|grp_fu_1685_p_dout0                              |   in|   32|  ap_ctrl_hs|  (anonymous namespace)compute_weight_batch_Pipeline_VITIS_LOOP_168_9|  return value|
|grp_fu_1685_p_ce                                 |  out|    1|  ap_ctrl_hs|  (anonymous namespace)compute_weight_batch_Pipeline_VITIS_LOOP_168_9|  return value|
|grp_fu_1689_p_din0                               |  out|   32|  ap_ctrl_hs|  (anonymous namespace)compute_weight_batch_Pipeline_VITIS_LOOP_168_9|  return value|
|grp_fu_1689_p_din1                               |  out|   32|  ap_ctrl_hs|  (anonymous namespace)compute_weight_batch_Pipeline_VITIS_LOOP_168_9|  return value|
|grp_fu_1689_p_opcode                             |  out|    2|  ap_ctrl_hs|  (anonymous namespace)compute_weight_batch_Pipeline_VITIS_LOOP_168_9|  return value|
|grp_fu_1689_p_dout0                              |   in|   32|  ap_ctrl_hs|  (anonymous namespace)compute_weight_batch_Pipeline_VITIS_LOOP_168_9|  return value|
|grp_fu_1689_p_ce                                 |  out|    1|  ap_ctrl_hs|  (anonymous namespace)compute_weight_batch_Pipeline_VITIS_LOOP_168_9|  return value|
|grp_fu_1693_p_din0                               |  out|   32|  ap_ctrl_hs|  (anonymous namespace)compute_weight_batch_Pipeline_VITIS_LOOP_168_9|  return value|
|grp_fu_1693_p_din1                               |  out|   32|  ap_ctrl_hs|  (anonymous namespace)compute_weight_batch_Pipeline_VITIS_LOOP_168_9|  return value|
|grp_fu_1693_p_opcode                             |  out|    2|  ap_ctrl_hs|  (anonymous namespace)compute_weight_batch_Pipeline_VITIS_LOOP_168_9|  return value|
|grp_fu_1693_p_dout0                              |   in|   32|  ap_ctrl_hs|  (anonymous namespace)compute_weight_batch_Pipeline_VITIS_LOOP_168_9|  return value|
|grp_fu_1693_p_ce                                 |  out|    1|  ap_ctrl_hs|  (anonymous namespace)compute_weight_batch_Pipeline_VITIS_LOOP_168_9|  return value|
|grp_fu_1697_p_din0                               |  out|   32|  ap_ctrl_hs|  (anonymous namespace)compute_weight_batch_Pipeline_VITIS_LOOP_168_9|  return value|
|grp_fu_1697_p_din1                               |  out|   32|  ap_ctrl_hs|  (anonymous namespace)compute_weight_batch_Pipeline_VITIS_LOOP_168_9|  return value|
|grp_fu_1697_p_opcode                             |  out|    2|  ap_ctrl_hs|  (anonymous namespace)compute_weight_batch_Pipeline_VITIS_LOOP_168_9|  return value|
|grp_fu_1697_p_dout0                              |   in|   32|  ap_ctrl_hs|  (anonymous namespace)compute_weight_batch_Pipeline_VITIS_LOOP_168_9|  return value|
|grp_fu_1697_p_ce                                 |  out|    1|  ap_ctrl_hs|  (anonymous namespace)compute_weight_batch_Pipeline_VITIS_LOOP_168_9|  return value|
|grp_fu_1701_p_din0                               |  out|   32|  ap_ctrl_hs|  (anonymous namespace)compute_weight_batch_Pipeline_VITIS_LOOP_168_9|  return value|
|grp_fu_1701_p_din1                               |  out|   32|  ap_ctrl_hs|  (anonymous namespace)compute_weight_batch_Pipeline_VITIS_LOOP_168_9|  return value|
|grp_fu_1701_p_opcode                             |  out|    2|  ap_ctrl_hs|  (anonymous namespace)compute_weight_batch_Pipeline_VITIS_LOOP_168_9|  return value|
|grp_fu_1701_p_dout0                              |   in|   32|  ap_ctrl_hs|  (anonymous namespace)compute_weight_batch_Pipeline_VITIS_LOOP_168_9|  return value|
|grp_fu_1701_p_ce                                 |  out|    1|  ap_ctrl_hs|  (anonymous namespace)compute_weight_batch_Pipeline_VITIS_LOOP_168_9|  return value|
|grp_fu_1705_p_din0                               |  out|   32|  ap_ctrl_hs|  (anonymous namespace)compute_weight_batch_Pipeline_VITIS_LOOP_168_9|  return value|
|grp_fu_1705_p_din1                               |  out|   32|  ap_ctrl_hs|  (anonymous namespace)compute_weight_batch_Pipeline_VITIS_LOOP_168_9|  return value|
|grp_fu_1705_p_opcode                             |  out|    2|  ap_ctrl_hs|  (anonymous namespace)compute_weight_batch_Pipeline_VITIS_LOOP_168_9|  return value|
|grp_fu_1705_p_dout0                              |   in|   32|  ap_ctrl_hs|  (anonymous namespace)compute_weight_batch_Pipeline_VITIS_LOOP_168_9|  return value|
|grp_fu_1705_p_ce                                 |  out|    1|  ap_ctrl_hs|  (anonymous namespace)compute_weight_batch_Pipeline_VITIS_LOOP_168_9|  return value|
|grp_fu_1709_p_din0                               |  out|   32|  ap_ctrl_hs|  (anonymous namespace)compute_weight_batch_Pipeline_VITIS_LOOP_168_9|  return value|
|grp_fu_1709_p_din1                               |  out|   32|  ap_ctrl_hs|  (anonymous namespace)compute_weight_batch_Pipeline_VITIS_LOOP_168_9|  return value|
|grp_fu_1709_p_opcode                             |  out|    2|  ap_ctrl_hs|  (anonymous namespace)compute_weight_batch_Pipeline_VITIS_LOOP_168_9|  return value|
|grp_fu_1709_p_dout0                              |   in|   32|  ap_ctrl_hs|  (anonymous namespace)compute_weight_batch_Pipeline_VITIS_LOOP_168_9|  return value|
|grp_fu_1709_p_ce                                 |  out|    1|  ap_ctrl_hs|  (anonymous namespace)compute_weight_batch_Pipeline_VITIS_LOOP_168_9|  return value|
|grp_fu_1713_p_din0                               |  out|   32|  ap_ctrl_hs|  (anonymous namespace)compute_weight_batch_Pipeline_VITIS_LOOP_168_9|  return value|
|grp_fu_1713_p_din1                               |  out|   32|  ap_ctrl_hs|  (anonymous namespace)compute_weight_batch_Pipeline_VITIS_LOOP_168_9|  return value|
|grp_fu_1713_p_opcode                             |  out|    2|  ap_ctrl_hs|  (anonymous namespace)compute_weight_batch_Pipeline_VITIS_LOOP_168_9|  return value|
|grp_fu_1713_p_dout0                              |   in|   32|  ap_ctrl_hs|  (anonymous namespace)compute_weight_batch_Pipeline_VITIS_LOOP_168_9|  return value|
|grp_fu_1713_p_ce                                 |  out|    1|  ap_ctrl_hs|  (anonymous namespace)compute_weight_batch_Pipeline_VITIS_LOOP_168_9|  return value|
|grp_fu_1717_p_din0                               |  out|   32|  ap_ctrl_hs|  (anonymous namespace)compute_weight_batch_Pipeline_VITIS_LOOP_168_9|  return value|
|grp_fu_1717_p_din1                               |  out|   32|  ap_ctrl_hs|  (anonymous namespace)compute_weight_batch_Pipeline_VITIS_LOOP_168_9|  return value|
|grp_fu_1717_p_opcode                             |  out|    2|  ap_ctrl_hs|  (anonymous namespace)compute_weight_batch_Pipeline_VITIS_LOOP_168_9|  return value|
|grp_fu_1717_p_dout0                              |   in|   32|  ap_ctrl_hs|  (anonymous namespace)compute_weight_batch_Pipeline_VITIS_LOOP_168_9|  return value|
|grp_fu_1717_p_ce                                 |  out|    1|  ap_ctrl_hs|  (anonymous namespace)compute_weight_batch_Pipeline_VITIS_LOOP_168_9|  return value|
|grp_fu_1721_p_din0                               |  out|   32|  ap_ctrl_hs|  (anonymous namespace)compute_weight_batch_Pipeline_VITIS_LOOP_168_9|  return value|
|grp_fu_1721_p_din1                               |  out|   32|  ap_ctrl_hs|  (anonymous namespace)compute_weight_batch_Pipeline_VITIS_LOOP_168_9|  return value|
|grp_fu_1721_p_opcode                             |  out|    2|  ap_ctrl_hs|  (anonymous namespace)compute_weight_batch_Pipeline_VITIS_LOOP_168_9|  return value|
|grp_fu_1721_p_dout0                              |   in|   32|  ap_ctrl_hs|  (anonymous namespace)compute_weight_batch_Pipeline_VITIS_LOOP_168_9|  return value|
|grp_fu_1721_p_ce                                 |  out|    1|  ap_ctrl_hs|  (anonymous namespace)compute_weight_batch_Pipeline_VITIS_LOOP_168_9|  return value|
|grp_fu_1725_p_din0                               |  out|   32|  ap_ctrl_hs|  (anonymous namespace)compute_weight_batch_Pipeline_VITIS_LOOP_168_9|  return value|
|grp_fu_1725_p_din1                               |  out|   32|  ap_ctrl_hs|  (anonymous namespace)compute_weight_batch_Pipeline_VITIS_LOOP_168_9|  return value|
|grp_fu_1725_p_opcode                             |  out|    2|  ap_ctrl_hs|  (anonymous namespace)compute_weight_batch_Pipeline_VITIS_LOOP_168_9|  return value|
|grp_fu_1725_p_dout0                              |   in|   32|  ap_ctrl_hs|  (anonymous namespace)compute_weight_batch_Pipeline_VITIS_LOOP_168_9|  return value|
|grp_fu_1725_p_ce                                 |  out|    1|  ap_ctrl_hs|  (anonymous namespace)compute_weight_batch_Pipeline_VITIS_LOOP_168_9|  return value|
|grp_fu_1729_p_din0                               |  out|   32|  ap_ctrl_hs|  (anonymous namespace)compute_weight_batch_Pipeline_VITIS_LOOP_168_9|  return value|
|grp_fu_1729_p_din1                               |  out|   32|  ap_ctrl_hs|  (anonymous namespace)compute_weight_batch_Pipeline_VITIS_LOOP_168_9|  return value|
|grp_fu_1729_p_opcode                             |  out|    2|  ap_ctrl_hs|  (anonymous namespace)compute_weight_batch_Pipeline_VITIS_LOOP_168_9|  return value|
|grp_fu_1729_p_dout0                              |   in|   32|  ap_ctrl_hs|  (anonymous namespace)compute_weight_batch_Pipeline_VITIS_LOOP_168_9|  return value|
|grp_fu_1729_p_ce                                 |  out|    1|  ap_ctrl_hs|  (anonymous namespace)compute_weight_batch_Pipeline_VITIS_LOOP_168_9|  return value|
|grp_fu_1733_p_din0                               |  out|   32|  ap_ctrl_hs|  (anonymous namespace)compute_weight_batch_Pipeline_VITIS_LOOP_168_9|  return value|
|grp_fu_1733_p_din1                               |  out|   32|  ap_ctrl_hs|  (anonymous namespace)compute_weight_batch_Pipeline_VITIS_LOOP_168_9|  return value|
|grp_fu_1733_p_opcode                             |  out|    2|  ap_ctrl_hs|  (anonymous namespace)compute_weight_batch_Pipeline_VITIS_LOOP_168_9|  return value|
|grp_fu_1733_p_dout0                              |   in|   32|  ap_ctrl_hs|  (anonymous namespace)compute_weight_batch_Pipeline_VITIS_LOOP_168_9|  return value|
|grp_fu_1733_p_ce                                 |  out|    1|  ap_ctrl_hs|  (anonymous namespace)compute_weight_batch_Pipeline_VITIS_LOOP_168_9|  return value|
|grp_fu_1737_p_din0                               |  out|   32|  ap_ctrl_hs|  (anonymous namespace)compute_weight_batch_Pipeline_VITIS_LOOP_168_9|  return value|
|grp_fu_1737_p_din1                               |  out|   32|  ap_ctrl_hs|  (anonymous namespace)compute_weight_batch_Pipeline_VITIS_LOOP_168_9|  return value|
|grp_fu_1737_p_opcode                             |  out|    2|  ap_ctrl_hs|  (anonymous namespace)compute_weight_batch_Pipeline_VITIS_LOOP_168_9|  return value|
|grp_fu_1737_p_dout0                              |   in|   32|  ap_ctrl_hs|  (anonymous namespace)compute_weight_batch_Pipeline_VITIS_LOOP_168_9|  return value|
|grp_fu_1737_p_ce                                 |  out|    1|  ap_ctrl_hs|  (anonymous namespace)compute_weight_batch_Pipeline_VITIS_LOOP_168_9|  return value|
|grp_fu_1741_p_din0                               |  out|   32|  ap_ctrl_hs|  (anonymous namespace)compute_weight_batch_Pipeline_VITIS_LOOP_168_9|  return value|
|grp_fu_1741_p_din1                               |  out|   32|  ap_ctrl_hs|  (anonymous namespace)compute_weight_batch_Pipeline_VITIS_LOOP_168_9|  return value|
|grp_fu_1741_p_opcode                             |  out|    2|  ap_ctrl_hs|  (anonymous namespace)compute_weight_batch_Pipeline_VITIS_LOOP_168_9|  return value|
|grp_fu_1741_p_dout0                              |   in|   32|  ap_ctrl_hs|  (anonymous namespace)compute_weight_batch_Pipeline_VITIS_LOOP_168_9|  return value|
|grp_fu_1741_p_ce                                 |  out|    1|  ap_ctrl_hs|  (anonymous namespace)compute_weight_batch_Pipeline_VITIS_LOOP_168_9|  return value|
|grp_fu_1745_p_din0                               |  out|   32|  ap_ctrl_hs|  (anonymous namespace)compute_weight_batch_Pipeline_VITIS_LOOP_168_9|  return value|
|grp_fu_1745_p_din1                               |  out|   32|  ap_ctrl_hs|  (anonymous namespace)compute_weight_batch_Pipeline_VITIS_LOOP_168_9|  return value|
|grp_fu_1745_p_opcode                             |  out|    2|  ap_ctrl_hs|  (anonymous namespace)compute_weight_batch_Pipeline_VITIS_LOOP_168_9|  return value|
|grp_fu_1745_p_dout0                              |   in|   32|  ap_ctrl_hs|  (anonymous namespace)compute_weight_batch_Pipeline_VITIS_LOOP_168_9|  return value|
|grp_fu_1745_p_ce                                 |  out|    1|  ap_ctrl_hs|  (anonymous namespace)compute_weight_batch_Pipeline_VITIS_LOOP_168_9|  return value|
|grp_fu_1749_p_din0                               |  out|   32|  ap_ctrl_hs|  (anonymous namespace)compute_weight_batch_Pipeline_VITIS_LOOP_168_9|  return value|
|grp_fu_1749_p_din1                               |  out|   32|  ap_ctrl_hs|  (anonymous namespace)compute_weight_batch_Pipeline_VITIS_LOOP_168_9|  return value|
|grp_fu_1749_p_opcode                             |  out|    2|  ap_ctrl_hs|  (anonymous namespace)compute_weight_batch_Pipeline_VITIS_LOOP_168_9|  return value|
|grp_fu_1749_p_dout0                              |   in|   32|  ap_ctrl_hs|  (anonymous namespace)compute_weight_batch_Pipeline_VITIS_LOOP_168_9|  return value|
|grp_fu_1749_p_ce                                 |  out|    1|  ap_ctrl_hs|  (anonymous namespace)compute_weight_batch_Pipeline_VITIS_LOOP_168_9|  return value|
|grp_fu_1753_p_din0                               |  out|   32|  ap_ctrl_hs|  (anonymous namespace)compute_weight_batch_Pipeline_VITIS_LOOP_168_9|  return value|
|grp_fu_1753_p_din1                               |  out|   32|  ap_ctrl_hs|  (anonymous namespace)compute_weight_batch_Pipeline_VITIS_LOOP_168_9|  return value|
|grp_fu_1753_p_opcode                             |  out|    2|  ap_ctrl_hs|  (anonymous namespace)compute_weight_batch_Pipeline_VITIS_LOOP_168_9|  return value|
|grp_fu_1753_p_dout0                              |   in|   32|  ap_ctrl_hs|  (anonymous namespace)compute_weight_batch_Pipeline_VITIS_LOOP_168_9|  return value|
|grp_fu_1753_p_ce                                 |  out|    1|  ap_ctrl_hs|  (anonymous namespace)compute_weight_batch_Pipeline_VITIS_LOOP_168_9|  return value|
|grp_fu_1757_p_din0                               |  out|   32|  ap_ctrl_hs|  (anonymous namespace)compute_weight_batch_Pipeline_VITIS_LOOP_168_9|  return value|
|grp_fu_1757_p_din1                               |  out|   32|  ap_ctrl_hs|  (anonymous namespace)compute_weight_batch_Pipeline_VITIS_LOOP_168_9|  return value|
|grp_fu_1757_p_opcode                             |  out|    2|  ap_ctrl_hs|  (anonymous namespace)compute_weight_batch_Pipeline_VITIS_LOOP_168_9|  return value|
|grp_fu_1757_p_dout0                              |   in|   32|  ap_ctrl_hs|  (anonymous namespace)compute_weight_batch_Pipeline_VITIS_LOOP_168_9|  return value|
|grp_fu_1757_p_ce                                 |  out|    1|  ap_ctrl_hs|  (anonymous namespace)compute_weight_batch_Pipeline_VITIS_LOOP_168_9|  return value|
|grp_fu_1761_p_din0                               |  out|   32|  ap_ctrl_hs|  (anonymous namespace)compute_weight_batch_Pipeline_VITIS_LOOP_168_9|  return value|
|grp_fu_1761_p_din1                               |  out|   32|  ap_ctrl_hs|  (anonymous namespace)compute_weight_batch_Pipeline_VITIS_LOOP_168_9|  return value|
|grp_fu_1761_p_opcode                             |  out|    2|  ap_ctrl_hs|  (anonymous namespace)compute_weight_batch_Pipeline_VITIS_LOOP_168_9|  return value|
|grp_fu_1761_p_dout0                              |   in|   32|  ap_ctrl_hs|  (anonymous namespace)compute_weight_batch_Pipeline_VITIS_LOOP_168_9|  return value|
|grp_fu_1761_p_ce                                 |  out|    1|  ap_ctrl_hs|  (anonymous namespace)compute_weight_batch_Pipeline_VITIS_LOOP_168_9|  return value|
|grp_fu_1765_p_din0                               |  out|   32|  ap_ctrl_hs|  (anonymous namespace)compute_weight_batch_Pipeline_VITIS_LOOP_168_9|  return value|
|grp_fu_1765_p_din1                               |  out|   32|  ap_ctrl_hs|  (anonymous namespace)compute_weight_batch_Pipeline_VITIS_LOOP_168_9|  return value|
|grp_fu_1765_p_opcode                             |  out|    2|  ap_ctrl_hs|  (anonymous namespace)compute_weight_batch_Pipeline_VITIS_LOOP_168_9|  return value|
|grp_fu_1765_p_dout0                              |   in|   32|  ap_ctrl_hs|  (anonymous namespace)compute_weight_batch_Pipeline_VITIS_LOOP_168_9|  return value|
|grp_fu_1765_p_ce                                 |  out|    1|  ap_ctrl_hs|  (anonymous namespace)compute_weight_batch_Pipeline_VITIS_LOOP_168_9|  return value|
|grp_fu_1769_p_din0                               |  out|   32|  ap_ctrl_hs|  (anonymous namespace)compute_weight_batch_Pipeline_VITIS_LOOP_168_9|  return value|
|grp_fu_1769_p_din1                               |  out|   32|  ap_ctrl_hs|  (anonymous namespace)compute_weight_batch_Pipeline_VITIS_LOOP_168_9|  return value|
|grp_fu_1769_p_opcode                             |  out|    2|  ap_ctrl_hs|  (anonymous namespace)compute_weight_batch_Pipeline_VITIS_LOOP_168_9|  return value|
|grp_fu_1769_p_dout0                              |   in|   32|  ap_ctrl_hs|  (anonymous namespace)compute_weight_batch_Pipeline_VITIS_LOOP_168_9|  return value|
|grp_fu_1769_p_ce                                 |  out|    1|  ap_ctrl_hs|  (anonymous namespace)compute_weight_batch_Pipeline_VITIS_LOOP_168_9|  return value|
|grp_fu_1773_p_din0                               |  out|   32|  ap_ctrl_hs|  (anonymous namespace)compute_weight_batch_Pipeline_VITIS_LOOP_168_9|  return value|
|grp_fu_1773_p_din1                               |  out|   32|  ap_ctrl_hs|  (anonymous namespace)compute_weight_batch_Pipeline_VITIS_LOOP_168_9|  return value|
|grp_fu_1773_p_opcode                             |  out|    2|  ap_ctrl_hs|  (anonymous namespace)compute_weight_batch_Pipeline_VITIS_LOOP_168_9|  return value|
|grp_fu_1773_p_dout0                              |   in|   32|  ap_ctrl_hs|  (anonymous namespace)compute_weight_batch_Pipeline_VITIS_LOOP_168_9|  return value|
|grp_fu_1773_p_ce                                 |  out|    1|  ap_ctrl_hs|  (anonymous namespace)compute_weight_batch_Pipeline_VITIS_LOOP_168_9|  return value|
|grp_fu_1777_p_din0                               |  out|   32|  ap_ctrl_hs|  (anonymous namespace)compute_weight_batch_Pipeline_VITIS_LOOP_168_9|  return value|
|grp_fu_1777_p_din1                               |  out|   32|  ap_ctrl_hs|  (anonymous namespace)compute_weight_batch_Pipeline_VITIS_LOOP_168_9|  return value|
|grp_fu_1777_p_opcode                             |  out|    2|  ap_ctrl_hs|  (anonymous namespace)compute_weight_batch_Pipeline_VITIS_LOOP_168_9|  return value|
|grp_fu_1777_p_dout0                              |   in|   32|  ap_ctrl_hs|  (anonymous namespace)compute_weight_batch_Pipeline_VITIS_LOOP_168_9|  return value|
|grp_fu_1777_p_ce                                 |  out|    1|  ap_ctrl_hs|  (anonymous namespace)compute_weight_batch_Pipeline_VITIS_LOOP_168_9|  return value|
|grp_fu_1781_p_din0                               |  out|   32|  ap_ctrl_hs|  (anonymous namespace)compute_weight_batch_Pipeline_VITIS_LOOP_168_9|  return value|
|grp_fu_1781_p_din1                               |  out|   32|  ap_ctrl_hs|  (anonymous namespace)compute_weight_batch_Pipeline_VITIS_LOOP_168_9|  return value|
|grp_fu_1781_p_opcode                             |  out|    2|  ap_ctrl_hs|  (anonymous namespace)compute_weight_batch_Pipeline_VITIS_LOOP_168_9|  return value|
|grp_fu_1781_p_dout0                              |   in|   32|  ap_ctrl_hs|  (anonymous namespace)compute_weight_batch_Pipeline_VITIS_LOOP_168_9|  return value|
|grp_fu_1781_p_ce                                 |  out|    1|  ap_ctrl_hs|  (anonymous namespace)compute_weight_batch_Pipeline_VITIS_LOOP_168_9|  return value|
|grp_fu_1785_p_din0                               |  out|   32|  ap_ctrl_hs|  (anonymous namespace)compute_weight_batch_Pipeline_VITIS_LOOP_168_9|  return value|
|grp_fu_1785_p_din1                               |  out|   32|  ap_ctrl_hs|  (anonymous namespace)compute_weight_batch_Pipeline_VITIS_LOOP_168_9|  return value|
|grp_fu_1785_p_opcode                             |  out|    2|  ap_ctrl_hs|  (anonymous namespace)compute_weight_batch_Pipeline_VITIS_LOOP_168_9|  return value|
|grp_fu_1785_p_dout0                              |   in|   32|  ap_ctrl_hs|  (anonymous namespace)compute_weight_batch_Pipeline_VITIS_LOOP_168_9|  return value|
|grp_fu_1785_p_ce                                 |  out|    1|  ap_ctrl_hs|  (anonymous namespace)compute_weight_batch_Pipeline_VITIS_LOOP_168_9|  return value|
|grp_fu_1789_p_din0                               |  out|   32|  ap_ctrl_hs|  (anonymous namespace)compute_weight_batch_Pipeline_VITIS_LOOP_168_9|  return value|
|grp_fu_1789_p_din1                               |  out|   32|  ap_ctrl_hs|  (anonymous namespace)compute_weight_batch_Pipeline_VITIS_LOOP_168_9|  return value|
|grp_fu_1789_p_opcode                             |  out|    2|  ap_ctrl_hs|  (anonymous namespace)compute_weight_batch_Pipeline_VITIS_LOOP_168_9|  return value|
|grp_fu_1789_p_dout0                              |   in|   32|  ap_ctrl_hs|  (anonymous namespace)compute_weight_batch_Pipeline_VITIS_LOOP_168_9|  return value|
|grp_fu_1789_p_ce                                 |  out|    1|  ap_ctrl_hs|  (anonymous namespace)compute_weight_batch_Pipeline_VITIS_LOOP_168_9|  return value|
|grp_fu_1793_p_din0                               |  out|   32|  ap_ctrl_hs|  (anonymous namespace)compute_weight_batch_Pipeline_VITIS_LOOP_168_9|  return value|
|grp_fu_1793_p_din1                               |  out|   32|  ap_ctrl_hs|  (anonymous namespace)compute_weight_batch_Pipeline_VITIS_LOOP_168_9|  return value|
|grp_fu_1793_p_opcode                             |  out|    2|  ap_ctrl_hs|  (anonymous namespace)compute_weight_batch_Pipeline_VITIS_LOOP_168_9|  return value|
|grp_fu_1793_p_dout0                              |   in|   32|  ap_ctrl_hs|  (anonymous namespace)compute_weight_batch_Pipeline_VITIS_LOOP_168_9|  return value|
|grp_fu_1793_p_ce                                 |  out|    1|  ap_ctrl_hs|  (anonymous namespace)compute_weight_batch_Pipeline_VITIS_LOOP_168_9|  return value|
|grp_fu_1797_p_din0                               |  out|   32|  ap_ctrl_hs|  (anonymous namespace)compute_weight_batch_Pipeline_VITIS_LOOP_168_9|  return value|
|grp_fu_1797_p_din1                               |  out|   32|  ap_ctrl_hs|  (anonymous namespace)compute_weight_batch_Pipeline_VITIS_LOOP_168_9|  return value|
|grp_fu_1797_p_opcode                             |  out|    2|  ap_ctrl_hs|  (anonymous namespace)compute_weight_batch_Pipeline_VITIS_LOOP_168_9|  return value|
|grp_fu_1797_p_dout0                              |   in|   32|  ap_ctrl_hs|  (anonymous namespace)compute_weight_batch_Pipeline_VITIS_LOOP_168_9|  return value|
|grp_fu_1797_p_ce                                 |  out|    1|  ap_ctrl_hs|  (anonymous namespace)compute_weight_batch_Pipeline_VITIS_LOOP_168_9|  return value|
|grp_fu_1801_p_din0                               |  out|   32|  ap_ctrl_hs|  (anonymous namespace)compute_weight_batch_Pipeline_VITIS_LOOP_168_9|  return value|
|grp_fu_1801_p_din1                               |  out|   32|  ap_ctrl_hs|  (anonymous namespace)compute_weight_batch_Pipeline_VITIS_LOOP_168_9|  return value|
|grp_fu_1801_p_opcode                             |  out|    2|  ap_ctrl_hs|  (anonymous namespace)compute_weight_batch_Pipeline_VITIS_LOOP_168_9|  return value|
|grp_fu_1801_p_dout0                              |   in|   32|  ap_ctrl_hs|  (anonymous namespace)compute_weight_batch_Pipeline_VITIS_LOOP_168_9|  return value|
|grp_fu_1801_p_ce                                 |  out|    1|  ap_ctrl_hs|  (anonymous namespace)compute_weight_batch_Pipeline_VITIS_LOOP_168_9|  return value|
|grp_fu_1805_p_din0                               |  out|   32|  ap_ctrl_hs|  (anonymous namespace)compute_weight_batch_Pipeline_VITIS_LOOP_168_9|  return value|
|grp_fu_1805_p_din1                               |  out|   32|  ap_ctrl_hs|  (anonymous namespace)compute_weight_batch_Pipeline_VITIS_LOOP_168_9|  return value|
|grp_fu_1805_p_opcode                             |  out|    2|  ap_ctrl_hs|  (anonymous namespace)compute_weight_batch_Pipeline_VITIS_LOOP_168_9|  return value|
|grp_fu_1805_p_dout0                              |   in|   32|  ap_ctrl_hs|  (anonymous namespace)compute_weight_batch_Pipeline_VITIS_LOOP_168_9|  return value|
|grp_fu_1805_p_ce                                 |  out|    1|  ap_ctrl_hs|  (anonymous namespace)compute_weight_batch_Pipeline_VITIS_LOOP_168_9|  return value|
|grp_fu_1809_p_din0                               |  out|   32|  ap_ctrl_hs|  (anonymous namespace)compute_weight_batch_Pipeline_VITIS_LOOP_168_9|  return value|
|grp_fu_1809_p_din1                               |  out|   32|  ap_ctrl_hs|  (anonymous namespace)compute_weight_batch_Pipeline_VITIS_LOOP_168_9|  return value|
|grp_fu_1809_p_opcode                             |  out|    2|  ap_ctrl_hs|  (anonymous namespace)compute_weight_batch_Pipeline_VITIS_LOOP_168_9|  return value|
|grp_fu_1809_p_dout0                              |   in|   32|  ap_ctrl_hs|  (anonymous namespace)compute_weight_batch_Pipeline_VITIS_LOOP_168_9|  return value|
|grp_fu_1809_p_ce                                 |  out|    1|  ap_ctrl_hs|  (anonymous namespace)compute_weight_batch_Pipeline_VITIS_LOOP_168_9|  return value|
|grp_fu_1813_p_din0                               |  out|   32|  ap_ctrl_hs|  (anonymous namespace)compute_weight_batch_Pipeline_VITIS_LOOP_168_9|  return value|
|grp_fu_1813_p_din1                               |  out|   32|  ap_ctrl_hs|  (anonymous namespace)compute_weight_batch_Pipeline_VITIS_LOOP_168_9|  return value|
|grp_fu_1813_p_opcode                             |  out|    2|  ap_ctrl_hs|  (anonymous namespace)compute_weight_batch_Pipeline_VITIS_LOOP_168_9|  return value|
|grp_fu_1813_p_dout0                              |   in|   32|  ap_ctrl_hs|  (anonymous namespace)compute_weight_batch_Pipeline_VITIS_LOOP_168_9|  return value|
|grp_fu_1813_p_ce                                 |  out|    1|  ap_ctrl_hs|  (anonymous namespace)compute_weight_batch_Pipeline_VITIS_LOOP_168_9|  return value|
|grp_fu_1817_p_din0                               |  out|   32|  ap_ctrl_hs|  (anonymous namespace)compute_weight_batch_Pipeline_VITIS_LOOP_168_9|  return value|
|grp_fu_1817_p_din1                               |  out|   32|  ap_ctrl_hs|  (anonymous namespace)compute_weight_batch_Pipeline_VITIS_LOOP_168_9|  return value|
|grp_fu_1817_p_opcode                             |  out|    2|  ap_ctrl_hs|  (anonymous namespace)compute_weight_batch_Pipeline_VITIS_LOOP_168_9|  return value|
|grp_fu_1817_p_dout0                              |   in|   32|  ap_ctrl_hs|  (anonymous namespace)compute_weight_batch_Pipeline_VITIS_LOOP_168_9|  return value|
|grp_fu_1817_p_ce                                 |  out|    1|  ap_ctrl_hs|  (anonymous namespace)compute_weight_batch_Pipeline_VITIS_LOOP_168_9|  return value|
|grp_fu_1821_p_din0                               |  out|   32|  ap_ctrl_hs|  (anonymous namespace)compute_weight_batch_Pipeline_VITIS_LOOP_168_9|  return value|
|grp_fu_1821_p_din1                               |  out|   32|  ap_ctrl_hs|  (anonymous namespace)compute_weight_batch_Pipeline_VITIS_LOOP_168_9|  return value|
|grp_fu_1821_p_opcode                             |  out|    2|  ap_ctrl_hs|  (anonymous namespace)compute_weight_batch_Pipeline_VITIS_LOOP_168_9|  return value|
|grp_fu_1821_p_dout0                              |   in|   32|  ap_ctrl_hs|  (anonymous namespace)compute_weight_batch_Pipeline_VITIS_LOOP_168_9|  return value|
|grp_fu_1821_p_ce                                 |  out|    1|  ap_ctrl_hs|  (anonymous namespace)compute_weight_batch_Pipeline_VITIS_LOOP_168_9|  return value|
|grp_fu_1825_p_din0                               |  out|   32|  ap_ctrl_hs|  (anonymous namespace)compute_weight_batch_Pipeline_VITIS_LOOP_168_9|  return value|
|grp_fu_1825_p_din1                               |  out|   32|  ap_ctrl_hs|  (anonymous namespace)compute_weight_batch_Pipeline_VITIS_LOOP_168_9|  return value|
|grp_fu_1825_p_opcode                             |  out|    2|  ap_ctrl_hs|  (anonymous namespace)compute_weight_batch_Pipeline_VITIS_LOOP_168_9|  return value|
|grp_fu_1825_p_dout0                              |   in|   32|  ap_ctrl_hs|  (anonymous namespace)compute_weight_batch_Pipeline_VITIS_LOOP_168_9|  return value|
|grp_fu_1825_p_ce                                 |  out|    1|  ap_ctrl_hs|  (anonymous namespace)compute_weight_batch_Pipeline_VITIS_LOOP_168_9|  return value|
|grp_fu_1829_p_din0                               |  out|   32|  ap_ctrl_hs|  (anonymous namespace)compute_weight_batch_Pipeline_VITIS_LOOP_168_9|  return value|
|grp_fu_1829_p_din1                               |  out|   32|  ap_ctrl_hs|  (anonymous namespace)compute_weight_batch_Pipeline_VITIS_LOOP_168_9|  return value|
|grp_fu_1829_p_opcode                             |  out|    2|  ap_ctrl_hs|  (anonymous namespace)compute_weight_batch_Pipeline_VITIS_LOOP_168_9|  return value|
|grp_fu_1829_p_dout0                              |   in|   32|  ap_ctrl_hs|  (anonymous namespace)compute_weight_batch_Pipeline_VITIS_LOOP_168_9|  return value|
|grp_fu_1829_p_ce                                 |  out|    1|  ap_ctrl_hs|  (anonymous namespace)compute_weight_batch_Pipeline_VITIS_LOOP_168_9|  return value|
|grp_fu_1833_p_din0                               |  out|   32|  ap_ctrl_hs|  (anonymous namespace)compute_weight_batch_Pipeline_VITIS_LOOP_168_9|  return value|
|grp_fu_1833_p_din1                               |  out|   32|  ap_ctrl_hs|  (anonymous namespace)compute_weight_batch_Pipeline_VITIS_LOOP_168_9|  return value|
|grp_fu_1833_p_opcode                             |  out|    2|  ap_ctrl_hs|  (anonymous namespace)compute_weight_batch_Pipeline_VITIS_LOOP_168_9|  return value|
|grp_fu_1833_p_dout0                              |   in|   32|  ap_ctrl_hs|  (anonymous namespace)compute_weight_batch_Pipeline_VITIS_LOOP_168_9|  return value|
|grp_fu_1833_p_ce                                 |  out|    1|  ap_ctrl_hs|  (anonymous namespace)compute_weight_batch_Pipeline_VITIS_LOOP_168_9|  return value|
|grp_fu_1837_p_din0                               |  out|   32|  ap_ctrl_hs|  (anonymous namespace)compute_weight_batch_Pipeline_VITIS_LOOP_168_9|  return value|
|grp_fu_1837_p_din1                               |  out|   32|  ap_ctrl_hs|  (anonymous namespace)compute_weight_batch_Pipeline_VITIS_LOOP_168_9|  return value|
|grp_fu_1837_p_opcode                             |  out|    2|  ap_ctrl_hs|  (anonymous namespace)compute_weight_batch_Pipeline_VITIS_LOOP_168_9|  return value|
|grp_fu_1837_p_dout0                              |   in|   32|  ap_ctrl_hs|  (anonymous namespace)compute_weight_batch_Pipeline_VITIS_LOOP_168_9|  return value|
|grp_fu_1837_p_ce                                 |  out|    1|  ap_ctrl_hs|  (anonymous namespace)compute_weight_batch_Pipeline_VITIS_LOOP_168_9|  return value|
|grp_fu_1841_p_din0                               |  out|   32|  ap_ctrl_hs|  (anonymous namespace)compute_weight_batch_Pipeline_VITIS_LOOP_168_9|  return value|
|grp_fu_1841_p_din1                               |  out|   32|  ap_ctrl_hs|  (anonymous namespace)compute_weight_batch_Pipeline_VITIS_LOOP_168_9|  return value|
|grp_fu_1841_p_opcode                             |  out|    2|  ap_ctrl_hs|  (anonymous namespace)compute_weight_batch_Pipeline_VITIS_LOOP_168_9|  return value|
|grp_fu_1841_p_dout0                              |   in|   32|  ap_ctrl_hs|  (anonymous namespace)compute_weight_batch_Pipeline_VITIS_LOOP_168_9|  return value|
|grp_fu_1841_p_ce                                 |  out|    1|  ap_ctrl_hs|  (anonymous namespace)compute_weight_batch_Pipeline_VITIS_LOOP_168_9|  return value|
|grp_fu_1845_p_din0                               |  out|   32|  ap_ctrl_hs|  (anonymous namespace)compute_weight_batch_Pipeline_VITIS_LOOP_168_9|  return value|
|grp_fu_1845_p_din1                               |  out|   32|  ap_ctrl_hs|  (anonymous namespace)compute_weight_batch_Pipeline_VITIS_LOOP_168_9|  return value|
|grp_fu_1845_p_opcode                             |  out|    2|  ap_ctrl_hs|  (anonymous namespace)compute_weight_batch_Pipeline_VITIS_LOOP_168_9|  return value|
|grp_fu_1845_p_dout0                              |   in|   32|  ap_ctrl_hs|  (anonymous namespace)compute_weight_batch_Pipeline_VITIS_LOOP_168_9|  return value|
|grp_fu_1845_p_ce                                 |  out|    1|  ap_ctrl_hs|  (anonymous namespace)compute_weight_batch_Pipeline_VITIS_LOOP_168_9|  return value|
|grp_fu_1849_p_din0                               |  out|   32|  ap_ctrl_hs|  (anonymous namespace)compute_weight_batch_Pipeline_VITIS_LOOP_168_9|  return value|
|grp_fu_1849_p_din1                               |  out|   32|  ap_ctrl_hs|  (anonymous namespace)compute_weight_batch_Pipeline_VITIS_LOOP_168_9|  return value|
|grp_fu_1849_p_opcode                             |  out|    2|  ap_ctrl_hs|  (anonymous namespace)compute_weight_batch_Pipeline_VITIS_LOOP_168_9|  return value|
|grp_fu_1849_p_dout0                              |   in|   32|  ap_ctrl_hs|  (anonymous namespace)compute_weight_batch_Pipeline_VITIS_LOOP_168_9|  return value|
|grp_fu_1849_p_ce                                 |  out|    1|  ap_ctrl_hs|  (anonymous namespace)compute_weight_batch_Pipeline_VITIS_LOOP_168_9|  return value|
|grp_fu_1853_p_din0                               |  out|   32|  ap_ctrl_hs|  (anonymous namespace)compute_weight_batch_Pipeline_VITIS_LOOP_168_9|  return value|
|grp_fu_1853_p_din1                               |  out|   32|  ap_ctrl_hs|  (anonymous namespace)compute_weight_batch_Pipeline_VITIS_LOOP_168_9|  return value|
|grp_fu_1853_p_opcode                             |  out|    2|  ap_ctrl_hs|  (anonymous namespace)compute_weight_batch_Pipeline_VITIS_LOOP_168_9|  return value|
|grp_fu_1853_p_dout0                              |   in|   32|  ap_ctrl_hs|  (anonymous namespace)compute_weight_batch_Pipeline_VITIS_LOOP_168_9|  return value|
|grp_fu_1853_p_ce                                 |  out|    1|  ap_ctrl_hs|  (anonymous namespace)compute_weight_batch_Pipeline_VITIS_LOOP_168_9|  return value|
|grp_fu_1857_p_din0                               |  out|   32|  ap_ctrl_hs|  (anonymous namespace)compute_weight_batch_Pipeline_VITIS_LOOP_168_9|  return value|
|grp_fu_1857_p_din1                               |  out|   32|  ap_ctrl_hs|  (anonymous namespace)compute_weight_batch_Pipeline_VITIS_LOOP_168_9|  return value|
|grp_fu_1857_p_opcode                             |  out|    2|  ap_ctrl_hs|  (anonymous namespace)compute_weight_batch_Pipeline_VITIS_LOOP_168_9|  return value|
|grp_fu_1857_p_dout0                              |   in|   32|  ap_ctrl_hs|  (anonymous namespace)compute_weight_batch_Pipeline_VITIS_LOOP_168_9|  return value|
|grp_fu_1857_p_ce                                 |  out|    1|  ap_ctrl_hs|  (anonymous namespace)compute_weight_batch_Pipeline_VITIS_LOOP_168_9|  return value|
|grp_fu_1861_p_din0                               |  out|   32|  ap_ctrl_hs|  (anonymous namespace)compute_weight_batch_Pipeline_VITIS_LOOP_168_9|  return value|
|grp_fu_1861_p_din1                               |  out|   32|  ap_ctrl_hs|  (anonymous namespace)compute_weight_batch_Pipeline_VITIS_LOOP_168_9|  return value|
|grp_fu_1861_p_opcode                             |  out|    2|  ap_ctrl_hs|  (anonymous namespace)compute_weight_batch_Pipeline_VITIS_LOOP_168_9|  return value|
|grp_fu_1861_p_dout0                              |   in|   32|  ap_ctrl_hs|  (anonymous namespace)compute_weight_batch_Pipeline_VITIS_LOOP_168_9|  return value|
|grp_fu_1861_p_ce                                 |  out|    1|  ap_ctrl_hs|  (anonymous namespace)compute_weight_batch_Pipeline_VITIS_LOOP_168_9|  return value|
|grp_fu_1865_p_din0                               |  out|   32|  ap_ctrl_hs|  (anonymous namespace)compute_weight_batch_Pipeline_VITIS_LOOP_168_9|  return value|
|grp_fu_1865_p_din1                               |  out|   32|  ap_ctrl_hs|  (anonymous namespace)compute_weight_batch_Pipeline_VITIS_LOOP_168_9|  return value|
|grp_fu_1865_p_opcode                             |  out|    2|  ap_ctrl_hs|  (anonymous namespace)compute_weight_batch_Pipeline_VITIS_LOOP_168_9|  return value|
|grp_fu_1865_p_dout0                              |   in|   32|  ap_ctrl_hs|  (anonymous namespace)compute_weight_batch_Pipeline_VITIS_LOOP_168_9|  return value|
|grp_fu_1865_p_ce                                 |  out|    1|  ap_ctrl_hs|  (anonymous namespace)compute_weight_batch_Pipeline_VITIS_LOOP_168_9|  return value|
|mul_ln189                                        |   in|   12|     ap_none|                                                            mul_ln189|        scalar|
|mul_ln186                                        |   in|   11|     ap_none|                                                            mul_ln186|        scalar|
|weight_cache_address0                            |  out|   12|   ap_memory|                                                         weight_cache|         array|
|weight_cache_ce0                                 |  out|    1|   ap_memory|                                                         weight_cache|         array|
|weight_cache_q0                                  |   in|  128|   ap_memory|                                                         weight_cache|         array|
|weight_cache_1_address0                          |  out|   12|   ap_memory|                                                       weight_cache_1|         array|
|weight_cache_1_ce0                               |  out|    1|   ap_memory|                                                       weight_cache_1|         array|
|weight_cache_1_q0                                |   in|  128|   ap_memory|                                                       weight_cache_1|         array|
|weight_cache_2_address0                          |  out|   12|   ap_memory|                                                       weight_cache_2|         array|
|weight_cache_2_ce0                               |  out|    1|   ap_memory|                                                       weight_cache_2|         array|
|weight_cache_2_q0                                |   in|  128|   ap_memory|                                                       weight_cache_2|         array|
|weight_cache_3_address0                          |  out|   12|   ap_memory|                                                       weight_cache_3|         array|
|weight_cache_3_ce0                               |  out|    1|   ap_memory|                                                       weight_cache_3|         array|
|weight_cache_3_q0                                |   in|  128|   ap_memory|                                                       weight_cache_3|         array|
|accum_load_out                                   |  out|   32|      ap_vld|                                                       accum_load_out|       pointer|
|accum_load_out_ap_vld                            |  out|    1|      ap_vld|                                                       accum_load_out|       pointer|
|accum_1_load_out                                 |  out|   32|      ap_vld|                                                     accum_1_load_out|       pointer|
|accum_1_load_out_ap_vld                          |  out|    1|      ap_vld|                                                     accum_1_load_out|       pointer|
|accum_2_load_out                                 |  out|   32|      ap_vld|                                                     accum_2_load_out|       pointer|
|accum_2_load_out_ap_vld                          |  out|    1|      ap_vld|                                                     accum_2_load_out|       pointer|
|accum_3_load_out                                 |  out|   32|      ap_vld|                                                     accum_3_load_out|       pointer|
|accum_3_load_out_ap_vld                          |  out|    1|      ap_vld|                                                     accum_3_load_out|       pointer|
|accum_4_load_out                                 |  out|   32|      ap_vld|                                                     accum_4_load_out|       pointer|
|accum_4_load_out_ap_vld                          |  out|    1|      ap_vld|                                                     accum_4_load_out|       pointer|
|accum_5_load_out                                 |  out|   32|      ap_vld|                                                     accum_5_load_out|       pointer|
|accum_5_load_out_ap_vld                          |  out|    1|      ap_vld|                                                     accum_5_load_out|       pointer|
|accum_6_load_out                                 |  out|   32|      ap_vld|                                                     accum_6_load_out|       pointer|
|accum_6_load_out_ap_vld                          |  out|    1|      ap_vld|                                                     accum_6_load_out|       pointer|
|accum_7_load_out                                 |  out|   32|      ap_vld|                                                     accum_7_load_out|       pointer|
|accum_7_load_out_ap_vld                          |  out|    1|      ap_vld|                                                     accum_7_load_out|       pointer|
|accum_8_load_out                                 |  out|   32|      ap_vld|                                                     accum_8_load_out|       pointer|
|accum_8_load_out_ap_vld                          |  out|    1|      ap_vld|                                                     accum_8_load_out|       pointer|
|accum_9_load_out                                 |  out|   32|      ap_vld|                                                     accum_9_load_out|       pointer|
|accum_9_load_out_ap_vld                          |  out|    1|      ap_vld|                                                     accum_9_load_out|       pointer|
|accum_10_load_out                                |  out|   32|      ap_vld|                                                    accum_10_load_out|       pointer|
|accum_10_load_out_ap_vld                         |  out|    1|      ap_vld|                                                    accum_10_load_out|       pointer|
|accum_11_load_out                                |  out|   32|      ap_vld|                                                    accum_11_load_out|       pointer|
|accum_11_load_out_ap_vld                         |  out|    1|      ap_vld|                                                    accum_11_load_out|       pointer|
|accum_12_load_out                                |  out|   32|      ap_vld|                                                    accum_12_load_out|       pointer|
|accum_12_load_out_ap_vld                         |  out|    1|      ap_vld|                                                    accum_12_load_out|       pointer|
|accum_13_load_out                                |  out|   32|      ap_vld|                                                    accum_13_load_out|       pointer|
|accum_13_load_out_ap_vld                         |  out|    1|      ap_vld|                                                    accum_13_load_out|       pointer|
|accum_14_load_out                                |  out|   32|      ap_vld|                                                    accum_14_load_out|       pointer|
|accum_14_load_out_ap_vld                         |  out|    1|      ap_vld|                                                    accum_14_load_out|       pointer|
|accum_15_load_out                                |  out|   32|      ap_vld|                                                    accum_15_load_out|       pointer|
|accum_15_load_out_ap_vld                         |  out|    1|      ap_vld|                                                    accum_15_load_out|       pointer|
|accum_16_load_out                                |  out|   32|      ap_vld|                                                    accum_16_load_out|       pointer|
|accum_16_load_out_ap_vld                         |  out|    1|      ap_vld|                                                    accum_16_load_out|       pointer|
|accum_17_load_out                                |  out|   32|      ap_vld|                                                    accum_17_load_out|       pointer|
|accum_17_load_out_ap_vld                         |  out|    1|      ap_vld|                                                    accum_17_load_out|       pointer|
|accum_18_load_out                                |  out|   32|      ap_vld|                                                    accum_18_load_out|       pointer|
|accum_18_load_out_ap_vld                         |  out|    1|      ap_vld|                                                    accum_18_load_out|       pointer|
|accum_19_load_out                                |  out|   32|      ap_vld|                                                    accum_19_load_out|       pointer|
|accum_19_load_out_ap_vld                         |  out|    1|      ap_vld|                                                    accum_19_load_out|       pointer|
|accum_20_load_out                                |  out|   32|      ap_vld|                                                    accum_20_load_out|       pointer|
|accum_20_load_out_ap_vld                         |  out|    1|      ap_vld|                                                    accum_20_load_out|       pointer|
|accum_21_load_out                                |  out|   32|      ap_vld|                                                    accum_21_load_out|       pointer|
|accum_21_load_out_ap_vld                         |  out|    1|      ap_vld|                                                    accum_21_load_out|       pointer|
|accum_22_load_out                                |  out|   32|      ap_vld|                                                    accum_22_load_out|       pointer|
|accum_22_load_out_ap_vld                         |  out|    1|      ap_vld|                                                    accum_22_load_out|       pointer|
|accum_23_load_out                                |  out|   32|      ap_vld|                                                    accum_23_load_out|       pointer|
|accum_23_load_out_ap_vld                         |  out|    1|      ap_vld|                                                    accum_23_load_out|       pointer|
|accum_24_load_out                                |  out|   32|      ap_vld|                                                    accum_24_load_out|       pointer|
|accum_24_load_out_ap_vld                         |  out|    1|      ap_vld|                                                    accum_24_load_out|       pointer|
|accum_25_load_out                                |  out|   32|      ap_vld|                                                    accum_25_load_out|       pointer|
|accum_25_load_out_ap_vld                         |  out|    1|      ap_vld|                                                    accum_25_load_out|       pointer|
|accum_26_load_out                                |  out|   32|      ap_vld|                                                    accum_26_load_out|       pointer|
|accum_26_load_out_ap_vld                         |  out|    1|      ap_vld|                                                    accum_26_load_out|       pointer|
|accum_27_load_out                                |  out|   32|      ap_vld|                                                    accum_27_load_out|       pointer|
|accum_27_load_out_ap_vld                         |  out|    1|      ap_vld|                                                    accum_27_load_out|       pointer|
|accum_28_load_out                                |  out|   32|      ap_vld|                                                    accum_28_load_out|       pointer|
|accum_28_load_out_ap_vld                         |  out|    1|      ap_vld|                                                    accum_28_load_out|       pointer|
|accum_29_load_out                                |  out|   32|      ap_vld|                                                    accum_29_load_out|       pointer|
|accum_29_load_out_ap_vld                         |  out|    1|      ap_vld|                                                    accum_29_load_out|       pointer|
|accum_30_load_out                                |  out|   32|      ap_vld|                                                    accum_30_load_out|       pointer|
|accum_30_load_out_ap_vld                         |  out|    1|      ap_vld|                                                    accum_30_load_out|       pointer|
|accum_31_load_out                                |  out|   32|      ap_vld|                                                    accum_31_load_out|       pointer|
|accum_31_load_out_ap_vld                         |  out|    1|      ap_vld|                                                    accum_31_load_out|       pointer|
|accum_32_load_out                                |  out|   32|      ap_vld|                                                    accum_32_load_out|       pointer|
|accum_32_load_out_ap_vld                         |  out|    1|      ap_vld|                                                    accum_32_load_out|       pointer|
|accum_33_load_out                                |  out|   32|      ap_vld|                                                    accum_33_load_out|       pointer|
|accum_33_load_out_ap_vld                         |  out|    1|      ap_vld|                                                    accum_33_load_out|       pointer|
|accum_34_load_out                                |  out|   32|      ap_vld|                                                    accum_34_load_out|       pointer|
|accum_34_load_out_ap_vld                         |  out|    1|      ap_vld|                                                    accum_34_load_out|       pointer|
|accum_35_load_out                                |  out|   32|      ap_vld|                                                    accum_35_load_out|       pointer|
|accum_35_load_out_ap_vld                         |  out|    1|      ap_vld|                                                    accum_35_load_out|       pointer|
|accum_36_load_out                                |  out|   32|      ap_vld|                                                    accum_36_load_out|       pointer|
|accum_36_load_out_ap_vld                         |  out|    1|      ap_vld|                                                    accum_36_load_out|       pointer|
|accum_37_load_out                                |  out|   32|      ap_vld|                                                    accum_37_load_out|       pointer|
|accum_37_load_out_ap_vld                         |  out|    1|      ap_vld|                                                    accum_37_load_out|       pointer|
|accum_38_load_out                                |  out|   32|      ap_vld|                                                    accum_38_load_out|       pointer|
|accum_38_load_out_ap_vld                         |  out|    1|      ap_vld|                                                    accum_38_load_out|       pointer|
|accum_39_load_out                                |  out|   32|      ap_vld|                                                    accum_39_load_out|       pointer|
|accum_39_load_out_ap_vld                         |  out|    1|      ap_vld|                                                    accum_39_load_out|       pointer|
|accum_40_load_out                                |  out|   32|      ap_vld|                                                    accum_40_load_out|       pointer|
|accum_40_load_out_ap_vld                         |  out|    1|      ap_vld|                                                    accum_40_load_out|       pointer|
|accum_41_load_out                                |  out|   32|      ap_vld|                                                    accum_41_load_out|       pointer|
|accum_41_load_out_ap_vld                         |  out|    1|      ap_vld|                                                    accum_41_load_out|       pointer|
|accum_42_load_out                                |  out|   32|      ap_vld|                                                    accum_42_load_out|       pointer|
|accum_42_load_out_ap_vld                         |  out|    1|      ap_vld|                                                    accum_42_load_out|       pointer|
|accum_43_load_out                                |  out|   32|      ap_vld|                                                    accum_43_load_out|       pointer|
|accum_43_load_out_ap_vld                         |  out|    1|      ap_vld|                                                    accum_43_load_out|       pointer|
|accum_44_load_out                                |  out|   32|      ap_vld|                                                    accum_44_load_out|       pointer|
|accum_44_load_out_ap_vld                         |  out|    1|      ap_vld|                                                    accum_44_load_out|       pointer|
|accum_45_load_out                                |  out|   32|      ap_vld|                                                    accum_45_load_out|       pointer|
|accum_45_load_out_ap_vld                         |  out|    1|      ap_vld|                                                    accum_45_load_out|       pointer|
|accum_46_load_out                                |  out|   32|      ap_vld|                                                    accum_46_load_out|       pointer|
|accum_46_load_out_ap_vld                         |  out|    1|      ap_vld|                                                    accum_46_load_out|       pointer|
|accum_47_load_out                                |  out|   32|      ap_vld|                                                    accum_47_load_out|       pointer|
|accum_47_load_out_ap_vld                         |  out|    1|      ap_vld|                                                    accum_47_load_out|       pointer|
|accum_48_load_out                                |  out|   32|      ap_vld|                                                    accum_48_load_out|       pointer|
|accum_48_load_out_ap_vld                         |  out|    1|      ap_vld|                                                    accum_48_load_out|       pointer|
|accum_49_load_out                                |  out|   32|      ap_vld|                                                    accum_49_load_out|       pointer|
|accum_49_load_out_ap_vld                         |  out|    1|      ap_vld|                                                    accum_49_load_out|       pointer|
|accum_50_load_out                                |  out|   32|      ap_vld|                                                    accum_50_load_out|       pointer|
|accum_50_load_out_ap_vld                         |  out|    1|      ap_vld|                                                    accum_50_load_out|       pointer|
|accum_51_load_out                                |  out|   32|      ap_vld|                                                    accum_51_load_out|       pointer|
|accum_51_load_out_ap_vld                         |  out|    1|      ap_vld|                                                    accum_51_load_out|       pointer|
|accum_52_load_out                                |  out|   32|      ap_vld|                                                    accum_52_load_out|       pointer|
|accum_52_load_out_ap_vld                         |  out|    1|      ap_vld|                                                    accum_52_load_out|       pointer|
|accum_53_load_out                                |  out|   32|      ap_vld|                                                    accum_53_load_out|       pointer|
|accum_53_load_out_ap_vld                         |  out|    1|      ap_vld|                                                    accum_53_load_out|       pointer|
|accum_54_load_out                                |  out|   32|      ap_vld|                                                    accum_54_load_out|       pointer|
|accum_54_load_out_ap_vld                         |  out|    1|      ap_vld|                                                    accum_54_load_out|       pointer|
|accum_55_load_out                                |  out|   32|      ap_vld|                                                    accum_55_load_out|       pointer|
|accum_55_load_out_ap_vld                         |  out|    1|      ap_vld|                                                    accum_55_load_out|       pointer|
|accum_56_load_out                                |  out|   32|      ap_vld|                                                    accum_56_load_out|       pointer|
|accum_56_load_out_ap_vld                         |  out|    1|      ap_vld|                                                    accum_56_load_out|       pointer|
|accum_57_load_out                                |  out|   32|      ap_vld|                                                    accum_57_load_out|       pointer|
|accum_57_load_out_ap_vld                         |  out|    1|      ap_vld|                                                    accum_57_load_out|       pointer|
|accum_58_load_out                                |  out|   32|      ap_vld|                                                    accum_58_load_out|       pointer|
|accum_58_load_out_ap_vld                         |  out|    1|      ap_vld|                                                    accum_58_load_out|       pointer|
|accum_59_load_out                                |  out|   32|      ap_vld|                                                    accum_59_load_out|       pointer|
|accum_59_load_out_ap_vld                         |  out|    1|      ap_vld|                                                    accum_59_load_out|       pointer|
|accum_60_load_out                                |  out|   32|      ap_vld|                                                    accum_60_load_out|       pointer|
|accum_60_load_out_ap_vld                         |  out|    1|      ap_vld|                                                    accum_60_load_out|       pointer|
|accum_61_load_out                                |  out|   32|      ap_vld|                                                    accum_61_load_out|       pointer|
|accum_61_load_out_ap_vld                         |  out|    1|      ap_vld|                                                    accum_61_load_out|       pointer|
|accum_62_load_out                                |  out|   32|      ap_vld|                                                    accum_62_load_out|       pointer|
|accum_62_load_out_ap_vld                         |  out|    1|      ap_vld|                                                    accum_62_load_out|       pointer|
|accum_63_load_out                                |  out|   32|      ap_vld|                                                    accum_63_load_out|       pointer|
|accum_63_load_out_ap_vld                         |  out|    1|      ap_vld|                                                    accum_63_load_out|       pointer|
|accum_64_load_out                                |  out|   32|      ap_vld|                                                    accum_64_load_out|       pointer|
|accum_64_load_out_ap_vld                         |  out|    1|      ap_vld|                                                    accum_64_load_out|       pointer|
|accum_65_load_out                                |  out|   32|      ap_vld|                                                    accum_65_load_out|       pointer|
|accum_65_load_out_ap_vld                         |  out|    1|      ap_vld|                                                    accum_65_load_out|       pointer|
|accum_66_load_out                                |  out|   32|      ap_vld|                                                    accum_66_load_out|       pointer|
|accum_66_load_out_ap_vld                         |  out|    1|      ap_vld|                                                    accum_66_load_out|       pointer|
|accum_67_load_out                                |  out|   32|      ap_vld|                                                    accum_67_load_out|       pointer|
|accum_67_load_out_ap_vld                         |  out|    1|      ap_vld|                                                    accum_67_load_out|       pointer|
|accum_68_load_out                                |  out|   32|      ap_vld|                                                    accum_68_load_out|       pointer|
|accum_68_load_out_ap_vld                         |  out|    1|      ap_vld|                                                    accum_68_load_out|       pointer|
|accum_69_load_out                                |  out|   32|      ap_vld|                                                    accum_69_load_out|       pointer|
|accum_69_load_out_ap_vld                         |  out|    1|      ap_vld|                                                    accum_69_load_out|       pointer|
|accum_70_load_out                                |  out|   32|      ap_vld|                                                    accum_70_load_out|       pointer|
|accum_70_load_out_ap_vld                         |  out|    1|      ap_vld|                                                    accum_70_load_out|       pointer|
|accum_71_load_out                                |  out|   32|      ap_vld|                                                    accum_71_load_out|       pointer|
|accum_71_load_out_ap_vld                         |  out|    1|      ap_vld|                                                    accum_71_load_out|       pointer|
|accum_72_load_out                                |  out|   32|      ap_vld|                                                    accum_72_load_out|       pointer|
|accum_72_load_out_ap_vld                         |  out|    1|      ap_vld|                                                    accum_72_load_out|       pointer|
|accum_73_load_out                                |  out|   32|      ap_vld|                                                    accum_73_load_out|       pointer|
|accum_73_load_out_ap_vld                         |  out|    1|      ap_vld|                                                    accum_73_load_out|       pointer|
|accum_74_load_out                                |  out|   32|      ap_vld|                                                    accum_74_load_out|       pointer|
|accum_74_load_out_ap_vld                         |  out|    1|      ap_vld|                                                    accum_74_load_out|       pointer|
|accum_75_load_out                                |  out|   32|      ap_vld|                                                    accum_75_load_out|       pointer|
|accum_75_load_out_ap_vld                         |  out|    1|      ap_vld|                                                    accum_75_load_out|       pointer|
|accum_76_load_out                                |  out|   32|      ap_vld|                                                    accum_76_load_out|       pointer|
|accum_76_load_out_ap_vld                         |  out|    1|      ap_vld|                                                    accum_76_load_out|       pointer|
|accum_77_load_out                                |  out|   32|      ap_vld|                                                    accum_77_load_out|       pointer|
|accum_77_load_out_ap_vld                         |  out|    1|      ap_vld|                                                    accum_77_load_out|       pointer|
|accum_78_load_out                                |  out|   32|      ap_vld|                                                    accum_78_load_out|       pointer|
|accum_78_load_out_ap_vld                         |  out|    1|      ap_vld|                                                    accum_78_load_out|       pointer|
|accum_79_load_out                                |  out|   32|      ap_vld|                                                    accum_79_load_out|       pointer|
|accum_79_load_out_ap_vld                         |  out|    1|      ap_vld|                                                    accum_79_load_out|       pointer|
|accum_80_load_out                                |  out|   32|      ap_vld|                                                    accum_80_load_out|       pointer|
|accum_80_load_out_ap_vld                         |  out|    1|      ap_vld|                                                    accum_80_load_out|       pointer|
|accum_81_load_out                                |  out|   32|      ap_vld|                                                    accum_81_load_out|       pointer|
|accum_81_load_out_ap_vld                         |  out|    1|      ap_vld|                                                    accum_81_load_out|       pointer|
|accum_82_load_out                                |  out|   32|      ap_vld|                                                    accum_82_load_out|       pointer|
|accum_82_load_out_ap_vld                         |  out|    1|      ap_vld|                                                    accum_82_load_out|       pointer|
|accum_83_load_out                                |  out|   32|      ap_vld|                                                    accum_83_load_out|       pointer|
|accum_83_load_out_ap_vld                         |  out|    1|      ap_vld|                                                    accum_83_load_out|       pointer|
|accum_84_load_out                                |  out|   32|      ap_vld|                                                    accum_84_load_out|       pointer|
|accum_84_load_out_ap_vld                         |  out|    1|      ap_vld|                                                    accum_84_load_out|       pointer|
|accum_85_load_out                                |  out|   32|      ap_vld|                                                    accum_85_load_out|       pointer|
|accum_85_load_out_ap_vld                         |  out|    1|      ap_vld|                                                    accum_85_load_out|       pointer|
|accum_86_load_out                                |  out|   32|      ap_vld|                                                    accum_86_load_out|       pointer|
|accum_86_load_out_ap_vld                         |  out|    1|      ap_vld|                                                    accum_86_load_out|       pointer|
|accum_87_load_out                                |  out|   32|      ap_vld|                                                    accum_87_load_out|       pointer|
|accum_87_load_out_ap_vld                         |  out|    1|      ap_vld|                                                    accum_87_load_out|       pointer|
|accum_88_load_out                                |  out|   32|      ap_vld|                                                    accum_88_load_out|       pointer|
|accum_88_load_out_ap_vld                         |  out|    1|      ap_vld|                                                    accum_88_load_out|       pointer|
|accum_89_load_out                                |  out|   32|      ap_vld|                                                    accum_89_load_out|       pointer|
|accum_89_load_out_ap_vld                         |  out|    1|      ap_vld|                                                    accum_89_load_out|       pointer|
|accum_90_load_out                                |  out|   32|      ap_vld|                                                    accum_90_load_out|       pointer|
|accum_90_load_out_ap_vld                         |  out|    1|      ap_vld|                                                    accum_90_load_out|       pointer|
|accum_91_load_out                                |  out|   32|      ap_vld|                                                    accum_91_load_out|       pointer|
|accum_91_load_out_ap_vld                         |  out|    1|      ap_vld|                                                    accum_91_load_out|       pointer|
|accum_92_load_out                                |  out|   32|      ap_vld|                                                    accum_92_load_out|       pointer|
|accum_92_load_out_ap_vld                         |  out|    1|      ap_vld|                                                    accum_92_load_out|       pointer|
|accum_93_load_out                                |  out|   32|      ap_vld|                                                    accum_93_load_out|       pointer|
|accum_93_load_out_ap_vld                         |  out|    1|      ap_vld|                                                    accum_93_load_out|       pointer|
|accum_94_load_out                                |  out|   32|      ap_vld|                                                    accum_94_load_out|       pointer|
|accum_94_load_out_ap_vld                         |  out|    1|      ap_vld|                                                    accum_94_load_out|       pointer|
|accum_95_load_out                                |  out|   32|      ap_vld|                                                    accum_95_load_out|       pointer|
|accum_95_load_out_ap_vld                         |  out|    1|      ap_vld|                                                    accum_95_load_out|       pointer|
|accum_96_load_out                                |  out|   32|      ap_vld|                                                    accum_96_load_out|       pointer|
|accum_96_load_out_ap_vld                         |  out|    1|      ap_vld|                                                    accum_96_load_out|       pointer|
|accum_97_load_out                                |  out|   32|      ap_vld|                                                    accum_97_load_out|       pointer|
|accum_97_load_out_ap_vld                         |  out|    1|      ap_vld|                                                    accum_97_load_out|       pointer|
|accum_98_load_out                                |  out|   32|      ap_vld|                                                    accum_98_load_out|       pointer|
|accum_98_load_out_ap_vld                         |  out|    1|      ap_vld|                                                    accum_98_load_out|       pointer|
|accum_99_load_out                                |  out|   32|      ap_vld|                                                    accum_99_load_out|       pointer|
|accum_99_load_out_ap_vld                         |  out|    1|      ap_vld|                                                    accum_99_load_out|       pointer|
|accum_100_load_out                               |  out|   32|      ap_vld|                                                   accum_100_load_out|       pointer|
|accum_100_load_out_ap_vld                        |  out|    1|      ap_vld|                                                   accum_100_load_out|       pointer|
|accum_101_load_out                               |  out|   32|      ap_vld|                                                   accum_101_load_out|       pointer|
|accum_101_load_out_ap_vld                        |  out|    1|      ap_vld|                                                   accum_101_load_out|       pointer|
|accum_102_load_out                               |  out|   32|      ap_vld|                                                   accum_102_load_out|       pointer|
|accum_102_load_out_ap_vld                        |  out|    1|      ap_vld|                                                   accum_102_load_out|       pointer|
|accum_103_load_out                               |  out|   32|      ap_vld|                                                   accum_103_load_out|       pointer|
|accum_103_load_out_ap_vld                        |  out|    1|      ap_vld|                                                   accum_103_load_out|       pointer|
|accum_104_load_out                               |  out|   32|      ap_vld|                                                   accum_104_load_out|       pointer|
|accum_104_load_out_ap_vld                        |  out|    1|      ap_vld|                                                   accum_104_load_out|       pointer|
|accum_105_load_out                               |  out|   32|      ap_vld|                                                   accum_105_load_out|       pointer|
|accum_105_load_out_ap_vld                        |  out|    1|      ap_vld|                                                   accum_105_load_out|       pointer|
|accum_106_load_out                               |  out|   32|      ap_vld|                                                   accum_106_load_out|       pointer|
|accum_106_load_out_ap_vld                        |  out|    1|      ap_vld|                                                   accum_106_load_out|       pointer|
|accum_107_load_out                               |  out|   32|      ap_vld|                                                   accum_107_load_out|       pointer|
|accum_107_load_out_ap_vld                        |  out|    1|      ap_vld|                                                   accum_107_load_out|       pointer|
|accum_108_load_out                               |  out|   32|      ap_vld|                                                   accum_108_load_out|       pointer|
|accum_108_load_out_ap_vld                        |  out|    1|      ap_vld|                                                   accum_108_load_out|       pointer|
|accum_109_load_out                               |  out|   32|      ap_vld|                                                   accum_109_load_out|       pointer|
|accum_109_load_out_ap_vld                        |  out|    1|      ap_vld|                                                   accum_109_load_out|       pointer|
|accum_110_load_out                               |  out|   32|      ap_vld|                                                   accum_110_load_out|       pointer|
|accum_110_load_out_ap_vld                        |  out|    1|      ap_vld|                                                   accum_110_load_out|       pointer|
|accum_111_load_out                               |  out|   32|      ap_vld|                                                   accum_111_load_out|       pointer|
|accum_111_load_out_ap_vld                        |  out|    1|      ap_vld|                                                   accum_111_load_out|       pointer|
|accum_112_load_out                               |  out|   32|      ap_vld|                                                   accum_112_load_out|       pointer|
|accum_112_load_out_ap_vld                        |  out|    1|      ap_vld|                                                   accum_112_load_out|       pointer|
|accum_113_load_out                               |  out|   32|      ap_vld|                                                   accum_113_load_out|       pointer|
|accum_113_load_out_ap_vld                        |  out|    1|      ap_vld|                                                   accum_113_load_out|       pointer|
|accum_114_load_out                               |  out|   32|      ap_vld|                                                   accum_114_load_out|       pointer|
|accum_114_load_out_ap_vld                        |  out|    1|      ap_vld|                                                   accum_114_load_out|       pointer|
|accum_115_load_out                               |  out|   32|      ap_vld|                                                   accum_115_load_out|       pointer|
|accum_115_load_out_ap_vld                        |  out|    1|      ap_vld|                                                   accum_115_load_out|       pointer|
|accum_116_load_out                               |  out|   32|      ap_vld|                                                   accum_116_load_out|       pointer|
|accum_116_load_out_ap_vld                        |  out|    1|      ap_vld|                                                   accum_116_load_out|       pointer|
|accum_117_load_out                               |  out|   32|      ap_vld|                                                   accum_117_load_out|       pointer|
|accum_117_load_out_ap_vld                        |  out|    1|      ap_vld|                                                   accum_117_load_out|       pointer|
|accum_118_load_out                               |  out|   32|      ap_vld|                                                   accum_118_load_out|       pointer|
|accum_118_load_out_ap_vld                        |  out|    1|      ap_vld|                                                   accum_118_load_out|       pointer|
|accum_119_load_out                               |  out|   32|      ap_vld|                                                   accum_119_load_out|       pointer|
|accum_119_load_out_ap_vld                        |  out|    1|      ap_vld|                                                   accum_119_load_out|       pointer|
|accum_120_load_out                               |  out|   32|      ap_vld|                                                   accum_120_load_out|       pointer|
|accum_120_load_out_ap_vld                        |  out|    1|      ap_vld|                                                   accum_120_load_out|       pointer|
|accum_121_load_out                               |  out|   32|      ap_vld|                                                   accum_121_load_out|       pointer|
|accum_121_load_out_ap_vld                        |  out|    1|      ap_vld|                                                   accum_121_load_out|       pointer|
|accum_122_load_out                               |  out|   32|      ap_vld|                                                   accum_122_load_out|       pointer|
|accum_122_load_out_ap_vld                        |  out|    1|      ap_vld|                                                   accum_122_load_out|       pointer|
|accum_123_load_out                               |  out|   32|      ap_vld|                                                   accum_123_load_out|       pointer|
|accum_123_load_out_ap_vld                        |  out|    1|      ap_vld|                                                   accum_123_load_out|       pointer|
|accum_124_load_out                               |  out|   32|      ap_vld|                                                   accum_124_load_out|       pointer|
|accum_124_load_out_ap_vld                        |  out|    1|      ap_vld|                                                   accum_124_load_out|       pointer|
|accum_125_load_out                               |  out|   32|      ap_vld|                                                   accum_125_load_out|       pointer|
|accum_125_load_out_ap_vld                        |  out|    1|      ap_vld|                                                   accum_125_load_out|       pointer|
|accum_126_load_out                               |  out|   32|      ap_vld|                                                   accum_126_load_out|       pointer|
|accum_126_load_out_ap_vld                        |  out|    1|      ap_vld|                                                   accum_126_load_out|       pointer|
|accum_127_load_out                               |  out|   32|      ap_vld|                                                   accum_127_load_out|       pointer|
|accum_127_load_out_ap_vld                        |  out|    1|      ap_vld|                                                   accum_127_load_out|       pointer|
|accum_128_load_out                               |  out|   32|      ap_vld|                                                   accum_128_load_out|       pointer|
|accum_128_load_out_ap_vld                        |  out|    1|      ap_vld|                                                   accum_128_load_out|       pointer|
|accum_129_load_out                               |  out|   32|      ap_vld|                                                   accum_129_load_out|       pointer|
|accum_129_load_out_ap_vld                        |  out|    1|      ap_vld|                                                   accum_129_load_out|       pointer|
|accum_130_load_out                               |  out|   32|      ap_vld|                                                   accum_130_load_out|       pointer|
|accum_130_load_out_ap_vld                        |  out|    1|      ap_vld|                                                   accum_130_load_out|       pointer|
|accum_131_load_out                               |  out|   32|      ap_vld|                                                   accum_131_load_out|       pointer|
|accum_131_load_out_ap_vld                        |  out|    1|      ap_vld|                                                   accum_131_load_out|       pointer|
|accum_132_load_out                               |  out|   32|      ap_vld|                                                   accum_132_load_out|       pointer|
|accum_132_load_out_ap_vld                        |  out|    1|      ap_vld|                                                   accum_132_load_out|       pointer|
|accum_133_load_out                               |  out|   32|      ap_vld|                                                   accum_133_load_out|       pointer|
|accum_133_load_out_ap_vld                        |  out|    1|      ap_vld|                                                   accum_133_load_out|       pointer|
|accum_134_load_out                               |  out|   32|      ap_vld|                                                   accum_134_load_out|       pointer|
|accum_134_load_out_ap_vld                        |  out|    1|      ap_vld|                                                   accum_134_load_out|       pointer|
|accum_135_load_out                               |  out|   32|      ap_vld|                                                   accum_135_load_out|       pointer|
|accum_135_load_out_ap_vld                        |  out|    1|      ap_vld|                                                   accum_135_load_out|       pointer|
|accum_136_load_out                               |  out|   32|      ap_vld|                                                   accum_136_load_out|       pointer|
|accum_136_load_out_ap_vld                        |  out|    1|      ap_vld|                                                   accum_136_load_out|       pointer|
|accum_137_load_out                               |  out|   32|      ap_vld|                                                   accum_137_load_out|       pointer|
|accum_137_load_out_ap_vld                        |  out|    1|      ap_vld|                                                   accum_137_load_out|       pointer|
|accum_138_load_out                               |  out|   32|      ap_vld|                                                   accum_138_load_out|       pointer|
|accum_138_load_out_ap_vld                        |  out|    1|      ap_vld|                                                   accum_138_load_out|       pointer|
|accum_139_load_out                               |  out|   32|      ap_vld|                                                   accum_139_load_out|       pointer|
|accum_139_load_out_ap_vld                        |  out|    1|      ap_vld|                                                   accum_139_load_out|       pointer|
|accum_140_load_out                               |  out|   32|      ap_vld|                                                   accum_140_load_out|       pointer|
|accum_140_load_out_ap_vld                        |  out|    1|      ap_vld|                                                   accum_140_load_out|       pointer|
|accum_141_load_out                               |  out|   32|      ap_vld|                                                   accum_141_load_out|       pointer|
|accum_141_load_out_ap_vld                        |  out|    1|      ap_vld|                                                   accum_141_load_out|       pointer|
|accum_142_load_out                               |  out|   32|      ap_vld|                                                   accum_142_load_out|       pointer|
|accum_142_load_out_ap_vld                        |  out|    1|      ap_vld|                                                   accum_142_load_out|       pointer|
|accum_143_load_out                               |  out|   32|      ap_vld|                                                   accum_143_load_out|       pointer|
|accum_143_load_out_ap_vld                        |  out|    1|      ap_vld|                                                   accum_143_load_out|       pointer|
|accum_144_load_out                               |  out|   32|      ap_vld|                                                   accum_144_load_out|       pointer|
|accum_144_load_out_ap_vld                        |  out|    1|      ap_vld|                                                   accum_144_load_out|       pointer|
|accum_145_load_out                               |  out|   32|      ap_vld|                                                   accum_145_load_out|       pointer|
|accum_145_load_out_ap_vld                        |  out|    1|      ap_vld|                                                   accum_145_load_out|       pointer|
|accum_146_load_out                               |  out|   32|      ap_vld|                                                   accum_146_load_out|       pointer|
|accum_146_load_out_ap_vld                        |  out|    1|      ap_vld|                                                   accum_146_load_out|       pointer|
|accum_147_load_out                               |  out|   32|      ap_vld|                                                   accum_147_load_out|       pointer|
|accum_147_load_out_ap_vld                        |  out|    1|      ap_vld|                                                   accum_147_load_out|       pointer|
|accum_148_load_out                               |  out|   32|      ap_vld|                                                   accum_148_load_out|       pointer|
|accum_148_load_out_ap_vld                        |  out|    1|      ap_vld|                                                   accum_148_load_out|       pointer|
|accum_149_load_out                               |  out|   32|      ap_vld|                                                   accum_149_load_out|       pointer|
|accum_149_load_out_ap_vld                        |  out|    1|      ap_vld|                                                   accum_149_load_out|       pointer|
|accum_150_load_out                               |  out|   32|      ap_vld|                                                   accum_150_load_out|       pointer|
|accum_150_load_out_ap_vld                        |  out|    1|      ap_vld|                                                   accum_150_load_out|       pointer|
|accum_151_load_out                               |  out|   32|      ap_vld|                                                   accum_151_load_out|       pointer|
|accum_151_load_out_ap_vld                        |  out|    1|      ap_vld|                                                   accum_151_load_out|       pointer|
|accum_152_load_out                               |  out|   32|      ap_vld|                                                   accum_152_load_out|       pointer|
|accum_152_load_out_ap_vld                        |  out|    1|      ap_vld|                                                   accum_152_load_out|       pointer|
|accum_153_load_out                               |  out|   32|      ap_vld|                                                   accum_153_load_out|       pointer|
|accum_153_load_out_ap_vld                        |  out|    1|      ap_vld|                                                   accum_153_load_out|       pointer|
|accum_154_load_out                               |  out|   32|      ap_vld|                                                   accum_154_load_out|       pointer|
|accum_154_load_out_ap_vld                        |  out|    1|      ap_vld|                                                   accum_154_load_out|       pointer|
|accum_155_load_out                               |  out|   32|      ap_vld|                                                   accum_155_load_out|       pointer|
|accum_155_load_out_ap_vld                        |  out|    1|      ap_vld|                                                   accum_155_load_out|       pointer|
|accum_156_load_out                               |  out|   32|      ap_vld|                                                   accum_156_load_out|       pointer|
|accum_156_load_out_ap_vld                        |  out|    1|      ap_vld|                                                   accum_156_load_out|       pointer|
|accum_157_load_out                               |  out|   32|      ap_vld|                                                   accum_157_load_out|       pointer|
|accum_157_load_out_ap_vld                        |  out|    1|      ap_vld|                                                   accum_157_load_out|       pointer|
|accum_158_load_out                               |  out|   32|      ap_vld|                                                   accum_158_load_out|       pointer|
|accum_158_load_out_ap_vld                        |  out|    1|      ap_vld|                                                   accum_158_load_out|       pointer|
|accum_159_load_out                               |  out|   32|      ap_vld|                                                   accum_159_load_out|       pointer|
|accum_159_load_out_ap_vld                        |  out|    1|      ap_vld|                                                   accum_159_load_out|       pointer|
|p_ZN12_GLOBAL_N_116activation_cacheE_3_address0  |  out|   13|   ap_memory|                               p_ZN12_GLOBAL_N_116activation_cacheE_3|         array|
|p_ZN12_GLOBAL_N_116activation_cacheE_3_ce0       |  out|    1|   ap_memory|                               p_ZN12_GLOBAL_N_116activation_cacheE_3|         array|
|p_ZN12_GLOBAL_N_116activation_cacheE_3_q0        |   in|  256|   ap_memory|                               p_ZN12_GLOBAL_N_116activation_cacheE_3|         array|
|p_ZN12_GLOBAL_N_116activation_cacheE_2_address0  |  out|   13|   ap_memory|                               p_ZN12_GLOBAL_N_116activation_cacheE_2|         array|
|p_ZN12_GLOBAL_N_116activation_cacheE_2_ce0       |  out|    1|   ap_memory|                               p_ZN12_GLOBAL_N_116activation_cacheE_2|         array|
|p_ZN12_GLOBAL_N_116activation_cacheE_2_q0        |   in|  256|   ap_memory|                               p_ZN12_GLOBAL_N_116activation_cacheE_2|         array|
|p_ZN12_GLOBAL_N_116activation_cacheE_1_address0  |  out|   13|   ap_memory|                               p_ZN12_GLOBAL_N_116activation_cacheE_1|         array|
|p_ZN12_GLOBAL_N_116activation_cacheE_1_ce0       |  out|    1|   ap_memory|                               p_ZN12_GLOBAL_N_116activation_cacheE_1|         array|
|p_ZN12_GLOBAL_N_116activation_cacheE_1_q0        |   in|  256|   ap_memory|                               p_ZN12_GLOBAL_N_116activation_cacheE_1|         array|
|p_ZN12_GLOBAL_N_116activation_cacheE_0_address0  |  out|   13|   ap_memory|                               p_ZN12_GLOBAL_N_116activation_cacheE_0|         array|
|p_ZN12_GLOBAL_N_116activation_cacheE_0_ce0       |  out|    1|   ap_memory|                               p_ZN12_GLOBAL_N_116activation_cacheE_0|         array|
|p_ZN12_GLOBAL_N_116activation_cacheE_0_q0        |   in|  256|   ap_memory|                               p_ZN12_GLOBAL_N_116activation_cacheE_0|         array|
+-------------------------------------------------+-----+-----+------------+---------------------------------------------------------------------+--------------+

