
****** Vivado v2024.2 (64-bit)
  **** SW Build 5239630 on Fri Nov 08 22:34:34 MST 2024
  **** IP Build 5239520 on Sun Nov 10 16:12:51 MST 2024
  **** SharedData Build 5239561 on Fri Nov 08 14:39:27 MST 2024
  **** Start of session at: Thu Sep 24 13:44:09 2026
    ** Copyright 1986-2022 Xilinx, Inc. All Rights Reserved.
    ** Copyright 2022-2024 Advanced Micro Devices, Inc. All Rights Reserved.

source experiments/rm02_b_vision_gemm/run_vivado_post_synth.tcl
# set rtl_dir $::env(RM02_RTL_DIR)
# set out_dir $::env(RM02_VIVADO_OUT)
# file mkdir $out_dir
# create_project -force rm02_post_synth [file join $out_dir project] -part xck26-sfvc784-2LV-c
# set rtl_files [glob -nocomplain [file join $rtl_dir *.v]]
# if {[llength $rtl_files] == 0} { error "No generated Verilog in $rtl_dir" }
# add_files -norecurse $rtl_files
# set_property top vision_gemm [current_fileset]
# foreach ip_tcl [glob -nocomplain [file join $rtl_dir *_ip.tcl]] {
#     source $ip_tcl
# }
## set vivado_ver [version -short]
## set fpo_ver 7.1
## if {[regexp -nocase {2015\.1.*} $vivado_ver match]} {
##     set fpo_ver 7.0
## }
## create_ip -name floating_point -version $fpo_ver -vendor xilinx.com -library ip -module_name vision_gemm_fmul_32ns_32ns_32_5_max_dsp_1_ip
INFO: [IP_Flow 19-234] Refreshing IP repositories
INFO: [IP_Flow 19-1704] No user IP repositories specified
INFO: [IP_Flow 19-2313] Loaded Vivado IP repository '/home/zhiro/research/kv260-vlm/tools/Xilinx/Vivado/2024.2/data/ip'.
## set_property -dict [list CONFIG.a_precision_type Single \
##                           CONFIG.a_tuser_width 1 \
##                           CONFIG.add_sub_value Both \
##                           CONFIG.b_tuser_width 1 \
##                           CONFIG.c_a_exponent_width 8 \
##                           CONFIG.c_a_fraction_width 24 \
##                           CONFIG.c_compare_operation Programmable \
##                           CONFIG.c_has_divide_by_zero false \
##                           CONFIG.c_has_invalid_op false \
##                           CONFIG.c_has_overflow false \
##                           CONFIG.c_has_underflow false \
##                           CONFIG.c_latency 3 \
##                           CONFIG.c_mult_usage Max_Usage \
##                           CONFIG.c_optimization Speed_Optimized \
##                           CONFIG.c_rate 1 \
##                           CONFIG.c_result_exponent_width 8 \
##                           CONFIG.c_result_fraction_width 24 \
##                           CONFIG.component_name vision_gemm_fmul_32ns_32ns_32_5_max_dsp_1_ip \
##                           CONFIG.flow_control NonBlocking \
##                           CONFIG.has_a_tlast false \
##                           CONFIG.has_a_tuser false \
##                           CONFIG.has_aclken true \
##                           CONFIG.has_aresetn false \
##                           CONFIG.has_b_tlast false \
##                           CONFIG.has_b_tuser false \
##                           CONFIG.has_operation_tlast false \
##                           CONFIG.has_operation_tuser false \
##                           CONFIG.has_result_tready false \
##                           CONFIG.maximum_latency false \
##                           CONFIG.operation_tuser_width 1 \
##                           CONFIG.operation_type Multiply \
##                           CONFIG.result_precision_type Single \
##                           CONFIG.result_tlast_behv Null] -objects [get_ips vision_gemm_fmul_32ns_32ns_32_5_max_dsp_1_ip] -quiet
## set_property generate_synth_checkpoint false [get_files vision_gemm_fmul_32ns_32ns_32_5_max_dsp_1_ip.xci]
## generate_target {synthesis simulation} [get_files vision_gemm_fmul_32ns_32ns_32_5_max_dsp_1_ip.xci]
INFO: [IP_Flow 19-1686] Generating 'Synthesis' target for IP 'vision_gemm_fmul_32ns_32ns_32_5_max_dsp_1_ip'...
INFO: [IP_Flow 19-1686] Generating 'Simulation' target for IP 'vision_gemm_fmul_32ns_32ns_32_5_max_dsp_1_ip'...
## set vivado_ver [version -short]
## set fpo_ver 7.1
## if {[regexp -nocase {2015\.1.*} $vivado_ver match]} {
##     set fpo_ver 7.0
## }
## create_ip -name floating_point -version $fpo_ver -vendor xilinx.com -library ip -module_name vision_gemm_fadd_32ns_32ns_32_8_full_dsp_1_ip
## set_property -dict [list CONFIG.a_precision_type Single \
##                           CONFIG.a_tuser_width 1 \
##                           CONFIG.add_sub_value Add \
##                           CONFIG.b_tuser_width 1 \
##                           CONFIG.c_a_exponent_width 8 \
##                           CONFIG.c_a_fraction_width 24 \
##                           CONFIG.c_compare_operation Programmable \
##                           CONFIG.c_has_divide_by_zero false \
##                           CONFIG.c_has_invalid_op false \
##                           CONFIG.c_has_overflow false \
##                           CONFIG.c_has_underflow false \
##                           CONFIG.c_latency 6 \
##                           CONFIG.c_mult_usage Full_Usage \
##                           CONFIG.c_optimization Speed_Optimized \
##                           CONFIG.c_rate 1 \
##                           CONFIG.c_result_exponent_width 8 \
##                           CONFIG.c_result_fraction_width 24 \
##                           CONFIG.component_name vision_gemm_fadd_32ns_32ns_32_8_full_dsp_1_ip \
##                           CONFIG.flow_control NonBlocking \
##                           CONFIG.has_a_tlast false \
##                           CONFIG.has_a_tuser false \
##                           CONFIG.has_aclken true \
##                           CONFIG.has_aresetn false \
##                           CONFIG.has_b_tlast false \
##                           CONFIG.has_b_tuser false \
##                           CONFIG.has_operation_tlast false \
##                           CONFIG.has_operation_tuser false \
##                           CONFIG.has_result_tready false \
##                           CONFIG.maximum_latency false \
##                           CONFIG.operation_tuser_width 1 \
##                           CONFIG.operation_type Add_Subtract \
##                           CONFIG.result_precision_type Single \
##                           CONFIG.result_tlast_behv Null] -objects [get_ips vision_gemm_fadd_32ns_32ns_32_8_full_dsp_1_ip] -quiet
## set_property generate_synth_checkpoint false [get_files vision_gemm_fadd_32ns_32ns_32_8_full_dsp_1_ip.xci]
## generate_target {synthesis simulation} [get_files vision_gemm_fadd_32ns_32ns_32_8_full_dsp_1_ip.xci]
INFO: [IP_Flow 19-1686] Generating 'Synthesis' target for IP 'vision_gemm_fadd_32ns_32ns_32_8_full_dsp_1_ip'...
INFO: [IP_Flow 19-1686] Generating 'Simulation' target for IP 'vision_gemm_fadd_32ns_32ns_32_8_full_dsp_1_ip'...
## set vivado_ver [version -short]
## set fpo_ver 7.1
## if {[regexp -nocase {2015\.1.*} $vivado_ver match]} {
##     set fpo_ver 7.0
## }
## create_ip -name floating_point -version $fpo_ver -vendor xilinx.com -library ip -module_name vision_gemm_fadd_32ns_32ns_32_6_no_dsp_1_ip
## set_property -dict [list CONFIG.a_precision_type Single \
##                           CONFIG.a_tuser_width 1 \
##                           CONFIG.add_sub_value Add \
##                           CONFIG.b_tuser_width 1 \
##                           CONFIG.c_a_exponent_width 8 \
##                           CONFIG.c_a_fraction_width 24 \
##                           CONFIG.c_compare_operation Programmable \
##                           CONFIG.c_has_divide_by_zero false \
##                           CONFIG.c_has_invalid_op false \
##                           CONFIG.c_has_overflow false \
##                           CONFIG.c_has_underflow false \
##                           CONFIG.c_latency 4 \
##                           CONFIG.c_mult_usage No_Usage \
##                           CONFIG.c_optimization Speed_Optimized \
##                           CONFIG.c_rate 1 \
##                           CONFIG.c_result_exponent_width 8 \
##                           CONFIG.c_result_fraction_width 24 \
##                           CONFIG.component_name vision_gemm_fadd_32ns_32ns_32_6_no_dsp_1_ip \
##                           CONFIG.flow_control NonBlocking \
##                           CONFIG.has_a_tlast false \
##                           CONFIG.has_a_tuser false \
##                           CONFIG.has_aclken true \
##                           CONFIG.has_aresetn false \
##                           CONFIG.has_b_tlast false \
##                           CONFIG.has_b_tuser false \
##                           CONFIG.has_operation_tlast false \
##                           CONFIG.has_operation_tuser false \
##                           CONFIG.has_result_tready false \
##                           CONFIG.maximum_latency false \
##                           CONFIG.operation_tuser_width 1 \
##                           CONFIG.operation_type Add_Subtract \
##                           CONFIG.result_precision_type Single \
##                           CONFIG.result_tlast_behv Null] -objects [get_ips vision_gemm_fadd_32ns_32ns_32_6_no_dsp_1_ip] -quiet
## set_property generate_synth_checkpoint false [get_files vision_gemm_fadd_32ns_32ns_32_6_no_dsp_1_ip.xci]
## generate_target {synthesis simulation} [get_files vision_gemm_fadd_32ns_32ns_32_6_no_dsp_1_ip.xci]
INFO: [IP_Flow 19-1686] Generating 'Synthesis' target for IP 'vision_gemm_fadd_32ns_32ns_32_6_no_dsp_1_ip'...
INFO: [IP_Flow 19-1686] Generating 'Simulation' target for IP 'vision_gemm_fadd_32ns_32ns_32_6_no_dsp_1_ip'...
# update_compile_order -fileset sources_1
# synth_design -top vision_gemm -part xck26-sfvc784-2LV-c -flatten_hierarchy none
Command: synth_design -top vision_gemm -part xck26-sfvc784-2LV-c -flatten_hierarchy none
Starting synth_design
Attempting to get a license for feature 'Synthesis' and/or device 'xck26'
INFO: [Common 17-349] Got license for feature 'Synthesis' and/or device 'xck26'
INFO: [Synth 8-7079] Multithreading enabled for synth_design using a maximum of 7 processes.
INFO: [Synth 8-7078] Launching helper process for spawning children vivado processes
INFO: [Synth 8-7075] Helper process launched with PID 30893
---------------------------------------------------------------------------------
Starting Synthesize : Time (s): cpu = 00:00:02 ; elapsed = 00:00:03 . Memory (MB): peak = 1895.332 ; gain = 377.859 ; free physical = 422 ; free virtual = 30634
---------------------------------------------------------------------------------
INFO: [Synth 8-6157] synthesizing module 'vision_gemm' [/home/zhiro/research/kv260-vlm-workers/RM02-B-hls-baseline/experiments/rm02_b_vision_gemm/reports/tile_residency_candidate_m32_n16/project/solution1/syn/verilog/vision_gemm.v:9]
INFO: [Synth 8-6157] synthesizing module 'vision_gemm_weight_tile_RAM_2P_URAM_1R1W' [/home/zhiro/research/kv260-vlm-workers/RM02-B-hls-baseline/experiments/rm02_b_vision_gemm/reports/tile_residency_candidate_m32_n16/project/solution1/syn/verilog/vision_gemm_weight_tile_RAM_2P_URAM_1R1W.v:7]
	Parameter DataWidth bound to: 128 - type: integer 
	Parameter AddressWidth bound to: 13 - type: integer 
	Parameter AddressRange bound to: 4304 - type: integer 
INFO: [Synth 8-6155] done synthesizing module 'vision_gemm_weight_tile_RAM_2P_URAM_1R1W' (0#1) [/home/zhiro/research/kv260-vlm-workers/RM02-B-hls-baseline/experiments/rm02_b_vision_gemm/reports/tile_residency_candidate_m32_n16/project/solution1/syn/verilog/vision_gemm_weight_tile_RAM_2P_URAM_1R1W.v:7]
INFO: [Synth 8-6157] synthesizing module 'vision_gemm_activation_tile_RAM_2P_URAM_1R1W' [/home/zhiro/research/kv260-vlm-workers/RM02-B-hls-baseline/experiments/rm02_b_vision_gemm/reports/tile_residency_candidate_m32_n16/project/solution1/syn/verilog/vision_gemm_activation_tile_RAM_2P_URAM_1R1W.v:7]
	Parameter DataWidth bound to: 256 - type: integer 
	Parameter AddressWidth bound to: 12 - type: integer 
	Parameter AddressRange bound to: 2152 - type: integer 
INFO: [Synth 8-6155] done synthesizing module 'vision_gemm_activation_tile_RAM_2P_URAM_1R1W' (0#1) [/home/zhiro/research/kv260-vlm-workers/RM02-B-hls-baseline/experiments/rm02_b_vision_gemm/reports/tile_residency_candidate_m32_n16/project/solution1/syn/verilog/vision_gemm_activation_tile_RAM_2P_URAM_1R1W.v:7]
INFO: [Synth 8-6157] synthesizing module 'vision_gemm_result_tile_RAM_2P_BRAM_1R1W' [/home/zhiro/research/kv260-vlm-workers/RM02-B-hls-baseline/experiments/rm02_b_vision_gemm/reports/tile_residency_candidate_m32_n16/project/solution1/syn/verilog/vision_gemm_result_tile_RAM_2P_BRAM_1R1W.v:7]
	Parameter DataWidth bound to: 32 - type: integer 
	Parameter AddressWidth bound to: 5 - type: integer 
	Parameter AddressRange bound to: 32 - type: integer 
INFO: [Synth 8-6155] done synthesizing module 'vision_gemm_result_tile_RAM_2P_BRAM_1R1W' (0#1) [/home/zhiro/research/kv260-vlm-workers/RM02-B-hls-baseline/experiments/rm02_b_vision_gemm/reports/tile_residency_candidate_m32_n16/project/solution1/syn/verilog/vision_gemm_result_tile_RAM_2P_BRAM_1R1W.v:7]
INFO: [Synth 8-6157] synthesizing module 'vision_gemm_vision_gemm_Pipeline_VITIS_LOOP_65_1_VITIS_LOOP_66_2' [/home/zhiro/research/kv260-vlm-workers/RM02-B-hls-baseline/experiments/rm02_b_vision_gemm/reports/tile_residency_candidate_m32_n16/project/solution1/syn/verilog/vision_gemm_vision_gemm_Pipeline_VITIS_LOOP_65_1_VITIS_LOOP_66_2.v:9]
INFO: [Synth 8-6157] synthesizing module 'vision_gemm_mac_muladd_10ns_3ns_10ns_13_4_1' [/home/zhiro/research/kv260-vlm-workers/RM02-B-hls-baseline/experiments/rm02_b_vision_gemm/reports/tile_residency_candidate_m32_n16/project/solution1/syn/verilog/vision_gemm_mac_muladd_10ns_3ns_10ns_13_4_1.v:54]
	Parameter ID bound to: 1 - type: integer 
	Parameter NUM_STAGE bound to: 4 - type: integer 
	Parameter din0_WIDTH bound to: 10 - type: integer 
	Parameter din1_WIDTH bound to: 3 - type: integer 
	Parameter din2_WIDTH bound to: 10 - type: integer 
	Parameter dout_WIDTH bound to: 13 - type: integer 
INFO: [Synth 8-6157] synthesizing module 'vision_gemm_mac_muladd_10ns_3ns_10ns_13_4_1_DSP48_0' [/home/zhiro/research/kv260-vlm-workers/RM02-B-hls-baseline/experiments/rm02_b_vision_gemm/reports/tile_residency_candidate_m32_n16/project/solution1/syn/verilog/vision_gemm_mac_muladd_10ns_3ns_10ns_13_4_1.v:11]
INFO: [Synth 8-6155] done synthesizing module 'vision_gemm_mac_muladd_10ns_3ns_10ns_13_4_1_DSP48_0' (0#1) [/home/zhiro/research/kv260-vlm-workers/RM02-B-hls-baseline/experiments/rm02_b_vision_gemm/reports/tile_residency_candidate_m32_n16/project/solution1/syn/verilog/vision_gemm_mac_muladd_10ns_3ns_10ns_13_4_1.v:11]
INFO: [Synth 8-6155] done synthesizing module 'vision_gemm_mac_muladd_10ns_3ns_10ns_13_4_1' (0#1) [/home/zhiro/research/kv260-vlm-workers/RM02-B-hls-baseline/experiments/rm02_b_vision_gemm/reports/tile_residency_candidate_m32_n16/project/solution1/syn/verilog/vision_gemm_mac_muladd_10ns_3ns_10ns_13_4_1.v:54]
INFO: [Synth 8-6157] synthesizing module 'vision_gemm_flow_control_loop_pipe_sequential_init' [/home/zhiro/research/kv260-vlm-workers/RM02-B-hls-baseline/experiments/rm02_b_vision_gemm/reports/tile_residency_candidate_m32_n16/project/solution1/syn/verilog/vision_gemm_flow_control_loop_pipe_sequential_init.v:11]
INFO: [Synth 8-6155] done synthesizing module 'vision_gemm_flow_control_loop_pipe_sequential_init' (0#1) [/home/zhiro/research/kv260-vlm-workers/RM02-B-hls-baseline/experiments/rm02_b_vision_gemm/reports/tile_residency_candidate_m32_n16/project/solution1/syn/verilog/vision_gemm_flow_control_loop_pipe_sequential_init.v:11]
INFO: [Synth 8-6155] done synthesizing module 'vision_gemm_vision_gemm_Pipeline_VITIS_LOOP_65_1_VITIS_LOOP_66_2' (0#1) [/home/zhiro/research/kv260-vlm-workers/RM02-B-hls-baseline/experiments/rm02_b_vision_gemm/reports/tile_residency_candidate_m32_n16/project/solution1/syn/verilog/vision_gemm_vision_gemm_Pipeline_VITIS_LOOP_65_1_VITIS_LOOP_66_2.v:9]
INFO: [Synth 8-6157] synthesizing module 'vision_gemm_vision_gemm_Pipeline_VITIS_LOOP_72_3_VITIS_LOOP_73_4' [/home/zhiro/research/kv260-vlm-workers/RM02-B-hls-baseline/experiments/rm02_b_vision_gemm/reports/tile_residency_candidate_m32_n16/project/solution1/syn/verilog/vision_gemm_vision_gemm_Pipeline_VITIS_LOOP_72_3_VITIS_LOOP_73_4.v:9]
INFO: [Synth 8-6157] synthesizing module 'vision_gemm_mac_muladd_10ns_2ns_10ns_12_4_1' [/home/zhiro/research/kv260-vlm-workers/RM02-B-hls-baseline/experiments/rm02_b_vision_gemm/reports/tile_residency_candidate_m32_n16/project/solution1/syn/verilog/vision_gemm_mac_muladd_10ns_2ns_10ns_12_4_1.v:54]
	Parameter ID bound to: 1 - type: integer 
	Parameter NUM_STAGE bound to: 4 - type: integer 
	Parameter din0_WIDTH bound to: 10 - type: integer 
	Parameter din1_WIDTH bound to: 2 - type: integer 
	Parameter din2_WIDTH bound to: 10 - type: integer 
	Parameter dout_WIDTH bound to: 12 - type: integer 
INFO: [Synth 8-6157] synthesizing module 'vision_gemm_mac_muladd_10ns_2ns_10ns_12_4_1_DSP48_0' [/home/zhiro/research/kv260-vlm-workers/RM02-B-hls-baseline/experiments/rm02_b_vision_gemm/reports/tile_residency_candidate_m32_n16/project/solution1/syn/verilog/vision_gemm_mac_muladd_10ns_2ns_10ns_12_4_1.v:11]
INFO: [Synth 8-6155] done synthesizing module 'vision_gemm_mac_muladd_10ns_2ns_10ns_12_4_1_DSP48_0' (0#1) [/home/zhiro/research/kv260-vlm-workers/RM02-B-hls-baseline/experiments/rm02_b_vision_gemm/reports/tile_residency_candidate_m32_n16/project/solution1/syn/verilog/vision_gemm_mac_muladd_10ns_2ns_10ns_12_4_1.v:11]
INFO: [Synth 8-6155] done synthesizing module 'vision_gemm_mac_muladd_10ns_2ns_10ns_12_4_1' (0#1) [/home/zhiro/research/kv260-vlm-workers/RM02-B-hls-baseline/experiments/rm02_b_vision_gemm/reports/tile_residency_candidate_m32_n16/project/solution1/syn/verilog/vision_gemm_mac_muladd_10ns_2ns_10ns_12_4_1.v:54]
INFO: [Synth 8-6155] done synthesizing module 'vision_gemm_vision_gemm_Pipeline_VITIS_LOOP_72_3_VITIS_LOOP_73_4' (0#1) [/home/zhiro/research/kv260-vlm-workers/RM02-B-hls-baseline/experiments/rm02_b_vision_gemm/reports/tile_residency_candidate_m32_n16/project/solution1/syn/verilog/vision_gemm_vision_gemm_Pipeline_VITIS_LOOP_72_3_VITIS_LOOP_73_4.v:9]
INFO: [Synth 8-6157] synthesizing module 'vision_gemm_vision_gemm_Pipeline_VITIS_LOOP_82_5_VITIS_LOOP_83_6_VITIS_LOOP_96_10' [/home/zhiro/research/kv260-vlm-workers/RM02-B-hls-baseline/experiments/rm02_b_vision_gemm/reports/tile_residency_candidate_m32_n16/project/solution1/syn/verilog/vision_gemm_vision_gemm_Pipeline_VITIS_LOOP_82_5_VITIS_LOOP_83_6_VITIS_LOOP_96_10.v:9]
INFO: [Synth 8-6157] synthesizing module 'vision_gemm_fadd_32ns_32ns_32_6_no_dsp_1' [/home/zhiro/research/kv260-vlm-workers/RM02-B-hls-baseline/experiments/rm02_b_vision_gemm/reports/tile_residency_candidate_m32_n16/project/solution1/syn/verilog/vision_gemm_fadd_32ns_32ns_32_6_no_dsp_1.v:9]
	Parameter ID bound to: 1 - type: integer 
	Parameter NUM_STAGE bound to: 6 - type: integer 
	Parameter din0_WIDTH bound to: 32 - type: integer 
	Parameter din1_WIDTH bound to: 32 - type: integer 
	Parameter dout_WIDTH bound to: 32 - type: integer 
INFO: [Synth 8-6157] synthesizing module 'vision_gemm_fadd_32ns_32ns_32_6_no_dsp_1_ip' [/home/zhiro/research/kv260-vlm-workers/RM02-B-hls-baseline/experiments/rm02_b_vision_gemm/reports/vivado_candidate_m32_n16_ipgen/project/rm02_post_synth.gen/sources_1/ip/vision_gemm_fadd_32ns_32ns_32_6_no_dsp_1_ip/synth/vision_gemm_fadd_32ns_32ns_32_6_no_dsp_1_ip.v:53]
INFO: [Synth 8-6157] synthesizing module 'LUT1' [/home/zhiro/research/kv260-vlm/tools/Xilinx/Vivado/2024.2/scripts/rt/data/unisim_comp.v:84087]
INFO: [Synth 8-6155] done synthesizing module 'LUT1' (0#1) [/home/zhiro/research/kv260-vlm/tools/Xilinx/Vivado/2024.2/scripts/rt/data/unisim_comp.v:84087]
INFO: [Synth 8-6155] done synthesizing module 'vision_gemm_fadd_32ns_32ns_32_6_no_dsp_1_ip' (0#1) [/home/zhiro/research/kv260-vlm-workers/RM02-B-hls-baseline/experiments/rm02_b_vision_gemm/reports/vivado_candidate_m32_n16_ipgen/project/rm02_post_synth.gen/sources_1/ip/vision_gemm_fadd_32ns_32ns_32_6_no_dsp_1_ip/synth/vision_gemm_fadd_32ns_32ns_32_6_no_dsp_1_ip.v:53]
INFO: [Synth 8-6155] done synthesizing module 'vision_gemm_fadd_32ns_32ns_32_6_no_dsp_1' (0#1) [/home/zhiro/research/kv260-vlm-workers/RM02-B-hls-baseline/experiments/rm02_b_vision_gemm/reports/tile_residency_candidate_m32_n16/project/solution1/syn/verilog/vision_gemm_fadd_32ns_32ns_32_6_no_dsp_1.v:9]
INFO: [Synth 8-6157] synthesizing module 'vision_gemm_fadd_32ns_32ns_32_8_full_dsp_1' [/home/zhiro/research/kv260-vlm-workers/RM02-B-hls-baseline/experiments/rm02_b_vision_gemm/reports/tile_residency_candidate_m32_n16/project/solution1/syn/verilog/vision_gemm_fadd_32ns_32ns_32_8_full_dsp_1.v:9]
	Parameter ID bound to: 1 - type: integer 
	Parameter NUM_STAGE bound to: 8 - type: integer 
	Parameter din0_WIDTH bound to: 32 - type: integer 
	Parameter din1_WIDTH bound to: 32 - type: integer 
	Parameter dout_WIDTH bound to: 32 - type: integer 
INFO: [Synth 8-6157] synthesizing module 'vision_gemm_fadd_32ns_32ns_32_8_full_dsp_1_ip' [/home/zhiro/research/kv260-vlm-workers/RM02-B-hls-baseline/experiments/rm02_b_vision_gemm/reports/vivado_candidate_m32_n16_ipgen/project/rm02_post_synth.gen/sources_1/ip/vision_gemm_fadd_32ns_32ns_32_8_full_dsp_1_ip/synth/vision_gemm_fadd_32ns_32ns_32_8_full_dsp_1_ip.v:53]
INFO: [Synth 8-6155] done synthesizing module 'vision_gemm_fadd_32ns_32ns_32_8_full_dsp_1_ip' (0#1) [/home/zhiro/research/kv260-vlm-workers/RM02-B-hls-baseline/experiments/rm02_b_vision_gemm/reports/vivado_candidate_m32_n16_ipgen/project/rm02_post_synth.gen/sources_1/ip/vision_gemm_fadd_32ns_32ns_32_8_full_dsp_1_ip/synth/vision_gemm_fadd_32ns_32ns_32_8_full_dsp_1_ip.v:53]
INFO: [Synth 8-6155] done synthesizing module 'vision_gemm_fadd_32ns_32ns_32_8_full_dsp_1' (0#1) [/home/zhiro/research/kv260-vlm-workers/RM02-B-hls-baseline/experiments/rm02_b_vision_gemm/reports/tile_residency_candidate_m32_n16/project/solution1/syn/verilog/vision_gemm_fadd_32ns_32ns_32_8_full_dsp_1.v:9]
INFO: [Synth 8-6157] synthesizing module 'vision_gemm_fmul_32ns_32ns_32_5_max_dsp_1' [/home/zhiro/research/kv260-vlm-workers/RM02-B-hls-baseline/experiments/rm02_b_vision_gemm/reports/tile_residency_candidate_m32_n16/project/solution1/syn/verilog/vision_gemm_fmul_32ns_32ns_32_5_max_dsp_1.v:9]
	Parameter ID bound to: 1 - type: integer 
	Parameter NUM_STAGE bound to: 5 - type: integer 
	Parameter din0_WIDTH bound to: 32 - type: integer 
	Parameter din1_WIDTH bound to: 32 - type: integer 
	Parameter dout_WIDTH bound to: 32 - type: integer 
INFO: [Synth 8-6157] synthesizing module 'vision_gemm_fmul_32ns_32ns_32_5_max_dsp_1_ip' [/home/zhiro/research/kv260-vlm-workers/RM02-B-hls-baseline/experiments/rm02_b_vision_gemm/reports/vivado_candidate_m32_n16_ipgen/project/rm02_post_synth.gen/sources_1/ip/vision_gemm_fmul_32ns_32ns_32_5_max_dsp_1_ip/synth/vision_gemm_fmul_32ns_32ns_32_5_max_dsp_1_ip.v:53]
INFO: [Synth 8-6155] done synthesizing module 'vision_gemm_fmul_32ns_32ns_32_5_max_dsp_1_ip' (0#1) [/home/zhiro/research/kv260-vlm-workers/RM02-B-hls-baseline/experiments/rm02_b_vision_gemm/reports/vivado_candidate_m32_n16_ipgen/project/rm02_post_synth.gen/sources_1/ip/vision_gemm_fmul_32ns_32ns_32_5_max_dsp_1_ip/synth/vision_gemm_fmul_32ns_32ns_32_5_max_dsp_1_ip.v:53]
INFO: [Synth 8-6155] done synthesizing module 'vision_gemm_fmul_32ns_32ns_32_5_max_dsp_1' (0#1) [/home/zhiro/research/kv260-vlm-workers/RM02-B-hls-baseline/experiments/rm02_b_vision_gemm/reports/tile_residency_candidate_m32_n16/project/solution1/syn/verilog/vision_gemm_fmul_32ns_32ns_32_5_max_dsp_1.v:9]
INFO: [Synth 8-6157] synthesizing module 'vision_gemm_sparsemux_17_3_32_1_1' [/home/zhiro/research/kv260-vlm-workers/RM02-B-hls-baseline/experiments/rm02_b_vision_gemm/reports/tile_residency_candidate_m32_n16/project/solution1/syn/verilog/vision_gemm_sparsemux_17_3_32_1_1.v:9]
	Parameter din0_WIDTH bound to: 32 - type: integer 
	Parameter din1_WIDTH bound to: 32 - type: integer 
	Parameter din2_WIDTH bound to: 32 - type: integer 
	Parameter din3_WIDTH bound to: 32 - type: integer 
	Parameter din4_WIDTH bound to: 32 - type: integer 
	Parameter din5_WIDTH bound to: 32 - type: integer 
	Parameter din6_WIDTH bound to: 32 - type: integer 
	Parameter din7_WIDTH bound to: 32 - type: integer 
	Parameter def_WIDTH bound to: 32 - type: integer 
	Parameter sel_WIDTH bound to: 3 - type: integer 
	Parameter dout_WIDTH bound to: 32 - type: integer 
	Parameter CASE0 bound to: 3'b000 
	Parameter CASE1 bound to: 3'b001 
	Parameter CASE2 bound to: 3'b010 
	Parameter CASE3 bound to: 3'b011 
	Parameter CASE4 bound to: 3'b100 
	Parameter CASE5 bound to: 3'b101 
	Parameter CASE6 bound to: 3'b110 
	Parameter CASE7 bound to: 3'b111 
	Parameter ID bound to: 1 - type: integer 
	Parameter NUM_STAGE bound to: 1 - type: integer 
INFO: [Synth 8-226] default block is never used [/home/zhiro/research/kv260-vlm-workers/RM02-B-hls-baseline/experiments/rm02_b_vision_gemm/reports/tile_residency_candidate_m32_n16/project/solution1/syn/verilog/vision_gemm_sparsemux_17_3_32_1_1.v:79]
INFO: [Synth 8-6155] done synthesizing module 'vision_gemm_sparsemux_17_3_32_1_1' (0#1) [/home/zhiro/research/kv260-vlm-workers/RM02-B-hls-baseline/experiments/rm02_b_vision_gemm/reports/tile_residency_candidate_m32_n16/project/solution1/syn/verilog/vision_gemm_sparsemux_17_3_32_1_1.v:9]
INFO: [Synth 8-6157] synthesizing module 'vision_gemm_partselect_16ns_128ns_32ns_16_1_1' [/home/zhiro/research/kv260-vlm-workers/RM02-B-hls-baseline/experiments/rm02_b_vision_gemm/reports/tile_residency_candidate_m32_n16/project/solution1/syn/verilog/vision_gemm_partselect_16ns_128ns_32ns_16_1_1.v:8]
	Parameter ADDRWIDTH bound to: 32 - type: integer 
	Parameter DATAWIDTH bound to: 128 - type: integer 
	Parameter DATA1WIDTH bound to: 16 - type: integer 
INFO: [Synth 8-6155] done synthesizing module 'vision_gemm_partselect_16ns_128ns_32ns_16_1_1' (0#1) [/home/zhiro/research/kv260-vlm-workers/RM02-B-hls-baseline/experiments/rm02_b_vision_gemm/reports/tile_residency_candidate_m32_n16/project/solution1/syn/verilog/vision_gemm_partselect_16ns_128ns_32ns_16_1_1.v:8]
INFO: [Synth 8-6157] synthesizing module 'vision_gemm_partselect_32ns_256ns_32ns_32_1_1' [/home/zhiro/research/kv260-vlm-workers/RM02-B-hls-baseline/experiments/rm02_b_vision_gemm/reports/tile_residency_candidate_m32_n16/project/solution1/syn/verilog/vision_gemm_partselect_32ns_256ns_32ns_32_1_1.v:8]
	Parameter ADDRWIDTH bound to: 32 - type: integer 
	Parameter DATAWIDTH bound to: 256 - type: integer 
	Parameter DATA1WIDTH bound to: 32 - type: integer 
INFO: [Synth 8-6155] done synthesizing module 'vision_gemm_partselect_32ns_256ns_32ns_32_1_1' (0#1) [/home/zhiro/research/kv260-vlm-workers/RM02-B-hls-baseline/experiments/rm02_b_vision_gemm/reports/tile_residency_candidate_m32_n16/project/solution1/syn/verilog/vision_gemm_partselect_32ns_256ns_32ns_32_1_1.v:8]
INFO: [Synth 8-6157] synthesizing module 'vision_gemm_sparsemux_9_3_32_1_1' [/home/zhiro/research/kv260-vlm-workers/RM02-B-hls-baseline/experiments/rm02_b_vision_gemm/reports/tile_residency_candidate_m32_n16/project/solution1/syn/verilog/vision_gemm_sparsemux_9_3_32_1_1.v:9]
	Parameter din0_WIDTH bound to: 32 - type: integer 
	Parameter din1_WIDTH bound to: 32 - type: integer 
	Parameter din2_WIDTH bound to: 32 - type: integer 
	Parameter din3_WIDTH bound to: 32 - type: integer 
	Parameter def_WIDTH bound to: 32 - type: integer 
	Parameter sel_WIDTH bound to: 3 - type: integer 
	Parameter dout_WIDTH bound to: 32 - type: integer 
	Parameter CASE0 bound to: 3'b100 
	Parameter CASE1 bound to: 3'b010 
	Parameter CASE2 bound to: 3'b001 
	Parameter CASE3 bound to: 3'b000 
	Parameter ID bound to: 1 - type: integer 
	Parameter NUM_STAGE bound to: 1 - type: integer 
INFO: [Synth 8-6155] done synthesizing module 'vision_gemm_sparsemux_9_3_32_1_1' (0#1) [/home/zhiro/research/kv260-vlm-workers/RM02-B-hls-baseline/experiments/rm02_b_vision_gemm/reports/tile_residency_candidate_m32_n16/project/solution1/syn/verilog/vision_gemm_sparsemux_9_3_32_1_1.v:9]
INFO: [Synth 8-6155] done synthesizing module 'vision_gemm_vision_gemm_Pipeline_VITIS_LOOP_82_5_VITIS_LOOP_83_6_VITIS_LOOP_96_10' (0#1) [/home/zhiro/research/kv260-vlm-workers/RM02-B-hls-baseline/experiments/rm02_b_vision_gemm/reports/tile_residency_candidate_m32_n16/project/solution1/syn/verilog/vision_gemm_vision_gemm_Pipeline_VITIS_LOOP_82_5_VITIS_LOOP_83_6_VITIS_LOOP_96_10.v:9]
INFO: [Synth 8-6157] synthesizing module 'vision_gemm_vision_gemm_Pipeline_VITIS_LOOP_134_16_VITIS_LOOP_135_17' [/home/zhiro/research/kv260-vlm-workers/RM02-B-hls-baseline/experiments/rm02_b_vision_gemm/reports/tile_residency_candidate_m32_n16/project/solution1/syn/verilog/vision_gemm_vision_gemm_Pipeline_VITIS_LOOP_134_16_VITIS_LOOP_135_17.v:9]
INFO: [Synth 8-6157] synthesizing module 'vision_gemm_sparsemux_9_2_32_1_1' [/home/zhiro/research/kv260-vlm-workers/RM02-B-hls-baseline/experiments/rm02_b_vision_gemm/reports/tile_residency_candidate_m32_n16/project/solution1/syn/verilog/vision_gemm_sparsemux_9_2_32_1_1.v:9]
	Parameter din0_WIDTH bound to: 32 - type: integer 
	Parameter din1_WIDTH bound to: 32 - type: integer 
	Parameter din2_WIDTH bound to: 32 - type: integer 
	Parameter din3_WIDTH bound to: 32 - type: integer 
	Parameter def_WIDTH bound to: 32 - type: integer 
	Parameter sel_WIDTH bound to: 2 - type: integer 
	Parameter dout_WIDTH bound to: 32 - type: integer 
	Parameter CASE0 bound to: 2'b00 
	Parameter CASE1 bound to: 2'b01 
	Parameter CASE2 bound to: 2'b10 
	Parameter CASE3 bound to: 2'b11 
	Parameter ID bound to: 1 - type: integer 
	Parameter NUM_STAGE bound to: 1 - type: integer 
INFO: [Synth 8-226] default block is never used [/home/zhiro/research/kv260-vlm-workers/RM02-B-hls-baseline/experiments/rm02_b_vision_gemm/reports/tile_residency_candidate_m32_n16/project/solution1/syn/verilog/vision_gemm_sparsemux_9_2_32_1_1.v:55]
INFO: [Synth 8-6155] done synthesizing module 'vision_gemm_sparsemux_9_2_32_1_1' (0#1) [/home/zhiro/research/kv260-vlm-workers/RM02-B-hls-baseline/experiments/rm02_b_vision_gemm/reports/tile_residency_candidate_m32_n16/project/solution1/syn/verilog/vision_gemm_sparsemux_9_2_32_1_1.v:9]
INFO: [Synth 8-6155] done synthesizing module 'vision_gemm_vision_gemm_Pipeline_VITIS_LOOP_134_16_VITIS_LOOP_135_17' (0#1) [/home/zhiro/research/kv260-vlm-workers/RM02-B-hls-baseline/experiments/rm02_b_vision_gemm/reports/tile_residency_candidate_m32_n16/project/solution1/syn/verilog/vision_gemm_vision_gemm_Pipeline_VITIS_LOOP_134_16_VITIS_LOOP_135_17.v:9]
INFO: [Synth 8-6157] synthesizing module 'vision_gemm_control_s_axi' [/home/zhiro/research/kv260-vlm-workers/RM02-B-hls-baseline/experiments/rm02_b_vision_gemm/reports/tile_residency_candidate_m32_n16/project/solution1/syn/verilog/vision_gemm_control_s_axi.v:9]
	Parameter C_S_AXI_ADDR_WIDTH bound to: 6 - type: integer 
	Parameter C_S_AXI_DATA_WIDTH bound to: 32 - type: integer 
INFO: [Synth 8-155] case statement is not full and has no default [/home/zhiro/research/kv260-vlm-workers/RM02-B-hls-baseline/experiments/rm02_b_vision_gemm/reports/tile_residency_candidate_m32_n16/project/solution1/syn/verilog/vision_gemm_control_s_axi.v:227]
INFO: [Synth 8-6155] done synthesizing module 'vision_gemm_control_s_axi' (0#1) [/home/zhiro/research/kv260-vlm-workers/RM02-B-hls-baseline/experiments/rm02_b_vision_gemm/reports/tile_residency_candidate_m32_n16/project/solution1/syn/verilog/vision_gemm_control_s_axi.v:9]
INFO: [Synth 8-6157] synthesizing module 'vision_gemm_gmem_w_m_axi' [/home/zhiro/research/kv260-vlm-workers/RM02-B-hls-baseline/experiments/rm02_b_vision_gemm/reports/tile_residency_candidate_m32_n16/project/solution1/syn/verilog/vision_gemm_gmem_w_m_axi.v:12]
	Parameter CONSERVATIVE bound to: 1 - type: integer 
	Parameter MAX_READ_BURST_LENGTH bound to: 64 - type: integer 
	Parameter MAX_WRITE_BURST_LENGTH bound to: 16 - type: integer 
	Parameter C_M_AXI_ID_WIDTH bound to: 1 - type: integer 
	Parameter C_M_AXI_ADDR_WIDTH bound to: 64 - type: integer 
	Parameter C_M_AXI_DATA_WIDTH bound to: 128 - type: integer 
	Parameter C_M_AXI_AWUSER_WIDTH bound to: 1 - type: integer 
	Parameter C_M_AXI_ARUSER_WIDTH bound to: 1 - type: integer 
	Parameter C_M_AXI_WUSER_WIDTH bound to: 1 - type: integer 
	Parameter C_M_AXI_RUSER_WIDTH bound to: 1 - type: integer 
	Parameter C_M_AXI_BUSER_WIDTH bound to: 1 - type: integer 
	Parameter C_USER_VALUE bound to: 0 - type: integer 
	Parameter C_PROT_VALUE bound to: 0 - type: integer 
	Parameter C_CACHE_VALUE bound to: 3 - type: integer 
	Parameter NUM_READ_OUTSTANDING bound to: 16 - type: integer 
	Parameter NUM_WRITE_OUTSTANDING bound to: 0 - type: integer 
	Parameter USER_MAXREQS bound to: 7 - type: integer 
	Parameter CH0_USER_DW bound to: 128 - type: integer 
	Parameter CH0_USER_AW bound to: 64 - type: integer 
	Parameter CH0_USER_RFIFONUM_WIDTH bound to: 11 - type: integer 
INFO: [Synth 8-6157] synthesizing module 'vision_gemm_gmem_w_m_axi_load' [/home/zhiro/research/kv260-vlm-workers/RM02-B-hls-baseline/experiments/rm02_b_vision_gemm/reports/tile_residency_candidate_m32_n16/project/solution1/syn/verilog/vision_gemm_gmem_w_m_axi.v:245]
	Parameter C_TARGET_ADDR bound to: 0 - type: integer 
	Parameter NUM_READ_OUTSTANDING bound to: 16 - type: integer 
	Parameter MAX_READ_BURST_LENGTH bound to: 64 - type: integer 
	Parameter BUS_ADDR_WIDTH bound to: 64 - type: integer 
	Parameter BUS_DATA_WIDTH bound to: 128 - type: integer 
	Parameter USER_DW bound to: 128 - type: integer 
	Parameter USER_AW bound to: 64 - type: integer 
	Parameter USER_MAXREQS bound to: 7 - type: integer 
	Parameter USER_RFIFONUM_WIDTH bound to: 11 - type: integer 
	Parameter BUFFER_IMPL bound to: block - type: string 
INFO: [Synth 8-6157] synthesizing module 'vision_gemm_gmem_w_m_axi_fifo' [/home/zhiro/research/kv260-vlm-workers/RM02-B-hls-baseline/experiments/rm02_b_vision_gemm/reports/tile_residency_candidate_m32_n16/project/solution1/syn/verilog/vision_gemm_gmem_w_m_axi.v:2501]
	Parameter DATA_WIDTH bound to: 96 - type: integer 
	Parameter ADDR_WIDTH bound to: 3 - type: integer 
	Parameter DEPTH bound to: 7 - type: integer 
INFO: [Synth 8-6157] synthesizing module 'vision_gemm_gmem_w_m_axi_srl' [/home/zhiro/research/kv260-vlm-workers/RM02-B-hls-baseline/experiments/rm02_b_vision_gemm/reports/tile_residency_candidate_m32_n16/project/solution1/syn/verilog/vision_gemm_gmem_w_m_axi.v:2679]
	Parameter DATA_WIDTH bound to: 96 - type: integer 
	Parameter ADDR_WIDTH bound to: 3 - type: integer 
	Parameter DEPTH bound to: 7 - type: integer 
INFO: [Synth 8-6155] done synthesizing module 'vision_gemm_gmem_w_m_axi_srl' (0#1) [/home/zhiro/research/kv260-vlm-workers/RM02-B-hls-baseline/experiments/rm02_b_vision_gemm/reports/tile_residency_candidate_m32_n16/project/solution1/syn/verilog/vision_gemm_gmem_w_m_axi.v:2679]
INFO: [Synth 8-6155] done synthesizing module 'vision_gemm_gmem_w_m_axi_fifo' (0#1) [/home/zhiro/research/kv260-vlm-workers/RM02-B-hls-baseline/experiments/rm02_b_vision_gemm/reports/tile_residency_candidate_m32_n16/project/solution1/syn/verilog/vision_gemm_gmem_w_m_axi.v:2501]
INFO: [Synth 8-6157] synthesizing module 'vision_gemm_gmem_w_m_axi_fifo__parameterized0' [/home/zhiro/research/kv260-vlm-workers/RM02-B-hls-baseline/experiments/rm02_b_vision_gemm/reports/tile_residency_candidate_m32_n16/project/solution1/syn/verilog/vision_gemm_gmem_w_m_axi.v:2501]
	Parameter MEM_STYLE bound to: block - type: string 
	Parameter DATA_WIDTH bound to: 130 - type: integer 
	Parameter ADDR_WIDTH bound to: 10 - type: integer 
	Parameter DEPTH bound to: 1024 - type: integer 
INFO: [Synth 8-6157] synthesizing module 'vision_gemm_gmem_w_m_axi_mem' [/home/zhiro/research/kv260-vlm-workers/RM02-B-hls-baseline/experiments/rm02_b_vision_gemm/reports/tile_residency_candidate_m32_n16/project/solution1/syn/verilog/vision_gemm_gmem_w_m_axi.v:2733]
	Parameter MEM_STYLE bound to: block - type: string 
	Parameter DATA_WIDTH bound to: 130 - type: integer 
	Parameter ADDR_WIDTH bound to: 10 - type: integer 
	Parameter DEPTH bound to: 1024 - type: integer 
INFO: [Synth 8-6155] done synthesizing module 'vision_gemm_gmem_w_m_axi_mem' (0#1) [/home/zhiro/research/kv260-vlm-workers/RM02-B-hls-baseline/experiments/rm02_b_vision_gemm/reports/tile_residency_candidate_m32_n16/project/solution1/syn/verilog/vision_gemm_gmem_w_m_axi.v:2733]
INFO: [Synth 8-6155] done synthesizing module 'vision_gemm_gmem_w_m_axi_fifo__parameterized0' (0#1) [/home/zhiro/research/kv260-vlm-workers/RM02-B-hls-baseline/experiments/rm02_b_vision_gemm/reports/tile_residency_candidate_m32_n16/project/solution1/syn/verilog/vision_gemm_gmem_w_m_axi.v:2501]
INFO: [Synth 8-6155] done synthesizing module 'vision_gemm_gmem_w_m_axi_load' (0#1) [/home/zhiro/research/kv260-vlm-workers/RM02-B-hls-baseline/experiments/rm02_b_vision_gemm/reports/tile_residency_candidate_m32_n16/project/solution1/syn/verilog/vision_gemm_gmem_w_m_axi.v:245]
INFO: [Synth 8-6157] synthesizing module 'vision_gemm_gmem_w_m_axi_read' [/home/zhiro/research/kv260-vlm-workers/RM02-B-hls-baseline/experiments/rm02_b_vision_gemm/reports/tile_residency_candidate_m32_n16/project/solution1/syn/verilog/vision_gemm_gmem_w_m_axi.v:1355]
	Parameter C_M_AXI_ID_WIDTH bound to: 1 - type: integer 
	Parameter C_M_AXI_ARUSER_WIDTH bound to: 1 - type: integer 
	Parameter C_M_AXI_RUSER_WIDTH bound to: 1 - type: integer 
	Parameter C_USER_VALUE bound to: 0 - type: integer 
	Parameter C_PROT_VALUE bound to: 0 - type: integer 
	Parameter C_CACHE_VALUE bound to: 3 - type: integer 
	Parameter BUS_ADDR_WIDTH bound to: 64 - type: integer 
	Parameter BUS_DATA_WIDTH bound to: 128 - type: integer 
	Parameter NUM_READ_OUTSTANDING bound to: 16 - type: integer 
	Parameter MAX_READ_BURST_LENGTH bound to: 64 - type: integer 
INFO: [Synth 8-6157] synthesizing module 'vision_gemm_gmem_w_m_axi_burst_converter' [/home/zhiro/research/kv260-vlm-workers/RM02-B-hls-baseline/experiments/rm02_b_vision_gemm/reports/tile_residency_candidate_m32_n16/project/solution1/syn/verilog/vision_gemm_gmem_w_m_axi.v:1867]
	Parameter DATA_WIDTH bound to: 128 - type: integer 
	Parameter ADDR_WIDTH bound to: 64 - type: integer 
	Parameter MAX_BURST_LEN bound to: 64 - type: integer 
INFO: [Synth 8-6157] synthesizing module 'vision_gemm_gmem_w_m_axi_reg_slice' [/home/zhiro/research/kv260-vlm-workers/RM02-B-hls-baseline/experiments/rm02_b_vision_gemm/reports/tile_residency_candidate_m32_n16/project/solution1/syn/verilog/vision_gemm_gmem_w_m_axi.v:2399]
	Parameter DATA_WIDTH bound to: 96 - type: integer 
INFO: [Synth 8-6155] done synthesizing module 'vision_gemm_gmem_w_m_axi_reg_slice' (0#1) [/home/zhiro/research/kv260-vlm-workers/RM02-B-hls-baseline/experiments/rm02_b_vision_gemm/reports/tile_residency_candidate_m32_n16/project/solution1/syn/verilog/vision_gemm_gmem_w_m_axi.v:2399]
INFO: [Synth 8-6155] done synthesizing module 'vision_gemm_gmem_w_m_axi_burst_converter' (0#1) [/home/zhiro/research/kv260-vlm-workers/RM02-B-hls-baseline/experiments/rm02_b_vision_gemm/reports/tile_residency_candidate_m32_n16/project/solution1/syn/verilog/vision_gemm_gmem_w_m_axi.v:1867]
INFO: [Synth 8-6157] synthesizing module 'vision_gemm_gmem_w_m_axi_reg_slice__parameterized0' [/home/zhiro/research/kv260-vlm-workers/RM02-B-hls-baseline/experiments/rm02_b_vision_gemm/reports/tile_residency_candidate_m32_n16/project/solution1/syn/verilog/vision_gemm_gmem_w_m_axi.v:2399]
	Parameter DATA_WIDTH bound to: 129 - type: integer 
INFO: [Synth 8-6155] done synthesizing module 'vision_gemm_gmem_w_m_axi_reg_slice__parameterized0' (0#1) [/home/zhiro/research/kv260-vlm-workers/RM02-B-hls-baseline/experiments/rm02_b_vision_gemm/reports/tile_residency_candidate_m32_n16/project/solution1/syn/verilog/vision_gemm_gmem_w_m_axi.v:2399]
INFO: [Synth 8-6157] synthesizing module 'vision_gemm_gmem_w_m_axi_fifo__parameterized1' [/home/zhiro/research/kv260-vlm-workers/RM02-B-hls-baseline/experiments/rm02_b_vision_gemm/reports/tile_residency_candidate_m32_n16/project/solution1/syn/verilog/vision_gemm_gmem_w_m_axi.v:2501]
	Parameter DATA_WIDTH bound to: 1 - type: integer 
	Parameter ADDR_WIDTH bound to: 4 - type: integer 
	Parameter DEPTH bound to: 16 - type: integer 
INFO: [Synth 8-6157] synthesizing module 'vision_gemm_gmem_w_m_axi_srl__parameterized0' [/home/zhiro/research/kv260-vlm-workers/RM02-B-hls-baseline/experiments/rm02_b_vision_gemm/reports/tile_residency_candidate_m32_n16/project/solution1/syn/verilog/vision_gemm_gmem_w_m_axi.v:2679]
	Parameter DATA_WIDTH bound to: 1 - type: integer 
	Parameter ADDR_WIDTH bound to: 4 - type: integer 
	Parameter DEPTH bound to: 16 - type: integer 
INFO: [Synth 8-6155] done synthesizing module 'vision_gemm_gmem_w_m_axi_srl__parameterized0' (0#1) [/home/zhiro/research/kv260-vlm-workers/RM02-B-hls-baseline/experiments/rm02_b_vision_gemm/reports/tile_residency_candidate_m32_n16/project/solution1/syn/verilog/vision_gemm_gmem_w_m_axi.v:2679]
INFO: [Synth 8-6155] done synthesizing module 'vision_gemm_gmem_w_m_axi_fifo__parameterized1' (0#1) [/home/zhiro/research/kv260-vlm-workers/RM02-B-hls-baseline/experiments/rm02_b_vision_gemm/reports/tile_residency_candidate_m32_n16/project/solution1/syn/verilog/vision_gemm_gmem_w_m_axi.v:2501]
WARNING: [Synth 8-589] replacing case/wildcard equality operator === with logical equality operator == [/home/zhiro/research/kv260-vlm-workers/RM02-B-hls-baseline/experiments/rm02_b_vision_gemm/reports/tile_residency_candidate_m32_n16/project/solution1/syn/verilog/vision_gemm_gmem_w_m_axi.v:1539]
INFO: [Synth 8-6155] done synthesizing module 'vision_gemm_gmem_w_m_axi_read' (0#1) [/home/zhiro/research/kv260-vlm-workers/RM02-B-hls-baseline/experiments/rm02_b_vision_gemm/reports/tile_residency_candidate_m32_n16/project/solution1/syn/verilog/vision_gemm_gmem_w_m_axi.v:1355]
INFO: [Synth 8-6155] done synthesizing module 'vision_gemm_gmem_w_m_axi' (0#1) [/home/zhiro/research/kv260-vlm-workers/RM02-B-hls-baseline/experiments/rm02_b_vision_gemm/reports/tile_residency_candidate_m32_n16/project/solution1/syn/verilog/vision_gemm_gmem_w_m_axi.v:12]
INFO: [Synth 8-6157] synthesizing module 'vision_gemm_gmem_x_m_axi' [/home/zhiro/research/kv260-vlm-workers/RM02-B-hls-baseline/experiments/rm02_b_vision_gemm/reports/tile_residency_candidate_m32_n16/project/solution1/syn/verilog/vision_gemm_gmem_x_m_axi.v:12]
	Parameter CONSERVATIVE bound to: 1 - type: integer 
	Parameter MAX_READ_BURST_LENGTH bound to: 64 - type: integer 
	Parameter MAX_WRITE_BURST_LENGTH bound to: 16 - type: integer 
	Parameter C_M_AXI_ID_WIDTH bound to: 1 - type: integer 
	Parameter C_M_AXI_ADDR_WIDTH bound to: 64 - type: integer 
	Parameter C_M_AXI_DATA_WIDTH bound to: 256 - type: integer 
	Parameter C_M_AXI_AWUSER_WIDTH bound to: 1 - type: integer 
	Parameter C_M_AXI_ARUSER_WIDTH bound to: 1 - type: integer 
	Parameter C_M_AXI_WUSER_WIDTH bound to: 1 - type: integer 
	Parameter C_M_AXI_RUSER_WIDTH bound to: 1 - type: integer 
	Parameter C_M_AXI_BUSER_WIDTH bound to: 1 - type: integer 
	Parameter C_USER_VALUE bound to: 0 - type: integer 
	Parameter C_PROT_VALUE bound to: 0 - type: integer 
	Parameter C_CACHE_VALUE bound to: 3 - type: integer 
	Parameter NUM_READ_OUTSTANDING bound to: 16 - type: integer 
	Parameter NUM_WRITE_OUTSTANDING bound to: 0 - type: integer 
	Parameter USER_MAXREQS bound to: 7 - type: integer 
	Parameter CH0_USER_DW bound to: 256 - type: integer 
	Parameter CH0_USER_AW bound to: 64 - type: integer 
	Parameter CH0_USER_RFIFONUM_WIDTH bound to: 11 - type: integer 
INFO: [Synth 8-6157] synthesizing module 'vision_gemm_gmem_x_m_axi_load' [/home/zhiro/research/kv260-vlm-workers/RM02-B-hls-baseline/experiments/rm02_b_vision_gemm/reports/tile_residency_candidate_m32_n16/project/solution1/syn/verilog/vision_gemm_gmem_x_m_axi.v:245]
	Parameter C_TARGET_ADDR bound to: 0 - type: integer 
	Parameter NUM_READ_OUTSTANDING bound to: 16 - type: integer 
	Parameter MAX_READ_BURST_LENGTH bound to: 64 - type: integer 
	Parameter BUS_ADDR_WIDTH bound to: 64 - type: integer 
	Parameter BUS_DATA_WIDTH bound to: 256 - type: integer 
	Parameter USER_DW bound to: 256 - type: integer 
	Parameter USER_AW bound to: 64 - type: integer 
	Parameter USER_MAXREQS bound to: 7 - type: integer 
	Parameter USER_RFIFONUM_WIDTH bound to: 11 - type: integer 
	Parameter BUFFER_IMPL bound to: block - type: string 
INFO: [Synth 8-6157] synthesizing module 'vision_gemm_gmem_x_m_axi_fifo' [/home/zhiro/research/kv260-vlm-workers/RM02-B-hls-baseline/experiments/rm02_b_vision_gemm/reports/tile_residency_candidate_m32_n16/project/solution1/syn/verilog/vision_gemm_gmem_x_m_axi.v:2501]
	Parameter DATA_WIDTH bound to: 96 - type: integer 
	Parameter ADDR_WIDTH bound to: 3 - type: integer 
	Parameter DEPTH bound to: 7 - type: integer 
INFO: [Synth 8-6157] synthesizing module 'vision_gemm_gmem_x_m_axi_srl' [/home/zhiro/research/kv260-vlm-workers/RM02-B-hls-baseline/experiments/rm02_b_vision_gemm/reports/tile_residency_candidate_m32_n16/project/solution1/syn/verilog/vision_gemm_gmem_x_m_axi.v:2679]
	Parameter DATA_WIDTH bound to: 96 - type: integer 
	Parameter ADDR_WIDTH bound to: 3 - type: integer 
	Parameter DEPTH bound to: 7 - type: integer 
INFO: [Synth 8-6155] done synthesizing module 'vision_gemm_gmem_x_m_axi_srl' (0#1) [/home/zhiro/research/kv260-vlm-workers/RM02-B-hls-baseline/experiments/rm02_b_vision_gemm/reports/tile_residency_candidate_m32_n16/project/solution1/syn/verilog/vision_gemm_gmem_x_m_axi.v:2679]
INFO: [Synth 8-6155] done synthesizing module 'vision_gemm_gmem_x_m_axi_fifo' (0#1) [/home/zhiro/research/kv260-vlm-workers/RM02-B-hls-baseline/experiments/rm02_b_vision_gemm/reports/tile_residency_candidate_m32_n16/project/solution1/syn/verilog/vision_gemm_gmem_x_m_axi.v:2501]
INFO: [Synth 8-6157] synthesizing module 'vision_gemm_gmem_x_m_axi_fifo__parameterized0' [/home/zhiro/research/kv260-vlm-workers/RM02-B-hls-baseline/experiments/rm02_b_vision_gemm/reports/tile_residency_candidate_m32_n16/project/solution1/syn/verilog/vision_gemm_gmem_x_m_axi.v:2501]
	Parameter MEM_STYLE bound to: block - type: string 
	Parameter DATA_WIDTH bound to: 258 - type: integer 
	Parameter ADDR_WIDTH bound to: 10 - type: integer 
	Parameter DEPTH bound to: 1024 - type: integer 
INFO: [Synth 8-6157] synthesizing module 'vision_gemm_gmem_x_m_axi_mem' [/home/zhiro/research/kv260-vlm-workers/RM02-B-hls-baseline/experiments/rm02_b_vision_gemm/reports/tile_residency_candidate_m32_n16/project/solution1/syn/verilog/vision_gemm_gmem_x_m_axi.v:2733]
	Parameter MEM_STYLE bound to: block - type: string 
	Parameter DATA_WIDTH bound to: 258 - type: integer 
	Parameter ADDR_WIDTH bound to: 10 - type: integer 
	Parameter DEPTH bound to: 1024 - type: integer 
INFO: [Synth 8-6155] done synthesizing module 'vision_gemm_gmem_x_m_axi_mem' (0#1) [/home/zhiro/research/kv260-vlm-workers/RM02-B-hls-baseline/experiments/rm02_b_vision_gemm/reports/tile_residency_candidate_m32_n16/project/solution1/syn/verilog/vision_gemm_gmem_x_m_axi.v:2733]
INFO: [Synth 8-6155] done synthesizing module 'vision_gemm_gmem_x_m_axi_fifo__parameterized0' (0#1) [/home/zhiro/research/kv260-vlm-workers/RM02-B-hls-baseline/experiments/rm02_b_vision_gemm/reports/tile_residency_candidate_m32_n16/project/solution1/syn/verilog/vision_gemm_gmem_x_m_axi.v:2501]
INFO: [Synth 8-6155] done synthesizing module 'vision_gemm_gmem_x_m_axi_load' (0#1) [/home/zhiro/research/kv260-vlm-workers/RM02-B-hls-baseline/experiments/rm02_b_vision_gemm/reports/tile_residency_candidate_m32_n16/project/solution1/syn/verilog/vision_gemm_gmem_x_m_axi.v:245]
INFO: [Synth 8-6157] synthesizing module 'vision_gemm_gmem_x_m_axi_read' [/home/zhiro/research/kv260-vlm-workers/RM02-B-hls-baseline/experiments/rm02_b_vision_gemm/reports/tile_residency_candidate_m32_n16/project/solution1/syn/verilog/vision_gemm_gmem_x_m_axi.v:1355]
	Parameter C_M_AXI_ID_WIDTH bound to: 1 - type: integer 
	Parameter C_M_AXI_ARUSER_WIDTH bound to: 1 - type: integer 
	Parameter C_M_AXI_RUSER_WIDTH bound to: 1 - type: integer 
	Parameter C_USER_VALUE bound to: 0 - type: integer 
	Parameter C_PROT_VALUE bound to: 0 - type: integer 
	Parameter C_CACHE_VALUE bound to: 3 - type: integer 
	Parameter BUS_ADDR_WIDTH bound to: 64 - type: integer 
	Parameter BUS_DATA_WIDTH bound to: 256 - type: integer 
	Parameter NUM_READ_OUTSTANDING bound to: 16 - type: integer 
	Parameter MAX_READ_BURST_LENGTH bound to: 64 - type: integer 
INFO: [Synth 8-6157] synthesizing module 'vision_gemm_gmem_x_m_axi_burst_converter' [/home/zhiro/research/kv260-vlm-workers/RM02-B-hls-baseline/experiments/rm02_b_vision_gemm/reports/tile_residency_candidate_m32_n16/project/solution1/syn/verilog/vision_gemm_gmem_x_m_axi.v:1867]
	Parameter DATA_WIDTH bound to: 256 - type: integer 
	Parameter ADDR_WIDTH bound to: 64 - type: integer 
	Parameter MAX_BURST_LEN bound to: 64 - type: integer 
INFO: [Synth 8-6157] synthesizing module 'vision_gemm_gmem_x_m_axi_reg_slice' [/home/zhiro/research/kv260-vlm-workers/RM02-B-hls-baseline/experiments/rm02_b_vision_gemm/reports/tile_residency_candidate_m32_n16/project/solution1/syn/verilog/vision_gemm_gmem_x_m_axi.v:2399]
	Parameter DATA_WIDTH bound to: 96 - type: integer 
INFO: [Synth 8-6155] done synthesizing module 'vision_gemm_gmem_x_m_axi_reg_slice' (0#1) [/home/zhiro/research/kv260-vlm-workers/RM02-B-hls-baseline/experiments/rm02_b_vision_gemm/reports/tile_residency_candidate_m32_n16/project/solution1/syn/verilog/vision_gemm_gmem_x_m_axi.v:2399]
INFO: [Synth 8-6155] done synthesizing module 'vision_gemm_gmem_x_m_axi_burst_converter' (0#1) [/home/zhiro/research/kv260-vlm-workers/RM02-B-hls-baseline/experiments/rm02_b_vision_gemm/reports/tile_residency_candidate_m32_n16/project/solution1/syn/verilog/vision_gemm_gmem_x_m_axi.v:1867]
INFO: [Synth 8-6157] synthesizing module 'vision_gemm_gmem_x_m_axi_reg_slice__parameterized0' [/home/zhiro/research/kv260-vlm-workers/RM02-B-hls-baseline/experiments/rm02_b_vision_gemm/reports/tile_residency_candidate_m32_n16/project/solution1/syn/verilog/vision_gemm_gmem_x_m_axi.v:2399]
	Parameter DATA_WIDTH bound to: 257 - type: integer 
INFO: [Synth 8-6155] done synthesizing module 'vision_gemm_gmem_x_m_axi_reg_slice__parameterized0' (0#1) [/home/zhiro/research/kv260-vlm-workers/RM02-B-hls-baseline/experiments/rm02_b_vision_gemm/reports/tile_residency_candidate_m32_n16/project/solution1/syn/verilog/vision_gemm_gmem_x_m_axi.v:2399]
INFO: [Synth 8-6157] synthesizing module 'vision_gemm_gmem_x_m_axi_fifo__parameterized1' [/home/zhiro/research/kv260-vlm-workers/RM02-B-hls-baseline/experiments/rm02_b_vision_gemm/reports/tile_residency_candidate_m32_n16/project/solution1/syn/verilog/vision_gemm_gmem_x_m_axi.v:2501]
	Parameter DATA_WIDTH bound to: 1 - type: integer 
	Parameter ADDR_WIDTH bound to: 4 - type: integer 
	Parameter DEPTH bound to: 16 - type: integer 
INFO: [Synth 8-6157] synthesizing module 'vision_gemm_gmem_x_m_axi_srl__parameterized0' [/home/zhiro/research/kv260-vlm-workers/RM02-B-hls-baseline/experiments/rm02_b_vision_gemm/reports/tile_residency_candidate_m32_n16/project/solution1/syn/verilog/vision_gemm_gmem_x_m_axi.v:2679]
	Parameter DATA_WIDTH bound to: 1 - type: integer 
	Parameter ADDR_WIDTH bound to: 4 - type: integer 
	Parameter DEPTH bound to: 16 - type: integer 
INFO: [Synth 8-6155] done synthesizing module 'vision_gemm_gmem_x_m_axi_srl__parameterized0' (0#1) [/home/zhiro/research/kv260-vlm-workers/RM02-B-hls-baseline/experiments/rm02_b_vision_gemm/reports/tile_residency_candidate_m32_n16/project/solution1/syn/verilog/vision_gemm_gmem_x_m_axi.v:2679]
INFO: [Synth 8-6155] done synthesizing module 'vision_gemm_gmem_x_m_axi_fifo__parameterized1' (0#1) [/home/zhiro/research/kv260-vlm-workers/RM02-B-hls-baseline/experiments/rm02_b_vision_gemm/reports/tile_residency_candidate_m32_n16/project/solution1/syn/verilog/vision_gemm_gmem_x_m_axi.v:2501]
WARNING: [Synth 8-589] replacing case/wildcard equality operator === with logical equality operator == [/home/zhiro/research/kv260-vlm-workers/RM02-B-hls-baseline/experiments/rm02_b_vision_gemm/reports/tile_residency_candidate_m32_n16/project/solution1/syn/verilog/vision_gemm_gmem_x_m_axi.v:1539]
INFO: [Synth 8-6155] done synthesizing module 'vision_gemm_gmem_x_m_axi_read' (0#1) [/home/zhiro/research/kv260-vlm-workers/RM02-B-hls-baseline/experiments/rm02_b_vision_gemm/reports/tile_residency_candidate_m32_n16/project/solution1/syn/verilog/vision_gemm_gmem_x_m_axi.v:1355]
INFO: [Synth 8-6155] done synthesizing module 'vision_gemm_gmem_x_m_axi' (0#1) [/home/zhiro/research/kv260-vlm-workers/RM02-B-hls-baseline/experiments/rm02_b_vision_gemm/reports/tile_residency_candidate_m32_n16/project/solution1/syn/verilog/vision_gemm_gmem_x_m_axi.v:12]
INFO: [Synth 8-6157] synthesizing module 'vision_gemm_gmem_y_m_axi' [/home/zhiro/research/kv260-vlm-workers/RM02-B-hls-baseline/experiments/rm02_b_vision_gemm/reports/tile_residency_candidate_m32_n16/project/solution1/syn/verilog/vision_gemm_gmem_y_m_axi.v:12]
	Parameter CONSERVATIVE bound to: 1 - type: integer 
	Parameter MAX_READ_BURST_LENGTH bound to: 16 - type: integer 
	Parameter MAX_WRITE_BURST_LENGTH bound to: 64 - type: integer 
	Parameter C_M_AXI_ID_WIDTH bound to: 1 - type: integer 
	Parameter C_M_AXI_ADDR_WIDTH bound to: 64 - type: integer 
	Parameter C_M_AXI_DATA_WIDTH bound to: 256 - type: integer 
	Parameter C_M_AXI_AWUSER_WIDTH bound to: 1 - type: integer 
	Parameter C_M_AXI_ARUSER_WIDTH bound to: 1 - type: integer 
	Parameter C_M_AXI_WUSER_WIDTH bound to: 1 - type: integer 
	Parameter C_M_AXI_RUSER_WIDTH bound to: 1 - type: integer 
	Parameter C_M_AXI_BUSER_WIDTH bound to: 1 - type: integer 
	Parameter C_USER_VALUE bound to: 0 - type: integer 
	Parameter C_PROT_VALUE bound to: 0 - type: integer 
	Parameter C_CACHE_VALUE bound to: 3 - type: integer 
	Parameter NUM_READ_OUTSTANDING bound to: 0 - type: integer 
	Parameter NUM_WRITE_OUTSTANDING bound to: 16 - type: integer 
	Parameter USER_MAXREQS bound to: 4 - type: integer 
	Parameter CH0_USER_DW bound to: 256 - type: integer 
	Parameter CH0_USER_AW bound to: 64 - type: integer 
	Parameter CH0_USER_RFIFONUM_WIDTH bound to: 9 - type: integer 
INFO: [Synth 8-6157] synthesizing module 'vision_gemm_gmem_y_m_axi_store' [/home/zhiro/research/kv260-vlm-workers/RM02-B-hls-baseline/experiments/rm02_b_vision_gemm/reports/tile_residency_candidate_m32_n16/project/solution1/syn/verilog/vision_gemm_gmem_y_m_axi.v:743]
	Parameter C_TARGET_ADDR bound to: 0 - type: integer 
	Parameter NUM_WRITE_OUTSTANDING bound to: 16 - type: integer 
	Parameter MAX_WRITE_BURST_LENGTH bound to: 64 - type: integer 
	Parameter BUS_ADDR_WIDTH bound to: 64 - type: integer 
	Parameter BUS_DATA_WIDTH bound to: 256 - type: integer 
	Parameter USER_DW bound to: 256 - type: integer 
	Parameter USER_AW bound to: 64 - type: integer 
	Parameter USER_MAXREQS bound to: 4 - type: integer 
	Parameter BUFFER_IMPL bound to: block - type: string 
INFO: [Synth 8-6157] synthesizing module 'vision_gemm_gmem_y_m_axi_fifo' [/home/zhiro/research/kv260-vlm-workers/RM02-B-hls-baseline/experiments/rm02_b_vision_gemm/reports/tile_residency_candidate_m32_n16/project/solution1/syn/verilog/vision_gemm_gmem_y_m_axi.v:2507]
	Parameter DATA_WIDTH bound to: 96 - type: integer 
	Parameter ADDR_WIDTH bound to: 2 - type: integer 
	Parameter DEPTH bound to: 4 - type: integer 
INFO: [Synth 8-6157] synthesizing module 'vision_gemm_gmem_y_m_axi_srl' [/home/zhiro/research/kv260-vlm-workers/RM02-B-hls-baseline/experiments/rm02_b_vision_gemm/reports/tile_residency_candidate_m32_n16/project/solution1/syn/verilog/vision_gemm_gmem_y_m_axi.v:2685]
	Parameter DATA_WIDTH bound to: 96 - type: integer 
	Parameter ADDR_WIDTH bound to: 2 - type: integer 
	Parameter DEPTH bound to: 4 - type: integer 
INFO: [Synth 8-6155] done synthesizing module 'vision_gemm_gmem_y_m_axi_srl' (0#1) [/home/zhiro/research/kv260-vlm-workers/RM02-B-hls-baseline/experiments/rm02_b_vision_gemm/reports/tile_residency_candidate_m32_n16/project/solution1/syn/verilog/vision_gemm_gmem_y_m_axi.v:2685]
INFO: [Synth 8-6155] done synthesizing module 'vision_gemm_gmem_y_m_axi_fifo' (0#1) [/home/zhiro/research/kv260-vlm-workers/RM02-B-hls-baseline/experiments/rm02_b_vision_gemm/reports/tile_residency_candidate_m32_n16/project/solution1/syn/verilog/vision_gemm_gmem_y_m_axi.v:2507]
INFO: [Synth 8-6157] synthesizing module 'vision_gemm_gmem_y_m_axi_fifo__parameterized0' [/home/zhiro/research/kv260-vlm-workers/RM02-B-hls-baseline/experiments/rm02_b_vision_gemm/reports/tile_residency_candidate_m32_n16/project/solution1/syn/verilog/vision_gemm_gmem_y_m_axi.v:2507]
	Parameter MEM_STYLE bound to: block - type: string 
	Parameter DATA_WIDTH bound to: 288 - type: integer 
	Parameter ADDR_WIDTH bound to: 6 - type: integer 
	Parameter DEPTH bound to: 64 - type: integer 
INFO: [Synth 8-6157] synthesizing module 'vision_gemm_gmem_y_m_axi_mem' [/home/zhiro/research/kv260-vlm-workers/RM02-B-hls-baseline/experiments/rm02_b_vision_gemm/reports/tile_residency_candidate_m32_n16/project/solution1/syn/verilog/vision_gemm_gmem_y_m_axi.v:2739]
	Parameter MEM_STYLE bound to: block - type: string 
	Parameter DATA_WIDTH bound to: 288 - type: integer 
	Parameter ADDR_WIDTH bound to: 6 - type: integer 
	Parameter DEPTH bound to: 64 - type: integer 
INFO: [Synth 8-6155] done synthesizing module 'vision_gemm_gmem_y_m_axi_mem' (0#1) [/home/zhiro/research/kv260-vlm-workers/RM02-B-hls-baseline/experiments/rm02_b_vision_gemm/reports/tile_residency_candidate_m32_n16/project/solution1/syn/verilog/vision_gemm_gmem_y_m_axi.v:2739]
INFO: [Synth 8-6155] done synthesizing module 'vision_gemm_gmem_y_m_axi_fifo__parameterized0' (0#1) [/home/zhiro/research/kv260-vlm-workers/RM02-B-hls-baseline/experiments/rm02_b_vision_gemm/reports/tile_residency_candidate_m32_n16/project/solution1/syn/verilog/vision_gemm_gmem_y_m_axi.v:2507]
INFO: [Synth 8-6157] synthesizing module 'vision_gemm_gmem_y_m_axi_fifo__parameterized1' [/home/zhiro/research/kv260-vlm-workers/RM02-B-hls-baseline/experiments/rm02_b_vision_gemm/reports/tile_residency_candidate_m32_n16/project/solution1/syn/verilog/vision_gemm_gmem_y_m_axi.v:2507]
	Parameter DATA_WIDTH bound to: 1 - type: integer 
	Parameter ADDR_WIDTH bound to: 4 - type: integer 
	Parameter DEPTH bound to: 16 - type: integer 
INFO: [Synth 8-6157] synthesizing module 'vision_gemm_gmem_y_m_axi_srl__parameterized0' [/home/zhiro/research/kv260-vlm-workers/RM02-B-hls-baseline/experiments/rm02_b_vision_gemm/reports/tile_residency_candidate_m32_n16/project/solution1/syn/verilog/vision_gemm_gmem_y_m_axi.v:2685]
	Parameter DATA_WIDTH bound to: 1 - type: integer 
	Parameter ADDR_WIDTH bound to: 4 - type: integer 
	Parameter DEPTH bound to: 16 - type: integer 
INFO: [Synth 8-6155] done synthesizing module 'vision_gemm_gmem_y_m_axi_srl__parameterized0' (0#1) [/home/zhiro/research/kv260-vlm-workers/RM02-B-hls-baseline/experiments/rm02_b_vision_gemm/reports/tile_residency_candidate_m32_n16/project/solution1/syn/verilog/vision_gemm_gmem_y_m_axi.v:2685]
INFO: [Synth 8-6155] done synthesizing module 'vision_gemm_gmem_y_m_axi_fifo__parameterized1' (0#1) [/home/zhiro/research/kv260-vlm-workers/RM02-B-hls-baseline/experiments/rm02_b_vision_gemm/reports/tile_residency_candidate_m32_n16/project/solution1/syn/verilog/vision_gemm_gmem_y_m_axi.v:2507]
INFO: [Synth 8-6157] synthesizing module 'vision_gemm_gmem_y_m_axi_fifo__parameterized2' [/home/zhiro/research/kv260-vlm-workers/RM02-B-hls-baseline/experiments/rm02_b_vision_gemm/reports/tile_residency_candidate_m32_n16/project/solution1/syn/verilog/vision_gemm_gmem_y_m_axi.v:2507]
	Parameter DATA_WIDTH bound to: 1 - type: integer 
	Parameter ADDR_WIDTH bound to: 2 - type: integer 
	Parameter DEPTH bound to: 4 - type: integer 
INFO: [Synth 8-6157] synthesizing module 'vision_gemm_gmem_y_m_axi_srl__parameterized1' [/home/zhiro/research/kv260-vlm-workers/RM02-B-hls-baseline/experiments/rm02_b_vision_gemm/reports/tile_residency_candidate_m32_n16/project/solution1/syn/verilog/vision_gemm_gmem_y_m_axi.v:2685]
	Parameter DATA_WIDTH bound to: 1 - type: integer 
	Parameter ADDR_WIDTH bound to: 2 - type: integer 
	Parameter DEPTH bound to: 4 - type: integer 
INFO: [Synth 8-6155] done synthesizing module 'vision_gemm_gmem_y_m_axi_srl__parameterized1' (0#1) [/home/zhiro/research/kv260-vlm-workers/RM02-B-hls-baseline/experiments/rm02_b_vision_gemm/reports/tile_residency_candidate_m32_n16/project/solution1/syn/verilog/vision_gemm_gmem_y_m_axi.v:2685]
INFO: [Synth 8-6155] done synthesizing module 'vision_gemm_gmem_y_m_axi_fifo__parameterized2' (0#1) [/home/zhiro/research/kv260-vlm-workers/RM02-B-hls-baseline/experiments/rm02_b_vision_gemm/reports/tile_residency_candidate_m32_n16/project/solution1/syn/verilog/vision_gemm_gmem_y_m_axi.v:2507]
INFO: [Synth 8-6155] done synthesizing module 'vision_gemm_gmem_y_m_axi_store' (0#1) [/home/zhiro/research/kv260-vlm-workers/RM02-B-hls-baseline/experiments/rm02_b_vision_gemm/reports/tile_residency_candidate_m32_n16/project/solution1/syn/verilog/vision_gemm_gmem_y_m_axi.v:743]
INFO: [Synth 8-6157] synthesizing module 'vision_gemm_gmem_y_m_axi_write' [/home/zhiro/research/kv260-vlm-workers/RM02-B-hls-baseline/experiments/rm02_b_vision_gemm/reports/tile_residency_candidate_m32_n16/project/solution1/syn/verilog/vision_gemm_gmem_y_m_axi.v:1553]
	Parameter CONSERVATIVE bound to: 1 - type: integer 
	Parameter C_M_AXI_ID_WIDTH bound to: 1 - type: integer 
	Parameter C_M_AXI_AWUSER_WIDTH bound to: 1 - type: integer 
	Parameter C_M_AXI_WUSER_WIDTH bound to: 1 - type: integer 
	Parameter C_M_AXI_BUSER_WIDTH bound to: 1 - type: integer 
	Parameter C_USER_VALUE bound to: 0 - type: integer 
	Parameter C_PROT_VALUE bound to: 0 - type: integer 
	Parameter C_CACHE_VALUE bound to: 3 - type: integer 
	Parameter BUS_ADDR_WIDTH bound to: 64 - type: integer 
	Parameter BUS_DATA_WIDTH bound to: 256 - type: integer 
	Parameter NUM_WRITE_OUTSTANDING bound to: 16 - type: integer 
	Parameter MAX_WRITE_BURST_LENGTH bound to: 64 - type: integer 
INFO: [Synth 8-6157] synthesizing module 'vision_gemm_gmem_y_m_axi_burst_converter' [/home/zhiro/research/kv260-vlm-workers/RM02-B-hls-baseline/experiments/rm02_b_vision_gemm/reports/tile_residency_candidate_m32_n16/project/solution1/syn/verilog/vision_gemm_gmem_y_m_axi.v:1873]
	Parameter DATA_WIDTH bound to: 256 - type: integer 
	Parameter ADDR_WIDTH bound to: 64 - type: integer 
	Parameter MAX_BURST_LEN bound to: 64 - type: integer 
INFO: [Synth 8-6157] synthesizing module 'vision_gemm_gmem_y_m_axi_reg_slice' [/home/zhiro/research/kv260-vlm-workers/RM02-B-hls-baseline/experiments/rm02_b_vision_gemm/reports/tile_residency_candidate_m32_n16/project/solution1/syn/verilog/vision_gemm_gmem_y_m_axi.v:2405]
	Parameter DATA_WIDTH bound to: 96 - type: integer 
INFO: [Synth 8-6155] done synthesizing module 'vision_gemm_gmem_y_m_axi_reg_slice' (0#1) [/home/zhiro/research/kv260-vlm-workers/RM02-B-hls-baseline/experiments/rm02_b_vision_gemm/reports/tile_residency_candidate_m32_n16/project/solution1/syn/verilog/vision_gemm_gmem_y_m_axi.v:2405]
INFO: [Synth 8-6155] done synthesizing module 'vision_gemm_gmem_y_m_axi_burst_converter' (0#1) [/home/zhiro/research/kv260-vlm-workers/RM02-B-hls-baseline/experiments/rm02_b_vision_gemm/reports/tile_residency_candidate_m32_n16/project/solution1/syn/verilog/vision_gemm_gmem_y_m_axi.v:1873]
INFO: [Synth 8-6157] synthesizing module 'vision_gemm_gmem_y_m_axi_fifo__parameterized3' [/home/zhiro/research/kv260-vlm-workers/RM02-B-hls-baseline/experiments/rm02_b_vision_gemm/reports/tile_residency_candidate_m32_n16/project/solution1/syn/verilog/vision_gemm_gmem_y_m_axi.v:2507]
	Parameter DATA_WIDTH bound to: 8 - type: integer 
	Parameter ADDR_WIDTH bound to: 4 - type: integer 
	Parameter DEPTH bound to: 16 - type: integer 
INFO: [Synth 8-6157] synthesizing module 'vision_gemm_gmem_y_m_axi_srl__parameterized2' [/home/zhiro/research/kv260-vlm-workers/RM02-B-hls-baseline/experiments/rm02_b_vision_gemm/reports/tile_residency_candidate_m32_n16/project/solution1/syn/verilog/vision_gemm_gmem_y_m_axi.v:2685]
	Parameter DATA_WIDTH bound to: 8 - type: integer 
	Parameter ADDR_WIDTH bound to: 4 - type: integer 
	Parameter DEPTH bound to: 16 - type: integer 
INFO: [Synth 8-6155] done synthesizing module 'vision_gemm_gmem_y_m_axi_srl__parameterized2' (0#1) [/home/zhiro/research/kv260-vlm-workers/RM02-B-hls-baseline/experiments/rm02_b_vision_gemm/reports/tile_residency_candidate_m32_n16/project/solution1/syn/verilog/vision_gemm_gmem_y_m_axi.v:2685]
INFO: [Synth 8-6155] done synthesizing module 'vision_gemm_gmem_y_m_axi_fifo__parameterized3' (0#1) [/home/zhiro/research/kv260-vlm-workers/RM02-B-hls-baseline/experiments/rm02_b_vision_gemm/reports/tile_residency_candidate_m32_n16/project/solution1/syn/verilog/vision_gemm_gmem_y_m_axi.v:2507]
INFO: [Synth 8-6157] synthesizing module 'vision_gemm_gmem_y_m_axi_throttle' [/home/zhiro/research/kv260-vlm-workers/RM02-B-hls-baseline/experiments/rm02_b_vision_gemm/reports/tile_residency_candidate_m32_n16/project/solution1/syn/verilog/vision_gemm_gmem_y_m_axi.v:2179]
	Parameter CONSERVATIVE bound to: 1 - type: integer 
	Parameter USED_FIX bound to: 0 - type: integer 
	Parameter ADDR_WIDTH bound to: 64 - type: integer 
	Parameter DATA_WIDTH bound to: 256 - type: integer 
	Parameter DEPTH bound to: 64 - type: integer 
	Parameter MAXREQS bound to: 16 - type: integer 
	Parameter AVERAGE_MODE bound to: 0 - type: integer 
INFO: [Synth 8-6157] synthesizing module 'vision_gemm_gmem_y_m_axi_reg_slice__parameterized0' [/home/zhiro/research/kv260-vlm-workers/RM02-B-hls-baseline/experiments/rm02_b_vision_gemm/reports/tile_residency_candidate_m32_n16/project/solution1/syn/verilog/vision_gemm_gmem_y_m_axi.v:2405]
	Parameter DATA_WIDTH bound to: 72 - type: integer 
INFO: [Synth 8-6155] done synthesizing module 'vision_gemm_gmem_y_m_axi_reg_slice__parameterized0' (0#1) [/home/zhiro/research/kv260-vlm-workers/RM02-B-hls-baseline/experiments/rm02_b_vision_gemm/reports/tile_residency_candidate_m32_n16/project/solution1/syn/verilog/vision_gemm_gmem_y_m_axi.v:2405]
INFO: [Synth 8-6157] synthesizing module 'vision_gemm_gmem_y_m_axi_fifo__parameterized4' [/home/zhiro/research/kv260-vlm-workers/RM02-B-hls-baseline/experiments/rm02_b_vision_gemm/reports/tile_residency_candidate_m32_n16/project/solution1/syn/verilog/vision_gemm_gmem_y_m_axi.v:2507]
	Parameter DATA_WIDTH bound to: 72 - type: integer 
	Parameter ADDR_WIDTH bound to: 4 - type: integer 
	Parameter DEPTH bound to: 16 - type: integer 
INFO: [Synth 8-6157] synthesizing module 'vision_gemm_gmem_y_m_axi_srl__parameterized3' [/home/zhiro/research/kv260-vlm-workers/RM02-B-hls-baseline/experiments/rm02_b_vision_gemm/reports/tile_residency_candidate_m32_n16/project/solution1/syn/verilog/vision_gemm_gmem_y_m_axi.v:2685]
	Parameter DATA_WIDTH bound to: 72 - type: integer 
	Parameter ADDR_WIDTH bound to: 4 - type: integer 
	Parameter DEPTH bound to: 16 - type: integer 
INFO: [Synth 8-6155] done synthesizing module 'vision_gemm_gmem_y_m_axi_srl__parameterized3' (0#1) [/home/zhiro/research/kv260-vlm-workers/RM02-B-hls-baseline/experiments/rm02_b_vision_gemm/reports/tile_residency_candidate_m32_n16/project/solution1/syn/verilog/vision_gemm_gmem_y_m_axi.v:2685]
INFO: [Synth 8-6155] done synthesizing module 'vision_gemm_gmem_y_m_axi_fifo__parameterized4' (0#1) [/home/zhiro/research/kv260-vlm-workers/RM02-B-hls-baseline/experiments/rm02_b_vision_gemm/reports/tile_residency_candidate_m32_n16/project/solution1/syn/verilog/vision_gemm_gmem_y_m_axi.v:2507]
INFO: [Synth 8-6157] synthesizing module 'vision_gemm_gmem_y_m_axi_fifo__parameterized5' [/home/zhiro/research/kv260-vlm-workers/RM02-B-hls-baseline/experiments/rm02_b_vision_gemm/reports/tile_residency_candidate_m32_n16/project/solution1/syn/verilog/vision_gemm_gmem_y_m_axi.v:2507]
	Parameter DATA_WIDTH bound to: 289 - type: integer 
	Parameter ADDR_WIDTH bound to: 6 - type: integer 
	Parameter DEPTH bound to: 64 - type: integer 
INFO: [Synth 8-6157] synthesizing module 'vision_gemm_gmem_y_m_axi_srl__parameterized4' [/home/zhiro/research/kv260-vlm-workers/RM02-B-hls-baseline/experiments/rm02_b_vision_gemm/reports/tile_residency_candidate_m32_n16/project/solution1/syn/verilog/vision_gemm_gmem_y_m_axi.v:2685]
	Parameter DATA_WIDTH bound to: 289 - type: integer 
	Parameter ADDR_WIDTH bound to: 6 - type: integer 
	Parameter DEPTH bound to: 64 - type: integer 
INFO: [Synth 8-6155] done synthesizing module 'vision_gemm_gmem_y_m_axi_srl__parameterized4' (0#1) [/home/zhiro/research/kv260-vlm-workers/RM02-B-hls-baseline/experiments/rm02_b_vision_gemm/reports/tile_residency_candidate_m32_n16/project/solution1/syn/verilog/vision_gemm_gmem_y_m_axi.v:2685]
INFO: [Synth 8-6155] done synthesizing module 'vision_gemm_gmem_y_m_axi_fifo__parameterized5' (0#1) [/home/zhiro/research/kv260-vlm-workers/RM02-B-hls-baseline/experiments/rm02_b_vision_gemm/reports/tile_residency_candidate_m32_n16/project/solution1/syn/verilog/vision_gemm_gmem_y_m_axi.v:2507]
INFO: [Synth 8-6155] done synthesizing module 'vision_gemm_gmem_y_m_axi_throttle' (0#1) [/home/zhiro/research/kv260-vlm-workers/RM02-B-hls-baseline/experiments/rm02_b_vision_gemm/reports/tile_residency_candidate_m32_n16/project/solution1/syn/verilog/vision_gemm_gmem_y_m_axi.v:2179]
INFO: [Synth 8-6157] synthesizing module 'vision_gemm_gmem_y_m_axi_reg_slice__parameterized1' [/home/zhiro/research/kv260-vlm-workers/RM02-B-hls-baseline/experiments/rm02_b_vision_gemm/reports/tile_residency_candidate_m32_n16/project/solution1/syn/verilog/vision_gemm_gmem_y_m_axi.v:2405]
	Parameter DATA_WIDTH bound to: 1 - type: integer 
INFO: [Synth 8-6155] done synthesizing module 'vision_gemm_gmem_y_m_axi_reg_slice__parameterized1' (0#1) [/home/zhiro/research/kv260-vlm-workers/RM02-B-hls-baseline/experiments/rm02_b_vision_gemm/reports/tile_residency_candidate_m32_n16/project/solution1/syn/verilog/vision_gemm_gmem_y_m_axi.v:2405]
WARNING: [Synth 8-589] replacing case/wildcard equality operator === with logical equality operator == [/home/zhiro/research/kv260-vlm-workers/RM02-B-hls-baseline/experiments/rm02_b_vision_gemm/reports/tile_residency_candidate_m32_n16/project/solution1/syn/verilog/vision_gemm_gmem_y_m_axi.v:1864]
WARNING: [Synth 8-589] replacing case/wildcard equality operator === with logical equality operator == [/home/zhiro/research/kv260-vlm-workers/RM02-B-hls-baseline/experiments/rm02_b_vision_gemm/reports/tile_residency_candidate_m32_n16/project/solution1/syn/verilog/vision_gemm_gmem_y_m_axi.v:1867]
INFO: [Synth 8-6155] done synthesizing module 'vision_gemm_gmem_y_m_axi_write' (0#1) [/home/zhiro/research/kv260-vlm-workers/RM02-B-hls-baseline/experiments/rm02_b_vision_gemm/reports/tile_residency_candidate_m32_n16/project/solution1/syn/verilog/vision_gemm_gmem_y_m_axi.v:1553]
INFO: [Synth 8-6155] done synthesizing module 'vision_gemm_gmem_y_m_axi' (0#1) [/home/zhiro/research/kv260-vlm-workers/RM02-B-hls-baseline/experiments/rm02_b_vision_gemm/reports/tile_residency_candidate_m32_n16/project/solution1/syn/verilog/vision_gemm_gmem_y_m_axi.v:12]
INFO: [Synth 8-6155] done synthesizing module 'vision_gemm' (0#1) [/home/zhiro/research/kv260-vlm-workers/RM02-B-hls-baseline/experiments/rm02_b_vision_gemm/reports/tile_residency_candidate_m32_n16/project/solution1/syn/verilog/vision_gemm.v:9]
INFO: [Synth 8-4490] FSM extraction disabled for register 'ap_CS_fsm_reg' through user attribute
WARNING: [Synth 8-6014] Unused sequential element int_ap_done_reg was removed.  [/home/zhiro/research/kv260-vlm-workers/RM02-B-hls-baseline/experiments/rm02_b_vision_gemm/reports/tile_residency_candidate_m32_n16/project/solution1/syn/verilog/vision_gemm_control_s_axi.v:305]
INFO: [Synth 8-4490] FSM extraction disabled for register 'ap_CS_fsm_reg' through user attribute
WARNING: [Synth 8-7129] Port in_BUS_BID[0] in module vision_gemm_gmem_y_m_axi_write is either unconnected or has no load
WARNING: [Synth 8-7129] Port in_BUS_BRESP[1] in module vision_gemm_gmem_y_m_axi_write is either unconnected or has no load
WARNING: [Synth 8-7129] Port in_BUS_BRESP[0] in module vision_gemm_gmem_y_m_axi_write is either unconnected or has no load
WARNING: [Synth 8-7129] Port in_BUS_BUSER[0] in module vision_gemm_gmem_y_m_axi_write is either unconnected or has no load
WARNING: [Synth 8-7129] Port ARREADY in module vision_gemm_gmem_y_m_axi is either unconnected or has no load
WARNING: [Synth 8-7129] Port RID[0] in module vision_gemm_gmem_y_m_axi is either unconnected or has no load
WARNING: [Synth 8-7129] Port RDATA[255] in module vision_gemm_gmem_y_m_axi is either unconnected or has no load
WARNING: [Synth 8-7129] Port RDATA[254] in module vision_gemm_gmem_y_m_axi is either unconnected or has no load
WARNING: [Synth 8-7129] Port RDATA[253] in module vision_gemm_gmem_y_m_axi is either unconnected or has no load
WARNING: [Synth 8-7129] Port RDATA[252] in module vision_gemm_gmem_y_m_axi is either unconnected or has no load
WARNING: [Synth 8-7129] Port RDATA[251] in module vision_gemm_gmem_y_m_axi is either unconnected or has no load
WARNING: [Synth 8-7129] Port RDATA[250] in module vision_gemm_gmem_y_m_axi is either unconnected or has no load
WARNING: [Synth 8-7129] Port RDATA[249] in module vision_gemm_gmem_y_m_axi is either unconnected or has no load
WARNING: [Synth 8-7129] Port RDATA[248] in module vision_gemm_gmem_y_m_axi is either unconnected or has no load
WARNING: [Synth 8-7129] Port RDATA[247] in module vision_gemm_gmem_y_m_axi is either unconnected or has no load
WARNING: [Synth 8-7129] Port RDATA[246] in module vision_gemm_gmem_y_m_axi is either unconnected or has no load
WARNING: [Synth 8-7129] Port RDATA[245] in module vision_gemm_gmem_y_m_axi is either unconnected or has no load
WARNING: [Synth 8-7129] Port RDATA[244] in module vision_gemm_gmem_y_m_axi is either unconnected or has no load
WARNING: [Synth 8-7129] Port RDATA[243] in module vision_gemm_gmem_y_m_axi is either unconnected or has no load
WARNING: [Synth 8-7129] Port RDATA[242] in module vision_gemm_gmem_y_m_axi is either unconnected or has no load
WARNING: [Synth 8-7129] Port RDATA[241] in module vision_gemm_gmem_y_m_axi is either unconnected or has no load
WARNING: [Synth 8-7129] Port RDATA[240] in module vision_gemm_gmem_y_m_axi is either unconnected or has no load
WARNING: [Synth 8-7129] Port RDATA[239] in module vision_gemm_gmem_y_m_axi is either unconnected or has no load
WARNING: [Synth 8-7129] Port RDATA[238] in module vision_gemm_gmem_y_m_axi is either unconnected or has no load
WARNING: [Synth 8-7129] Port RDATA[237] in module vision_gemm_gmem_y_m_axi is either unconnected or has no load
WARNING: [Synth 8-7129] Port RDATA[236] in module vision_gemm_gmem_y_m_axi is either unconnected or has no load
WARNING: [Synth 8-7129] Port RDATA[235] in module vision_gemm_gmem_y_m_axi is either unconnected or has no load
WARNING: [Synth 8-7129] Port RDATA[234] in module vision_gemm_gmem_y_m_axi is either unconnected or has no load
WARNING: [Synth 8-7129] Port RDATA[233] in module vision_gemm_gmem_y_m_axi is either unconnected or has no load
WARNING: [Synth 8-7129] Port RDATA[232] in module vision_gemm_gmem_y_m_axi is either unconnected or has no load
WARNING: [Synth 8-7129] Port RDATA[231] in module vision_gemm_gmem_y_m_axi is either unconnected or has no load
WARNING: [Synth 8-7129] Port RDATA[230] in module vision_gemm_gmem_y_m_axi is either unconnected or has no load
WARNING: [Synth 8-7129] Port RDATA[229] in module vision_gemm_gmem_y_m_axi is either unconnected or has no load
WARNING: [Synth 8-7129] Port RDATA[228] in module vision_gemm_gmem_y_m_axi is either unconnected or has no load
WARNING: [Synth 8-7129] Port RDATA[227] in module vision_gemm_gmem_y_m_axi is either unconnected or has no load
WARNING: [Synth 8-7129] Port RDATA[226] in module vision_gemm_gmem_y_m_axi is either unconnected or has no load
WARNING: [Synth 8-7129] Port RDATA[225] in module vision_gemm_gmem_y_m_axi is either unconnected or has no load
WARNING: [Synth 8-7129] Port RDATA[224] in module vision_gemm_gmem_y_m_axi is either unconnected or has no load
WARNING: [Synth 8-7129] Port RDATA[223] in module vision_gemm_gmem_y_m_axi is either unconnected or has no load
WARNING: [Synth 8-7129] Port RDATA[222] in module vision_gemm_gmem_y_m_axi is either unconnected or has no load
WARNING: [Synth 8-7129] Port RDATA[221] in module vision_gemm_gmem_y_m_axi is either unconnected or has no load
WARNING: [Synth 8-7129] Port RDATA[220] in module vision_gemm_gmem_y_m_axi is either unconnected or has no load
WARNING: [Synth 8-7129] Port RDATA[219] in module vision_gemm_gmem_y_m_axi is either unconnected or has no load
WARNING: [Synth 8-7129] Port RDATA[218] in module vision_gemm_gmem_y_m_axi is either unconnected or has no load
WARNING: [Synth 8-7129] Port RDATA[217] in module vision_gemm_gmem_y_m_axi is either unconnected or has no load
WARNING: [Synth 8-7129] Port RDATA[216] in module vision_gemm_gmem_y_m_axi is either unconnected or has no load
WARNING: [Synth 8-7129] Port RDATA[215] in module vision_gemm_gmem_y_m_axi is either unconnected or has no load
WARNING: [Synth 8-7129] Port RDATA[214] in module vision_gemm_gmem_y_m_axi is either unconnected or has no load
WARNING: [Synth 8-7129] Port RDATA[213] in module vision_gemm_gmem_y_m_axi is either unconnected or has no load
WARNING: [Synth 8-7129] Port RDATA[212] in module vision_gemm_gmem_y_m_axi is either unconnected or has no load
WARNING: [Synth 8-7129] Port RDATA[211] in module vision_gemm_gmem_y_m_axi is either unconnected or has no load
WARNING: [Synth 8-7129] Port RDATA[210] in module vision_gemm_gmem_y_m_axi is either unconnected or has no load
WARNING: [Synth 8-7129] Port RDATA[209] in module vision_gemm_gmem_y_m_axi is either unconnected or has no load
WARNING: [Synth 8-7129] Port RDATA[208] in module vision_gemm_gmem_y_m_axi is either unconnected or has no load
WARNING: [Synth 8-7129] Port RDATA[207] in module vision_gemm_gmem_y_m_axi is either unconnected or has no load
WARNING: [Synth 8-7129] Port RDATA[206] in module vision_gemm_gmem_y_m_axi is either unconnected or has no load
WARNING: [Synth 8-7129] Port RDATA[205] in module vision_gemm_gmem_y_m_axi is either unconnected or has no load
WARNING: [Synth 8-7129] Port RDATA[204] in module vision_gemm_gmem_y_m_axi is either unconnected or has no load
WARNING: [Synth 8-7129] Port RDATA[203] in module vision_gemm_gmem_y_m_axi is either unconnected or has no load
WARNING: [Synth 8-7129] Port RDATA[202] in module vision_gemm_gmem_y_m_axi is either unconnected or has no load
WARNING: [Synth 8-7129] Port RDATA[201] in module vision_gemm_gmem_y_m_axi is either unconnected or has no load
WARNING: [Synth 8-7129] Port RDATA[200] in module vision_gemm_gmem_y_m_axi is either unconnected or has no load
WARNING: [Synth 8-7129] Port RDATA[199] in module vision_gemm_gmem_y_m_axi is either unconnected or has no load
WARNING: [Synth 8-7129] Port RDATA[198] in module vision_gemm_gmem_y_m_axi is either unconnected or has no load
WARNING: [Synth 8-7129] Port RDATA[197] in module vision_gemm_gmem_y_m_axi is either unconnected or has no load
WARNING: [Synth 8-7129] Port RDATA[196] in module vision_gemm_gmem_y_m_axi is either unconnected or has no load
WARNING: [Synth 8-7129] Port RDATA[195] in module vision_gemm_gmem_y_m_axi is either unconnected or has no load
WARNING: [Synth 8-7129] Port RDATA[194] in module vision_gemm_gmem_y_m_axi is either unconnected or has no load
WARNING: [Synth 8-7129] Port RDATA[193] in module vision_gemm_gmem_y_m_axi is either unconnected or has no load
WARNING: [Synth 8-7129] Port RDATA[192] in module vision_gemm_gmem_y_m_axi is either unconnected or has no load
WARNING: [Synth 8-7129] Port RDATA[191] in module vision_gemm_gmem_y_m_axi is either unconnected or has no load
WARNING: [Synth 8-7129] Port RDATA[190] in module vision_gemm_gmem_y_m_axi is either unconnected or has no load
WARNING: [Synth 8-7129] Port RDATA[189] in module vision_gemm_gmem_y_m_axi is either unconnected or has no load
WARNING: [Synth 8-7129] Port RDATA[188] in module vision_gemm_gmem_y_m_axi is either unconnected or has no load
WARNING: [Synth 8-7129] Port RDATA[187] in module vision_gemm_gmem_y_m_axi is either unconnected or has no load
WARNING: [Synth 8-7129] Port RDATA[186] in module vision_gemm_gmem_y_m_axi is either unconnected or has no load
WARNING: [Synth 8-7129] Port RDATA[185] in module vision_gemm_gmem_y_m_axi is either unconnected or has no load
WARNING: [Synth 8-7129] Port RDATA[184] in module vision_gemm_gmem_y_m_axi is either unconnected or has no load
WARNING: [Synth 8-7129] Port RDATA[183] in module vision_gemm_gmem_y_m_axi is either unconnected or has no load
WARNING: [Synth 8-7129] Port RDATA[182] in module vision_gemm_gmem_y_m_axi is either unconnected or has no load
WARNING: [Synth 8-7129] Port RDATA[181] in module vision_gemm_gmem_y_m_axi is either unconnected or has no load
WARNING: [Synth 8-7129] Port RDATA[180] in module vision_gemm_gmem_y_m_axi is either unconnected or has no load
WARNING: [Synth 8-7129] Port RDATA[179] in module vision_gemm_gmem_y_m_axi is either unconnected or has no load
WARNING: [Synth 8-7129] Port RDATA[178] in module vision_gemm_gmem_y_m_axi is either unconnected or has no load
WARNING: [Synth 8-7129] Port RDATA[177] in module vision_gemm_gmem_y_m_axi is either unconnected or has no load
WARNING: [Synth 8-7129] Port RDATA[176] in module vision_gemm_gmem_y_m_axi is either unconnected or has no load
WARNING: [Synth 8-7129] Port RDATA[175] in module vision_gemm_gmem_y_m_axi is either unconnected or has no load
WARNING: [Synth 8-7129] Port RDATA[174] in module vision_gemm_gmem_y_m_axi is either unconnected or has no load
WARNING: [Synth 8-7129] Port RDATA[173] in module vision_gemm_gmem_y_m_axi is either unconnected or has no load
WARNING: [Synth 8-7129] Port RDATA[172] in module vision_gemm_gmem_y_m_axi is either unconnected or has no load
WARNING: [Synth 8-7129] Port RDATA[171] in module vision_gemm_gmem_y_m_axi is either unconnected or has no load
WARNING: [Synth 8-7129] Port RDATA[170] in module vision_gemm_gmem_y_m_axi is either unconnected or has no load
WARNING: [Synth 8-7129] Port RDATA[169] in module vision_gemm_gmem_y_m_axi is either unconnected or has no load
WARNING: [Synth 8-7129] Port RDATA[168] in module vision_gemm_gmem_y_m_axi is either unconnected or has no load
WARNING: [Synth 8-7129] Port RDATA[167] in module vision_gemm_gmem_y_m_axi is either unconnected or has no load
WARNING: [Synth 8-7129] Port RDATA[166] in module vision_gemm_gmem_y_m_axi is either unconnected or has no load
WARNING: [Synth 8-7129] Port RDATA[165] in module vision_gemm_gmem_y_m_axi is either unconnected or has no load
WARNING: [Synth 8-7129] Port RDATA[164] in module vision_gemm_gmem_y_m_axi is either unconnected or has no load
WARNING: [Synth 8-7129] Port RDATA[163] in module vision_gemm_gmem_y_m_axi is either unconnected or has no load
WARNING: [Synth 8-7129] Port RDATA[162] in module vision_gemm_gmem_y_m_axi is either unconnected or has no load
INFO: [Common 17-14] Message 'Synth 8-7129' appears 100 times and further instances of the messages will be disabled. Use the Tcl command set_msg_config to change the current settings.
---------------------------------------------------------------------------------
Finished Synthesize : Time (s): cpu = 00:00:06 ; elapsed = 00:00:07 . Memory (MB): peak = 2168.270 ; gain = 650.797 ; free physical = 417 ; free virtual = 30329
---------------------------------------------------------------------------------
---------------------------------------------------------------------------------
Finished Constraint Validation : Time (s): cpu = 00:00:07 ; elapsed = 00:00:07 . Memory (MB): peak = 2168.270 ; gain = 650.797 ; free physical = 415 ; free virtual = 30329
---------------------------------------------------------------------------------
---------------------------------------------------------------------------------
Start Loading Part and Timing Information
---------------------------------------------------------------------------------
Loading part: xck26-sfvc784-2LV-c
INFO: [Device 21-403] Loading part xck26-sfvc784-2LV-c
INFO: [Synth 8-6742] Reading net delay rules and data
---------------------------------------------------------------------------------
Finished Loading Part and Timing Information : Time (s): cpu = 00:00:07 ; elapsed = 00:00:07 . Memory (MB): peak = 2168.270 ; gain = 650.797 ; free physical = 414 ; free virtual = 30328
---------------------------------------------------------------------------------
INFO: [Synth 8-4490] FSM extraction disabled for register 'ap_CS_fsm_reg' through user attribute
INFO: [Synth 8-4490] FSM extraction disabled for register 'ap_CS_fsm_reg' through user attribute
INFO: [Synth 8-802] inferred FSM for state register 'wstate_reg' in module 'vision_gemm_control_s_axi'
INFO: [Synth 8-802] inferred FSM for state register 'rstate_reg' in module 'vision_gemm_control_s_axi'
INFO: [Synth 8-802] inferred FSM for state register 'state_reg' in module 'vision_gemm_gmem_w_m_axi_reg_slice'
INFO: [Synth 8-802] inferred FSM for state register 'state_reg' in module 'vision_gemm_gmem_w_m_axi_reg_slice__parameterized0'
INFO: [Synth 8-802] inferred FSM for state register 'state_reg' in module 'vision_gemm_gmem_x_m_axi_reg_slice'
INFO: [Synth 8-802] inferred FSM for state register 'state_reg' in module 'vision_gemm_gmem_x_m_axi_reg_slice__parameterized0'
INFO: [Synth 8-802] inferred FSM for state register 'state_reg' in module 'vision_gemm_gmem_y_m_axi_reg_slice'
INFO: [Synth 8-802] inferred FSM for state register 'state_reg' in module 'vision_gemm_gmem_y_m_axi_reg_slice__parameterized0'
INFO: [Synth 8-802] inferred FSM for state register 'state_reg' in module 'vision_gemm_gmem_y_m_axi_reg_slice__parameterized1'
INFO: [Synth 8-4490] FSM extraction disabled for register 'ap_CS_fsm_reg' through user attribute
INFO: [Synth 8-4490] FSM extraction disabled for register 'ap_CS_fsm_reg' through user attribute
INFO: [Synth 8-5759] Cascade height of 1 specified for RAM '"vision_gemm_weight_tile_RAM_2P_URAM_1R1W:/ram_reg"'. This RAM won't be implemented using URAM cascade chain
INFO: [Synth 8-5759] Cascade height of 1 specified for RAM '"vision_gemm_weight_tile_RAM_2P_URAM_1R1W:/ram_reg"'. This RAM won't be implemented using URAM cascade chain
INFO: [Synth 8-6833] Ram_style="hls_ultra" specified on RAM ("vision_gemm_weight_tile_RAM_2P_URAM_1R1W:/ram_reg"). This will be implemented using Non-Cascaded URAMs that could result in higher LUTs an MUX utilization. 
INFO: [Synth 8-5782] User specified cascade height of 1 will be used for URAM '"vision_gemm_weight_tile_RAM_2P_URAM_1R1W:/ram_reg"'.
INFO: [Synth 8-5759] Cascade height of 1 specified for RAM '"vision_gemm_activation_tile_RAM_2P_URAM_1R1W:/ram_reg"'. This RAM won't be implemented using URAM cascade chain
INFO: [Synth 8-5759] Cascade height of 1 specified for RAM '"vision_gemm_activation_tile_RAM_2P_URAM_1R1W:/ram_reg"'. This RAM won't be implemented using URAM cascade chain
INFO: [Synth 8-6833] Ram_style="hls_ultra" specified on RAM ("vision_gemm_activation_tile_RAM_2P_URAM_1R1W:/ram_reg"). This will be implemented using Non-Cascaded URAMs that could result in higher LUTs an MUX utilization. 
INFO: [Synth 8-5782] User specified cascade height of 1 will be used for URAM '"vision_gemm_activation_tile_RAM_2P_URAM_1R1W:/ram_reg"'.
---------------------------------------------------------------------------------------------------
                   State |                     New Encoding |                Previous Encoding 
---------------------------------------------------------------------------------------------------
                  iSTATE |                             0001 |                               11
*
                  WRIDLE |                             0010 |                               00
                  WRDATA |                             0100 |                               01
                  WRRESP |                             1000 |                               10
---------------------------------------------------------------------------------------------------
INFO: [Synth 8-3354] encoded FSM with state register 'wstate_reg' using encoding 'one-hot' in module 'vision_gemm_control_s_axi'
---------------------------------------------------------------------------------------------------
                   State |                     New Encoding |                Previous Encoding 
---------------------------------------------------------------------------------------------------
                  iSTATE |                              001 |                               10
*
                  RDIDLE |                              010 |                               00
                  RDDATA |                              100 |                               01
---------------------------------------------------------------------------------------------------
INFO: [Synth 8-3354] encoded FSM with state register 'rstate_reg' using encoding 'one-hot' in module 'vision_gemm_control_s_axi'
---------------------------------------------------------------------------------------------------
                   State |                     New Encoding |                Previous Encoding 
---------------------------------------------------------------------------------------------------
                    ZERO |                               00 |                               10
                     ONE |                               10 |                               11
                     TWO |                               01 |                               01
---------------------------------------------------------------------------------------------------
INFO: [Synth 8-3354] encoded FSM with state register 'state_reg' using encoding 'sequential' in module 'vision_gemm_gmem_w_m_axi_reg_slice'
---------------------------------------------------------------------------------------------------
                   State |                     New Encoding |                Previous Encoding 
---------------------------------------------------------------------------------------------------
                    ZERO |                               00 |                               10
                     ONE |                               10 |                               11
                     TWO |                               01 |                               01
---------------------------------------------------------------------------------------------------
INFO: [Synth 8-3354] encoded FSM with state register 'state_reg' using encoding 'sequential' in module 'vision_gemm_gmem_w_m_axi_reg_slice__parameterized0'
---------------------------------------------------------------------------------------------------
                   State |                     New Encoding |                Previous Encoding 
---------------------------------------------------------------------------------------------------
                    ZERO |                               00 |                               10
                     ONE |                               10 |                               11
                     TWO |                               01 |                               01
---------------------------------------------------------------------------------------------------
INFO: [Synth 8-3354] encoded FSM with state register 'state_reg' using encoding 'sequential' in module 'vision_gemm_gmem_x_m_axi_reg_slice'
---------------------------------------------------------------------------------------------------
                   State |                     New Encoding |                Previous Encoding 
---------------------------------------------------------------------------------------------------
                    ZERO |                               00 |                               10
                     ONE |                               10 |                               11
                     TWO |                               01 |                               01
---------------------------------------------------------------------------------------------------
INFO: [Synth 8-3354] encoded FSM with state register 'state_reg' using encoding 'sequential' in module 'vision_gemm_gmem_x_m_axi_reg_slice__parameterized0'
---------------------------------------------------------------------------------------------------
                   State |                     New Encoding |                Previous Encoding 
---------------------------------------------------------------------------------------------------
                    ZERO |                               00 |                               10
                     ONE |                               10 |                               11
                     TWO |                               01 |                               01
---------------------------------------------------------------------------------------------------
INFO: [Synth 8-3354] encoded FSM with state register 'state_reg' using encoding 'sequential' in module 'vision_gemm_gmem_y_m_axi_reg_slice'
---------------------------------------------------------------------------------------------------
                   State |                     New Encoding |                Previous Encoding 
---------------------------------------------------------------------------------------------------
                    ZERO |                               00 |                               10
                     ONE |                               10 |                               11
                     TWO |                               01 |                               01
---------------------------------------------------------------------------------------------------
INFO: [Synth 8-3354] encoded FSM with state register 'state_reg' using encoding 'sequential' in module 'vision_gemm_gmem_y_m_axi_reg_slice__parameterized0'
---------------------------------------------------------------------------------------------------
                   State |                     New Encoding |                Previous Encoding 
---------------------------------------------------------------------------------------------------
                    ZERO |                               00 |                               10
                     ONE |                               10 |                               11
                     TWO |                               01 |                               01
---------------------------------------------------------------------------------------------------
INFO: [Synth 8-3354] encoded FSM with state register 'state_reg' using encoding 'sequential' in module 'vision_gemm_gmem_y_m_axi_reg_slice__parameterized1'
---------------------------------------------------------------------------------
Finished RTL Optimization Phase 2 : Time (s): cpu = 00:00:11 ; elapsed = 00:00:10 . Memory (MB): peak = 2822.988 ; gain = 1305.516 ; free physical = 305 ; free virtual = 29700
---------------------------------------------------------------------------------
INFO: [Synth 8-223] decloning instance 'vision_gemm_fadd_32ns_32ns_32_6_no_dsp_1:/vision_gemm_fadd_32ns_32ns_32_6_no_dsp_1_ip_u/inst/i_synth/ADDSUB_OP.ADDSUB/LOGIC_SPEED.OP/NORM/ROUND/EXTRA_LSB_BIT_DEL' (delay__parameterized0) to 'vision_gemm_fadd_32ns_32ns_32_6_no_dsp_1:/vision_gemm_fadd_32ns_32ns_32_6_no_dsp_1_ip_u/inst/i_synth/ADDSUB_OP.ADDSUB/LOGIC_SPEED.OP/NORM/ROUND/EXTRA_LSB_RND1_DEL'
INFO: [Synth 8-223] decloning instance 'vision_gemm_fadd_32ns_32ns_32_6_no_dsp_1:/vision_gemm_fadd_32ns_32ns_32_6_no_dsp_1_ip_u/inst/i_synth/ADDSUB_OP.ADDSUB/LOGIC_SPEED.OP/NORM/ROUND/EXP_INC_DELAY' (delay__parameterized0) to 'vision_gemm_fadd_32ns_32ns_32_6_no_dsp_1:/vision_gemm_fadd_32ns_32ns_32_6_no_dsp_1_ip_u/inst/i_synth/ADDSUB_OP.ADDSUB/LOGIC_SPEED.OP/NORM/ROUND/EXP_INC_RND1_DELAY'
INFO: [Synth 8-223] decloning instance 'vision_gemm_fadd_32ns_32ns_32_6_no_dsp_1:/vision_gemm_fadd_32ns_32ns_32_6_no_dsp_1_ip_u/inst/i_synth/DELAY_DIVIDE_BY_ZERO' (delay__parameterized0) to 'vision_gemm_fadd_32ns_32ns_32_6_no_dsp_1:/vision_gemm_fadd_32ns_32ns_32_6_no_dsp_1_ip_u/inst/i_synth/DELAY_ACCUM_OVERFLOW'
INFO: [Synth 8-223] decloning instance 'vision_gemm_fadd_32ns_32ns_32_6_no_dsp_1:/vision_gemm_fadd_32ns_32ns_32_6_no_dsp_1_ip_u/inst/i_synth/DELAY_DIVIDE_BY_ZERO' (delay__parameterized0) to 'vision_gemm_fadd_32ns_32ns_32_6_no_dsp_1:/vision_gemm_fadd_32ns_32ns_32_6_no_dsp_1_ip_u/inst/i_synth/DELAY_ACCUM_INPUT_OVERFLOW'
INFO: [Synth 8-223] decloning instance 'vision_gemm_fadd_32ns_32ns_32_8_full_dsp_1:/vision_gemm_fadd_32ns_32ns_32_8_full_dsp_1_ip_u/inst/i_synth/ADDSUB_OP.ADDSUB/DSP.OP/DSP48E1_BODY.ALIGN_ADD/SUB_DELAY' (delay__parameterized0) to 'vision_gemm_fadd_32ns_32ns_32_8_full_dsp_1:/vision_gemm_fadd_32ns_32ns_32_8_full_dsp_1_ip_u/inst/i_synth/ADDSUB_OP.ADDSUB/DSP.OP/DSP48E1_BODY.ALIGN_ADD/SUB_ADD_IP_DELAY'
INFO: [Synth 8-223] decloning instance 'vision_gemm_fadd_32ns_32ns_32_8_full_dsp_1:/vision_gemm_fadd_32ns_32ns_32_8_full_dsp_1_ip_u/inst/i_synth/DELAY_DIVIDE_BY_ZERO' (delay__parameterized0) to 'vision_gemm_fadd_32ns_32ns_32_8_full_dsp_1:/vision_gemm_fadd_32ns_32ns_32_8_full_dsp_1_ip_u/inst/i_synth/DELAY_ACCUM_OVERFLOW'
INFO: [Synth 8-223] decloning instance 'vision_gemm_fadd_32ns_32ns_32_8_full_dsp_1:/vision_gemm_fadd_32ns_32ns_32_8_full_dsp_1_ip_u/inst/i_synth/DELAY_DIVIDE_BY_ZERO' (delay__parameterized0) to 'vision_gemm_fadd_32ns_32ns_32_8_full_dsp_1:/vision_gemm_fadd_32ns_32ns_32_8_full_dsp_1_ip_u/inst/i_synth/DELAY_ACCUM_INPUT_OVERFLOW'
INFO: [Synth 8-223] decloning instance 'vision_gemm_fmul_32ns_32ns_32_5_max_dsp_1:/vision_gemm_fmul_32ns_32ns_32_5_max_dsp_1_ip_u/inst/i_synth/DELAY_DIVIDE_BY_ZERO' (delay__parameterized0) to 'vision_gemm_fmul_32ns_32ns_32_5_max_dsp_1:/vision_gemm_fmul_32ns_32ns_32_5_max_dsp_1_ip_u/inst/i_synth/DELAY_ACCUM_OVERFLOW'
INFO: [Synth 8-223] decloning instance 'vision_gemm_fmul_32ns_32ns_32_5_max_dsp_1:/vision_gemm_fmul_32ns_32ns_32_5_max_dsp_1_ip_u/inst/i_synth/DELAY_DIVIDE_BY_ZERO' (delay__parameterized0) to 'vision_gemm_fmul_32ns_32ns_32_5_max_dsp_1:/vision_gemm_fmul_32ns_32ns_32_5_max_dsp_1_ip_u/inst/i_synth/DELAY_ACCUM_INPUT_OVERFLOW'
No constraint files found.
---------------------------------------------------------------------------------
Start RTL Component Statistics 
---------------------------------------------------------------------------------
---------------------------------------------------------------------------------
Finished RTL Component Statistics 
---------------------------------------------------------------------------------
---------------------------------------------------------------------------------
Start Part Resource Summary
---------------------------------------------------------------------------------
Part Resources:
DSPs: 1248 (col length:96)
BRAMs: 288 (col length: RAMB18 96 RAMB36 48)
---------------------------------------------------------------------------------
Finished Part Resource Summary
---------------------------------------------------------------------------------
---------------------------------------------------------------------------------
Start Cross Boundary and Area Optimization
---------------------------------------------------------------------------------
INFO: [Synth 8-3332] Sequential element (dist_norm_reg[1]) is unused and will be removed from module lead_zero_encode_shift__4.
INFO: [Synth 8-3332] Sequential element (dist_norm_reg[0]) is unused and will be removed from module lead_zero_encode_shift__4.
INFO: [Synth 8-3332] Sequential element (dist_norm_reg[1]) is unused and will be removed from module lead_zero_encode_shift__5.
INFO: [Synth 8-3332] Sequential element (dist_norm_reg[0]) is unused and will be removed from module lead_zero_encode_shift__5.
INFO: [Synth 8-3332] Sequential element (dist_norm_reg[1]) is unused and will be removed from module lead_zero_encode_shift__6.
INFO: [Synth 8-3332] Sequential element (dist_norm_reg[0]) is unused and will be removed from module lead_zero_encode_shift__6.
INFO: [Synth 8-3332] Sequential element (dist_norm_reg[1]) is unused and will be removed from module lead_zero_encode_shift__7.
INFO: [Synth 8-3332] Sequential element (dist_norm_reg[0]) is unused and will be removed from module lead_zero_encode_shift__7.
INFO: [Synth 8-3332] Sequential element (dist_norm_reg[1]) is unused and will be removed from module lead_zero_encode_shift__15.
INFO: [Synth 8-3332] Sequential element (dist_norm_reg[0]) is unused and will be removed from module lead_zero_encode_shift__15.
INFO: [Synth 8-3332] Sequential element (dist_norm_reg[1]) is unused and will be removed from module lead_zero_encode_shift__16.
INFO: [Synth 8-3332] Sequential element (dist_norm_reg[0]) is unused and will be removed from module lead_zero_encode_shift__16.
INFO: [Synth 8-3332] Sequential element (dist_norm_reg[1]) is unused and will be removed from module lead_zero_encode_shift__17.
INFO: [Synth 8-3332] Sequential element (dist_norm_reg[0]) is unused and will be removed from module lead_zero_encode_shift__17.
INFO: [Synth 8-3332] Sequential element (dist_norm_reg[1]) is unused and will be removed from module lead_zero_encode_shift__18.
INFO: [Synth 8-3332] Sequential element (dist_norm_reg[0]) is unused and will be removed from module lead_zero_encode_shift__18.
INFO: [Synth 8-3332] Sequential element (dist_norm_reg[1]) is unused and will be removed from module lead_zero_encode_shift__19.
INFO: [Synth 8-3332] Sequential element (dist_norm_reg[0]) is unused and will be removed from module lead_zero_encode_shift__19.
INFO: [Synth 8-5546] ROM "SHIFT_TABLE[0]" won't be mapped to RAM because it is too sparse
INFO: [Synth 8-5546] ROM "SHIFT_TABLE[0]" won't be mapped to RAM because it is too sparse
INFO: [Synth 8-5546] ROM "SHIFT_TABLE[0]" won't be mapped to RAM because it is too sparse
INFO: [Common 17-14] Message 'Synth 8-7129' appears 100 times and further instances of the messages will be disabled. Use the Tcl command set_msg_config to change the current settings.
INFO: [Synth 8-3333] propagating constant 1 across sequential element (fadd_32ns_32ns_32_8_full_dsp_1_U24/ce_r_reg)
INFO: [Synth 8-3333] propagating constant 1 across sequential element (fadd_32ns_32ns_32_8_full_dsp_1_U26/ce_r_reg)
INFO: [Synth 8-3333] propagating constant 1 across sequential element (fadd_32ns_32ns_32_8_full_dsp_1_U22/ce_r_reg)
INFO: [Synth 8-3332] Sequential element (dist_norm_reg[1]) is unused and will be removed from module lead_zero_encode_shift__1.
INFO: [Synth 8-3332] Sequential element (dist_norm_reg[0]) is unused and will be removed from module lead_zero_encode_shift__1.
INFO: [Synth 8-3332] Sequential element (dist_norm_reg[1]) is unused and will be removed from module lead_zero_encode_shift__2.
INFO: [Synth 8-3332] Sequential element (dist_norm_reg[0]) is unused and will be removed from module lead_zero_encode_shift__2.
INFO: [Synth 8-3332] Sequential element (dist_norm_reg[1]) is unused and will be removed from module lead_zero_encode_shift__3.
INFO: [Synth 8-3332] Sequential element (dist_norm_reg[0]) is unused and will be removed from module lead_zero_encode_shift__3.
INFO: [Synth 8-5546] ROM "SHIFT_TABLE[0]" won't be mapped to RAM because it is too sparse
INFO: [Synth 8-5546] ROM "SHIFT_TABLE[0]" won't be mapped to RAM because it is too sparse
INFO: [Synth 8-5546] ROM "SHIFT_TABLE[0]" won't be mapped to RAM because it is too sparse
INFO: [Synth 8-5546] ROM "SHIFT_TABLE[0]" won't be mapped to RAM because it is too sparse
INFO: [Synth 8-5546] ROM "SHIFT_TABLE[0]" won't be mapped to RAM because it is too sparse
INFO: [Common 17-14] Message 'Synth 8-7129' appears 100 times and further instances of the messages will be disabled. Use the Tcl command set_msg_config to change the current settings.
INFO: [Synth 8-3333] propagating constant 1 across sequential element (fadd_32ns_32ns_32_8_full_dsp_1_U34/ce_r_reg)
INFO: [Synth 8-3333] propagating constant 1 across sequential element (fadd_32ns_32ns_32_8_full_dsp_1_U38/ce_r_reg)
INFO: [Synth 8-3333] propagating constant 1 across sequential element (fadd_32ns_32ns_32_8_full_dsp_1_U40/ce_r_reg)
INFO: [Synth 8-3333] propagating constant 1 across sequential element (fadd_32ns_32ns_32_8_full_dsp_1_U42/ce_r_reg)
INFO: [Synth 8-3333] propagating constant 1 across sequential element (fadd_32ns_32ns_32_8_full_dsp_1_U44/ce_r_reg)
INFO: [Synth 8-3332] Sequential element (dist_norm_reg[1]) is unused and will be removed from module lead_zero_encode_shift__8.
INFO: [Synth 8-3332] Sequential element (dist_norm_reg[0]) is unused and will be removed from module lead_zero_encode_shift__8.
INFO: [Synth 8-3332] Sequential element (dist_norm_reg[1]) is unused and will be removed from module lead_zero_encode_shift__9.
INFO: [Synth 8-3332] Sequential element (dist_norm_reg[0]) is unused and will be removed from module lead_zero_encode_shift__9.
INFO: [Synth 8-3332] Sequential element (dist_norm_reg[1]) is unused and will be removed from module lead_zero_encode_shift__10.
INFO: [Synth 8-3332] Sequential element (dist_norm_reg[0]) is unused and will be removed from module lead_zero_encode_shift__10.
INFO: [Synth 8-3332] Sequential element (dist_norm_reg[1]) is unused and will be removed from module lead_zero_encode_shift__11.
INFO: [Synth 8-3332] Sequential element (dist_norm_reg[0]) is unused and will be removed from module lead_zero_encode_shift__11.
INFO: [Synth 8-3332] Sequential element (dist_norm_reg[1]) is unused and will be removed from module lead_zero_encode_shift__12.
INFO: [Synth 8-3332] Sequential element (dist_norm_reg[0]) is unused and will be removed from module lead_zero_encode_shift__12.
INFO: [Synth 8-5546] ROM "SHIFT_TABLE[0]" won't be mapped to RAM because it is too sparse
INFO: [Synth 8-5546] ROM "SHIFT_TABLE[0]" won't be mapped to RAM because it is too sparse
INFO: [Common 17-14] Message 'Synth 8-7129' appears 100 times and further instances of the messages will be disabled. Use the Tcl command set_msg_config to change the current settings.
INFO: [Synth 8-3333] propagating constant 1 across sequential element (fadd_32ns_32ns_32_8_full_dsp_1_U21/ce_r_reg)
INFO: [Synth 8-3333] propagating constant 1 across sequential element (fadd_32ns_32ns_32_8_full_dsp_1_U23/ce_r_reg)
INFO: [Synth 8-3332] Sequential element (dist_norm_reg[1]) is unused and will be removed from module lead_zero_encode_shift__13.
INFO: [Synth 8-3332] Sequential element (dist_norm_reg[0]) is unused and will be removed from module lead_zero_encode_shift__13.
INFO: [Synth 8-3332] Sequential element (dist_norm_reg[1]) is unused and will be removed from module lead_zero_encode_shift__14.
INFO: [Synth 8-3332] Sequential element (dist_norm_reg[0]) is unused and will be removed from module lead_zero_encode_shift__14.
INFO: [Synth 8-5546] ROM "SHIFT_TABLE[0]" won't be mapped to RAM because it is too sparse
INFO: [Synth 8-5546] ROM "SHIFT_TABLE[0]" won't be mapped to RAM because it is too sparse
INFO: [Synth 8-5546] ROM "SHIFT_TABLE[0]" won't be mapped to RAM because it is too sparse
INFO: [Synth 8-5546] ROM "SHIFT_TABLE[0]" won't be mapped to RAM because it is too sparse
INFO: [Synth 8-5546] ROM "SHIFT_TABLE[0]" won't be mapped to RAM because it is too sparse
INFO: [Common 17-14] Message 'Synth 8-7129' appears 100 times and further instances of the messages will be disabled. Use the Tcl command set_msg_config to change the current settings.
INFO: [Synth 8-3333] propagating constant 1 across sequential element (fadd_32ns_32ns_32_8_full_dsp_1_U35/ce_r_reg)
INFO: [Synth 8-3333] propagating constant 1 across sequential element (fadd_32ns_32ns_32_8_full_dsp_1_U37/ce_r_reg)
INFO: [Synth 8-3333] propagating constant 1 across sequential element (fadd_32ns_32ns_32_8_full_dsp_1_U39/ce_r_reg)
INFO: [Synth 8-3333] propagating constant 1 across sequential element (fadd_32ns_32ns_32_8_full_dsp_1_U41/ce_r_reg)
INFO: [Synth 8-3333] propagating constant 1 across sequential element (fadd_32ns_32ns_32_8_full_dsp_1_U43/ce_r_reg)
INFO: [Synth 8-3332] Sequential element (dist_norm_reg[1]) is unused and will be removed from module lead_zero_encode_shift__20.
INFO: [Synth 8-3332] Sequential element (dist_norm_reg[0]) is unused and will be removed from module lead_zero_encode_shift__20.
INFO: [Synth 8-3332] Sequential element (dist_norm_reg[1]) is unused and will be removed from module lead_zero_encode_shift__21.
INFO: [Synth 8-3332] Sequential element (dist_norm_reg[0]) is unused and will be removed from module lead_zero_encode_shift__21.
INFO: [Synth 8-3332] Sequential element (dist_norm_reg[1]) is unused and will be removed from module lead_zero_encode_shift__22.
INFO: [Synth 8-3332] Sequential element (dist_norm_reg[0]) is unused and will be removed from module lead_zero_encode_shift__22.
INFO: [Synth 8-3332] Sequential element (dist_norm_reg[1]) is unused and will be removed from module lead_zero_encode_shift__23.
INFO: [Synth 8-3332] Sequential element (dist_norm_reg[0]) is unused and will be removed from module lead_zero_encode_shift__23.
INFO: [Synth 8-3332] Sequential element (dist_norm_reg[1]) is unused and will be removed from module lead_zero_encode_shift__24.
INFO: [Synth 8-3332] Sequential element (dist_norm_reg[0]) is unused and will be removed from module lead_zero_encode_shift__24.
WARNING: [Synth 8-3936] Found unconnected internal register 'p_reg_reg' and it is trimmed from '46' to '12' bits. [/home/zhiro/research/kv260-vlm-workers/RM02-B-hls-baseline/experiments/rm02_b_vision_gemm/reports/tile_residency_candidate_m32_n16/project/solution1/syn/verilog/vision_gemm_mac_muladd_10ns_2ns_10ns_12_4_1.v:44]
WARNING: [Synth 8-3936] Found unconnected internal register 'm_reg_reg' and it is trimmed from '45' to '12' bits. [/home/zhiro/research/kv260-vlm-workers/RM02-B-hls-baseline/experiments/rm02_b_vision_gemm/reports/tile_residency_candidate_m32_n16/project/solution1/syn/verilog/vision_gemm_mac_muladd_10ns_2ns_10ns_12_4_1.v:36]
WARNING: [Synth 8-3936] Found unconnected internal register 'a_reg_reg' and it is trimmed from '27' to '12' bits. [/home/zhiro/research/kv260-vlm-workers/RM02-B-hls-baseline/experiments/rm02_b_vision_gemm/reports/tile_residency_candidate_m32_n16/project/solution1/syn/verilog/vision_gemm_mac_muladd_10ns_2ns_10ns_12_4_1.v:34]
WARNING: [Synth 8-3936] Found unconnected internal register 'b_reg_reg' and it is trimmed from '18' to '12' bits. [/home/zhiro/research/kv260-vlm-workers/RM02-B-hls-baseline/experiments/rm02_b_vision_gemm/reports/tile_residency_candidate_m32_n16/project/solution1/syn/verilog/vision_gemm_mac_muladd_10ns_2ns_10ns_12_4_1.v:34]
DSP Report: Generating DSP p_reg_reg, operation Mode is: (C+(A2*B2)')'.
DSP Report: register b_reg_reg is absorbed into DSP p_reg_reg.
DSP Report: register a_reg_reg is absorbed into DSP p_reg_reg.
DSP Report: register p_reg_reg is absorbed into DSP p_reg_reg.
DSP Report: register m_reg_reg is absorbed into DSP p_reg_reg.
DSP Report: operator p is absorbed into DSP p_reg_reg.
DSP Report: operator m is absorbed into DSP p_reg_reg.
WARNING: [Synth 8-3936] Found unconnected internal register 'p_reg_reg' and it is trimmed from '46' to '13' bits. [/home/zhiro/research/kv260-vlm-workers/RM02-B-hls-baseline/experiments/rm02_b_vision_gemm/reports/tile_residency_candidate_m32_n16/project/solution1/syn/verilog/vision_gemm_mac_muladd_10ns_3ns_10ns_13_4_1.v:44]
WARNING: [Synth 8-3936] Found unconnected internal register 'm_reg_reg' and it is trimmed from '45' to '13' bits. [/home/zhiro/research/kv260-vlm-workers/RM02-B-hls-baseline/experiments/rm02_b_vision_gemm/reports/tile_residency_candidate_m32_n16/project/solution1/syn/verilog/vision_gemm_mac_muladd_10ns_3ns_10ns_13_4_1.v:36]
WARNING: [Synth 8-3936] Found unconnected internal register 'a_reg_reg' and it is trimmed from '27' to '13' bits. [/home/zhiro/research/kv260-vlm-workers/RM02-B-hls-baseline/experiments/rm02_b_vision_gemm/reports/tile_residency_candidate_m32_n16/project/solution1/syn/verilog/vision_gemm_mac_muladd_10ns_3ns_10ns_13_4_1.v:34]
WARNING: [Synth 8-3936] Found unconnected internal register 'b_reg_reg' and it is trimmed from '18' to '13' bits. [/home/zhiro/research/kv260-vlm-workers/RM02-B-hls-baseline/experiments/rm02_b_vision_gemm/reports/tile_residency_candidate_m32_n16/project/solution1/syn/verilog/vision_gemm_mac_muladd_10ns_3ns_10ns_13_4_1.v:34]
DSP Report: Generating DSP p_reg_reg, operation Mode is: (C+(A2*B2)')'.
DSP Report: register b_reg_reg is absorbed into DSP p_reg_reg.
DSP Report: register a_reg_reg is absorbed into DSP p_reg_reg.
DSP Report: register p_reg_reg is absorbed into DSP p_reg_reg.
DSP Report: register m_reg_reg is absorbed into DSP p_reg_reg.
DSP Report: operator p is absorbed into DSP p_reg_reg.
DSP Report: operator m is absorbed into DSP p_reg_reg.
INFO: [Synth 8-5546] ROM "SHIFT_TABLE[0]" won't be mapped to RAM because it is too sparse
INFO: [Synth 8-5546] ROM "SHIFT_TABLE[0]" won't be mapped to RAM because it is too sparse
INFO: [Common 17-14] Message 'Synth 8-7129' appears 100 times and further instances of the messages will be disabled. Use the Tcl command set_msg_config to change the current settings.
INFO: [Synth 8-3886] merging instance 'trunc_ln21_2_reg_7840_reg[0]' (FDE) to 'frac_2_reg_7810_reg[0]'
INFO: [Synth 8-3886] merging instance 'trunc_ln21_2_reg_7840_reg[1]' (FDE) to 'frac_2_reg_7810_reg[1]'
INFO: [Synth 8-3886] merging instance 'trunc_ln21_2_reg_7840_reg[2]' (FDE) to 'frac_2_reg_7810_reg[2]'
INFO: [Synth 8-3886] merging instance 'trunc_ln21_2_reg_7840_reg[3]' (FDE) to 'frac_2_reg_7810_reg[3]'
INFO: [Synth 8-3886] merging instance 'trunc_ln21_2_reg_7840_reg[4]' (FDE) to 'frac_2_reg_7810_reg[4]'
INFO: [Synth 8-3886] merging instance 'trunc_ln21_2_reg_7840_reg[5]' (FDE) to 'frac_2_reg_7810_reg[5]'
INFO: [Synth 8-3886] merging instance 'trunc_ln21_2_reg_7840_reg[6]' (FDE) to 'frac_2_reg_7810_reg[6]'
INFO: [Synth 8-3886] merging instance 'trunc_ln21_2_reg_7840_reg[7]' (FDE) to 'frac_2_reg_7810_reg[7]'
INFO: [Synth 8-3886] merging instance 'trunc_ln21_2_reg_7840_reg[8]' (FDE) to 'frac_2_reg_7810_reg[8]'
INFO: [Synth 8-3886] merging instance 'tmp_29_reg_7833_reg[0]' (FDE) to 'frac_2_reg_7810_reg[9]'
INFO: [Synth 8-3886] merging instance 'trunc_ln21_4_reg_7880_reg[0]' (FDE) to 'frac_1_reg_7850_reg[0]'
INFO: [Synth 8-3886] merging instance 'trunc_ln21_4_reg_7880_reg[1]' (FDE) to 'frac_1_reg_7850_reg[1]'
INFO: [Synth 8-3886] merging instance 'trunc_ln21_4_reg_7880_reg[2]' (FDE) to 'frac_1_reg_7850_reg[2]'
INFO: [Synth 8-3886] merging instance 'trunc_ln21_4_reg_7880_reg[3]' (FDE) to 'frac_1_reg_7850_reg[3]'
INFO: [Synth 8-3886] merging instance 'trunc_ln21_4_reg_7880_reg[4]' (FDE) to 'frac_1_reg_7850_reg[4]'
INFO: [Synth 8-3886] merging instance 'trunc_ln21_4_reg_7880_reg[5]' (FDE) to 'frac_1_reg_7850_reg[5]'
INFO: [Synth 8-3886] merging instance 'trunc_ln21_4_reg_7880_reg[6]' (FDE) to 'frac_1_reg_7850_reg[6]'
INFO: [Synth 8-3886] merging instance 'trunc_ln21_4_reg_7880_reg[7]' (FDE) to 'frac_1_reg_7850_reg[7]'
INFO: [Synth 8-3886] merging instance 'trunc_ln21_4_reg_7880_reg[8]' (FDE) to 'frac_1_reg_7850_reg[8]'
INFO: [Synth 8-3886] merging instance 'tmp_44_reg_7873_reg[0]' (FDE) to 'frac_1_reg_7850_reg[9]'
INFO: [Synth 8-3886] merging instance 'trunc_ln21_6_reg_7920_reg[0]' (FDE) to 'frac_reg_7890_reg[0]'
INFO: [Synth 8-3886] merging instance 'trunc_ln21_6_reg_7920_reg[1]' (FDE) to 'frac_reg_7890_reg[1]'
INFO: [Synth 8-3886] merging instance 'trunc_ln21_6_reg_7920_reg[2]' (FDE) to 'frac_reg_7890_reg[2]'
INFO: [Synth 8-3886] merging instance 'trunc_ln21_6_reg_7920_reg[3]' (FDE) to 'frac_reg_7890_reg[3]'
INFO: [Synth 8-3886] merging instance 'trunc_ln21_6_reg_7920_reg[4]' (FDE) to 'frac_reg_7890_reg[4]'
INFO: [Synth 8-3886] merging instance 'trunc_ln21_6_reg_7920_reg[5]' (FDE) to 'frac_reg_7890_reg[5]'
INFO: [Synth 8-3886] merging instance 'trunc_ln21_6_reg_7920_reg[6]' (FDE) to 'frac_reg_7890_reg[6]'
INFO: [Synth 8-3886] merging instance 'trunc_ln21_6_reg_7920_reg[7]' (FDE) to 'frac_reg_7890_reg[7]'
INFO: [Synth 8-3886] merging instance 'trunc_ln21_6_reg_7920_reg[8]' (FDE) to 'frac_reg_7890_reg[8]'
INFO: [Synth 8-3886] merging instance 'tmp_57_reg_7913_reg[0]' (FDE) to 'frac_reg_7890_reg[9]'
INFO: [Synth 8-3333] propagating constant 0 across sequential element (\zext_ln16_1_reg_7941_reg[3] )
INFO: [Synth 8-3333] propagating constant 1 across sequential element (fmul_32ns_32ns_32_5_max_dsp_1_U47/ce_r_reg)
INFO: [Synth 8-3333] propagating constant 1 across sequential element (fmul_32ns_32ns_32_5_max_dsp_1_U48/ce_r_reg)
INFO: [Synth 8-3333] propagating constant 1 across sequential element (fmul_32ns_32ns_32_5_max_dsp_1_U49/ce_r_reg)
INFO: [Synth 8-3333] propagating constant 0 across sequential element (\normalized_30_reg_7971_reg[0] )
INFO: [Synth 8-3333] propagating constant 0 across sequential element (\normalized_47_reg_8030_reg[0] )
INFO: [Synth 8-3886] merging instance 'normalized_66_reg_8096_reg[0]' (FDE) to 'bits_18_reg_8075_reg[0]'
INFO: [Synth 8-3886] merging instance 'normalized_5_reg_7793_reg[0]' (FDE) to 'bits_16_reg_8150_reg[12]'
INFO: [Synth 8-3886] merging instance 'normalized_5_reg_7793_reg[10]' (FDE) to 'tmp_20_reg_7799_reg[0]'
INFO: [Synth 8-3886] merging instance 'normalized_30_reg_7971_reg[10]' (FDE) to 'tmp_36_reg_7983_reg[0]'
INFO: [Synth 8-3886] merging instance 'normalized_47_reg_8030_reg[10]' (FDE) to 'tmp_50_reg_8036_reg[0]'
INFO: [Synth 8-3886] merging instance 'normalized_66_reg_8096_reg[10]' (FDE) to 'tmp_61_reg_8102_reg[0]'
INFO: [Synth 8-3886] merging instance 'ap_phi_reg_pp0_iter1_bits_19_reg_1130_reg[29]' (FDRE) to 'ap_phi_reg_pp0_iter1_bits_19_reg_1130_reg[28]'
INFO: [Synth 8-3886] merging instance 'bits_18_reg_8075_reg[29]' (FDE) to 'bits_18_reg_8075_reg[28]'
INFO: [Synth 8-3886] merging instance 'bits_17_reg_8121_reg[29]' (FDE) to 'bits_17_reg_8121_reg[28]'
INFO: [Synth 8-3886] merging instance 'bits_16_reg_8150_reg[29]' (FDE) to 'bits_16_reg_8150_reg[28]'
INFO: [Synth 8-3886] merging instance 'ap_phi_reg_pp0_iter1_bits_19_reg_1130_reg[28]' (FDRE) to 'ap_phi_reg_pp0_iter1_bits_19_reg_1130_reg[27]'
INFO: [Synth 8-3333] propagating constant 1 across sequential element (\sub_ln26_reg_7999_reg[5] )
INFO: [Synth 8-3886] merging instance 'normalized_11_reg_7930_reg[10]' (FDE) to 'tmp_23_reg_7936_reg[0]'
INFO: [Synth 8-3886] merging instance 'ap_phi_reg_pp0_iter1_bits_19_reg_1130_reg[0]' (FDRE) to 'ap_phi_reg_pp0_iter1_bits_19_reg_1130_reg[1]'
INFO: [Synth 8-3886] merging instance 'bits_18_reg_8075_reg[0]' (FDE) to 'bits_18_reg_8075_reg[1]'
INFO: [Synth 8-3886] merging instance 'bits_17_reg_8121_reg[0]' (FDE) to 'bits_17_reg_8121_reg[12]'
INFO: [Synth 8-3886] merging instance 'bits_16_reg_8150_reg[0]' (FDE) to 'bits_16_reg_8150_reg[12]'
INFO: [Synth 8-3886] merging instance 'ap_phi_reg_pp0_iter1_bits_19_reg_1130_reg[1]' (FDRE) to 'ap_phi_reg_pp0_iter1_bits_19_reg_1130_reg[2]'
INFO: [Synth 8-3886] merging instance 'bits_18_reg_8075_reg[1]' (FDE) to 'bits_18_reg_8075_reg[2]'
INFO: [Synth 8-3886] merging instance 'bits_17_reg_8121_reg[1]' (FDE) to 'bits_17_reg_8121_reg[12]'
INFO: [Synth 8-3886] merging instance 'bits_16_reg_8150_reg[1]' (FDE) to 'bits_16_reg_8150_reg[12]'
INFO: [Synth 8-3886] merging instance 'ap_phi_reg_pp0_iter1_bits_19_reg_1130_reg[2]' (FDRE) to 'ap_phi_reg_pp0_iter1_bits_19_reg_1130_reg[3]'
INFO: [Synth 8-3886] merging instance 'bits_18_reg_8075_reg[2]' (FDE) to 'bits_18_reg_8075_reg[3]'
INFO: [Synth 8-3886] merging instance 'bits_17_reg_8121_reg[2]' (FDE) to 'bits_17_reg_8121_reg[12]'
INFO: [Synth 8-3886] merging instance 'bits_16_reg_8150_reg[2]' (FDE) to 'bits_16_reg_8150_reg[12]'
INFO: [Synth 8-3886] merging instance 'ap_phi_reg_pp0_iter1_bits_19_reg_1130_reg[3]' (FDRE) to 'ap_phi_reg_pp0_iter1_bits_19_reg_1130_reg[4]'
INFO: [Synth 8-3886] merging instance 'bits_18_reg_8075_reg[3]' (FDE) to 'bits_18_reg_8075_reg[4]'
INFO: [Synth 8-3886] merging instance 'bits_17_reg_8121_reg[3]' (FDE) to 'bits_17_reg_8121_reg[12]'
INFO: [Synth 8-3886] merging instance 'bits_16_reg_8150_reg[3]' (FDE) to 'bits_16_reg_8150_reg[12]'
INFO: [Synth 8-3886] merging instance 'ap_phi_reg_pp0_iter1_bits_19_reg_1130_reg[4]' (FDRE) to 'ap_phi_reg_pp0_iter1_bits_19_reg_1130_reg[5]'
INFO: [Synth 8-3886] merging instance 'bits_18_reg_8075_reg[4]' (FDE) to 'bits_18_reg_8075_reg[5]'
INFO: [Synth 8-3886] merging instance 'bits_17_reg_8121_reg[4]' (FDE) to 'bits_17_reg_8121_reg[12]'
INFO: [Synth 8-3886] merging instance 'bits_16_reg_8150_reg[4]' (FDE) to 'bits_16_reg_8150_reg[12]'
INFO: [Synth 8-3886] merging instance 'ap_phi_reg_pp0_iter1_bits_19_reg_1130_reg[5]' (FDRE) to 'ap_phi_reg_pp0_iter1_bits_19_reg_1130_reg[6]'
INFO: [Synth 8-3886] merging instance 'bits_18_reg_8075_reg[5]' (FDE) to 'bits_18_reg_8075_reg[6]'
INFO: [Synth 8-3886] merging instance 'bits_17_reg_8121_reg[5]' (FDE) to 'bits_17_reg_8121_reg[12]'
INFO: [Synth 8-3886] merging instance 'bits_16_reg_8150_reg[5]' (FDE) to 'bits_16_reg_8150_reg[12]'
INFO: [Synth 8-3886] merging instance 'ap_phi_reg_pp0_iter1_bits_19_reg_1130_reg[6]' (FDRE) to 'ap_phi_reg_pp0_iter1_bits_19_reg_1130_reg[7]'
INFO: [Synth 8-3886] merging instance 'bits_18_reg_8075_reg[6]' (FDE) to 'bits_18_reg_8075_reg[7]'
INFO: [Synth 8-3886] merging instance 'bits_17_reg_8121_reg[6]' (FDE) to 'bits_17_reg_8121_reg[12]'
INFO: [Synth 8-3886] merging instance 'bits_16_reg_8150_reg[6]' (FDE) to 'bits_16_reg_8150_reg[12]'
INFO: [Synth 8-3886] merging instance 'ap_phi_reg_pp0_iter1_bits_19_reg_1130_reg[7]' (FDRE) to 'ap_phi_reg_pp0_iter1_bits_19_reg_1130_reg[8]'
INFO: [Synth 8-3886] merging instance 'bits_18_reg_8075_reg[7]' (FDE) to 'bits_18_reg_8075_reg[8]'
INFO: [Synth 8-3886] merging instance 'bits_17_reg_8121_reg[7]' (FDE) to 'bits_17_reg_8121_reg[12]'
INFO: [Synth 8-3886] merging instance 'bits_16_reg_8150_reg[7]' (FDE) to 'bits_16_reg_8150_reg[12]'
INFO: [Synth 8-3886] merging instance 'ap_phi_reg_pp0_iter1_bits_19_reg_1130_reg[8]' (FDRE) to 'ap_phi_reg_pp0_iter1_bits_19_reg_1130_reg[9]'
INFO: [Synth 8-3886] merging instance 'bits_18_reg_8075_reg[8]' (FDE) to 'bits_18_reg_8075_reg[9]'
INFO: [Synth 8-3886] merging instance 'bits_17_reg_8121_reg[8]' (FDE) to 'bits_17_reg_8121_reg[12]'
INFO: [Synth 8-3886] merging instance 'bits_16_reg_8150_reg[8]' (FDE) to 'bits_16_reg_8150_reg[12]'
INFO: [Synth 8-3886] merging instance 'ap_phi_reg_pp0_iter1_bits_19_reg_1130_reg[9]' (FDRE) to 'ap_phi_reg_pp0_iter1_bits_19_reg_1130_reg[10]'
INFO: [Synth 8-3886] merging instance 'bits_18_reg_8075_reg[9]' (FDE) to 'bits_18_reg_8075_reg[10]'
INFO: [Synth 8-3886] merging instance 'bits_17_reg_8121_reg[9]' (FDE) to 'bits_17_reg_8121_reg[12]'
INFO: [Synth 8-3886] merging instance 'bits_16_reg_8150_reg[9]' (FDE) to 'bits_16_reg_8150_reg[12]'
INFO: [Synth 8-3886] merging instance 'ap_phi_reg_pp0_iter1_bits_19_reg_1130_reg[10]' (FDRE) to 'ap_phi_reg_pp0_iter1_bits_19_reg_1130_reg[11]'
INFO: [Synth 8-3886] merging instance 'bits_18_reg_8075_reg[10]' (FDE) to 'bits_18_reg_8075_reg[11]'
INFO: [Synth 8-3886] merging instance 'bits_17_reg_8121_reg[10]' (FDE) to 'bits_17_reg_8121_reg[12]'
INFO: [Synth 8-3886] merging instance 'bits_16_reg_8150_reg[10]' (FDE) to 'bits_16_reg_8150_reg[12]'
INFO: [Synth 8-3886] merging instance 'ap_phi_reg_pp0_iter1_bits_19_reg_1130_reg[11]' (FDRE) to 'ap_phi_reg_pp0_iter1_bits_19_reg_1130_reg[12]'
INFO: [Synth 8-3886] merging instance 'bits_18_reg_8075_reg[11]' (FDE) to 'bits_18_reg_8075_reg[12]'
INFO: [Synth 8-3886] merging instance 'bits_17_reg_8121_reg[11]' (FDE) to 'bits_17_reg_8121_reg[12]'
INFO: [Synth 8-3886] merging instance 'bits_16_reg_8150_reg[11]' (FDE) to 'bits_16_reg_8150_reg[12]'
INFO: [Synth 8-3333] propagating constant 0 across sequential element (\ap_phi_reg_pp0_iter1_bits_19_reg_1130_reg[12] )
INFO: [Synth 8-3333] propagating constant 0 across sequential element (\bits_18_reg_8075_reg[12] )
INFO: [Synth 8-3333] propagating constant 0 across sequential element (\bits_17_reg_8121_reg[12] )
INFO: [Synth 8-3333] propagating constant 0 across sequential element (\bits_16_reg_8150_reg[12] )
INFO: [Synth 8-3333] propagating constant 0 across sequential element (fadd_32ns_32ns_32_6_no_dsp_1_U17/vision_gemm_fadd_32ns_32ns_32_6_no_dsp_1_ip_u/inst/i_synth/\ADDSUB_OP.ADDSUB /\LOGIC_SPEED.OP /ALIGN_BLK/ALIGN_SHIFT/ALIGN_Z_D/\MUX_LOOP[2].SKEW_DIST_DEL.DEL_DIST /i_pipe/\opt_has_pipe.first_q_reg[1] )
INFO: [Synth 8-3333] propagating constant 0 across sequential element (fadd_32ns_32ns_32_6_no_dsp_1_U18/vision_gemm_fadd_32ns_32ns_32_6_no_dsp_1_ip_u/inst/i_synth/\ADDSUB_OP.ADDSUB /\LOGIC_SPEED.OP /ALIGN_BLK/ALIGN_SHIFT/ALIGN_Z_D/\MUX_LOOP[2].SKEW_DIST_DEL.DEL_DIST /i_pipe/\opt_has_pipe.first_q_reg[1] )
INFO: [Synth 8-3333] propagating constant 0 across sequential element (fadd_32ns_32ns_32_6_no_dsp_1_U19/vision_gemm_fadd_32ns_32ns_32_6_no_dsp_1_ip_u/inst/i_synth/\ADDSUB_OP.ADDSUB /\LOGIC_SPEED.OP /ALIGN_BLK/ALIGN_SHIFT/ALIGN_Z_D/\MUX_LOOP[2].SKEW_DIST_DEL.DEL_DIST /i_pipe/\opt_has_pipe.first_q_reg[1] )
INFO: [Synth 8-3886] merging instance 'k_mid2_reg_7529_reg[2]' (FDE) to 'partial_reg_7549_reg[2]'
INFO: [Synth 8-3886] merging instance 'k_mid2_reg_7529_reg[1]' (FDE) to 'partial_reg_7549_reg[1]'
INFO: [Synth 8-3886] merging instance 'k_mid2_reg_7529_reg[0]' (FDE) to 'partial_reg_7549_reg[0]'
INFO: [Synth 8-3333] propagating constant 1 across sequential element (fadd_32ns_32ns_32_8_full_dsp_1_U45/ce_r_reg)
INFO: [Synth 8-3333] propagating constant 1 across sequential element (fadd_32ns_32ns_32_8_full_dsp_1_U46/ce_r_reg)
INFO: [Synth 8-3333] propagating constant 1 across sequential element (fadd_32ns_32ns_32_6_no_dsp_1_U17/ce_r_reg)
INFO: [Synth 8-3333] propagating constant 1 across sequential element (fadd_32ns_32ns_32_6_no_dsp_1_U18/ce_r_reg)
INFO: [Synth 8-3333] propagating constant 1 across sequential element (fadd_32ns_32ns_32_6_no_dsp_1_U19/ce_r_reg)
INFO: [Synth 8-3333] propagating constant 1 across sequential element (fmul_32ns_32ns_32_5_max_dsp_1_U50/ce_r_reg)
INFO: [Synth 8-3333] propagating constant 0 across sequential element (ap_done_reg_reg)
INFO: [Synth 8-3886] merging instance 'fmul_32ns_32ns_32_5_max_dsp_1_U47/din0_buf1_reg[29]' (FDE) to 'fmul_32ns_32ns_32_5_max_dsp_1_U47/din0_buf1_reg[28]'
INFO: [Synth 8-3886] merging instance 'fmul_32ns_32ns_32_5_max_dsp_1_U48/din0_buf1_reg[29]' (FDE) to 'fmul_32ns_32ns_32_5_max_dsp_1_U48/din0_buf1_reg[28]'
INFO: [Synth 8-3886] merging instance 'fmul_32ns_32ns_32_5_max_dsp_1_U49/din0_buf1_reg[29]' (FDE) to 'fmul_32ns_32ns_32_5_max_dsp_1_U49/din0_buf1_reg[28]'
INFO: [Synth 8-3886] merging instance 'fmul_32ns_32ns_32_5_max_dsp_1_U47/din0_buf1_reg[0]' (FDE) to 'fmul_32ns_32ns_32_5_max_dsp_1_U47/din0_buf1_reg[12]'
INFO: [Synth 8-3886] merging instance 'fmul_32ns_32ns_32_5_max_dsp_1_U47/din0_buf1_reg[1]' (FDE) to 'fmul_32ns_32ns_32_5_max_dsp_1_U47/din0_buf1_reg[12]'
INFO: [Synth 8-3886] merging instance 'fmul_32ns_32ns_32_5_max_dsp_1_U47/din0_buf1_reg[2]' (FDE) to 'fmul_32ns_32ns_32_5_max_dsp_1_U47/din0_buf1_reg[12]'
INFO: [Synth 8-3886] merging instance 'fmul_32ns_32ns_32_5_max_dsp_1_U47/din0_buf1_reg[3]' (FDE) to 'fmul_32ns_32ns_32_5_max_dsp_1_U47/din0_buf1_reg[12]'
INFO: [Common 17-14] Message 'Synth 8-3886' appears 100 times and further instances of the messages will be disabled. Use the Tcl command set_msg_config to change the current settings.
INFO: [Common 17-14] Message 'Synth 8-3886' appears 100 times and further instances of the messages will be disabled. Use the Tcl command set_msg_config to change the current settings.
INFO: [Synth 8-3333] propagating constant 0 across sequential element (fmul_32ns_32ns_32_5_max_dsp_1_U47/\din0_buf1_reg[12] )
INFO: [Synth 8-3333] propagating constant 0 across sequential element (fmul_32ns_32ns_32_5_max_dsp_1_U48/\din0_buf1_reg[12] )
INFO: [Synth 8-3333] propagating constant 0 across sequential element (fmul_32ns_32ns_32_5_max_dsp_1_U49/\din0_buf1_reg[12] )
INFO: [Synth 8-3333] propagating constant 0 across sequential element (\select_ln20_45_reg_8025_reg[0] )
INFO: [Synth 8-3333] propagating constant 0 across sequential element (\select_ln20_54_reg_8091_reg[0] )
INFO: [Synth 8-3333] propagating constant 0 across sequential element (\select_ln20_63_reg_8137_reg[0] )
INFO: [Synth 8-3333] propagating constant 0 across sequential element (\normalized_11_reg_7930_reg[0] )
INFO: [Synth 8-3333] propagating constant 0 across sequential element (fmul_32ns_32ns_32_5_max_dsp_1_U50/\din0_buf1_reg[12] )
INFO: [Synth 8-3333] propagating constant 0 across sequential element (\select_ln20_9_reg_8004_reg[0] )
INFO: [Synth 8-3332] Sequential element (dist_norm_reg[1]) is unused and will be removed from module lead_zero_encode_shift__25.
INFO: [Synth 8-3332] Sequential element (dist_norm_reg[0]) is unused and will be removed from module lead_zero_encode_shift__25.
INFO: [Synth 8-3332] Sequential element (dist_norm_reg[1]) is unused and will be removed from module lead_zero_encode_shift.
INFO: [Synth 8-3332] Sequential element (dist_norm_reg[0]) is unused and will be removed from module lead_zero_encode_shift.
WARNING: [Synth 8-3936] Found unconnected internal register 'p_reg_reg' and it is trimmed from '46' to '13' bits. [/home/zhiro/research/kv260-vlm-workers/RM02-B-hls-baseline/experiments/rm02_b_vision_gemm/reports/tile_residency_candidate_m32_n16/project/solution1/syn/verilog/vision_gemm_mac_muladd_10ns_3ns_10ns_13_4_1.v:44]
WARNING: [Synth 8-3936] Found unconnected internal register 'm_reg_reg' and it is trimmed from '45' to '13' bits. [/home/zhiro/research/kv260-vlm-workers/RM02-B-hls-baseline/experiments/rm02_b_vision_gemm/reports/tile_residency_candidate_m32_n16/project/solution1/syn/verilog/vision_gemm_mac_muladd_10ns_3ns_10ns_13_4_1.v:36]
WARNING: [Synth 8-3936] Found unconnected internal register 'a_reg_reg' and it is trimmed from '27' to '13' bits. [/home/zhiro/research/kv260-vlm-workers/RM02-B-hls-baseline/experiments/rm02_b_vision_gemm/reports/tile_residency_candidate_m32_n16/project/solution1/syn/verilog/vision_gemm_mac_muladd_10ns_3ns_10ns_13_4_1.v:34]
WARNING: [Synth 8-3936] Found unconnected internal register 'b_reg_reg' and it is trimmed from '18' to '13' bits. [/home/zhiro/research/kv260-vlm-workers/RM02-B-hls-baseline/experiments/rm02_b_vision_gemm/reports/tile_residency_candidate_m32_n16/project/solution1/syn/verilog/vision_gemm_mac_muladd_10ns_3ns_10ns_13_4_1.v:34]
DSP Report: Generating DSP p_reg_reg, operation Mode is: (C+(A2*B2)')'.
DSP Report: register b_reg_reg is absorbed into DSP p_reg_reg.
DSP Report: register a_reg_reg is absorbed into DSP p_reg_reg.
DSP Report: register p_reg_reg is absorbed into DSP p_reg_reg.
DSP Report: register m_reg_reg is absorbed into DSP p_reg_reg.
DSP Report: operator p is absorbed into DSP p_reg_reg.
DSP Report: operator m is absorbed into DSP p_reg_reg.
WARNING: [Synth 8-3936] Found unconnected internal register 'p_reg_reg' and it is trimmed from '46' to '12' bits. [/home/zhiro/research/kv260-vlm-workers/RM02-B-hls-baseline/experiments/rm02_b_vision_gemm/reports/tile_residency_candidate_m32_n16/project/solution1/syn/verilog/vision_gemm_mac_muladd_10ns_2ns_10ns_12_4_1.v:44]
WARNING: [Synth 8-3936] Found unconnected internal register 'm_reg_reg' and it is trimmed from '45' to '12' bits. [/home/zhiro/research/kv260-vlm-workers/RM02-B-hls-baseline/experiments/rm02_b_vision_gemm/reports/tile_residency_candidate_m32_n16/project/solution1/syn/verilog/vision_gemm_mac_muladd_10ns_2ns_10ns_12_4_1.v:36]
WARNING: [Synth 8-3936] Found unconnected internal register 'a_reg_reg' and it is trimmed from '27' to '12' bits. [/home/zhiro/research/kv260-vlm-workers/RM02-B-hls-baseline/experiments/rm02_b_vision_gemm/reports/tile_residency_candidate_m32_n16/project/solution1/syn/verilog/vision_gemm_mac_muladd_10ns_2ns_10ns_12_4_1.v:34]
WARNING: [Synth 8-3936] Found unconnected internal register 'b_reg_reg' and it is trimmed from '18' to '12' bits. [/home/zhiro/research/kv260-vlm-workers/RM02-B-hls-baseline/experiments/rm02_b_vision_gemm/reports/tile_residency_candidate_m32_n16/project/solution1/syn/verilog/vision_gemm_mac_muladd_10ns_2ns_10ns_12_4_1.v:34]
DSP Report: Generating DSP p_reg_reg, operation Mode is: (C+(A2*B2)')'.
DSP Report: register b_reg_reg is absorbed into DSP p_reg_reg.
DSP Report: register a_reg_reg is absorbed into DSP p_reg_reg.
DSP Report: register p_reg_reg is absorbed into DSP p_reg_reg.
DSP Report: register m_reg_reg is absorbed into DSP p_reg_reg.
DSP Report: operator p is absorbed into DSP p_reg_reg.
DSP Report: operator m is absorbed into DSP p_reg_reg.
INFO: [Common 17-14] Message 'Synth 8-7129' appears 100 times and further instances of the messages will be disabled. Use the Tcl command set_msg_config to change the current settings.
INFO: [Synth 8-5759] Cascade height of 1 specified for RAM '"weight_tile_U/ram_reg"'. This RAM won't be implemented using URAM cascade chain
INFO: [Synth 8-6833] Ram_style="hls_ultra" specified on RAM ("weight_tile_U/ram_reg"). This will be implemented using Non-Cascaded URAMs that could result in higher LUTs an MUX utilization. 
INFO: [Synth 8-5782] User specified cascade height of 1 will be used for URAM '"weight_tile_U/ram_reg"'.
INFO: [Synth 8-5759] Cascade height of 1 specified for RAM '"weight_tile_1_U/ram_reg"'. This RAM won't be implemented using URAM cascade chain
INFO: [Synth 8-6833] Ram_style="hls_ultra" specified on RAM ("weight_tile_1_U/ram_reg"). This will be implemented using Non-Cascaded URAMs that could result in higher LUTs an MUX utilization. 
INFO: [Synth 8-5782] User specified cascade height of 1 will be used for URAM '"weight_tile_1_U/ram_reg"'.
INFO: [Synth 8-5759] Cascade height of 1 specified for RAM '"weight_tile_2_U/ram_reg"'. This RAM won't be implemented using URAM cascade chain
INFO: [Synth 8-6833] Ram_style="hls_ultra" specified on RAM ("weight_tile_2_U/ram_reg"). This will be implemented using Non-Cascaded URAMs that could result in higher LUTs an MUX utilization. 
INFO: [Synth 8-5782] User specified cascade height of 1 will be used for URAM '"weight_tile_2_U/ram_reg"'.
INFO: [Synth 8-5759] Cascade height of 1 specified for RAM '"weight_tile_3_U/ram_reg"'. This RAM won't be implemented using URAM cascade chain
INFO: [Synth 8-6833] Ram_style="hls_ultra" specified on RAM ("weight_tile_3_U/ram_reg"). This will be implemented using Non-Cascaded URAMs that could result in higher LUTs an MUX utilization. 
INFO: [Synth 8-5782] User specified cascade height of 1 will be used for URAM '"weight_tile_3_U/ram_reg"'.
INFO: [Synth 8-5759] Cascade height of 1 specified for RAM '"activation_tile_U/ram_reg"'. This RAM won't be implemented using URAM cascade chain
INFO: [Synth 8-6833] Ram_style="hls_ultra" specified on RAM ("activation_tile_U/ram_reg"). This will be implemented using Non-Cascaded URAMs that could result in higher LUTs an MUX utilization. 
INFO: [Synth 8-5782] User specified cascade height of 1 will be used for URAM '"activation_tile_U/ram_reg"'.
INFO: [Synth 8-5759] Cascade height of 1 specified for RAM '"activation_tile_1_U/ram_reg"'. This RAM won't be implemented using URAM cascade chain
INFO: [Synth 8-6833] Ram_style="hls_ultra" specified on RAM ("activation_tile_1_U/ram_reg"). This will be implemented using Non-Cascaded URAMs that could result in higher LUTs an MUX utilization. 
INFO: [Synth 8-5782] User specified cascade height of 1 will be used for URAM '"activation_tile_1_U/ram_reg"'.
INFO: [Synth 8-5759] Cascade height of 1 specified for RAM '"activation_tile_2_U/ram_reg"'. This RAM won't be implemented using URAM cascade chain
INFO: [Synth 8-6833] Ram_style="hls_ultra" specified on RAM ("activation_tile_2_U/ram_reg"). This will be implemented using Non-Cascaded URAMs that could result in higher LUTs an MUX utilization. 
INFO: [Synth 8-5782] User specified cascade height of 1 will be used for URAM '"activation_tile_2_U/ram_reg"'.
INFO: [Synth 8-5759] Cascade height of 1 specified for RAM '"activation_tile_3_U/ram_reg"'. This RAM won't be implemented using URAM cascade chain
INFO: [Synth 8-6833] Ram_style="hls_ultra" specified on RAM ("activation_tile_3_U/ram_reg"). This will be implemented using Non-Cascaded URAMs that could result in higher LUTs an MUX utilization. 
INFO: [Synth 8-5782] User specified cascade height of 1 will be used for URAM '"activation_tile_3_U/ram_reg"'.
INFO: [Synth 8-5759] Cascade height of 1 specified for RAM '"weight_tile_U/ram_reg"'. This RAM won't be implemented using URAM cascade chain
INFO: [Synth 8-6833] Ram_style="hls_ultra" specified on RAM ("weight_tile_U/ram_reg"). This will be implemented using Non-Cascaded URAMs that could result in higher LUTs an MUX utilization. 
INFO: [Synth 8-5782] User specified cascade height of 1 will be used for URAM '"weight_tile_U/ram_reg"'.
INFO: [Synth 8-5759] Cascade height of 1 specified for RAM '"weight_tile_1_U/ram_reg"'. This RAM won't be implemented using URAM cascade chain
INFO: [Synth 8-6833] Ram_style="hls_ultra" specified on RAM ("weight_tile_1_U/ram_reg"). This will be implemented using Non-Cascaded URAMs that could result in higher LUTs an MUX utilization. 
INFO: [Synth 8-5782] User specified cascade height of 1 will be used for URAM '"weight_tile_1_U/ram_reg"'.
INFO: [Synth 8-5759] Cascade height of 1 specified for RAM '"weight_tile_2_U/ram_reg"'. This RAM won't be implemented using URAM cascade chain
INFO: [Synth 8-6833] Ram_style="hls_ultra" specified on RAM ("weight_tile_2_U/ram_reg"). This will be implemented using Non-Cascaded URAMs that could result in higher LUTs an MUX utilization. 
INFO: [Synth 8-5782] User specified cascade height of 1 will be used for URAM '"weight_tile_2_U/ram_reg"'.
INFO: [Synth 8-5759] Cascade height of 1 specified for RAM '"weight_tile_3_U/ram_reg"'. This RAM won't be implemented using URAM cascade chain
INFO: [Synth 8-6833] Ram_style="hls_ultra" specified on RAM ("weight_tile_3_U/ram_reg"). This will be implemented using Non-Cascaded URAMs that could result in higher LUTs an MUX utilization. 
INFO: [Synth 8-5782] User specified cascade height of 1 will be used for URAM '"weight_tile_3_U/ram_reg"'.
INFO: [Synth 8-5759] Cascade height of 1 specified for RAM '"activation_tile_U/ram_reg"'. This RAM won't be implemented using URAM cascade chain
INFO: [Synth 8-6833] Ram_style="hls_ultra" specified on RAM ("activation_tile_U/ram_reg"). This will be implemented using Non-Cascaded URAMs that could result in higher LUTs an MUX utilization. 
INFO: [Synth 8-5782] User specified cascade height of 1 will be used for URAM '"activation_tile_U/ram_reg"'.
INFO: [Synth 8-5759] Cascade height of 1 specified for RAM '"activation_tile_1_U/ram_reg"'. This RAM won't be implemented using URAM cascade chain
INFO: [Synth 8-6833] Ram_style="hls_ultra" specified on RAM ("activation_tile_1_U/ram_reg"). This will be implemented using Non-Cascaded URAMs that could result in higher LUTs an MUX utilization. 
INFO: [Synth 8-5782] User specified cascade height of 1 will be used for URAM '"activation_tile_1_U/ram_reg"'.
INFO: [Synth 8-5759] Cascade height of 1 specified for RAM '"activation_tile_2_U/ram_reg"'. This RAM won't be implemented using URAM cascade chain
INFO: [Synth 8-6833] Ram_style="hls_ultra" specified on RAM ("activation_tile_2_U/ram_reg"). This will be implemented using Non-Cascaded URAMs that could result in higher LUTs an MUX utilization. 
INFO: [Synth 8-5782] User specified cascade height of 1 will be used for URAM '"activation_tile_2_U/ram_reg"'.
INFO: [Synth 8-5759] Cascade height of 1 specified for RAM '"activation_tile_3_U/ram_reg"'. This RAM won't be implemented using URAM cascade chain
INFO: [Synth 8-6833] Ram_style="hls_ultra" specified on RAM ("activation_tile_3_U/ram_reg"). This will be implemented using Non-Cascaded URAMs that could result in higher LUTs an MUX utilization. 
INFO: [Synth 8-5782] User specified cascade height of 1 will be used for URAM '"activation_tile_3_U/ram_reg"'.
INFO: [Synth 8-3333] propagating constant 0 across sequential element (grp_vision_gemm_Pipeline_VITIS_LOOP_134_16_VITIS_LOOP_135_17_fu_342/\zext_ln163_1_cast_reg_1186_reg[8] )
INFO: [Synth 8-3333] propagating constant 0 across sequential element (\add_ln134_reg_577_reg[4] )
INFO: [Synth 8-3333] propagating constant 0 across sequential element (gmem_y_m_axi_U/store_unit_0/\tmp_addr_reg[4] )
INFO: [Synth 8-3333] propagating constant 0 across sequential element (gmem_y_m_axi_U/bus_write/wreq_burst_conv/\start_addr_reg[4] )
INFO: [Synth 8-3333] propagating constant 0 across sequential element (gmem_y_m_axi_U/bus_write/wreq_burst_conv/\could_multi_bursts.addr_step_reg[13] )
INFO: [Synth 8-3333] propagating constant 0 across sequential element (gmem_x_m_axi_U/load_unit_0/\tmp_addr_reg[4] )
INFO: [Common 17-14] Message 'Synth 8-3886' appears 100 times and further instances of the messages will be disabled. Use the Tcl command set_msg_config to change the current settings.
INFO: [Synth 8-3333] propagating constant 0 across sequential element (gmem_w_m_axi_U/load_unit_0/\tmp_addr_reg[3] )
INFO: [Synth 8-3333] propagating constant 1 across sequential element (grp_vision_gemm_Pipeline_VITIS_LOOP_134_16_VITIS_LOOP_135_17_fu_342/\ap_CS_fsm_reg[0] )
INFO: [Synth 8-3333] propagating constant 0 across sequential element (grp_vision_gemm_Pipeline_VITIS_LOOP_134_16_VITIS_LOOP_135_17_fu_342/ap_done_reg_reg)
INFO: [Synth 8-3333] propagating constant 0 across sequential element (gmem_y_m_axi_U/bus_write/wreq_burst_conv/\could_multi_bursts.len_buf_reg[6] )
INFO: [Synth 8-3333] propagating constant 0 across sequential element (gmem_y_m_axi_U/bus_write/wreq_burst_conv/\could_multi_bursts.len_buf_reg[7] )
INFO: [Synth 8-3333] propagating constant 0 across sequential element (gmem_x_m_axi_U/bus_read/rreq_burst_conv/\start_addr_reg[4] )
INFO: [Synth 8-3333] propagating constant 0 across sequential element (gmem_w_m_axi_U/bus_read/rreq_burst_conv/\start_addr_reg[3] )
INFO: [Synth 8-3333] propagating constant 0 across sequential element (control_s_axi_U/\waddr_reg[1] )
INFO: [Synth 8-3333] propagating constant 1 across sequential element (grp_vision_gemm_Pipeline_VITIS_LOOP_72_3_VITIS_LOOP_73_4_fu_303/\ap_CS_fsm_reg[0] )
INFO: [Synth 8-3333] propagating constant 1 across sequential element (grp_vision_gemm_Pipeline_VITIS_LOOP_65_1_VITIS_LOOP_66_2_fu_292/\ap_CS_fsm_reg[0] )
INFO: [Synth 8-3333] propagating constant 0 across sequential element (grp_vision_gemm_Pipeline_VITIS_LOOP_72_3_VITIS_LOOP_73_4_fu_303/ap_done_reg_reg)
INFO: [Synth 8-3333] propagating constant 0 across sequential element (grp_vision_gemm_Pipeline_VITIS_LOOP_65_1_VITIS_LOOP_66_2_fu_292/ap_done_reg_reg)
INFO: [Synth 8-3333] propagating constant 0 across sequential element (gmem_x_m_axi_U/bus_read/rreq_burst_conv/\could_multi_bursts.addr_step_reg[13] )
INFO: [Synth 8-3333] propagating constant 0 across sequential element (gmem_w_m_axi_U/bus_read/rreq_burst_conv/\could_multi_bursts.addr_step_reg[12] )
INFO: [Synth 8-3333] propagating constant 0 across sequential element (gmem_x_m_axi_U/bus_read/rreq_burst_conv/\could_multi_bursts.len_buf_reg[6] )
INFO: [Synth 8-3333] propagating constant 0 across sequential element (gmem_x_m_axi_U/bus_read/rreq_burst_conv/\could_multi_bursts.len_buf_reg[7] )
INFO: [Synth 8-3333] propagating constant 0 across sequential element (gmem_w_m_axi_U/bus_read/rreq_burst_conv/\could_multi_bursts.len_buf_reg[6] )
INFO: [Synth 8-3333] propagating constant 0 across sequential element (gmem_w_m_axi_U/bus_read/rreq_burst_conv/\could_multi_bursts.len_buf_reg[7] )
INFO: [Synth 8-3333] propagating constant 0 across sequential element (grp_vision_gemm_Pipeline_VITIS_LOOP_134_16_VITIS_LOOP_135_17_fu_342/\zext_ln163_1_cast_reg_1186_reg[1] )
INFO: [Synth 8-3333] propagating constant 0 across sequential element (gmem_y_m_axi_U/bus_write/wreq_burst_conv/rs_req/\data_p2_reg[4] )
INFO: [Synth 8-3333] propagating constant 0 across sequential element (gmem_w_m_axi_U/load_unit_0/fifo_rreq/U_fifo_srl/\dout_reg[95] )
INFO: [Synth 8-3333] propagating constant 0 across sequential element (gmem_y_m_axi_U/bus_write/wreq_burst_conv/\sect_addr_buf_reg[4] )
INFO: [Synth 8-3333] propagating constant 0 across sequential element (gmem_x_m_axi_U/bus_read/rreq_burst_conv/rs_req/\data_p2_reg[4] )
INFO: [Synth 8-3333] propagating constant 0 across sequential element (gmem_w_m_axi_U/bus_read/rreq_burst_conv/rs_req/\data_p2_reg[3] )
INFO: [Synth 8-3333] propagating constant 0 across sequential element (gmem_x_m_axi_U/load_unit_0/fifo_rreq/U_fifo_srl/\dout_reg[95] )
INFO: [Synth 8-3333] propagating constant 0 across sequential element (gmem_y_m_axi_U/store_unit_0/fifo_wreq/U_fifo_srl/\dout_reg[95] )
INFO: [Synth 8-3333] propagating constant 0 across sequential element (gmem_y_m_axi_U/bus_write/fifo_burst/U_fifo_srl/\dout_reg[7] )
INFO: [Synth 8-3333] propagating constant 0 across sequential element (gmem_x_m_axi_U/bus_read/rreq_burst_conv/\sect_addr_buf_reg[4] )
INFO: [Synth 8-3333] propagating constant 0 across sequential element (gmem_w_m_axi_U/bus_read/rreq_burst_conv/\sect_addr_buf_reg[3] )
INFO: [Synth 8-3333] propagating constant 0 across sequential element (gmem_y_m_axi_U/bus_write/wreq_burst_conv/rs_req/\data_p1_reg[4] )
INFO: [Synth 8-3333] propagating constant 0 across sequential element (gmem_x_m_axi_U/bus_read/rreq_burst_conv/rs_req/\data_p1_reg[4] )
INFO: [Synth 8-3333] propagating constant 0 across sequential element (gmem_w_m_axi_U/bus_read/rreq_burst_conv/rs_req/\data_p1_reg[3] )
INFO: [Synth 8-3333] propagating constant 0 across sequential element (gmem_y_m_axi_U/bus_write/wreq_throttle/req_fifo/U_fifo_srl/\dout_reg[71] )
INFO: [Synth 8-3333] propagating constant 0 across sequential element (gmem_y_m_axi_U/bus_write/wreq_throttle/rs_req/\data_p2_reg[71] )
INFO: [Synth 8-3333] propagating constant 0 across sequential element (gmem_y_m_axi_U/bus_write/wreq_throttle/rs_req/\data_p1_reg[71] )
INFO: [Synth 8-3333] propagating constant 0 across sequential element (gmem_y_m_axi_U/bus_write/wreq_throttle/req_fifo/U_fifo_srl/\dout_reg[3] )
INFO: [Synth 8-3333] propagating constant 0 across sequential element (gmem_y_m_axi_U/bus_write/wreq_throttle/rs_req/\data_p2_reg[4] )
INFO: [Synth 8-3333] propagating constant 0 across sequential element (gmem_y_m_axi_U/bus_write/wreq_throttle/rs_req/\data_p2_reg[3] )
INFO: [Synth 8-3333] propagating constant 0 across sequential element (gmem_y_m_axi_U/bus_write/wreq_throttle/rs_req/\data_p1_reg[4] )
INFO: [Synth 8-3333] propagating constant 0 across sequential element (gmem_y_m_axi_U/bus_write/wreq_throttle/rs_req/\data_p1_reg[3] )
WARNING: [Synth 8-3332] Sequential element (FSM_onehot_wstate_reg[0]) is unused and will be removed from module vision_gemm_control_s_axi.
WARNING: [Synth 8-3332] Sequential element (FSM_onehot_rstate_reg[0]) is unused and will be removed from module vision_gemm_control_s_axi.
---------------------------------------------------------------------------------
Finished Cross Boundary and Area Optimization : Time (s): cpu = 00:00:22 ; elapsed = 00:00:37 . Memory (MB): peak = 2874.941 ; gain = 1357.469 ; free physical = 463 ; free virtual = 23905
---------------------------------------------------------------------------------
 Sort Area is vision_gemm__GC0 p_reg_reg_0 : 0 0 : 1357 1357 : Used 1 time 0
 Sort Area is vision_gemm_vision_gemm_Pipeline_VITIS_LOOP_82_5_VITIS_LOOP_83_6_VITIS_LOOP_96_10__GCB6 p_reg_reg_2 : 0 0 : 1357 1357 : Used 1 time 0
 Sort Area is vision_gemm_vision_gemm_Pipeline_VITIS_LOOP_82_5_VITIS_LOOP_83_6_VITIS_LOOP_96_10__GCB6 p_reg_reg_0 : 0 0 : 1135 1135 : Used 1 time 0
 Sort Area is vision_gemm__GC0 p_reg_reg_2 : 0 0 : 1135 1135 : Used 1 time 0
No constraint files found.
---------------------------------------------------------------------------------
Start Timing Optimization
---------------------------------------------------------------------------------
---------------------------------------------------------------------------------
Finished Timing Optimization : Time (s): cpu = 00:00:47 ; elapsed = 00:00:40 . Memory (MB): peak = 2874.945 ; gain = 1357.473 ; free physical = 2930 ; free virtual = 26454
---------------------------------------------------------------------------------
---------------------------------------------------------------------------------
Start Technology Mapping
---------------------------------------------------------------------------------
INFO: [Synth 8-7052] The timing for the instance i_0/weight_tile_U/ram_reg_uram_1 (implemented as a Ultra RAM) might be sub-optimal as no optional output register could be merged into the ram block. Providing additional output register may help in improving timing.
INFO: [Synth 8-7052] The timing for the instance i_0/weight_tile_U/ram_reg_uram_2 (implemented as a Ultra RAM) might be sub-optimal as no optional output register could be merged into the ram block. Providing additional output register may help in improving timing.
INFO: [Synth 8-7052] The timing for the instance i_0/weight_tile_U/ram_reg_uram_4 (implemented as a Ultra RAM) might be sub-optimal as no optional output register could be merged into the ram block. Providing additional output register may help in improving timing.
INFO: [Synth 8-7052] The timing for the instance i_0/weight_tile_U/ram_reg_uram_5 (implemented as a Ultra RAM) might be sub-optimal as no optional output register could be merged into the ram block. Providing additional output register may help in improving timing.
INFO: [Synth 8-7052] The timing for the instance i_0/weight_tile_1_U/ram_reg_uram_1 (implemented as a Ultra RAM) might be sub-optimal as no optional output register could be merged into the ram block. Providing additional output register may help in improving timing.
INFO: [Synth 8-7052] The timing for the instance i_0/weight_tile_1_U/ram_reg_uram_2 (implemented as a Ultra RAM) might be sub-optimal as no optional output register could be merged into the ram block. Providing additional output register may help in improving timing.
INFO: [Synth 8-7052] The timing for the instance i_0/weight_tile_1_U/ram_reg_uram_4 (implemented as a Ultra RAM) might be sub-optimal as no optional output register could be merged into the ram block. Providing additional output register may help in improving timing.
INFO: [Synth 8-7052] The timing for the instance i_0/weight_tile_1_U/ram_reg_uram_5 (implemented as a Ultra RAM) might be sub-optimal as no optional output register could be merged into the ram block. Providing additional output register may help in improving timing.
INFO: [Synth 8-7052] The timing for the instance i_0/weight_tile_2_U/ram_reg_uram_1 (implemented as a Ultra RAM) might be sub-optimal as no optional output register could be merged into the ram block. Providing additional output register may help in improving timing.
INFO: [Synth 8-7052] The timing for the instance i_0/weight_tile_2_U/ram_reg_uram_2 (implemented as a Ultra RAM) might be sub-optimal as no optional output register could be merged into the ram block. Providing additional output register may help in improving timing.
INFO: [Synth 8-7052] The timing for the instance i_0/weight_tile_2_U/ram_reg_uram_4 (implemented as a Ultra RAM) might be sub-optimal as no optional output register could be merged into the ram block. Providing additional output register may help in improving timing.
INFO: [Synth 8-7052] The timing for the instance i_0/weight_tile_2_U/ram_reg_uram_5 (implemented as a Ultra RAM) might be sub-optimal as no optional output register could be merged into the ram block. Providing additional output register may help in improving timing.
INFO: [Synth 8-7052] The timing for the instance i_0/weight_tile_3_U/ram_reg_uram_1 (implemented as a Ultra RAM) might be sub-optimal as no optional output register could be merged into the ram block. Providing additional output register may help in improving timing.
INFO: [Synth 8-7052] The timing for the instance i_0/weight_tile_3_U/ram_reg_uram_2 (implemented as a Ultra RAM) might be sub-optimal as no optional output register could be merged into the ram block. Providing additional output register may help in improving timing.
INFO: [Synth 8-7052] The timing for the instance i_0/weight_tile_3_U/ram_reg_uram_4 (implemented as a Ultra RAM) might be sub-optimal as no optional output register could be merged into the ram block. Providing additional output register may help in improving timing.
INFO: [Synth 8-7052] The timing for the instance i_0/weight_tile_3_U/ram_reg_uram_5 (implemented as a Ultra RAM) might be sub-optimal as no optional output register could be merged into the ram block. Providing additional output register may help in improving timing.
INFO: [Synth 8-7052] The timing for the instance i_0/activation_tile_U/ram_reg_uram_0 (implemented as a Ultra RAM) might be sub-optimal as no optional output register could be merged into the ram block. Providing additional output register may help in improving timing.
INFO: [Synth 8-7052] The timing for the instance i_0/activation_tile_U/ram_reg_uram_1 (implemented as a Ultra RAM) might be sub-optimal as no optional output register could be merged into the ram block. Providing additional output register may help in improving timing.
INFO: [Synth 8-7052] The timing for the instance i_0/activation_tile_U/ram_reg_uram_2 (implemented as a Ultra RAM) might be sub-optimal as no optional output register could be merged into the ram block. Providing additional output register may help in improving timing.
INFO: [Synth 8-7052] The timing for the instance i_0/activation_tile_U/ram_reg_uram_3 (implemented as a Ultra RAM) might be sub-optimal as no optional output register could be merged into the ram block. Providing additional output register may help in improving timing.
INFO: [Synth 8-7052] The timing for the instance i_0/activation_tile_1_U/ram_reg_uram_0 (implemented as a Ultra RAM) might be sub-optimal as no optional output register could be merged into the ram block. Providing additional output register may help in improving timing.
INFO: [Synth 8-7052] The timing for the instance i_0/activation_tile_1_U/ram_reg_uram_1 (implemented as a Ultra RAM) might be sub-optimal as no optional output register could be merged into the ram block. Providing additional output register may help in improving timing.
INFO: [Synth 8-7052] The timing for the instance i_0/activation_tile_1_U/ram_reg_uram_2 (implemented as a Ultra RAM) might be sub-optimal as no optional output register could be merged into the ram block. Providing additional output register may help in improving timing.
INFO: [Synth 8-7052] The timing for the instance i_0/activation_tile_1_U/ram_reg_uram_3 (implemented as a Ultra RAM) might be sub-optimal as no optional output register could be merged into the ram block. Providing additional output register may help in improving timing.
INFO: [Synth 8-7052] The timing for the instance i_0/activation_tile_2_U/ram_reg_uram_0 (implemented as a Ultra RAM) might be sub-optimal as no optional output register could be merged into the ram block. Providing additional output register may help in improving timing.
INFO: [Synth 8-7052] The timing for the instance i_0/activation_tile_2_U/ram_reg_uram_1 (implemented as a Ultra RAM) might be sub-optimal as no optional output register could be merged into the ram block. Providing additional output register may help in improving timing.
INFO: [Synth 8-7052] The timing for the instance i_0/activation_tile_2_U/ram_reg_uram_2 (implemented as a Ultra RAM) might be sub-optimal as no optional output register could be merged into the ram block. Providing additional output register may help in improving timing.
INFO: [Synth 8-7052] The timing for the instance i_0/activation_tile_2_U/ram_reg_uram_3 (implemented as a Ultra RAM) might be sub-optimal as no optional output register could be merged into the ram block. Providing additional output register may help in improving timing.
INFO: [Synth 8-7052] The timing for the instance i_0/activation_tile_3_U/ram_reg_uram_0 (implemented as a Ultra RAM) might be sub-optimal as no optional output register could be merged into the ram block. Providing additional output register may help in improving timing.
INFO: [Synth 8-7052] The timing for the instance i_0/activation_tile_3_U/ram_reg_uram_1 (implemented as a Ultra RAM) might be sub-optimal as no optional output register could be merged into the ram block. Providing additional output register may help in improving timing.
INFO: [Synth 8-7052] The timing for the instance i_0/activation_tile_3_U/ram_reg_uram_2 (implemented as a Ultra RAM) might be sub-optimal as no optional output register could be merged into the ram block. Providing additional output register may help in improving timing.
INFO: [Synth 8-7052] The timing for the instance i_0/activation_tile_3_U/ram_reg_uram_3 (implemented as a Ultra RAM) might be sub-optimal as no optional output register could be merged into the ram block. Providing additional output register may help in improving timing.
INFO: [Synth 8-7052] The timing for the instance i_0/result_tile_U/ram_reg_bram_0 (implemented as a Block RAM) might be sub-optimal as no optional output register could be merged into the ram block. Providing additional output register may help in improving timing.
INFO: [Synth 8-7052] The timing for the instance i_0/result_tile_U/ram_reg_bram_0 (implemented as a Block RAM) might be sub-optimal as no optional output register could be merged into the ram block. Providing additional output register may help in improving timing.
INFO: [Synth 8-7052] The timing for the instance i_0/result_tile_1_U/ram_reg_bram_0 (implemented as a Block RAM) might be sub-optimal as no optional output register could be merged into the ram block. Providing additional output register may help in improving timing.
INFO: [Synth 8-7052] The timing for the instance i_0/result_tile_1_U/ram_reg_bram_0 (implemented as a Block RAM) might be sub-optimal as no optional output register could be merged into the ram block. Providing additional output register may help in improving timing.
INFO: [Synth 8-7052] The timing for the instance i_0/result_tile_2_U/ram_reg_bram_0 (implemented as a Block RAM) might be sub-optimal as no optional output register could be merged into the ram block. Providing additional output register may help in improving timing.
INFO: [Synth 8-7052] The timing for the instance i_0/result_tile_2_U/ram_reg_bram_0 (implemented as a Block RAM) might be sub-optimal as no optional output register could be merged into the ram block. Providing additional output register may help in improving timing.
INFO: [Synth 8-7052] The timing for the instance i_0/result_tile_3_U/ram_reg_bram_0 (implemented as a Block RAM) might be sub-optimal as no optional output register could be merged into the ram block. Providing additional output register may help in improving timing.
INFO: [Synth 8-7052] The timing for the instance i_0/result_tile_3_U/ram_reg_bram_0 (implemented as a Block RAM) might be sub-optimal as no optional output register could be merged into the ram block. Providing additional output register may help in improving timing.
INFO: [Synth 8-7052] The timing for the instance i_0/result_tile_4_U/ram_reg_bram_0 (implemented as a Block RAM) might be sub-optimal as no optional output register could be merged into the ram block. Providing additional output register may help in improving timing.
INFO: [Synth 8-7052] The timing for the instance i_0/result_tile_4_U/ram_reg_bram_0 (implemented as a Block RAM) might be sub-optimal as no optional output register could be merged into the ram block. Providing additional output register may help in improving timing.
INFO: [Synth 8-7052] The timing for the instance i_0/result_tile_5_U/ram_reg_bram_0 (implemented as a Block RAM) might be sub-optimal as no optional output register could be merged into the ram block. Providing additional output register may help in improving timing.
INFO: [Synth 8-7052] The timing for the instance i_0/result_tile_5_U/ram_reg_bram_0 (implemented as a Block RAM) might be sub-optimal as no optional output register could be merged into the ram block. Providing additional output register may help in improving timing.
INFO: [Synth 8-7052] The timing for the instance i_0/result_tile_6_U/ram_reg_bram_0 (implemented as a Block RAM) might be sub-optimal as no optional output register could be merged into the ram block. Providing additional output register may help in improving timing.
INFO: [Synth 8-7052] The timing for the instance i_0/result_tile_6_U/ram_reg_bram_0 (implemented as a Block RAM) might be sub-optimal as no optional output register could be merged into the ram block. Providing additional output register may help in improving timing.
INFO: [Synth 8-7052] The timing for the instance i_0/result_tile_7_U/ram_reg_bram_0 (implemented as a Block RAM) might be sub-optimal as no optional output register could be merged into the ram block. Providing additional output register may help in improving timing.
INFO: [Synth 8-7052] The timing for the instance i_0/result_tile_7_U/ram_reg_bram_0 (implemented as a Block RAM) might be sub-optimal as no optional output register could be merged into the ram block. Providing additional output register may help in improving timing.
INFO: [Synth 8-7052] The timing for the instance i_0/result_tile_8_U/ram_reg_bram_0 (implemented as a Block RAM) might be sub-optimal as no optional output register could be merged into the ram block. Providing additional output register may help in improving timing.
INFO: [Synth 8-7052] The timing for the instance i_0/result_tile_8_U/ram_reg_bram_0 (implemented as a Block RAM) might be sub-optimal as no optional output register could be merged into the ram block. Providing additional output register may help in improving timing.
INFO: [Synth 8-7052] The timing for the instance i_0/result_tile_9_U/ram_reg_bram_0 (implemented as a Block RAM) might be sub-optimal as no optional output register could be merged into the ram block. Providing additional output register may help in improving timing.
INFO: [Synth 8-7052] The timing for the instance i_0/result_tile_9_U/ram_reg_bram_0 (implemented as a Block RAM) might be sub-optimal as no optional output register could be merged into the ram block. Providing additional output register may help in improving timing.
INFO: [Synth 8-7052] The timing for the instance i_0/result_tile_10_U/ram_reg_bram_0 (implemented as a Block RAM) might be sub-optimal as no optional output register could be merged into the ram block. Providing additional output register may help in improving timing.
INFO: [Synth 8-7052] The timing for the instance i_0/result_tile_10_U/ram_reg_bram_0 (implemented as a Block RAM) might be sub-optimal as no optional output register could be merged into the ram block. Providing additional output register may help in improving timing.
INFO: [Synth 8-7052] The timing for the instance i_0/result_tile_11_U/ram_reg_bram_0 (implemented as a Block RAM) might be sub-optimal as no optional output register could be merged into the ram block. Providing additional output register may help in improving timing.
INFO: [Synth 8-7052] The timing for the instance i_0/result_tile_11_U/ram_reg_bram_0 (implemented as a Block RAM) might be sub-optimal as no optional output register could be merged into the ram block. Providing additional output register may help in improving timing.
INFO: [Synth 8-7052] The timing for the instance i_0/result_tile_12_U/ram_reg_bram_0 (implemented as a Block RAM) might be sub-optimal as no optional output register could be merged into the ram block. Providing additional output register may help in improving timing.
INFO: [Synth 8-7052] The timing for the instance i_0/result_tile_12_U/ram_reg_bram_0 (implemented as a Block RAM) might be sub-optimal as no optional output register could be merged into the ram block. Providing additional output register may help in improving timing.
INFO: [Synth 8-7052] The timing for the instance i_0/result_tile_13_U/ram_reg_bram_0 (implemented as a Block RAM) might be sub-optimal as no optional output register could be merged into the ram block. Providing additional output register may help in improving timing.
INFO: [Synth 8-7052] The timing for the instance i_0/result_tile_13_U/ram_reg_bram_0 (implemented as a Block RAM) might be sub-optimal as no optional output register could be merged into the ram block. Providing additional output register may help in improving timing.
INFO: [Synth 8-7052] The timing for the instance i_0/result_tile_14_U/ram_reg_bram_0 (implemented as a Block RAM) might be sub-optimal as no optional output register could be merged into the ram block. Providing additional output register may help in improving timing.
INFO: [Synth 8-7052] The timing for the instance i_0/result_tile_14_U/ram_reg_bram_0 (implemented as a Block RAM) might be sub-optimal as no optional output register could be merged into the ram block. Providing additional output register may help in improving timing.
INFO: [Synth 8-7052] The timing for the instance i_0/result_tile_15_U/ram_reg_bram_0 (implemented as a Block RAM) might be sub-optimal as no optional output register could be merged into the ram block. Providing additional output register may help in improving timing.
INFO: [Synth 8-7052] The timing for the instance i_0/result_tile_15_U/ram_reg_bram_0 (implemented as a Block RAM) might be sub-optimal as no optional output register could be merged into the ram block. Providing additional output register may help in improving timing.
INFO: [Synth 8-7052] The timing for the instance i_0/gmem_w_m_axi_U/load_unit_0/buff_rdata/U_fifo_mem/mem_reg_bram_0 (implemented as a Block RAM) might be sub-optimal as no optional output register could be merged into the ram block. Providing additional output register may help in improving timing.
INFO: [Synth 8-7052] The timing for the instance i_0/gmem_w_m_axi_U/load_unit_0/buff_rdata/U_fifo_mem/mem_reg_bram_1 (implemented as a Block RAM) might be sub-optimal as no optional output register could be merged into the ram block. Providing additional output register may help in improving timing.
INFO: [Synth 8-7052] The timing for the instance i_0/gmem_w_m_axi_U/load_unit_0/buff_rdata/U_fifo_mem/mem_reg_bram_2 (implemented as a Block RAM) might be sub-optimal as no optional output register could be merged into the ram block. Providing additional output register may help in improving timing.
INFO: [Synth 8-7052] The timing for the instance i_0/gmem_w_m_axi_U/load_unit_0/buff_rdata/U_fifo_mem/mem_reg_bram_3 (implemented as a Block RAM) might be sub-optimal as no optional output register could be merged into the ram block. Providing additional output register may help in improving timing.
INFO: [Synth 8-7052] The timing for the instance i_0/gmem_x_m_axi_U/load_unit_0/buff_rdata/U_fifo_mem/mem_reg_bram_0 (implemented as a Block RAM) might be sub-optimal as no optional output register could be merged into the ram block. Providing additional output register may help in improving timing.
INFO: [Synth 8-7052] The timing for the instance i_0/gmem_x_m_axi_U/load_unit_0/buff_rdata/U_fifo_mem/mem_reg_bram_1 (implemented as a Block RAM) might be sub-optimal as no optional output register could be merged into the ram block. Providing additional output register may help in improving timing.
INFO: [Synth 8-7052] The timing for the instance i_0/gmem_x_m_axi_U/load_unit_0/buff_rdata/U_fifo_mem/mem_reg_bram_2 (implemented as a Block RAM) might be sub-optimal as no optional output register could be merged into the ram block. Providing additional output register may help in improving timing.
INFO: [Synth 8-7052] The timing for the instance i_0/gmem_x_m_axi_U/load_unit_0/buff_rdata/U_fifo_mem/mem_reg_bram_3 (implemented as a Block RAM) might be sub-optimal as no optional output register could be merged into the ram block. Providing additional output register may help in improving timing.
INFO: [Synth 8-7052] The timing for the instance i_0/gmem_x_m_axi_U/load_unit_0/buff_rdata/U_fifo_mem/mem_reg_bram_4 (implemented as a Block RAM) might be sub-optimal as no optional output register could be merged into the ram block. Providing additional output register may help in improving timing.
INFO: [Synth 8-7052] The timing for the instance i_0/gmem_x_m_axi_U/load_unit_0/buff_rdata/U_fifo_mem/mem_reg_bram_5 (implemented as a Block RAM) might be sub-optimal as no optional output register could be merged into the ram block. Providing additional output register may help in improving timing.
INFO: [Synth 8-7052] The timing for the instance i_0/gmem_x_m_axi_U/load_unit_0/buff_rdata/U_fifo_mem/mem_reg_bram_6 (implemented as a Block RAM) might be sub-optimal as no optional output register could be merged into the ram block. Providing additional output register may help in improving timing.
INFO: [Synth 8-7052] The timing for the instance i_0/gmem_x_m_axi_U/load_unit_0/buff_rdata/U_fifo_mem/mem_reg_bram_7 (implemented as a Block RAM) might be sub-optimal as no optional output register could be merged into the ram block. Providing additional output register may help in improving timing.
INFO: [Synth 8-7052] The timing for the instance i_0/gmem_y_m_axi_U/store_unit_0/buff_wdata/U_fifo_mem/mem_reg_0 (implemented as a Block RAM) might be sub-optimal as no optional output register could be merged into the ram block. Providing additional output register may help in improving timing.
INFO: [Synth 8-7052] The timing for the instance i_0/gmem_y_m_axi_U/store_unit_0/buff_wdata/U_fifo_mem/mem_reg_1 (implemented as a Block RAM) might be sub-optimal as no optional output register could be merged into the ram block. Providing additional output register may help in improving timing.
INFO: [Synth 8-7052] The timing for the instance i_0/gmem_y_m_axi_U/store_unit_0/buff_wdata/U_fifo_mem/mem_reg_2 (implemented as a Block RAM) might be sub-optimal as no optional output register could be merged into the ram block. Providing additional output register may help in improving timing.
INFO: [Synth 8-7052] The timing for the instance i_0/gmem_y_m_axi_U/store_unit_0/buff_wdata/U_fifo_mem/mem_reg_3 (implemented as a Block RAM) might be sub-optimal as no optional output register could be merged into the ram block. Providing additional output register may help in improving timing.
---------------------------------------------------------------------------------
Finished Technology Mapping : Time (s): cpu = 00:00:50 ; elapsed = 00:00:45 . Memory (MB): peak = 2882.953 ; gain = 1365.480 ; free physical = 426 ; free virtual = 22632
---------------------------------------------------------------------------------
---------------------------------------------------------------------------------
Start IO Insertion
---------------------------------------------------------------------------------
---------------------------------------------------------------------------------
Start Final Netlist Cleanup
---------------------------------------------------------------------------------
INFO: [Synth 8-7052] The timing for the instance weight_tile_U/ram_reg_uram_1 (implemented as a Ultra RAM) might be sub-optimal as no optional output register could be merged into the ram block. Providing additional output register may help in improving timing.
INFO: [Synth 8-7052] The timing for the instance weight_tile_U/ram_reg_uram_2 (implemented as a Ultra RAM) might be sub-optimal as no optional output register could be merged into the ram block. Providing additional output register may help in improving timing.
INFO: [Synth 8-7052] The timing for the instance weight_tile_U/ram_reg_uram_4 (implemented as a Ultra RAM) might be sub-optimal as no optional output register could be merged into the ram block. Providing additional output register may help in improving timing.
INFO: [Synth 8-7052] The timing for the instance weight_tile_U/ram_reg_uram_5 (implemented as a Ultra RAM) might be sub-optimal as no optional output register could be merged into the ram block. Providing additional output register may help in improving timing.
INFO: [Synth 8-7052] The timing for the instance weight_tile_1_U/ram_reg_uram_1 (implemented as a Ultra RAM) might be sub-optimal as no optional output register could be merged into the ram block. Providing additional output register may help in improving timing.
INFO: [Synth 8-7052] The timing for the instance weight_tile_1_U/ram_reg_uram_2 (implemented as a Ultra RAM) might be sub-optimal as no optional output register could be merged into the ram block. Providing additional output register may help in improving timing.
INFO: [Synth 8-7052] The timing for the instance weight_tile_1_U/ram_reg_uram_4 (implemented as a Ultra RAM) might be sub-optimal as no optional output register could be merged into the ram block. Providing additional output register may help in improving timing.
INFO: [Synth 8-7052] The timing for the instance weight_tile_1_U/ram_reg_uram_5 (implemented as a Ultra RAM) might be sub-optimal as no optional output register could be merged into the ram block. Providing additional output register may help in improving timing.
INFO: [Synth 8-7052] The timing for the instance weight_tile_2_U/ram_reg_uram_1 (implemented as a Ultra RAM) might be sub-optimal as no optional output register could be merged into the ram block. Providing additional output register may help in improving timing.
INFO: [Synth 8-7052] The timing for the instance weight_tile_2_U/ram_reg_uram_2 (implemented as a Ultra RAM) might be sub-optimal as no optional output register could be merged into the ram block. Providing additional output register may help in improving timing.
INFO: [Synth 8-7052] The timing for the instance weight_tile_2_U/ram_reg_uram_4 (implemented as a Ultra RAM) might be sub-optimal as no optional output register could be merged into the ram block. Providing additional output register may help in improving timing.
INFO: [Synth 8-7052] The timing for the instance weight_tile_2_U/ram_reg_uram_5 (implemented as a Ultra RAM) might be sub-optimal as no optional output register could be merged into the ram block. Providing additional output register may help in improving timing.
INFO: [Synth 8-7052] The timing for the instance weight_tile_3_U/ram_reg_uram_1 (implemented as a Ultra RAM) might be sub-optimal as no optional output register could be merged into the ram block. Providing additional output register may help in improving timing.
INFO: [Synth 8-7052] The timing for the instance weight_tile_3_U/ram_reg_uram_2 (implemented as a Ultra RAM) might be sub-optimal as no optional output register could be merged into the ram block. Providing additional output register may help in improving timing.
INFO: [Synth 8-7052] The timing for the instance weight_tile_3_U/ram_reg_uram_4 (implemented as a Ultra RAM) might be sub-optimal as no optional output register could be merged into the ram block. Providing additional output register may help in improving timing.
INFO: [Synth 8-7052] The timing for the instance weight_tile_3_U/ram_reg_uram_5 (implemented as a Ultra RAM) might be sub-optimal as no optional output register could be merged into the ram block. Providing additional output register may help in improving timing.
INFO: [Synth 8-7052] The timing for the instance activation_tile_U/ram_reg_uram_0 (implemented as a Ultra RAM) might be sub-optimal as no optional output register could be merged into the ram block. Providing additional output register may help in improving timing.
INFO: [Synth 8-7052] The timing for the instance activation_tile_U/ram_reg_uram_1 (implemented as a Ultra RAM) might be sub-optimal as no optional output register could be merged into the ram block. Providing additional output register may help in improving timing.
INFO: [Synth 8-7052] The timing for the instance activation_tile_U/ram_reg_uram_2 (implemented as a Ultra RAM) might be sub-optimal as no optional output register could be merged into the ram block. Providing additional output register may help in improving timing.
INFO: [Synth 8-7052] The timing for the instance activation_tile_U/ram_reg_uram_3 (implemented as a Ultra RAM) might be sub-optimal as no optional output register could be merged into the ram block. Providing additional output register may help in improving timing.
INFO: [Common 17-14] Message 'Synth 8-7052' appears 100 times and further instances of the messages will be disabled. Use the Tcl command set_msg_config to change the current settings.
---------------------------------------------------------------------------------
Finished Final Netlist Cleanup
---------------------------------------------------------------------------------
---------------------------------------------------------------------------------
Finished IO Insertion : Time (s): cpu = 00:00:55 ; elapsed = 00:00:50 . Memory (MB): peak = 2968.492 ; gain = 1451.020 ; free physical = 305 ; free virtual = 22567
---------------------------------------------------------------------------------
---------------------------------------------------------------------------------
Start Renaming Generated Instances
---------------------------------------------------------------------------------
---------------------------------------------------------------------------------
Finished Renaming Generated Instances : Time (s): cpu = 00:00:55 ; elapsed = 00:00:51 . Memory (MB): peak = 2968.492 ; gain = 1451.020 ; free physical = 307 ; free virtual = 22570
---------------------------------------------------------------------------------
---------------------------------------------------------------------------------
Start Handling Custom Attributes
---------------------------------------------------------------------------------
---------------------------------------------------------------------------------
Finished Handling Custom Attributes : Time (s): cpu = 00:00:56 ; elapsed = 00:00:51 . Memory (MB): peak = 2968.492 ; gain = 1451.020 ; free physical = 308 ; free virtual = 22569
---------------------------------------------------------------------------------
---------------------------------------------------------------------------------
Start Writing Synthesis Report
---------------------------------------------------------------------------------

DSP Final Report (the ' indicates corresponding REG is set)
+----------------------------------------------------+-------------------+--------+--------+--------+--------+--------+------+------+------+------+-------+------+------+
|Module Name                                         | DSP Mapping       | A Size | B Size | C Size | D Size | P Size | AREG | BREG | CREG | DREG | ADREG | MREG | PREG | 
+----------------------------------------------------+-------------------+--------+--------+--------+--------+--------+------+------+------+------+-------+------+------+
|dsp48e1_wrapper__1                                  | Dynamic           | -      | -      | -      | -      | 40     | -    | -    | -    | -    | 0     | 1    | 0    | 
|dsp48e1_wrapper__parameterized0__1                  | C'+(A'*B)'        | 24     | 16     | 35     | -      | 35     | 1    | 0    | 1    | -    | -     | 1    | 0    | 
|dsp48e1_wrapper__2                                  | Dynamic           | -      | -      | -      | -      | 40     | -    | -    | -    | -    | 0     | 1    | 0    | 
|dsp48e1_wrapper__parameterized0__2                  | C'+(A'*B)'        | 24     | 16     | 35     | -      | 35     | 1    | 0    | 1    | -    | -     | 1    | 0    | 
|dsp48e1_wrapper__3                                  | Dynamic           | -      | -      | -      | -      | 40     | -    | -    | -    | -    | 0     | 1    | 0    | 
|dsp48e1_wrapper__parameterized0__3                  | C'+(A'*B)'        | 24     | 16     | 35     | -      | 35     | 1    | 0    | 1    | -    | -     | 1    | 0    | 
|dsp48e1_wrapper__4                                  | Dynamic           | -      | -      | -      | -      | 40     | -    | -    | -    | -    | 0     | 1    | 0    | 
|dsp48e1_wrapper__parameterized0__4                  | C'+(A'*B)'        | 24     | 16     | 35     | -      | 35     | 1    | 0    | 1    | -    | -     | 1    | 0    | 
|dsp48e1_wrapper__5                                  | Dynamic           | -      | -      | -      | -      | 40     | -    | -    | -    | -    | 0     | 1    | 0    | 
|dsp48e1_wrapper__parameterized0__5                  | C'+(A'*B)'        | 24     | 16     | 35     | -      | 35     | 1    | 0    | 1    | -    | -     | 1    | 0    | 
|dsp48e1_wrapper__6                                  | Dynamic           | -      | -      | -      | -      | 40     | -    | -    | -    | -    | 0     | 1    | 0    | 
|dsp48e1_wrapper__parameterized0__6                  | C'+(A'*B)'        | 24     | 16     | 35     | -      | 35     | 1    | 0    | 1    | -    | -     | 1    | 0    | 
|dsp48e1_wrapper__7                                  | Dynamic           | -      | -      | -      | -      | 40     | -    | -    | -    | -    | 0     | 1    | 0    | 
|dsp48e1_wrapper__parameterized0__7                  | C'+(A'*B)'        | 24     | 16     | 35     | -      | 35     | 1    | 0    | 1    | -    | -     | 1    | 0    | 
|dsp48e1_wrapper__8                                  | Dynamic           | -      | -      | -      | -      | 40     | -    | -    | -    | -    | 0     | 1    | 0    | 
|dsp48e1_wrapper__parameterized0__8                  | C'+(A'*B)'        | 24     | 16     | 35     | -      | 35     | 1    | 0    | 1    | -    | -     | 1    | 0    | 
|dsp48e1_wrapper__9                                  | Dynamic           | -      | -      | -      | -      | 40     | -    | -    | -    | -    | 0     | 1    | 0    | 
|dsp48e1_wrapper__parameterized0__9                  | C'+(A'*B)'        | 24     | 16     | 35     | -      | 35     | 1    | 0    | 1    | -    | -     | 1    | 0    | 
|dsp48e1_wrapper__10                                 | Dynamic           | -      | -      | -      | -      | 40     | -    | -    | -    | -    | 0     | 1    | 0    | 
|dsp48e1_wrapper__parameterized0__10                 | C'+(A'*B)'        | 24     | 16     | 35     | -      | 35     | 1    | 0    | 1    | -    | -     | 1    | 0    | 
|dsp48e1_wrapper__11                                 | Dynamic           | -      | -      | -      | -      | 40     | -    | -    | -    | -    | 0     | 1    | 0    | 
|dsp48e1_wrapper__parameterized0__11                 | C'+(A'*B)'        | 24     | 16     | 35     | -      | 35     | 1    | 0    | 1    | -    | -     | 1    | 0    | 
|dsp48e1_wrapper__12                                 | Dynamic           | -      | -      | -      | -      | 40     | -    | -    | -    | -    | 0     | 1    | 0    | 
|dsp48e1_wrapper__parameterized0__12                 | C'+(A'*B)'        | 24     | 16     | 35     | -      | 35     | 1    | 0    | 1    | -    | -     | 1    | 0    | 
|dsp48e1_wrapper__13                                 | Dynamic           | -      | -      | -      | -      | 40     | -    | -    | -    | -    | 0     | 1    | 0    | 
|dsp48e1_wrapper__parameterized0__13                 | C'+(A'*B)'        | 24     | 16     | 35     | -      | 35     | 1    | 0    | 1    | -    | -     | 1    | 0    | 
|dsp48e1_wrapper__14                                 | Dynamic           | -      | -      | -      | -      | 40     | -    | -    | -    | -    | 0     | 1    | 0    | 
|dsp48e1_wrapper__parameterized0__14                 | C'+(A'*B)'        | 24     | 16     | 35     | -      | 35     | 1    | 0    | 1    | -    | -     | 1    | 0    | 
|dsp48e1_wrapper__15                                 | Dynamic           | -      | -      | -      | -      | 40     | -    | -    | -    | -    | 0     | 1    | 0    | 
|dsp48e1_wrapper__parameterized0__15                 | C'+(A'*B)'        | 24     | 16     | 35     | -      | 35     | 1    | 0    | 1    | -    | -     | 1    | 0    | 
|dsp48e1_wrapper__16                                 | Dynamic           | -      | -      | -      | -      | 40     | -    | -    | -    | -    | 0     | 1    | 0    | 
|dsp48e1_wrapper__parameterized0__16                 | C'+(A'*B)'        | 24     | 16     | 35     | -      | 35     | 1    | 0    | 1    | -    | -     | 1    | 0    | 
|dsp48e1_wrapper__17                                 | Dynamic           | -      | -      | -      | -      | 40     | -    | -    | -    | -    | 0     | 1    | 0    | 
|dsp48e1_wrapper__parameterized0__17                 | C'+(A'*B)'        | 24     | 16     | 35     | -      | 35     | 1    | 0    | 1    | -    | -     | 1    | 0    | 
|dsp48e1_wrapper__18                                 | Dynamic           | -      | -      | -      | -      | 40     | -    | -    | -    | -    | 0     | 1    | 0    | 
|dsp48e1_wrapper__parameterized0__18                 | C'+(A'*B)'        | 24     | 16     | 35     | -      | 35     | 1    | 0    | 1    | -    | -     | 1    | 0    | 
|dsp48e1_wrapper__19                                 | Dynamic           | -      | -      | -      | -      | 40     | -    | -    | -    | -    | 0     | 1    | 0    | 
|dsp48e1_wrapper__parameterized0__19                 | C'+(A'*B)'        | 24     | 16     | 35     | -      | 35     | 1    | 0    | 1    | -    | -     | 1    | 0    | 
|dsp48e1_wrapper__20                                 | Dynamic           | -      | -      | -      | -      | 40     | -    | -    | -    | -    | 0     | 1    | 0    | 
|dsp48e1_wrapper__parameterized0__20                 | C'+(A'*B)'        | 24     | 16     | 35     | -      | 35     | 1    | 0    | 1    | -    | -     | 1    | 0    | 
|dsp48e1_wrapper__21                                 | Dynamic           | -      | -      | -      | -      | 40     | -    | -    | -    | -    | 0     | 1    | 0    | 
|dsp48e1_wrapper__parameterized0__21                 | C'+(A'*B)'        | 24     | 16     | 35     | -      | 35     | 1    | 0    | 1    | -    | -     | 1    | 0    | 
|dsp48e1_wrapper__22                                 | Dynamic           | -      | -      | -      | -      | 40     | -    | -    | -    | -    | 0     | 1    | 0    | 
|dsp48e1_wrapper__parameterized0__22                 | C'+(A'*B)'        | 24     | 16     | 35     | -      | 35     | 1    | 0    | 1    | -    | -     | 1    | 0    | 
|dsp48e1_wrapper__23                                 | Dynamic           | -      | -      | -      | -      | 40     | -    | -    | -    | -    | 0     | 1    | 0    | 
|dsp48e1_wrapper__parameterized0__23                 | C'+(A'*B)'        | 24     | 16     | 35     | -      | 35     | 1    | 0    | 1    | -    | -     | 1    | 0    | 
|dsp48e1_wrapper__24                                 | Dynamic           | -      | -      | -      | -      | 40     | -    | -    | -    | -    | 0     | 1    | 0    | 
|dsp48e1_wrapper__parameterized0__24                 | C'+(A'*B)'        | 24     | 16     | 35     | -      | 35     | 1    | 0    | 1    | -    | -     | 1    | 0    | 
|vision_gemm_mac_muladd_10ns_2ns_10ns_12_4_1_DSP48_0 | (C+(A'*B')')'     | 10     | 2      | 10     | -      | 12     | 1    | 1    | 0    | -    | -     | 1    | 1    | 
|vision_gemm_mac_muladd_10ns_3ns_10ns_13_4_1_DSP48_0 | (C+(A'*B')')'     | 10     | 3      | 10     | -      | 13     | 1    | 1    | 0    | -    | -     | 1    | 1    | 
|dsp48e1_wrapper__parameterized1__1                  | (A*B)'            | 24     | 17     | -      | -      | 41     | 0    | 0    | -    | -    | -     | 1    | 0    | 
|dsp48e1_wrapper__parameterized2__1                  | (PCIN>>17+A'*B')' | 0      | 7      | -      | -      | 31     | 1    | 1    | -    | -    | -     | 0    | 1    | 
|dsp48e1_wrapper__parameterized3__1                  | PCIN+A:B+C'       | 22     | 0      | -      | -      | 48     | 0    | 0    | -    | -    | -     | 0    | 0    | 
|dsp48e1_wrapper__parameterized1__2                  | (A*B)'            | 24     | 17     | -      | -      | 41     | 0    | 0    | -    | -    | -     | 1    | 0    | 
|dsp48e1_wrapper__parameterized2__2                  | (PCIN>>17+A'*B')' | 0      | 7      | -      | -      | 31     | 1    | 1    | -    | -    | -     | 0    | 1    | 
|dsp48e1_wrapper__parameterized3__2                  | PCIN+A:B+C'       | 22     | 0      | -      | -      | 48     | 0    | 0    | -    | -    | -     | 0    | 0    | 
|dsp48e1_wrapper__parameterized1__3                  | (A*B)'            | 24     | 17     | -      | -      | 41     | 0    | 0    | -    | -    | -     | 1    | 0    | 
|dsp48e1_wrapper__parameterized2__3                  | (PCIN>>17+A'*B')' | 0      | 7      | -      | -      | 31     | 1    | 1    | -    | -    | -     | 0    | 1    | 
|dsp48e1_wrapper__parameterized3__3                  | PCIN+A:B+C'       | 22     | 0      | -      | -      | 48     | 0    | 0    | -    | -    | -     | 0    | 0    | 
|dsp48e1_wrapper__parameterized1                     | (A*B)'            | 24     | 17     | -      | -      | 41     | 0    | 0    | -    | -    | -     | 1    | 0    | 
|dsp48e1_wrapper__parameterized2                     | (PCIN>>17+A'*B')' | 0      | 7      | -      | -      | 31     | 1    | 1    | -    | -    | -     | 0    | 1    | 
|dsp48e1_wrapper__parameterized3                     | PCIN+A:B+C'       | 22     | 0      | -      | -      | 48     | 0    | 0    | -    | -    | -     | 0    | 0    | 
|dsp48e1_wrapper__25                                 | Dynamic           | -      | -      | -      | -      | 40     | -    | -    | -    | -    | 0     | 1    | 0    | 
|dsp48e1_wrapper__parameterized0__25                 | C'+(A'*B)'        | 24     | 16     | 35     | -      | 35     | 1    | 0    | 1    | -    | -     | 1    | 0    | 
|dsp48e1_wrapper                                     | Dynamic           | -      | -      | -      | -      | 40     | -    | -    | -    | -    | 0     | 1    | 0    | 
|dsp48e1_wrapper__parameterized0                     | C'+(A'*B)'        | 24     | 16     | 35     | -      | 35     | 1    | 0    | 1    | -    | -     | 1    | 0    | 
|vision_gemm_mac_muladd_10ns_3ns_10ns_13_4_1_DSP48_0 | (C+(A'*B')')'     | 10     | 3      | 10     | -      | 13     | 1    | 1    | 0    | -    | -     | 1    | 1    | 
|vision_gemm_mac_muladd_10ns_2ns_10ns_12_4_1_DSP48_0 | (C+(A'*B')')'     | 10     | 2      | 10     | -      | 12     | 1    | 1    | 0    | -    | -     | 1    | 1    | 
+----------------------------------------------------+-------------------+--------+--------+--------+--------+--------+------+------+------+------+-------+------+------+


Report BlackBoxes: 
+-+--------------+----------+
| |BlackBox name |Instances |
+-+--------------+----------+
+-+--------------+----------+

Report Cell Usage: 
+------+---------+------+
|      |Cell     |Count |
+------+---------+------+
|1     |BUFG     |     1|
|2     |CARRY8   |   102|
|3     |DSP48E1  |    64|
|4     |DSP48E2  |     4|
|5     |LUT1     |   150|
|6     |LUT2     |  1832|
|7     |LUT3     |  8042|
|8     |LUT4     |  3573|
|9     |LUT5     |  2842|
|10    |LUT6     |  6528|
|11    |MUXCY    |  2000|
|12    |MUXF7    |  1123|
|13    |MUXF8    |    68|
|14    |RAMB18E2 |     1|
|15    |RAMB36E2 |    31|
|16    |SRL16E   |  3432|
|17    |SRLC32E  |   578|
|18    |URAM288  |    32|
|19    |XORCY    |   718|
|20    |FDE      |   110|
|21    |FDRE     | 27508|
|22    |FDSE     |    23|
|23    |IBUF     |   446|
|24    |OBUF     |  1362|
+------+---------+------+
---------------------------------------------------------------------------------
Finished Writing Synthesis Report : Time (s): cpu = 00:00:56 ; elapsed = 00:00:52 . Memory (MB): peak = 2968.492 ; gain = 1451.020 ; free physical = 308 ; free virtual = 22569
---------------------------------------------------------------------------------
Synthesis finished with 0 errors, 0 critical warnings and 2666 warnings.
Synthesis Optimization Runtime : Time (s): cpu = 00:00:56 ; elapsed = 00:00:54 . Memory (MB): peak = 2972.406 ; gain = 1454.934 ; free physical = 7570 ; free virtual = 29782
Synthesis Optimization Complete : Time (s): cpu = 00:00:56 ; elapsed = 00:00:54 . Memory (MB): peak = 2972.406 ; gain = 1454.934 ; free physical = 7582 ; free virtual = 29783
INFO: [Project 1-571] Translating synthesized netlist
Netlist sorting complete. Time (s): cpu = 00:00:00.38 ; elapsed = 00:00:00.38 . Memory (MB): peak = 3078.031 ; gain = 0.000 ; free physical = 7609 ; free virtual = 29691
INFO: [Netlist 29-17] Analyzing 4636 Unisim elements for replacement
INFO: [Netlist 29-28] Unisim Transformation completed in 0 CPU seconds
INFO: [Project 1-570] Preparing netlist for logic optimization
WARNING: [Constraints 18-549] Could not create 'FAST' constraint because cell 'grp_vision_gemm_Pipeline_VITIS_LOOP_82_5_VITIS_LOOP_83_6_VITIS_LOOP_96_10_fu_314/fadd_32ns_32ns_32_6_no_dsp_1_U17/vision_gemm_fadd_32ns_32ns_32_6_no_dsp_1_ip_u/inst/i_synth/ADDSUB_OP.ADDSUB/LOGIC_SPEED.OP/EXP/NUMB_CMP' is not directly connected to top level port. 'FAST' is ignored by Vivado but preserved inside the database.
Resolution: It is recommended to apply the I/O constraint directly to the top level port instead of applying the constraint to the cell connected to the port.
WARNING: [Constraints 18-549] Could not create 'FAST' constraint because cell 'grp_vision_gemm_Pipeline_VITIS_LOOP_82_5_VITIS_LOOP_83_6_VITIS_LOOP_96_10_fu_314/fadd_32ns_32ns_32_6_no_dsp_1_U18/vision_gemm_fadd_32ns_32ns_32_6_no_dsp_1_ip_u/inst/i_synth/ADDSUB_OP.ADDSUB/LOGIC_SPEED.OP/EXP/NUMB_CMP' is not directly connected to top level port. 'FAST' is ignored by Vivado but preserved inside the database.
Resolution: It is recommended to apply the I/O constraint directly to the top level port instead of applying the constraint to the cell connected to the port.
WARNING: [Constraints 18-549] Could not create 'FAST' constraint because cell 'grp_vision_gemm_Pipeline_VITIS_LOOP_82_5_VITIS_LOOP_83_6_VITIS_LOOP_96_10_fu_314/fadd_32ns_32ns_32_6_no_dsp_1_U19/vision_gemm_fadd_32ns_32ns_32_6_no_dsp_1_ip_u/inst/i_synth/ADDSUB_OP.ADDSUB/LOGIC_SPEED.OP/EXP/NUMB_CMP' is not directly connected to top level port. 'FAST' is ignored by Vivado but preserved inside the database.
Resolution: It is recommended to apply the I/O constraint directly to the top level port instead of applying the constraint to the cell connected to the port.
WARNING: [Constraints 18-549] Could not create 'FAST' constraint because cell 'grp_vision_gemm_Pipeline_VITIS_LOOP_82_5_VITIS_LOOP_83_6_VITIS_LOOP_96_10_fu_314/fadd_32ns_32ns_32_6_no_dsp_1_U20/vision_gemm_fadd_32ns_32ns_32_6_no_dsp_1_ip_u/inst/i_synth/ADDSUB_OP.ADDSUB/LOGIC_SPEED.OP/EXP/NUMB_CMP' is not directly connected to top level port. 'FAST' is ignored by Vivado but preserved inside the database.
Resolution: It is recommended to apply the I/O constraint directly to the top level port instead of applying the constraint to the cell connected to the port.
WARNING: [Constraints 18-549] Could not create 'FAST' constraint because cell 'grp_vision_gemm_Pipeline_VITIS_LOOP_82_5_VITIS_LOOP_83_6_VITIS_LOOP_96_10_fu_314/fadd_32ns_32ns_32_8_full_dsp_1_U21/vision_gemm_fadd_32ns_32ns_32_8_full_dsp_1_ip_u/inst/i_synth/ADDSUB_OP.ADDSUB/DSP.OP/DSP48E1_BODY.EXP/NUMB_CMP' is not directly connected to top level port. 'FAST' is ignored by Vivado but preserved inside the database.
Resolution: It is recommended to apply the I/O constraint directly to the top level port instead of applying the constraint to the cell connected to the port.
WARNING: [Constraints 18-549] Could not create 'FAST' constraint because cell 'grp_vision_gemm_Pipeline_VITIS_LOOP_82_5_VITIS_LOOP_83_6_VITIS_LOOP_96_10_fu_314/fadd_32ns_32ns_32_8_full_dsp_1_U22/vision_gemm_fadd_32ns_32ns_32_8_full_dsp_1_ip_u/inst/i_synth/ADDSUB_OP.ADDSUB/DSP.OP/DSP48E1_BODY.EXP/NUMB_CMP' is not directly connected to top level port. 'FAST' is ignored by Vivado but preserved inside the database.
Resolution: It is recommended to apply the I/O constraint directly to the top level port instead of applying the constraint to the cell connected to the port.
WARNING: [Constraints 18-549] Could not create 'FAST' constraint because cell 'grp_vision_gemm_Pipeline_VITIS_LOOP_82_5_VITIS_LOOP_83_6_VITIS_LOOP_96_10_fu_314/fadd_32ns_32ns_32_8_full_dsp_1_U23/vision_gemm_fadd_32ns_32ns_32_8_full_dsp_1_ip_u/inst/i_synth/ADDSUB_OP.ADDSUB/DSP.OP/DSP48E1_BODY.EXP/NUMB_CMP' is not directly connected to top level port. 'FAST' is ignored by Vivado but preserved inside the database.
Resolution: It is recommended to apply the I/O constraint directly to the top level port instead of applying the constraint to the cell connected to the port.
WARNING: [Constraints 18-549] Could not create 'FAST' constraint because cell 'grp_vision_gemm_Pipeline_VITIS_LOOP_82_5_VITIS_LOOP_83_6_VITIS_LOOP_96_10_fu_314/fadd_32ns_32ns_32_8_full_dsp_1_U24/vision_gemm_fadd_32ns_32ns_32_8_full_dsp_1_ip_u/inst/i_synth/ADDSUB_OP.ADDSUB/DSP.OP/DSP48E1_BODY.EXP/NUMB_CMP' is not directly connected to top level port. 'FAST' is ignored by Vivado but preserved inside the database.
Resolution: It is recommended to apply the I/O constraint directly to the top level port instead of applying the constraint to the cell connected to the port.
WARNING: [Constraints 18-549] Could not create 'FAST' constraint because cell 'grp_vision_gemm_Pipeline_VITIS_LOOP_82_5_VITIS_LOOP_83_6_VITIS_LOOP_96_10_fu_314/fadd_32ns_32ns_32_8_full_dsp_1_U25/vision_gemm_fadd_32ns_32ns_32_8_full_dsp_1_ip_u/inst/i_synth/ADDSUB_OP.ADDSUB/DSP.OP/DSP48E1_BODY.EXP/NUMB_CMP' is not directly connected to top level port. 'FAST' is ignored by Vivado but preserved inside the database.
Resolution: It is recommended to apply the I/O constraint directly to the top level port instead of applying the constraint to the cell connected to the port.
WARNING: [Constraints 18-549] Could not create 'FAST' constraint because cell 'grp_vision_gemm_Pipeline_VITIS_LOOP_82_5_VITIS_LOOP_83_6_VITIS_LOOP_96_10_fu_314/fadd_32ns_32ns_32_8_full_dsp_1_U26/vision_gemm_fadd_32ns_32ns_32_8_full_dsp_1_ip_u/inst/i_synth/ADDSUB_OP.ADDSUB/DSP.OP/DSP48E1_BODY.EXP/NUMB_CMP' is not directly connected to top level port. 'FAST' is ignored by Vivado but preserved inside the database.
Resolution: It is recommended to apply the I/O constraint directly to the top level port instead of applying the constraint to the cell connected to the port.
WARNING: [Constraints 18-549] Could not create 'FAST' constraint because cell 'grp_vision_gemm_Pipeline_VITIS_LOOP_82_5_VITIS_LOOP_83_6_VITIS_LOOP_96_10_fu_314/fadd_32ns_32ns_32_8_full_dsp_1_U27/vision_gemm_fadd_32ns_32ns_32_8_full_dsp_1_ip_u/inst/i_synth/ADDSUB_OP.ADDSUB/DSP.OP/DSP48E1_BODY.EXP/NUMB_CMP' is not directly connected to top level port. 'FAST' is ignored by Vivado but preserved inside the database.
Resolution: It is recommended to apply the I/O constraint directly to the top level port instead of applying the constraint to the cell connected to the port.
WARNING: [Constraints 18-549] Could not create 'FAST' constraint because cell 'grp_vision_gemm_Pipeline_VITIS_LOOP_82_5_VITIS_LOOP_83_6_VITIS_LOOP_96_10_fu_314/fadd_32ns_32ns_32_8_full_dsp_1_U28/vision_gemm_fadd_32ns_32ns_32_8_full_dsp_1_ip_u/inst/i_synth/ADDSUB_OP.ADDSUB/DSP.OP/DSP48E1_BODY.EXP/NUMB_CMP' is not directly connected to top level port. 'FAST' is ignored by Vivado but preserved inside the database.
Resolution: It is recommended to apply the I/O constraint directly to the top level port instead of applying the constraint to the cell connected to the port.
WARNING: [Constraints 18-549] Could not create 'FAST' constraint because cell 'grp_vision_gemm_Pipeline_VITIS_LOOP_82_5_VITIS_LOOP_83_6_VITIS_LOOP_96_10_fu_314/fadd_32ns_32ns_32_8_full_dsp_1_U29/vision_gemm_fadd_32ns_32ns_32_8_full_dsp_1_ip_u/inst/i_synth/ADDSUB_OP.ADDSUB/DSP.OP/DSP48E1_BODY.EXP/NUMB_CMP' is not directly connected to top level port. 'FAST' is ignored by Vivado but preserved inside the database.
Resolution: It is recommended to apply the I/O constraint directly to the top level port instead of applying the constraint to the cell connected to the port.
WARNING: [Constraints 18-549] Could not create 'FAST' constraint because cell 'grp_vision_gemm_Pipeline_VITIS_LOOP_82_5_VITIS_LOOP_83_6_VITIS_LOOP_96_10_fu_314/fadd_32ns_32ns_32_8_full_dsp_1_U30/vision_gemm_fadd_32ns_32ns_32_8_full_dsp_1_ip_u/inst/i_synth/ADDSUB_OP.ADDSUB/DSP.OP/DSP48E1_BODY.EXP/NUMB_CMP' is not directly connected to top level port. 'FAST' is ignored by Vivado but preserved inside the database.
Resolution: It is recommended to apply the I/O constraint directly to the top level port instead of applying the constraint to the cell connected to the port.
WARNING: [Constraints 18-549] Could not create 'FAST' constraint because cell 'grp_vision_gemm_Pipeline_VITIS_LOOP_82_5_VITIS_LOOP_83_6_VITIS_LOOP_96_10_fu_314/fadd_32ns_32ns_32_8_full_dsp_1_U31/vision_gemm_fadd_32ns_32ns_32_8_full_dsp_1_ip_u/inst/i_synth/ADDSUB_OP.ADDSUB/DSP.OP/DSP48E1_BODY.EXP/NUMB_CMP' is not directly connected to top level port. 'FAST' is ignored by Vivado but preserved inside the database.
Resolution: It is recommended to apply the I/O constraint directly to the top level port instead of applying the constraint to the cell connected to the port.
WARNING: [Constraints 18-549] Could not create 'FAST' constraint because cell 'grp_vision_gemm_Pipeline_VITIS_LOOP_82_5_VITIS_LOOP_83_6_VITIS_LOOP_96_10_fu_314/fadd_32ns_32ns_32_8_full_dsp_1_U32/vision_gemm_fadd_32ns_32ns_32_8_full_dsp_1_ip_u/inst/i_synth/ADDSUB_OP.ADDSUB/DSP.OP/DSP48E1_BODY.EXP/NUMB_CMP' is not directly connected to top level port. 'FAST' is ignored by Vivado but preserved inside the database.
Resolution: It is recommended to apply the I/O constraint directly to the top level port instead of applying the constraint to the cell connected to the port.
WARNING: [Constraints 18-549] Could not create 'FAST' constraint because cell 'grp_vision_gemm_Pipeline_VITIS_LOOP_82_5_VITIS_LOOP_83_6_VITIS_LOOP_96_10_fu_314/fadd_32ns_32ns_32_8_full_dsp_1_U33/vision_gemm_fadd_32ns_32ns_32_8_full_dsp_1_ip_u/inst/i_synth/ADDSUB_OP.ADDSUB/DSP.OP/DSP48E1_BODY.EXP/NUMB_CMP' is not directly connected to top level port. 'FAST' is ignored by Vivado but preserved inside the database.
Resolution: It is recommended to apply the I/O constraint directly to the top level port instead of applying the constraint to the cell connected to the port.
WARNING: [Constraints 18-549] Could not create 'FAST' constraint because cell 'grp_vision_gemm_Pipeline_VITIS_LOOP_82_5_VITIS_LOOP_83_6_VITIS_LOOP_96_10_fu_314/fadd_32ns_32ns_32_8_full_dsp_1_U34/vision_gemm_fadd_32ns_32ns_32_8_full_dsp_1_ip_u/inst/i_synth/ADDSUB_OP.ADDSUB/DSP.OP/DSP48E1_BODY.EXP/NUMB_CMP' is not directly connected to top level port. 'FAST' is ignored by Vivado but preserved inside the database.
Resolution: It is recommended to apply the I/O constraint directly to the top level port instead of applying the constraint to the cell connected to the port.
WARNING: [Constraints 18-549] Could not create 'FAST' constraint because cell 'grp_vision_gemm_Pipeline_VITIS_LOOP_82_5_VITIS_LOOP_83_6_VITIS_LOOP_96_10_fu_314/fadd_32ns_32ns_32_8_full_dsp_1_U35/vision_gemm_fadd_32ns_32ns_32_8_full_dsp_1_ip_u/inst/i_synth/ADDSUB_OP.ADDSUB/DSP.OP/DSP48E1_BODY.EXP/NUMB_CMP' is not directly connected to top level port. 'FAST' is ignored by Vivado but preserved inside the database.
Resolution: It is recommended to apply the I/O constraint directly to the top level port instead of applying the constraint to the cell connected to the port.
WARNING: [Constraints 18-549] Could not create 'FAST' constraint because cell 'grp_vision_gemm_Pipeline_VITIS_LOOP_82_5_VITIS_LOOP_83_6_VITIS_LOOP_96_10_fu_314/fadd_32ns_32ns_32_8_full_dsp_1_U36/vision_gemm_fadd_32ns_32ns_32_8_full_dsp_1_ip_u/inst/i_synth/ADDSUB_OP.ADDSUB/DSP.OP/DSP48E1_BODY.EXP/NUMB_CMP' is not directly connected to top level port. 'FAST' is ignored by Vivado but preserved inside the database.
Resolution: It is recommended to apply the I/O constraint directly to the top level port instead of applying the constraint to the cell connected to the port.
WARNING: [Constraints 18-549] Could not create 'FAST' constraint because cell 'grp_vision_gemm_Pipeline_VITIS_LOOP_82_5_VITIS_LOOP_83_6_VITIS_LOOP_96_10_fu_314/fadd_32ns_32ns_32_8_full_dsp_1_U37/vision_gemm_fadd_32ns_32ns_32_8_full_dsp_1_ip_u/inst/i_synth/ADDSUB_OP.ADDSUB/DSP.OP/DSP48E1_BODY.EXP/NUMB_CMP' is not directly connected to top level port. 'FAST' is ignored by Vivado but preserved inside the database.
Resolution: It is recommended to apply the I/O constraint directly to the top level port instead of applying the constraint to the cell connected to the port.
WARNING: [Constraints 18-549] Could not create 'FAST' constraint because cell 'grp_vision_gemm_Pipeline_VITIS_LOOP_82_5_VITIS_LOOP_83_6_VITIS_LOOP_96_10_fu_314/fadd_32ns_32ns_32_8_full_dsp_1_U38/vision_gemm_fadd_32ns_32ns_32_8_full_dsp_1_ip_u/inst/i_synth/ADDSUB_OP.ADDSUB/DSP.OP/DSP48E1_BODY.EXP/NUMB_CMP' is not directly connected to top level port. 'FAST' is ignored by Vivado but preserved inside the database.
Resolution: It is recommended to apply the I/O constraint directly to the top level port instead of applying the constraint to the cell connected to the port.
WARNING: [Constraints 18-549] Could not create 'FAST' constraint because cell 'grp_vision_gemm_Pipeline_VITIS_LOOP_82_5_VITIS_LOOP_83_6_VITIS_LOOP_96_10_fu_314/fadd_32ns_32ns_32_8_full_dsp_1_U39/vision_gemm_fadd_32ns_32ns_32_8_full_dsp_1_ip_u/inst/i_synth/ADDSUB_OP.ADDSUB/DSP.OP/DSP48E1_BODY.EXP/NUMB_CMP' is not directly connected to top level port. 'FAST' is ignored by Vivado but preserved inside the database.
Resolution: It is recommended to apply the I/O constraint directly to the top level port instead of applying the constraint to the cell connected to the port.
WARNING: [Constraints 18-549] Could not create 'FAST' constraint because cell 'grp_vision_gemm_Pipeline_VITIS_LOOP_82_5_VITIS_LOOP_83_6_VITIS_LOOP_96_10_fu_314/fadd_32ns_32ns_32_8_full_dsp_1_U40/vision_gemm_fadd_32ns_32ns_32_8_full_dsp_1_ip_u/inst/i_synth/ADDSUB_OP.ADDSUB/DSP.OP/DSP48E1_BODY.EXP/NUMB_CMP' is not directly connected to top level port. 'FAST' is ignored by Vivado but preserved inside the database.
Resolution: It is recommended to apply the I/O constraint directly to the top level port instead of applying the constraint to the cell connected to the port.
WARNING: [Constraints 18-549] Could not create 'FAST' constraint because cell 'grp_vision_gemm_Pipeline_VITIS_LOOP_82_5_VITIS_LOOP_83_6_VITIS_LOOP_96_10_fu_314/fadd_32ns_32ns_32_8_full_dsp_1_U41/vision_gemm_fadd_32ns_32ns_32_8_full_dsp_1_ip_u/inst/i_synth/ADDSUB_OP.ADDSUB/DSP.OP/DSP48E1_BODY.EXP/NUMB_CMP' is not directly connected to top level port. 'FAST' is ignored by Vivado but preserved inside the database.
Resolution: It is recommended to apply the I/O constraint directly to the top level port instead of applying the constraint to the cell connected to the port.
WARNING: [Constraints 18-549] Could not create 'FAST' constraint because cell 'grp_vision_gemm_Pipeline_VITIS_LOOP_82_5_VITIS_LOOP_83_6_VITIS_LOOP_96_10_fu_314/fadd_32ns_32ns_32_8_full_dsp_1_U42/vision_gemm_fadd_32ns_32ns_32_8_full_dsp_1_ip_u/inst/i_synth/ADDSUB_OP.ADDSUB/DSP.OP/DSP48E1_BODY.EXP/NUMB_CMP' is not directly connected to top level port. 'FAST' is ignored by Vivado but preserved inside the database.
Resolution: It is recommended to apply the I/O constraint directly to the top level port instead of applying the constraint to the cell connected to the port.
WARNING: [Constraints 18-549] Could not create 'FAST' constraint because cell 'grp_vision_gemm_Pipeline_VITIS_LOOP_82_5_VITIS_LOOP_83_6_VITIS_LOOP_96_10_fu_314/fadd_32ns_32ns_32_8_full_dsp_1_U43/vision_gemm_fadd_32ns_32ns_32_8_full_dsp_1_ip_u/inst/i_synth/ADDSUB_OP.ADDSUB/DSP.OP/DSP48E1_BODY.EXP/NUMB_CMP' is not directly connected to top level port. 'FAST' is ignored by Vivado but preserved inside the database.
Resolution: It is recommended to apply the I/O constraint directly to the top level port instead of applying the constraint to the cell connected to the port.
WARNING: [Constraints 18-549] Could not create 'FAST' constraint because cell 'grp_vision_gemm_Pipeline_VITIS_LOOP_82_5_VITIS_LOOP_83_6_VITIS_LOOP_96_10_fu_314/fadd_32ns_32ns_32_8_full_dsp_1_U44/vision_gemm_fadd_32ns_32ns_32_8_full_dsp_1_ip_u/inst/i_synth/ADDSUB_OP.ADDSUB/DSP.OP/DSP48E1_BODY.EXP/NUMB_CMP' is not directly connected to top level port. 'FAST' is ignored by Vivado but preserved inside the database.
Resolution: It is recommended to apply the I/O constraint directly to the top level port instead of applying the constraint to the cell connected to the port.
WARNING: [Constraints 18-549] Could not create 'FAST' constraint because cell 'grp_vision_gemm_Pipeline_VITIS_LOOP_82_5_VITIS_LOOP_83_6_VITIS_LOOP_96_10_fu_314/fadd_32ns_32ns_32_8_full_dsp_1_U45/vision_gemm_fadd_32ns_32ns_32_8_full_dsp_1_ip_u/inst/i_synth/ADDSUB_OP.ADDSUB/DSP.OP/DSP48E1_BODY.EXP/NUMB_CMP' is not directly connected to top level port. 'FAST' is ignored by Vivado but preserved inside the database.
Resolution: It is recommended to apply the I/O constraint directly to the top level port instead of applying the constraint to the cell connected to the port.
WARNING: [Constraints 18-549] Could not create 'FAST' constraint because cell 'grp_vision_gemm_Pipeline_VITIS_LOOP_82_5_VITIS_LOOP_83_6_VITIS_LOOP_96_10_fu_314/fadd_32ns_32ns_32_8_full_dsp_1_U46/vision_gemm_fadd_32ns_32ns_32_8_full_dsp_1_ip_u/inst/i_synth/ADDSUB_OP.ADDSUB/DSP.OP/DSP48E1_BODY.EXP/NUMB_CMP' is not directly connected to top level port. 'FAST' is ignored by Vivado but preserved inside the database.
Resolution: It is recommended to apply the I/O constraint directly to the top level port instead of applying the constraint to the cell connected to the port.
INFO: [Opt 31-138] Pushed 0 inverter(s) to 0 load pin(s).
Netlist sorting complete. Time (s): cpu = 00:00:00.01 ; elapsed = 00:00:00 . Memory (MB): peak = 3656.945 ; gain = 0.000 ; free physical = 6664 ; free virtual = 29139
INFO: [Project 1-111] Unisim Transformation Summary:
  A total of 969 instances were transformed.
  (CARRY4) => CARRY8: 344 instances
  BUFG => BUFGCE: 1 instance 
  DSP48E1 => DSP48E2 (DSP_ALU, DSP_A_B_DATA, DSP_C_DATA, DSP_MULTIPLIER, DSP_M_DATA, DSP_OUTPUT, DSP_PREADD, DSP_PREADD_DATA): 64 instances
  DSP48E2 => DSP48E2 (DSP_ALU, DSP_A_B_DATA, DSP_C_DATA, DSP_MULTIPLIER, DSP_M_DATA, DSP_OUTPUT, DSP_PREADD, DSP_PREADD_DATA): 4 instances
  FDE => FDRE: 110 instances
  IBUF => IBUF (IBUFCTRL, INBUF): 446 instances

Synth Design complete | Checksum: e8d56da3
INFO: [Common 17-83] Releasing license: Synthesis
620 Infos, 153 Warnings, 0 Critical Warnings and 0 Errors encountered.
synth_design completed successfully
synth_design: Time (s): cpu = 00:01:08 ; elapsed = 00:01:06 . Memory (MB): peak = 3656.945 ; gain = 2139.473 ; free physical = 6665 ; free virtual = 29140
INFO: [Common 17-2834] synth_design peak Physical Memory [PSS] (MB): overall = 7845.889; main = 3076.926; forked = 5949.528
INFO: [Common 17-2834] synth_design peak Virtual Memory [VSS] (MB): overall = 16310.098; main = 3656.949; forked = 13463.086
# create_clock -name ap_clk -period 5.000 [get_ports ap_clk]
# report_utilization -file [file join $out_dir utilization.rpt]
# report_timing_summary -delay_type max -report_unconstrained -file [file join $out_dir timing_summary.rpt]
INFO: [Timing 38-91] UpdateTimingParams: Speed grade: -2LV, Temperature grade: C, Delay Type: max.
INFO: [Timing 38-191] Multithreading enabled for timing update using a maximum of 8 CPUs
INFO: [Timing 38-35] Done setting XDC timing constraints.
report_timing_summary: Time (s): cpu = 00:00:18 ; elapsed = 00:00:11 . Memory (MB): peak = 4685.160 ; gain = 1028.215 ; free physical = 5301 ; free virtual = 28410
# report_clock_utilization -file [file join $out_dir clock_utilization.rpt]
INFO: [Common 17-206] Exiting Vivado at Thu Sep 24 13:45:38 2026...
