
****** Vitis HLS - High-Level Synthesis from C, C++ and OpenCL v2024.2 (64-bit)
  **** SW Build 5238294 on Nov  8 2024
  **** IP Build 5239520 on Sun Nov 10 16:12:51 MST 2024
  **** SharedData Build 5239561 on Fri Nov 08 14:39:27 MST 2024
  **** Start of session at: Sat Sep 26 21:07:26 2026
    ** Copyright 1986-2022 Xilinx, Inc. All Rights Reserved.
    ** Copyright 2022-2024 Advanced Micro Devices, Inc. All Rights Reserved.

source /home/zhiro/research/kv260-vlm/tools/Xilinx/Vitis/2024.2/scripts/vitis_hls/hls.tcl -notrace
INFO: [HLS 200-10] For user 'zhiro' on host 'zhiro-ThinkBook-16p-G5-IRX' (Linux_x86_64 version 7.0.0-34-generic) on Sat Sep 26 21:07:28 CST 2026
INFO: [HLS 200-10] On os Ubuntu 24.04.5 LTS
INFO: [HLS 200-10] In directory '/home/zhiro/research/kv260-vlm-workers/RM13-H-integer'
WARNING: [HLS 200-2053] The vitis_hls executable is deprecated. Consider using vitis-run --mode hls --tcl
Sourcing Tcl script '/home/zhiro/research/kv260-vlm-workers/RM13-H-integer/experiments/rm13/hardware/run_hls.tcl'
INFO: [HLS 200-1510] Running: open_project -reset /tmp/rm13-w4a8-k4304-20260926T130722Z-184180/project 
INFO: [HLS 200-10] Creating and opening project '/tmp/rm13-w4a8-k4304-20260926T130722Z-184180/project'.
INFO: [HLS 200-1510] Running: set_top rm13_w4a8_tile 
INFO: [HLS 200-1510] Running: add_files /home/zhiro/research/kv260-vlm-workers/RM13-H-integer/experiments/rm13/hardware/w4a8_tile.cpp -cflags -I/home/zhiro/research/kv260-vlm-workers/RM13-H-integer/experiments/rm13/hardware -DRM13_K=4304 -DRM13_DEBUG_OUTPUTS=1 -DRM13_TILE_M=16 -DRM13_TILE_N=16 -DRM13_PROCESSING_M=8 -DRM13_PROCESSING_N=16 -ffp-contract=off 
INFO: [HLS 200-10] Adding design file '/home/zhiro/research/kv260-vlm-workers/RM13-H-integer/experiments/rm13/hardware/w4a8_tile.cpp' to the project
INFO: [HLS 200-1510] Running: add_files -tb /home/zhiro/research/kv260-vlm-workers/RM13-H-integer/experiments/rm13/hardware/tb_w4a8_tile.cpp -cflags -I/home/zhiro/research/kv260-vlm-workers/RM13-H-integer/experiments/rm13/hardware -DRM13_K=4304 -DRM13_DEBUG_OUTPUTS=1 -DRM13_TILE_M=16 -DRM13_TILE_N=16 -DRM13_PROCESSING_M=8 -DRM13_PROCESSING_N=16 -ffp-contract=off 
INFO: [HLS 200-10] Adding test bench file '/home/zhiro/research/kv260-vlm-workers/RM13-H-integer/experiments/rm13/hardware/tb_w4a8_tile.cpp' to the project
INFO: [HLS 200-1510] Running: open_solution -reset solution1 
INFO: [HLS 200-10] Creating and opening solution '/tmp/rm13-w4a8-k4304-20260926T130722Z-184180/project/solution1'.
INFO: [HLS 200-10] Cleaning up the solution database.
INFO: [HLS 200-1505] Using default flow_target 'vivado'
Resolution: For help on HLS 200-1505 see docs.xilinx.com/access/sources/dita/topic?Doc_Version=2024.2%20English&url=ug1448-hls-guidance&resourceid=200-1505.html
INFO: [HLS 200-1510] Running: set_part xck26-sfvc784-2LV-c 
INFO: [HLS 200-1611] Setting target device to 'xck26-sfvc784-2LV-c'
INFO: [HLS 200-1510] Running: create_clock -period 5.0 -name default 
INFO: [SYN 201-201] Setting up clock 'default' with a period of 5ns.
INFO: [HLS 200-1510] Running: config_interface -m_axi_max_widen_bitwidth 512 
INFO: [HLS 200-1510] Running: csynth_design 
INFO: [HLS 200-111] Finished File checks and directory preparation: CPU user time: 0.12 seconds. CPU system time: 0.01 seconds. Elapsed time: 0.13 seconds; current allocated memory: 309.887 MB.
INFO: [HLS 200-10] Analyzing design file '/home/zhiro/research/kv260-vlm-workers/RM13-H-integer/experiments/rm13/hardware/w4a8_tile.cpp' ... 
INFO: [HLS 200-111] Finished Source Code Analysis and Preprocessing: CPU user time: 5.76 seconds. CPU system time: 0.69 seconds. Elapsed time: 6.45 seconds; current allocated memory: 312.941 MB.
INFO: [HLS 200-777] Using interface defaults for 'Vivado' flow target.
INFO: [HLS 200-1995] There were 3,044 instructions in the design after the 'Compile/Link' phase of compilation. See the Design Size Report for more details: /tmp/rm13-w4a8-k4304-20260926T130722Z-184180/project/solution1/syn/report/csynth_design_size.rpt
INFO: [HLS 200-1995] There were 5,619 instructions in the design after the 'Unroll/Inline (step 1)' phase of compilation. See the Design Size Report for more details: /tmp/rm13-w4a8-k4304-20260926T130722Z-184180/project/solution1/syn/report/csynth_design_size.rpt
INFO: [HLS 200-1995] There were 4,449 instructions in the design after the 'Unroll/Inline (step 2)' phase of compilation. See the Design Size Report for more details: /tmp/rm13-w4a8-k4304-20260926T130722Z-184180/project/solution1/syn/report/csynth_design_size.rpt
INFO: [HLS 200-1995] There were 3,945 instructions in the design after the 'Unroll/Inline (step 3)' phase of compilation. See the Design Size Report for more details: /tmp/rm13-w4a8-k4304-20260926T130722Z-184180/project/solution1/syn/report/csynth_design_size.rpt
INFO: [HLS 200-1995] There were 3,919 instructions in the design after the 'Unroll/Inline (step 4)' phase of compilation. See the Design Size Report for more details: /tmp/rm13-w4a8-k4304-20260926T130722Z-184180/project/solution1/syn/report/csynth_design_size.rpt
INFO: [HLS 200-1995] There were 7,820 instructions in the design after the 'Array/Struct (step 1)' phase of compilation. See the Design Size Report for more details: /tmp/rm13-w4a8-k4304-20260926T130722Z-184180/project/solution1/syn/report/csynth_design_size.rpt
INFO: [HLS 200-1995] There were 5,162 instructions in the design after the 'Array/Struct (step 2)' phase of compilation. See the Design Size Report for more details: /tmp/rm13-w4a8-k4304-20260926T130722Z-184180/project/solution1/syn/report/csynth_design_size.rpt
INFO: [HLS 200-1995] There were 5,162 instructions in the design after the 'Array/Struct (step 3)' phase of compilation. See the Design Size Report for more details: /tmp/rm13-w4a8-k4304-20260926T130722Z-184180/project/solution1/syn/report/csynth_design_size.rpt
INFO: [HLS 200-1995] There were 5,162 instructions in the design after the 'Array/Struct (step 4)' phase of compilation. See the Design Size Report for more details: /tmp/rm13-w4a8-k4304-20260926T130722Z-184180/project/solution1/syn/report/csynth_design_size.rpt
INFO: [HLS 200-1995] There were 5,338 instructions in the design after the 'Array/Struct (step 5)' phase of compilation. See the Design Size Report for more details: /tmp/rm13-w4a8-k4304-20260926T130722Z-184180/project/solution1/syn/report/csynth_design_size.rpt
INFO: [HLS 200-1995] There were 5,336 instructions in the design after the 'Performance (step 1)' phase of compilation. See the Design Size Report for more details: /tmp/rm13-w4a8-k4304-20260926T130722Z-184180/project/solution1/syn/report/csynth_design_size.rpt
INFO: [HLS 200-1995] There were 5,174 instructions in the design after the 'Performance (step 2)' phase of compilation. See the Design Size Report for more details: /tmp/rm13-w4a8-k4304-20260926T130722Z-184180/project/solution1/syn/report/csynth_design_size.rpt
INFO: [HLS 200-1995] There were 5,169 instructions in the design after the 'Performance (step 3)' phase of compilation. See the Design Size Report for more details: /tmp/rm13-w4a8-k4304-20260926T130722Z-184180/project/solution1/syn/report/csynth_design_size.rpt
INFO: [HLS 200-1995] There were 5,169 instructions in the design after the 'Performance (step 4)' phase of compilation. See the Design Size Report for more details: /tmp/rm13-w4a8-k4304-20260926T130722Z-184180/project/solution1/syn/report/csynth_design_size.rpt
INFO: [HLS 200-1995] There were 5,709 instructions in the design after the 'HW Transforms' phase of compilation. See the Design Size Report for more details: /tmp/rm13-w4a8-k4304-20260926T130722Z-184180/project/solution1/syn/report/csynth_design_size.rpt
INFO: [HLS 200-1995] There were 5,322 instructions in the design after the 'HW Transforms (step 2)' phase of compilation. See the Design Size Report for more details: /tmp/rm13-w4a8-k4304-20260926T130722Z-184180/project/solution1/syn/report/csynth_design_size.rpt
INFO: [HLS 214-131] Inlining function '(anonymous namespace)::float_bits(float)' into '(anonymous namespace)::is_finite_bits(float)' (/home/zhiro/research/kv260-vlm-workers/RM13-H-integer/experiments/rm13/hardware/w4a8_tile.cpp:30:10)
INFO: [HLS 214-131] Inlining function '(anonymous namespace)::is_finite_bits(float)' into 'rm13_w4a8_tile' (/home/zhiro/research/kv260-vlm-workers/RM13-H-integer/experiments/rm13/hardware/w4a8_tile.cpp:113:18)
INFO: [HLS 214-131] Inlining function '(anonymous namespace)::decode_w4(ap_uint<128>, int)' into 'rm13_w4a8_tile' (/home/zhiro/research/kv260-vlm-workers/RM13-H-integer/experiments/rm13/hardware/w4a8_tile.cpp:241:42)
INFO: [HLS 214-131] Inlining function '(anonymous namespace)::round_ties_to_even(float)' into 'rm13_w4a8_tile' (/home/zhiro/research/kv260-vlm-workers/RM13-H-integer/experiments/rm13/hardware/w4a8_tile.cpp:187:29)
INFO: [HLS 214-131] Inlining function '(anonymous namespace)::bits_float(unsigned int)' into 'rm13_w4a8_tile' (/home/zhiro/research/kv260-vlm-workers/RM13-H-integer/experiments/rm13/hardware/w4a8_tile.cpp:185:41)
INFO: [HLS 214-291] Loop 'VITIS_LOOP_152_8' is marked as complete unroll implied by the pipeline pragma (/home/zhiro/research/kv260-vlm-workers/RM13-H-integer/experiments/rm13/hardware/w4a8_tile.cpp:152:20)
INFO: [HLS 214-291] Loop 'VITIS_LOOP_232_18' is marked as complete unroll implied by the pipeline pragma (/home/zhiro/research/kv260-vlm-workers/RM13-H-integer/experiments/rm13/hardware/w4a8_tile.cpp:232:42)
INFO: [HLS 214-291] Loop 'VITIS_LOOP_234_19' is marked as complete unroll implied by the pipeline pragma (/home/zhiro/research/kv260-vlm-workers/RM13-H-integer/experiments/rm13/hardware/w4a8_tile.cpp:234:21)
INFO: [HLS 214-186] Unrolling loop 'VITIS_LOOP_152_8' (/home/zhiro/research/kv260-vlm-workers/RM13-H-integer/experiments/rm13/hardware/w4a8_tile.cpp:152:20) in function 'rm13_w4a8_tile' completely with a factor of 8 (/home/zhiro/research/kv260-vlm-workers/RM13-H-integer/experiments/rm13/hardware/w4a8_tile.cpp:62:0)
INFO: [HLS 214-186] Unrolling loop 'VITIS_LOOP_209_12' (/home/zhiro/research/kv260-vlm-workers/RM13-H-integer/experiments/rm13/hardware/w4a8_tile.cpp:209:21) in function 'rm13_w4a8_tile' completely with a factor of 16 (/home/zhiro/research/kv260-vlm-workers/RM13-H-integer/experiments/rm13/hardware/w4a8_tile.cpp:62:0)
INFO: [HLS 214-186] Unrolling loop 'VITIS_LOOP_211_13' (/home/zhiro/research/kv260-vlm-workers/RM13-H-integer/experiments/rm13/hardware/w4a8_tile.cpp:211:21) in function 'rm13_w4a8_tile' completely with a factor of 8 (/home/zhiro/research/kv260-vlm-workers/RM13-H-integer/experiments/rm13/hardware/w4a8_tile.cpp:62:0)
INFO: [HLS 214-186] Unrolling loop 'VITIS_LOOP_222_15' (/home/zhiro/research/kv260-vlm-workers/RM13-H-integer/experiments/rm13/hardware/w4a8_tile.cpp:222:21) in function 'rm13_w4a8_tile' completely with a factor of 16 (/home/zhiro/research/kv260-vlm-workers/RM13-H-integer/experiments/rm13/hardware/w4a8_tile.cpp:62:0)
INFO: [HLS 214-186] Unrolling loop 'VITIS_LOOP_224_16' (/home/zhiro/research/kv260-vlm-workers/RM13-H-integer/experiments/rm13/hardware/w4a8_tile.cpp:224:21) in function 'rm13_w4a8_tile' completely with a factor of 8 (/home/zhiro/research/kv260-vlm-workers/RM13-H-integer/experiments/rm13/hardware/w4a8_tile.cpp:62:0)
INFO: [HLS 214-186] Unrolling loop 'VITIS_LOOP_232_18' (/home/zhiro/research/kv260-vlm-workers/RM13-H-integer/experiments/rm13/hardware/w4a8_tile.cpp:232:42) in function 'rm13_w4a8_tile' completely with a factor of 16 (/home/zhiro/research/kv260-vlm-workers/RM13-H-integer/experiments/rm13/hardware/w4a8_tile.cpp:62:0)
INFO: [HLS 214-186] Unrolling loop 'VITIS_LOOP_234_19' (/home/zhiro/research/kv260-vlm-workers/RM13-H-integer/experiments/rm13/hardware/w4a8_tile.cpp:234:21) in function 'rm13_w4a8_tile' completely with a factor of 8 (/home/zhiro/research/kv260-vlm-workers/RM13-H-integer/experiments/rm13/hardware/w4a8_tile.cpp:62:0)
INFO: [HLS 214-186] Unrolling loop 'VITIS_LOOP_269_21' (/home/zhiro/research/kv260-vlm-workers/RM13-H-integer/experiments/rm13/hardware/w4a8_tile.cpp:269:32) in function 'rm13_w4a8_tile' completely with a factor of 16 (/home/zhiro/research/kv260-vlm-workers/RM13-H-integer/experiments/rm13/hardware/w4a8_tile.cpp:62:0)
INFO: [HLS 214-186] Unrolling loop 'VITIS_LOOP_271_22' (/home/zhiro/research/kv260-vlm-workers/RM13-H-integer/experiments/rm13/hardware/w4a8_tile.cpp:271:21) in function 'rm13_w4a8_tile' completely with a factor of 8 (/home/zhiro/research/kv260-vlm-workers/RM13-H-integer/experiments/rm13/hardware/w4a8_tile.cpp:62:0)
INFO: [HLS 214-178] Inlining function 'fp_struct<float>::fp_struct(float)' into 'int generic_cast_IEEE754<int, (ap_q_mode)6, float>(float, bool, hls::enable_if<std::numeric_limits<int>::is_signed, bool>::type)' (/wrk/ci/prod/2024.2/hls_product/continuous/495/2024.2/src/shared/hls/clib/hlsmath/include/FloatingPoint/hls_case_IEEE754.h:12:0)
INFO: [HLS 214-178] Inlining function 'fp_struct<float>::mantissa() const' into 'int generic_cast_IEEE754<int, (ap_q_mode)6, float>(float, bool, hls::enable_if<std::numeric_limits<int>::is_signed, bool>::type)' (/wrk/ci/prod/2024.2/hls_product/continuous/495/2024.2/src/shared/hls/clib/hlsmath/include/FloatingPoint/hls_case_IEEE754.h:12:0)
INFO: [HLS 214-178] Inlining function 'fp_struct<float>::expv() const' into 'int generic_cast_IEEE754<int, (ap_q_mode)6, float>(float, bool, hls::enable_if<std::numeric_limits<int>::is_signed, bool>::type)' (/wrk/ci/prod/2024.2/hls_product/continuous/495/2024.2/src/shared/hls/clib/hlsmath/include/FloatingPoint/hls_case_IEEE754.h:12:0)
INFO: [HLS 214-178] Inlining function 'fp_struct<float>::__signbit() const' into 'int generic_cast_IEEE754<int, (ap_q_mode)6, float>(float, bool, hls::enable_if<std::numeric_limits<int>::is_signed, bool>::type)' (/wrk/ci/prod/2024.2/hls_product/continuous/495/2024.2/src/shared/hls/clib/hlsmath/include/FloatingPoint/hls_case_IEEE754.h:12:0)
INFO: [HLS 214-178] Inlining function 'int generic_cast_IEEE754<int, (ap_q_mode)6, float>(float, bool, hls::enable_if<std::numeric_limits<int>::is_signed, bool>::type)' into 'int generic_cast_IEEE754<int, float>(float, bool)' (/wrk/ci/prod/2024.2/hls_product/continuous/495/2024.2/src/shared/hls/clib/hlsmath/include/FloatingPoint/hls_case_IEEE754.h:116:0)
INFO: [HLS 214-178] Inlining function 'int generic_cast_IEEE754<int, float>(float, bool)' into '__hls_fptosi_float_i32' (/wrk/ci/prod/2024.2/hls_product/continuous/495/2024.2/src/shared/hls/clib/hlsmath/src/lib_floatconversion.cpp:51:0)
INFO: [HLS 214-178] Inlining function '__hls_fptosi_float_i32' into 'rm13_w4a8_tile' (/home/zhiro/research/kv260-vlm-workers/RM13-H-integer/experiments/rm13/hardware/w4a8_tile.cpp:62:0)
INFO: [HLS 214-248] Applying array_partition to '_ZZ14rm13_w4a8_tileE8xs_cache': Complete partitioning on dimension 1. (/home/zhiro/research/kv260-vlm-workers/RM13-H-integer/experiments/rm13/hardware/w4a8_tile.cpp:93:0)
INFO: [HLS 214-248] Applying array_partition to '_ZZ14rm13_w4a8_tileE7x_cache': Complete partitioning on dimension 1. (/home/zhiro/research/kv260-vlm-workers/RM13-H-integer/experiments/rm13/hardware/w4a8_tile.cpp:92:0)
INFO: [HLS 214-248] Applying array_partition to 'w_cache': Cyclic partitioning with factor 8 on dimension 1. (/home/zhiro/research/kv260-vlm-workers/RM13-H-integer/experiments/rm13/hardware/w4a8_tile.cpp:90:18)
INFO: [HLS 214-248] Applying array_partition to 'ws_cache': Cyclic partitioning with factor 8 on dimension 1. (/home/zhiro/research/kv260-vlm-workers/RM13-H-integer/experiments/rm13/hardware/w4a8_tile.cpp:91:11)
INFO: [HLS 214-248] Applying array_partition to 'group_words': Complete partitioning on dimension 1. (/home/zhiro/research/kv260-vlm-workers/RM13-H-integer/experiments/rm13/hardware/w4a8_tile.cpp:131:20)
INFO: [HLS 214-248] Applying array_partition to 'result': Complete partitioning on dimension 1. Complete partitioning on dimension 2. (/home/zhiro/research/kv260-vlm-workers/RM13-H-integer/experiments/rm13/hardware/w4a8_tile.cpp:207:19)
INFO: [HLS 214-248] Applying array_partition to 'partial': Complete partitioning on dimension 1. Complete partitioning on dimension 2. (/home/zhiro/research/kv260-vlm-workers/RM13-H-integer/experiments/rm13/hardware/w4a8_tile.cpp:220:30)
INFO: [HLS 214-115] Multiple burst reads of length 4 and bit width 128 in loop 'VITIS_LOOP_116_3'(/home/zhiro/research/kv260-vlm-workers/RM13-H-integer/experiments/rm13/hardware/w4a8_tile.cpp:116:31) has been inferred on bundle 'gmem_w'. These burst requests might be further partitioned into multiple requests during RTL generation, based on max_read_burst_length or max_write_burst_length settings. (/home/zhiro/research/kv260-vlm-workers/RM13-H-integer/experiments/rm13/hardware/w4a8_tile.cpp:116:31)
INFO: [HLS 214-115] Multiple burst reads of variable length and bit width 256 in loop 'VITIS_LOOP_138_6'(/home/zhiro/research/kv260-vlm-workers/RM13-H-integer/experiments/rm13/hardware/w4a8_tile.cpp:138:31) has been inferred on bundle 'gmem_x'. These burst requests might be further partitioned into multiple requests during RTL generation, based on max_read_burst_length or max_write_burst_length settings. (/home/zhiro/research/kv260-vlm-workers/RM13-H-integer/experiments/rm13/hardware/w4a8_tile.cpp:138:31)
INFO: [HLS 200-111] Finished Compiling Optimization and Transform: CPU user time: 24.94 seconds. CPU system time: 0.78 seconds. Elapsed time: 29.02 seconds; current allocated memory: 326.539 MB.
INFO: [HLS 200-111] Finished Checking Pragmas: CPU user time: 0 seconds. CPU system time: 0 seconds. Elapsed time: 0 seconds; current allocated memory: 326.539 MB.
INFO: [HLS 200-10] Starting code transformations ...
INFO: [HLS 200-111] Finished Standard Transforms: CPU user time: 0.84 seconds. CPU system time: 0.01 seconds. Elapsed time: 0.85 seconds; current allocated memory: 345.000 MB.
INFO: [HLS 200-10] Checking synthesizability ...
WARNING: [SYNCHK 200-23] /home/zhiro/research/kv260-vlm-workers/RM13-H-integer/experiments/rm13/hardware/w4a8_tile.cpp:184: variable-indexed range selection may cause suboptimal QoR.
INFO: [SYNCHK 200-10] 0 error(s), 1 warning(s).
INFO: [HLS 200-111] Finished Checking Synthesizability: CPU user time: 0.43 seconds. CPU system time: 0 seconds. Elapsed time: 0.43 seconds; current allocated memory: 346.430 MB.
INFO: [XFORM 203-401] Performing if-conversion on hyperblock from (/home/zhiro/research/kv260-vlm-workers/RM13-H-integer/experiments/rm13/hardware/w4a8_tile.cpp:147:9) to (/home/zhiro/research/kv260-vlm-workers/RM13-H-integer/experiments/rm13/hardware/w4a8_tile.cpp:146:31) in function 'rm13_w4a8_tile'... converting 3 basic blocks.
INFO: [XFORM 203-401] Performing if-conversion on hyperblock from (/home/zhiro/research/kv260-vlm-workers/RM13-H-integer/experiments/rm13/hardware/w4a8_tile.cpp:182:64) to (/home/zhiro/research/kv260-vlm-workers/RM13-H-integer/experiments/rm13/hardware/w4a8_tile.cpp:190:44) in function 'rm13_w4a8_tile'... converting 4 basic blocks.
INFO: [XFORM 203-401] Performing if-conversion on hyperblock from (/home/zhiro/research/kv260-vlm-workers/RM13-H-integer/experiments/rm13/hardware/w4a8_tile.cpp:230:9) to (/home/zhiro/research/kv260-vlm-workers/RM13-H-integer/experiments/rm13/hardware/w4a8_tile.cpp:229:36) in function 'rm13_w4a8_tile'... converting 467 basic blocks.
INFO: [HLS 200-111] Finished Loop, function and other optimizations: CPU user time: 7.23 seconds. CPU system time: 0.04 seconds. Elapsed time: 7.28 seconds; current allocated memory: 399.883 MB.
WARNING: [HLS 200-960] Cannot flatten loop 'VITIS_LOOP_111_2' (/home/zhiro/research/kv260-vlm-workers/RM13-H-integer/experiments/rm13/hardware/w4a8_tile.cpp:111:27) in function 'rm13_w4a8_tile' the outer loop is not a perfect loop because there is nontrivial logic before entering the inner loop.
Resolution: For help on HLS 200-960 see docs.xilinx.com/access/sources/dita/topic?Doc_Version=2024.2%20English&url=ug1448-hls-guidance&resourceid=200-960.html
INFO: [HLS 200-111] Finished Architecture Synthesis: CPU user time: 5.66 seconds. CPU system time: 0.06 seconds. Elapsed time: 5.72 seconds; current allocated memory: 474.438 MB.
INFO: [HLS 200-10] Starting hardware synthesis ...
INFO: [HLS 200-10] Synthesizing 'rm13_w4a8_tile' ...
INFO: [HLS 200-10] ----------------------------------------------------------------
INFO: [HLS 200-42] -- Implementing module 'rm13_w4a8_tile_Pipeline_VITIS_LOOP_138_6' 
INFO: [HLS 200-10] ----------------------------------------------------------------
INFO: [SCHED 204-11] Starting scheduling ...
INFO: [SCHED 204-61] Pipelining loop 'VITIS_LOOP_138_6'.
INFO: [HLS 200-1470] Pipelining result : Target II = 1, Final II = 1, Depth = 3, loop 'VITIS_LOOP_138_6'
INFO: [SCHED 204-11] Finished scheduling.
INFO: [HLS 200-111] Finished Scheduling: CPU user time: 4.87 seconds. CPU system time: 0.09 seconds. Elapsed time: 4.95 seconds; current allocated memory: 497.559 MB.
INFO: [BIND 205-100] Starting micro-architecture generation ...
INFO: [BIND 205-101] Performing variable lifetime analysis.
INFO: [BIND 205-101] Exploring resource sharing.
INFO: [BIND 205-101] Binding ...
INFO: [BIND 205-100] Finished micro-architecture generation.
INFO: [HLS 200-111] Finished Binding: CPU user time: 0.04 seconds. CPU system time: 0 seconds. Elapsed time: 0.04 seconds; current allocated memory: 497.559 MB.
INFO: [HLS 200-10] ----------------------------------------------------------------
INFO: [HLS 200-42] -- Implementing module 'rm13_w4a8_tile_Pipeline_VITIS_LOOP_146_7' 
INFO: [HLS 200-10] ----------------------------------------------------------------
INFO: [SCHED 204-11] Starting scheduling ...
INFO: [SCHED 204-61] Pipelining loop 'VITIS_LOOP_146_7'.
INFO: [HLS 200-1470] Pipelining result : Target II = 1, Final II = 1, Depth = 9, loop 'VITIS_LOOP_146_7'
WARNING: [HLS 200-871] Estimated clock period (3.945 ns) exceeds the target (target clock period: 5.000 ns, clock uncertainty: 1.350 ns, effective delay budget: 3.650 ns).
Resolution: For help on HLS 200-871 see docs.xilinx.com/access/sources/dita/topic?Doc_Version=2024.2%20English&url=ug1448-hls-guidance&resourceid=200-871.html
WARNING: [HLS 200-1016] The critical path in module 'rm13_w4a8_tile_Pipeline_VITIS_LOOP_146_7' consists of the following:
	'fcmp' operation 1 bit ('tmp_69', /home/zhiro/research/kv260-vlm-workers/RM13-H-integer/experiments/rm13/hardware/w4a8_tile.cpp:167) [223]  (2.782 ns)
	'and' operation 1 bit ('and_ln167_1', /home/zhiro/research/kv260-vlm-workers/RM13-H-integer/experiments/rm13/hardware/w4a8_tile.cpp:167) [224]  (0.287 ns)
	'select' operation 32 bit ('max_abs', /home/zhiro/research/kv260-vlm-workers/RM13-H-integer/experiments/rm13/hardware/w4a8_tile.cpp:167) [225]  (0.000 ns)
	'select' operation 32 bit ('max_abs', /home/zhiro/research/kv260-vlm-workers/RM13-H-integer/experiments/rm13/hardware/w4a8_tile.cpp:148) [227]  (0.449 ns)
	'store' operation 0 bit ('max_abs_write_ln144', /home/zhiro/research/kv260-vlm-workers/RM13-H-integer/experiments/rm13/hardware/w4a8_tile.cpp:144) of variable 'max_abs', /home/zhiro/research/kv260-vlm-workers/RM13-H-integer/experiments/rm13/hardware/w4a8_tile.cpp:148 on local variable 'max_abs', /home/zhiro/research/kv260-vlm-workers/RM13-H-integer/experiments/rm13/hardware/w4a8_tile.cpp:144 [229]  (0.427 ns)

Resolution: For help on HLS 200-1016 see docs.xilinx.com/access/sources/dita/topic?Doc_Version=2024.2%20English&url=ug1448-hls-guidance&resourceid=200-1016.html
INFO: [SCHED 204-11] Finished scheduling.
INFO: [HLS 200-111] Finished Scheduling: CPU user time: 0.25 seconds. CPU system time: 0.01 seconds. Elapsed time: 0.25 seconds; current allocated memory: 499.648 MB.
INFO: [BIND 205-100] Starting micro-architecture generation ...
INFO: [BIND 205-101] Performing variable lifetime analysis.
INFO: [BIND 205-101] Exploring resource sharing.
INFO: [BIND 205-101] Binding ...
INFO: [BIND 205-100] Finished micro-architecture generation.
INFO: [HLS 200-111] Finished Binding: CPU user time: 0.06 seconds. CPU system time: 0 seconds. Elapsed time: 0.06 seconds; current allocated memory: 499.648 MB.
INFO: [HLS 200-10] ----------------------------------------------------------------
INFO: [HLS 200-42] -- Implementing module 'rm13_w4a8_tile_Pipeline_VITIS_LOOP_179_9' 
INFO: [HLS 200-10] ----------------------------------------------------------------
INFO: [SCHED 204-11] Starting scheduling ...
WARNING: [HLS 200-2042] Usage of URAM can potentially cause worse II as Vitis HLS does not exploit read-first mode for URAMs. Consider using BRAMs instead.
WARNING: [HLS 200-2042] Usage of URAM can potentially cause worse II as Vitis HLS does not exploit read-first mode for URAMs. Consider using BRAMs instead.
WARNING: [HLS 200-2042] Usage of URAM can potentially cause worse II as Vitis HLS does not exploit read-first mode for URAMs. Consider using BRAMs instead.
WARNING: [HLS 200-2042] Usage of URAM can potentially cause worse II as Vitis HLS does not exploit read-first mode for URAMs. Consider using BRAMs instead.
WARNING: [HLS 200-2042] Usage of URAM can potentially cause worse II as Vitis HLS does not exploit read-first mode for URAMs. Consider using BRAMs instead.
WARNING: [HLS 200-2042] Usage of URAM can potentially cause worse II as Vitis HLS does not exploit read-first mode for URAMs. Consider using BRAMs instead.
WARNING: [HLS 200-2042] Usage of URAM can potentially cause worse II as Vitis HLS does not exploit read-first mode for URAMs. Consider using BRAMs instead.
WARNING: [HLS 200-2042] Usage of URAM can potentially cause worse II as Vitis HLS does not exploit read-first mode for URAMs. Consider using BRAMs instead.
WARNING: [HLS 200-2042] Usage of URAM can potentially cause worse II as Vitis HLS does not exploit read-first mode for URAMs. Consider using BRAMs instead.
WARNING: [HLS 200-2042] Usage of URAM can potentially cause worse II as Vitis HLS does not exploit read-first mode for URAMs. Consider using BRAMs instead.
WARNING: [HLS 200-2042] Usage of URAM can potentially cause worse II as Vitis HLS does not exploit read-first mode for URAMs. Consider using BRAMs instead.
WARNING: [HLS 200-2042] Usage of URAM can potentially cause worse II as Vitis HLS does not exploit read-first mode for URAMs. Consider using BRAMs instead.
WARNING: [HLS 200-2042] Usage of URAM can potentially cause worse II as Vitis HLS does not exploit read-first mode for URAMs. Consider using BRAMs instead.
WARNING: [HLS 200-2042] Usage of URAM can potentially cause worse II as Vitis HLS does not exploit read-first mode for URAMs. Consider using BRAMs instead.
WARNING: [HLS 200-2042] Usage of URAM can potentially cause worse II as Vitis HLS does not exploit read-first mode for URAMs. Consider using BRAMs instead.
WARNING: [HLS 200-2042] Usage of URAM can potentially cause worse II as Vitis HLS does not exploit read-first mode for URAMs. Consider using BRAMs instead.
INFO: [SCHED 204-61] Pipelining loop 'VITIS_LOOP_179_9'.
INFO: [HLS 200-1470] Pipelining result : Target II = 1, Final II = 1, Depth = 39, loop 'VITIS_LOOP_179_9'
INFO: [SCHED 204-11] Finished scheduling.
INFO: [HLS 200-111] Finished Scheduling: CPU user time: 0.25 seconds. CPU system time: 0.01 seconds. Elapsed time: 0.26 seconds; current allocated memory: 500.980 MB.
INFO: [BIND 205-100] Starting micro-architecture generation ...
INFO: [BIND 205-101] Performing variable lifetime analysis.
INFO: [BIND 205-101] Exploring resource sharing.
INFO: [BIND 205-101] Binding ...
INFO: [BIND 205-100] Finished micro-architecture generation.
INFO: [HLS 200-111] Finished Binding: CPU user time: 0.06 seconds. CPU system time: 0 seconds. Elapsed time: 0.06 seconds; current allocated memory: 500.980 MB.
INFO: [HLS 200-10] ----------------------------------------------------------------
INFO: [HLS 200-42] -- Implementing module 'rm13_w4a8_tile_Pipeline_VITIS_LOOP_116_3' 
INFO: [HLS 200-10] ----------------------------------------------------------------
INFO: [SCHED 204-11] Starting scheduling ...
WARNING: [HLS 200-2042] Usage of URAM can potentially cause worse II as Vitis HLS does not exploit read-first mode for URAMs. Consider using BRAMs instead.
WARNING: [HLS 200-2042] Usage of URAM can potentially cause worse II as Vitis HLS does not exploit read-first mode for URAMs. Consider using BRAMs instead.
WARNING: [HLS 200-2042] Usage of URAM can potentially cause worse II as Vitis HLS does not exploit read-first mode for URAMs. Consider using BRAMs instead.
WARNING: [HLS 200-2042] Usage of URAM can potentially cause worse II as Vitis HLS does not exploit read-first mode for URAMs. Consider using BRAMs instead.
WARNING: [HLS 200-2042] Usage of URAM can potentially cause worse II as Vitis HLS does not exploit read-first mode for URAMs. Consider using BRAMs instead.
WARNING: [HLS 200-2042] Usage of URAM can potentially cause worse II as Vitis HLS does not exploit read-first mode for URAMs. Consider using BRAMs instead.
WARNING: [HLS 200-2042] Usage of URAM can potentially cause worse II as Vitis HLS does not exploit read-first mode for URAMs. Consider using BRAMs instead.
WARNING: [HLS 200-2042] Usage of URAM can potentially cause worse II as Vitis HLS does not exploit read-first mode for URAMs. Consider using BRAMs instead.
INFO: [SCHED 204-61] Pipelining loop 'VITIS_LOOP_116_3'.
INFO: [HLS 200-1470] Pipelining result : Target II = 1, Final II = 1, Depth = 3, loop 'VITIS_LOOP_116_3'
INFO: [SCHED 204-11] Finished scheduling.
INFO: [HLS 200-111] Finished Scheduling: CPU user time: 0.12 seconds. CPU system time: 0.01 seconds. Elapsed time: 0.14 seconds; current allocated memory: 501.254 MB.
INFO: [BIND 205-100] Starting micro-architecture generation ...
INFO: [BIND 205-101] Performing variable lifetime analysis.
INFO: [BIND 205-101] Exploring resource sharing.
INFO: [BIND 205-101] Binding ...
INFO: [BIND 205-100] Finished micro-architecture generation.
INFO: [HLS 200-111] Finished Binding: CPU user time: 0.03 seconds. CPU system time: 0.01 seconds. Elapsed time: 0.04 seconds; current allocated memory: 501.254 MB.
INFO: [HLS 200-10] ----------------------------------------------------------------
INFO: [HLS 200-42] -- Implementing module 'rm13_w4a8_tile_Pipeline_VITIS_LOOP_229_17' 
INFO: [HLS 200-10] ----------------------------------------------------------------
INFO: [SCHED 204-11] Starting scheduling ...
INFO: [HLS 200-486] Changing DSP latency (root=add_ln245_127) to 3 in order to utilize available DSP registers.
INFO: [HLS 200-486] Changing DSP latency (root=add_ln245_126) to 3 in order to utilize available DSP registers.
INFO: [HLS 200-486] Changing DSP latency (root=add_ln245_125) to 3 in order to utilize available DSP registers.
INFO: [HLS 200-486] Changing DSP latency (root=add_ln245_124) to 3 in order to utilize available DSP registers.
INFO: [HLS 200-486] Changing DSP latency (root=add_ln245_123) to 3 in order to utilize available DSP registers.
INFO: [HLS 200-486] Changing DSP latency (root=add_ln245_122) to 3 in order to utilize available DSP registers.
INFO: [HLS 200-486] Changing DSP latency (root=add_ln245_121) to 3 in order to utilize available DSP registers.
INFO: [HLS 200-486] Changing DSP latency (root=add_ln245_120) to 3 in order to utilize available DSP registers.
INFO: [HLS 200-486] Changing DSP latency (root=add_ln245_119) to 3 in order to utilize available DSP registers.
INFO: [HLS 200-486] Changing DSP latency (root=add_ln245_118) to 3 in order to utilize available DSP registers.
INFO: [HLS 200-486] Changing DSP latency (root=add_ln245_117) to 3 in order to utilize available DSP registers.
INFO: [HLS 200-486] Changing DSP latency (root=add_ln245_116) to 3 in order to utilize available DSP registers.
INFO: [HLS 200-486] Changing DSP latency (root=add_ln245_115) to 3 in order to utilize available DSP registers.
INFO: [HLS 200-486] Changing DSP latency (root=add_ln245_114) to 3 in order to utilize available DSP registers.
INFO: [HLS 200-486] Changing DSP latency (root=add_ln245_113) to 3 in order to utilize available DSP registers.
INFO: [HLS 200-486] Changing DSP latency (root=add_ln245_112) to 3 in order to utilize available DSP registers.
INFO: [HLS 200-486] Changing DSP latency (root=add_ln245_111) to 3 in order to utilize available DSP registers.
INFO: [HLS 200-486] Changing DSP latency (root=add_ln245_110) to 3 in order to utilize available DSP registers.
INFO: [HLS 200-486] Changing DSP latency (root=add_ln245_109) to 3 in order to utilize available DSP registers.
INFO: [HLS 200-486] Changing DSP latency (root=add_ln245_108) to 3 in order to utilize available DSP registers.
INFO: [HLS 200-486] Changing DSP latency (root=add_ln245_107) to 3 in order to utilize available DSP registers.
INFO: [HLS 200-486] Changing DSP latency (root=add_ln245_106) to 3 in order to utilize available DSP registers.
INFO: [HLS 200-486] Changing DSP latency (root=add_ln245_105) to 3 in order to utilize available DSP registers.
INFO: [HLS 200-486] Changing DSP latency (root=add_ln245_104) to 3 in order to utilize available DSP registers.
INFO: [HLS 200-486] Changing DSP latency (root=add_ln245_103) to 3 in order to utilize available DSP registers.
INFO: [HLS 200-486] Changing DSP latency (root=add_ln245_102) to 3 in order to utilize available DSP registers.
INFO: [HLS 200-486] Changing DSP latency (root=add_ln245_101) to 3 in order to utilize available DSP registers.
INFO: [HLS 200-486] Changing DSP latency (root=add_ln245_100) to 3 in order to utilize available DSP registers.
INFO: [HLS 200-486] Changing DSP latency (root=add_ln245_99) to 3 in order to utilize available DSP registers.
INFO: [HLS 200-486] Changing DSP latency (root=add_ln245_98) to 3 in order to utilize available DSP registers.
INFO: [HLS 200-486] Changing DSP latency (root=add_ln245_97) to 3 in order to utilize available DSP registers.
INFO: [HLS 200-486] Changing DSP latency (root=add_ln245_96) to 3 in order to utilize available DSP registers.
INFO: [HLS 200-486] Changing DSP latency (root=add_ln245_95) to 3 in order to utilize available DSP registers.
INFO: [HLS 200-486] Changing DSP latency (root=add_ln245_94) to 3 in order to utilize available DSP registers.
INFO: [HLS 200-486] Changing DSP latency (root=add_ln245_93) to 3 in order to utilize available DSP registers.
INFO: [HLS 200-486] Changing DSP latency (root=add_ln245_92) to 3 in order to utilize available DSP registers.
INFO: [HLS 200-486] Changing DSP latency (root=add_ln245_91) to 3 in order to utilize available DSP registers.
INFO: [HLS 200-486] Changing DSP latency (root=add_ln245_90) to 3 in order to utilize available DSP registers.
INFO: [HLS 200-486] Changing DSP latency (root=add_ln245_89) to 3 in order to utilize available DSP registers.
INFO: [HLS 200-486] Changing DSP latency (root=add_ln245_88) to 3 in order to utilize available DSP registers.
INFO: [HLS 200-486] Changing DSP latency (root=add_ln245_87) to 3 in order to utilize available DSP registers.
INFO: [HLS 200-486] Changing DSP latency (root=add_ln245_86) to 3 in order to utilize available DSP registers.
INFO: [HLS 200-486] Changing DSP latency (root=add_ln245_85) to 3 in order to utilize available DSP registers.
INFO: [HLS 200-486] Changing DSP latency (root=add_ln245_84) to 3 in order to utilize available DSP registers.
INFO: [HLS 200-486] Changing DSP latency (root=add_ln245_83) to 3 in order to utilize available DSP registers.
INFO: [HLS 200-486] Changing DSP latency (root=add_ln245_82) to 3 in order to utilize available DSP registers.
INFO: [HLS 200-486] Changing DSP latency (root=add_ln245_81) to 3 in order to utilize available DSP registers.
INFO: [HLS 200-486] Changing DSP latency (root=add_ln245_80) to 3 in order to utilize available DSP registers.
INFO: [HLS 200-486] Changing DSP latency (root=add_ln245_79) to 3 in order to utilize available DSP registers.
INFO: [HLS 200-486] Changing DSP latency (root=add_ln245_78) to 3 in order to utilize available DSP registers.
INFO: [HLS 200-486] Changing DSP latency (root=add_ln245_77) to 3 in order to utilize available DSP registers.
INFO: [HLS 200-486] Changing DSP latency (root=add_ln245_76) to 3 in order to utilize available DSP registers.
INFO: [HLS 200-486] Changing DSP latency (root=add_ln245_75) to 3 in order to utilize available DSP registers.
INFO: [HLS 200-486] Changing DSP latency (root=add_ln245_74) to 3 in order to utilize available DSP registers.
INFO: [HLS 200-486] Changing DSP latency (root=add_ln245_73) to 3 in order to utilize available DSP registers.
INFO: [HLS 200-486] Changing DSP latency (root=add_ln245_72) to 3 in order to utilize available DSP registers.
INFO: [HLS 200-486] Changing DSP latency (root=add_ln245_71) to 3 in order to utilize available DSP registers.
INFO: [HLS 200-486] Changing DSP latency (root=add_ln245_70) to 3 in order to utilize available DSP registers.
INFO: [HLS 200-486] Changing DSP latency (root=add_ln245_69) to 3 in order to utilize available DSP registers.
INFO: [HLS 200-486] Changing DSP latency (root=add_ln245_68) to 3 in order to utilize available DSP registers.
INFO: [HLS 200-486] Changing DSP latency (root=add_ln245_67) to 3 in order to utilize available DSP registers.
INFO: [HLS 200-486] Changing DSP latency (root=add_ln245_66) to 3 in order to utilize available DSP registers.
INFO: [HLS 200-486] Changing DSP latency (root=add_ln245_65) to 3 in order to utilize available DSP registers.
INFO: [HLS 200-486] Changing DSP latency (root=add_ln245_64) to 3 in order to utilize available DSP registers.
INFO: [HLS 200-486] Changing DSP latency (root=add_ln245_63) to 3 in order to utilize available DSP registers.
INFO: [HLS 200-486] Changing DSP latency (root=add_ln245_62) to 3 in order to utilize available DSP registers.
INFO: [HLS 200-486] Changing DSP latency (root=add_ln245_61) to 3 in order to utilize available DSP registers.
INFO: [HLS 200-486] Changing DSP latency (root=add_ln245_60) to 3 in order to utilize available DSP registers.
INFO: [HLS 200-486] Changing DSP latency (root=add_ln245_59) to 3 in order to utilize available DSP registers.
INFO: [HLS 200-486] Changing DSP latency (root=add_ln245_58) to 3 in order to utilize available DSP registers.
INFO: [HLS 200-486] Changing DSP latency (root=add_ln245_57) to 3 in order to utilize available DSP registers.
INFO: [HLS 200-486] Changing DSP latency (root=add_ln245_56) to 3 in order to utilize available DSP registers.
INFO: [HLS 200-486] Changing DSP latency (root=add_ln245_55) to 3 in order to utilize available DSP registers.
INFO: [HLS 200-486] Changing DSP latency (root=add_ln245_54) to 3 in order to utilize available DSP registers.
INFO: [HLS 200-486] Changing DSP latency (root=add_ln245_53) to 3 in order to utilize available DSP registers.
INFO: [HLS 200-486] Changing DSP latency (root=add_ln245_52) to 3 in order to utilize available DSP registers.
INFO: [HLS 200-486] Changing DSP latency (root=add_ln245_51) to 3 in order to utilize available DSP registers.
INFO: [HLS 200-486] Changing DSP latency (root=add_ln245_50) to 3 in order to utilize available DSP registers.
INFO: [HLS 200-486] Changing DSP latency (root=add_ln245_49) to 3 in order to utilize available DSP registers.
INFO: [HLS 200-486] Changing DSP latency (root=add_ln245_48) to 3 in order to utilize available DSP registers.
INFO: [HLS 200-486] Changing DSP latency (root=add_ln245_47) to 3 in order to utilize available DSP registers.
INFO: [HLS 200-486] Changing DSP latency (root=add_ln245_46) to 3 in order to utilize available DSP registers.
INFO: [HLS 200-486] Changing DSP latency (root=add_ln245_45) to 3 in order to utilize available DSP registers.
INFO: [HLS 200-486] Changing DSP latency (root=add_ln245_44) to 3 in order to utilize available DSP registers.
INFO: [HLS 200-486] Changing DSP latency (root=add_ln245_43) to 3 in order to utilize available DSP registers.
INFO: [HLS 200-486] Changing DSP latency (root=add_ln245_42) to 3 in order to utilize available DSP registers.
INFO: [HLS 200-486] Changing DSP latency (root=add_ln245_41) to 3 in order to utilize available DSP registers.
INFO: [HLS 200-486] Changing DSP latency (root=add_ln245_40) to 3 in order to utilize available DSP registers.
INFO: [HLS 200-486] Changing DSP latency (root=add_ln245_39) to 3 in order to utilize available DSP registers.
INFO: [HLS 200-486] Changing DSP latency (root=add_ln245_38) to 3 in order to utilize available DSP registers.
INFO: [HLS 200-486] Changing DSP latency (root=add_ln245_37) to 3 in order to utilize available DSP registers.
INFO: [HLS 200-486] Changing DSP latency (root=add_ln245_36) to 3 in order to utilize available DSP registers.
INFO: [HLS 200-486] Changing DSP latency (root=add_ln245_35) to 3 in order to utilize available DSP registers.
INFO: [HLS 200-486] Changing DSP latency (root=add_ln245_34) to 3 in order to utilize available DSP registers.
INFO: [HLS 200-486] Changing DSP latency (root=add_ln245_33) to 3 in order to utilize available DSP registers.
INFO: [HLS 200-486] Changing DSP latency (root=add_ln245_32) to 3 in order to utilize available DSP registers.
INFO: [HLS 200-486] Changing DSP latency (root=add_ln245_31) to 3 in order to utilize available DSP registers.
INFO: [HLS 200-486] Changing DSP latency (root=add_ln245_30) to 3 in order to utilize available DSP registers.
INFO: [HLS 200-486] Changing DSP latency (root=add_ln245_29) to 3 in order to utilize available DSP registers.
INFO: [HLS 200-486] Changing DSP latency (root=add_ln245_28) to 3 in order to utilize available DSP registers.
INFO: [HLS 200-486] Changing DSP latency (root=add_ln245_27) to 3 in order to utilize available DSP registers.
INFO: [HLS 200-486] Changing DSP latency (root=add_ln245_26) to 3 in order to utilize available DSP registers.
INFO: [HLS 200-486] Changing DSP latency (root=add_ln245_25) to 3 in order to utilize available DSP registers.
INFO: [HLS 200-486] Changing DSP latency (root=add_ln245_24) to 3 in order to utilize available DSP registers.
INFO: [HLS 200-486] Changing DSP latency (root=add_ln245_23) to 3 in order to utilize available DSP registers.
INFO: [HLS 200-486] Changing DSP latency (root=add_ln245_22) to 3 in order to utilize available DSP registers.
INFO: [HLS 200-486] Changing DSP latency (root=add_ln245_21) to 3 in order to utilize available DSP registers.
INFO: [HLS 200-486] Changing DSP latency (root=add_ln245_20) to 3 in order to utilize available DSP registers.
INFO: [HLS 200-486] Changing DSP latency (root=add_ln245_19) to 3 in order to utilize available DSP registers.
INFO: [HLS 200-486] Changing DSP latency (root=add_ln245_18) to 3 in order to utilize available DSP registers.
INFO: [HLS 200-486] Changing DSP latency (root=add_ln245_17) to 3 in order to utilize available DSP registers.
INFO: [HLS 200-486] Changing DSP latency (root=add_ln245_16) to 3 in order to utilize available DSP registers.
INFO: [HLS 200-486] Changing DSP latency (root=add_ln245_15) to 3 in order to utilize available DSP registers.
INFO: [HLS 200-486] Changing DSP latency (root=add_ln245_14) to 3 in order to utilize available DSP registers.
INFO: [HLS 200-486] Changing DSP latency (root=add_ln245_13) to 3 in order to utilize available DSP registers.
INFO: [HLS 200-486] Changing DSP latency (root=add_ln245_12) to 3 in order to utilize available DSP registers.
INFO: [HLS 200-486] Changing DSP latency (root=add_ln245_11) to 3 in order to utilize available DSP registers.
INFO: [HLS 200-486] Changing DSP latency (root=add_ln245_10) to 3 in order to utilize available DSP registers.
INFO: [HLS 200-486] Changing DSP latency (root=add_ln245_9) to 3 in order to utilize available DSP registers.
INFO: [HLS 200-486] Changing DSP latency (root=add_ln245_8) to 3 in order to utilize available DSP registers.
INFO: [HLS 200-486] Changing DSP latency (root=add_ln245_7) to 3 in order to utilize available DSP registers.
INFO: [HLS 200-486] Changing DSP latency (root=add_ln245_6) to 3 in order to utilize available DSP registers.
INFO: [HLS 200-486] Changing DSP latency (root=add_ln245_5) to 3 in order to utilize available DSP registers.
INFO: [HLS 200-486] Changing DSP latency (root=add_ln245_4) to 3 in order to utilize available DSP registers.
INFO: [HLS 200-486] Changing DSP latency (root=add_ln245_3) to 3 in order to utilize available DSP registers.
INFO: [HLS 200-486] Changing DSP latency (root=add_ln245_2) to 3 in order to utilize available DSP registers.
INFO: [HLS 200-486] Changing DSP latency (root=add_ln245_1) to 3 in order to utilize available DSP registers.
INFO: [HLS 200-486] Changing DSP latency (root=add_ln245) to 3 in order to utilize available DSP registers.
WARNING: [HLS 200-2042] Usage of URAM can potentially cause worse II as Vitis HLS does not exploit read-first mode for URAMs. Consider using BRAMs instead.
WARNING: [HLS 200-2042] Usage of URAM can potentially cause worse II as Vitis HLS does not exploit read-first mode for URAMs. Consider using BRAMs instead.
WARNING: [HLS 200-2042] Usage of URAM can potentially cause worse II as Vitis HLS does not exploit read-first mode for URAMs. Consider using BRAMs instead.
WARNING: [HLS 200-2042] Usage of URAM can potentially cause worse II as Vitis HLS does not exploit read-first mode for URAMs. Consider using BRAMs instead.
WARNING: [HLS 200-2042] Usage of URAM can potentially cause worse II as Vitis HLS does not exploit read-first mode for URAMs. Consider using BRAMs instead.
WARNING: [HLS 200-2042] Usage of URAM can potentially cause worse II as Vitis HLS does not exploit read-first mode for URAMs. Consider using BRAMs instead.
WARNING: [HLS 200-2042] Usage of URAM can potentially cause worse II as Vitis HLS does not exploit read-first mode for URAMs. Consider using BRAMs instead.
WARNING: [HLS 200-2042] Usage of URAM can potentially cause worse II as Vitis HLS does not exploit read-first mode for URAMs. Consider using BRAMs instead.
WARNING: [HLS 200-2042] Usage of URAM can potentially cause worse II as Vitis HLS does not exploit read-first mode for URAMs. Consider using BRAMs instead.
WARNING: [HLS 200-2042] Usage of URAM can potentially cause worse II as Vitis HLS does not exploit read-first mode for URAMs. Consider using BRAMs instead.
WARNING: [HLS 200-2042] Usage of URAM can potentially cause worse II as Vitis HLS does not exploit read-first mode for URAMs. Consider using BRAMs instead.
WARNING: [HLS 200-2042] Usage of URAM can potentially cause worse II as Vitis HLS does not exploit read-first mode for URAMs. Consider using BRAMs instead.
WARNING: [HLS 200-2042] Usage of URAM can potentially cause worse II as Vitis HLS does not exploit read-first mode for URAMs. Consider using BRAMs instead.
WARNING: [HLS 200-2042] Usage of URAM can potentially cause worse II as Vitis HLS does not exploit read-first mode for URAMs. Consider using BRAMs instead.
WARNING: [HLS 200-2042] Usage of URAM can potentially cause worse II as Vitis HLS does not exploit read-first mode for URAMs. Consider using BRAMs instead.
WARNING: [HLS 200-2042] Usage of URAM can potentially cause worse II as Vitis HLS does not exploit read-first mode for URAMs. Consider using BRAMs instead.
WARNING: [HLS 200-2042] Usage of URAM can potentially cause worse II as Vitis HLS does not exploit read-first mode for URAMs. Consider using BRAMs instead.
WARNING: [HLS 200-2042] Usage of URAM can potentially cause worse II as Vitis HLS does not exploit read-first mode for URAMs. Consider using BRAMs instead.
WARNING: [HLS 200-2042] Usage of URAM can potentially cause worse II as Vitis HLS does not exploit read-first mode for URAMs. Consider using BRAMs instead.
WARNING: [HLS 200-2042] Usage of URAM can potentially cause worse II as Vitis HLS does not exploit read-first mode for URAMs. Consider using BRAMs instead.
WARNING: [HLS 200-2042] Usage of URAM can potentially cause worse II as Vitis HLS does not exploit read-first mode for URAMs. Consider using BRAMs instead.
WARNING: [HLS 200-2042] Usage of URAM can potentially cause worse II as Vitis HLS does not exploit read-first mode for URAMs. Consider using BRAMs instead.
WARNING: [HLS 200-2042] Usage of URAM can potentially cause worse II as Vitis HLS does not exploit read-first mode for URAMs. Consider using BRAMs instead.
WARNING: [HLS 200-2042] Usage of URAM can potentially cause worse II as Vitis HLS does not exploit read-first mode for URAMs. Consider using BRAMs instead.
INFO: [SCHED 204-61] Pipelining loop 'VITIS_LOOP_229_17'.
INFO: [HLS 200-1470] Pipelining result : Target II = 1, Final II = 1, Depth = 5, loop 'VITIS_LOOP_229_17'
INFO: [SCHED 204-11] Finished scheduling.
INFO: [HLS 200-111] Finished Scheduling: CPU user time: 1.75 seconds. CPU system time: 0.05 seconds. Elapsed time: 1.81 seconds; current allocated memory: 514.879 MB.
INFO: [BIND 205-100] Starting micro-architecture generation ...
INFO: [BIND 205-101] Performing variable lifetime analysis.
INFO: [BIND 205-101] Exploring resource sharing.
INFO: [BIND 205-101] Binding ...
INFO: [BIND 205-100] Finished micro-architecture generation.
INFO: [HLS 200-111] Finished Binding: CPU user time: 0.41 seconds. CPU system time: 0.01 seconds. Elapsed time: 0.42 seconds; current allocated memory: 514.879 MB.
INFO: [HLS 200-10] ----------------------------------------------------------------
INFO: [HLS 200-42] -- Implementing module 'rm13_w4a8_tile_Pipeline_VITIS_LOOP_250_20' 
INFO: [HLS 200-10] ----------------------------------------------------------------
INFO: [SCHED 204-11] Starting scheduling ...
INFO: [SCHED 204-61] Pipelining loop 'VITIS_LOOP_250_20'.
INFO: [HLS 200-1470] Pipelining result : Target II = 1, Final II = 1, Depth = 25, loop 'VITIS_LOOP_250_20'
WARNING: [HLS 200-871] Estimated clock period (4.664 ns) exceeds the target (target clock period: 5.000 ns, clock uncertainty: 1.350 ns, effective delay budget: 3.650 ns).
Resolution: For help on HLS 200-871 see docs.xilinx.com/access/sources/dita/topic?Doc_Version=2024.2%20English&url=ug1448-hls-guidance&resourceid=200-871.html
WARNING: [HLS 200-1016] The critical path in module 'rm13_w4a8_tile_Pipeline_VITIS_LOOP_250_20' consists of the following:
	wire read operation ('result_read', /home/zhiro/research/kv260-vlm-workers/RM13-H-integer/experiments/rm13/hardware/w4a8_tile.cpp:265) on port 'result' (/home/zhiro/research/kv260-vlm-workers/RM13-H-integer/experiments/rm13/hardware/w4a8_tile.cpp:265) [529]  (0.000 ns)
	'sparsemux' operation 32 bit ('tmp_20', /home/zhiro/research/kv260-vlm-workers/RM13-H-integer/experiments/rm13/hardware/w4a8_tile.cpp:265) [537]  (0.721 ns)
	'sparsemux' operation 32 bit ('tmp_36', /home/zhiro/research/kv260-vlm-workers/RM13-H-integer/experiments/rm13/hardware/w4a8_tile.cpp:265) [673]  (0.489 ns)
	'fadd' operation 32 bit ('result', /home/zhiro/research/kv260-vlm-workers/RM13-H-integer/experiments/rm13/hardware/w4a8_tile.cpp:265) [674]  (3.454 ns)

Resolution: For help on HLS 200-1016 see docs.xilinx.com/access/sources/dita/topic?Doc_Version=2024.2%20English&url=ug1448-hls-guidance&resourceid=200-1016.html
INFO: [SCHED 204-11] Finished scheduling.
INFO: [HLS 200-111] Finished Scheduling: CPU user time: 2.15 seconds. CPU system time: 0.01 seconds. Elapsed time: 2.16 seconds; current allocated memory: 522.691 MB.
INFO: [BIND 205-100] Starting micro-architecture generation ...
INFO: [BIND 205-101] Performing variable lifetime analysis.
INFO: [BIND 205-101] Exploring resource sharing.
INFO: [BIND 205-101] Binding ...
INFO: [BIND 205-100] Finished micro-architecture generation.
INFO: [HLS 200-111] Finished Binding: CPU user time: 0.2 seconds. CPU system time: 0.01 seconds. Elapsed time: 0.2 seconds; current allocated memory: 522.691 MB.
INFO: [HLS 200-10] ----------------------------------------------------------------
INFO: [HLS 200-42] -- Implementing module 'rm13_w4a8_tile' 
INFO: [HLS 200-10] ----------------------------------------------------------------
INFO: [SCHED 204-11] Starting scheduling ...
WARNING: [HLS 200-871] Estimated clock period (4.664 ns) exceeds the target (target clock period: 5.000 ns, clock uncertainty: 1.350 ns, effective delay budget: 3.650 ns).
Resolution: For help on HLS 200-871 see docs.xilinx.com/access/sources/dita/topic?Doc_Version=2024.2%20English&url=ug1448-hls-guidance&resourceid=200-871.html
WARNING: [HLS 200-1016] The critical path in module 'rm13_w4a8_tile' consists of the following:
	'load' operation 32 bit ('p_loc_load') on local variable 'p_loc' [1095]  (0.000 ns)
	'call' operation 0 bit ('_ln240', /home/zhiro/research/kv260-vlm-workers/RM13-H-integer/experiments/rm13/hardware/w4a8_tile.cpp:240) to 'rm13_w4a8_tile_Pipeline_VITIS_LOOP_250_20' [1255]  (4.664 ns)

Resolution: For help on HLS 200-1016 see docs.xilinx.com/access/sources/dita/topic?Doc_Version=2024.2%20English&url=ug1448-hls-guidance&resourceid=200-1016.html
INFO: [SCHED 204-11] Finished scheduling.
INFO: [HLS 200-111] Finished Scheduling: CPU user time: 18.88 seconds. CPU system time: 0.09 seconds. Elapsed time: 18.97 seconds; current allocated memory: 652.062 MB.
INFO: [BIND 205-100] Starting micro-architecture generation ...
INFO: [BIND 205-101] Performing variable lifetime analysis.
INFO: [BIND 205-101] Exploring resource sharing.
WARNING: [BIND 205-102] The specified resource core for memory 'ws_cache' will be ignored if a simpler one can be used.
WARNING: [BIND 205-102] The specified resource core for memory 'ws_cache_1' will be ignored if a simpler one can be used.
WARNING: [BIND 205-102] The specified resource core for memory 'ws_cache_2' will be ignored if a simpler one can be used.
WARNING: [BIND 205-102] The specified resource core for memory 'ws_cache_3' will be ignored if a simpler one can be used.
WARNING: [BIND 205-102] The specified resource core for memory 'ws_cache_4' will be ignored if a simpler one can be used.
WARNING: [BIND 205-102] The specified resource core for memory 'ws_cache_5' will be ignored if a simpler one can be used.
WARNING: [BIND 205-102] The specified resource core for memory 'ws_cache_6' will be ignored if a simpler one can be used.
WARNING: [BIND 205-102] The specified resource core for memory 'ws_cache_7' will be ignored if a simpler one can be used.
INFO: [BIND 205-101] Binding ...
INFO: [BIND 205-100] Finished micro-architecture generation.
INFO: [HLS 200-111] Finished Binding: CPU user time: 2.24 seconds. CPU system time: 0.02 seconds. Elapsed time: 2.27 seconds; current allocated memory: 652.062 MB.
INFO: [HLS 200-10] ----------------------------------------------------------------
INFO: [HLS 200-10] -- Generating RTL for module 'rm13_w4a8_tile_Pipeline_VITIS_LOOP_138_6' 
INFO: [HLS 200-10] ----------------------------------------------------------------
INFO: [HLS 200-1030] Apply Unified Pipeline Control on module 'rm13_w4a8_tile_Pipeline_VITIS_LOOP_138_6' pipeline 'VITIS_LOOP_138_6' pipeline type 'loop pipeline'
WARNING: [RTGEN 206-101] Setting dangling out port 'rm13_w4a8_tile_Pipeline_VITIS_LOOP_138_6/m_axi_gmem_x_0_ARVALID' to 0.
WARNING: [RTGEN 206-101] Setting dangling out port 'rm13_w4a8_tile_Pipeline_VITIS_LOOP_138_6/m_axi_gmem_x_0_ARADDR' to 0.
WARNING: [RTGEN 206-101] Setting dangling out port 'rm13_w4a8_tile_Pipeline_VITIS_LOOP_138_6/m_axi_gmem_x_0_ARID' to 0.
WARNING: [RTGEN 206-101] Setting dangling out port 'rm13_w4a8_tile_Pipeline_VITIS_LOOP_138_6/m_axi_gmem_x_0_ARLEN' to 0.
WARNING: [RTGEN 206-101] Setting dangling out port 'rm13_w4a8_tile_Pipeline_VITIS_LOOP_138_6/m_axi_gmem_x_0_ARSIZE' to 0.
WARNING: [RTGEN 206-101] Setting dangling out port 'rm13_w4a8_tile_Pipeline_VITIS_LOOP_138_6/m_axi_gmem_x_0_ARBURST' to 0.
WARNING: [RTGEN 206-101] Setting dangling out port 'rm13_w4a8_tile_Pipeline_VITIS_LOOP_138_6/m_axi_gmem_x_0_ARLOCK' to 0.
WARNING: [RTGEN 206-101] Setting dangling out port 'rm13_w4a8_tile_Pipeline_VITIS_LOOP_138_6/m_axi_gmem_x_0_ARCACHE' to 0.
WARNING: [RTGEN 206-101] Setting dangling out port 'rm13_w4a8_tile_Pipeline_VITIS_LOOP_138_6/m_axi_gmem_x_0_ARPROT' to 0.
WARNING: [RTGEN 206-101] Setting dangling out port 'rm13_w4a8_tile_Pipeline_VITIS_LOOP_138_6/m_axi_gmem_x_0_ARQOS' to 0.
WARNING: [RTGEN 206-101] Setting dangling out port 'rm13_w4a8_tile_Pipeline_VITIS_LOOP_138_6/m_axi_gmem_x_0_ARREGION' to 0.
WARNING: [RTGEN 206-101] Setting dangling out port 'rm13_w4a8_tile_Pipeline_VITIS_LOOP_138_6/m_axi_gmem_x_0_ARUSER' to 0.
INFO: [RTGEN 206-100] Finished creating RTL model for 'rm13_w4a8_tile_Pipeline_VITIS_LOOP_138_6'.
INFO: [HLS 200-111] Finished Creating RTL model: CPU user time: 1.16 seconds. CPU system time: 0.02 seconds. Elapsed time: 1.19 seconds; current allocated memory: 652.062 MB.
INFO: [HLS 200-10] ----------------------------------------------------------------
INFO: [HLS 200-10] -- Generating RTL for module 'rm13_w4a8_tile_Pipeline_VITIS_LOOP_146_7' 
INFO: [HLS 200-10] ----------------------------------------------------------------
INFO: [HLS 200-1030] Apply Unified Pipeline Control on module 'rm13_w4a8_tile_Pipeline_VITIS_LOOP_146_7' pipeline 'VITIS_LOOP_146_7' pipeline type 'loop pipeline'
INFO: [RTGEN 206-100] Generating core module 'fcmp_32ns_32ns_1_2_no_dsp_1': 8 instance(s).
INFO: [RTGEN 206-100] Generating core module 'sparsemux_33_4_255_1_1': 1 instance(s).
INFO: [RTGEN 206-100] Finished creating RTL model for 'rm13_w4a8_tile_Pipeline_VITIS_LOOP_146_7'.
INFO: [HLS 200-111] Finished Creating RTL model: CPU user time: 0.26 seconds. CPU system time: 0.01 seconds. Elapsed time: 0.27 seconds; current allocated memory: 652.062 MB.
INFO: [HLS 200-10] ----------------------------------------------------------------
INFO: [HLS 200-10] -- Generating RTL for module 'rm13_w4a8_tile_Pipeline_VITIS_LOOP_179_9' 
INFO: [HLS 200-10] ----------------------------------------------------------------
INFO: [HLS 200-1030] Apply Unified Pipeline Control on module 'rm13_w4a8_tile_Pipeline_VITIS_LOOP_179_9' pipeline 'VITIS_LOOP_179_9' pipeline type 'loop pipeline'
INFO: [RTGEN 206-100] Generating core module 'faddfsub_32ns_32ns_32_8_full_dsp_1': 1 instance(s).
INFO: [RTGEN 206-100] Generating core module 'fcmp_32ns_32ns_1_2_no_dsp_1': 3 instance(s).
INFO: [RTGEN 206-100] Generating core module 'fdiv_32ns_32ns_32_16_no_dsp_1': 1 instance(s).
INFO: [RTGEN 206-100] Generating core module 'partselect_32ns_256ns_32ns_32_1_1': 1 instance(s).
INFO: [RTGEN 206-100] Generating core module 'sitofp_32ns_32_6_no_dsp_1': 1 instance(s).
INFO: [RTGEN 206-100] Generating core module 'sparsemux_33_4_256_1_1': 1 instance(s).
INFO: [RTGEN 206-100] Finished creating RTL model for 'rm13_w4a8_tile_Pipeline_VITIS_LOOP_179_9'.
INFO: [HLS 200-111] Finished Creating RTL model: CPU user time: 0.34 seconds. CPU system time: 0.01 seconds. Elapsed time: 0.36 seconds; current allocated memory: 652.062 MB.
INFO: [HLS 200-10] ----------------------------------------------------------------
INFO: [HLS 200-10] -- Generating RTL for module 'rm13_w4a8_tile_Pipeline_VITIS_LOOP_116_3' 
INFO: [HLS 200-10] ----------------------------------------------------------------
INFO: [HLS 200-1030] Apply Unified Pipeline Control on module 'rm13_w4a8_tile_Pipeline_VITIS_LOOP_116_3' pipeline 'VITIS_LOOP_116_3' pipeline type 'loop pipeline'
WARNING: [RTGEN 206-101] Setting dangling out port 'rm13_w4a8_tile_Pipeline_VITIS_LOOP_116_3/m_axi_gmem_w_0_ARVALID' to 0.
WARNING: [RTGEN 206-101] Setting dangling out port 'rm13_w4a8_tile_Pipeline_VITIS_LOOP_116_3/m_axi_gmem_w_0_ARADDR' to 0.
WARNING: [RTGEN 206-101] Setting dangling out port 'rm13_w4a8_tile_Pipeline_VITIS_LOOP_116_3/m_axi_gmem_w_0_ARID' to 0.
WARNING: [RTGEN 206-101] Setting dangling out port 'rm13_w4a8_tile_Pipeline_VITIS_LOOP_116_3/m_axi_gmem_w_0_ARLEN' to 0.
WARNING: [RTGEN 206-101] Setting dangling out port 'rm13_w4a8_tile_Pipeline_VITIS_LOOP_116_3/m_axi_gmem_w_0_ARSIZE' to 0.
WARNING: [RTGEN 206-101] Setting dangling out port 'rm13_w4a8_tile_Pipeline_VITIS_LOOP_116_3/m_axi_gmem_w_0_ARBURST' to 0.
WARNING: [RTGEN 206-101] Setting dangling out port 'rm13_w4a8_tile_Pipeline_VITIS_LOOP_116_3/m_axi_gmem_w_0_ARLOCK' to 0.
WARNING: [RTGEN 206-101] Setting dangling out port 'rm13_w4a8_tile_Pipeline_VITIS_LOOP_116_3/m_axi_gmem_w_0_ARCACHE' to 0.
WARNING: [RTGEN 206-101] Setting dangling out port 'rm13_w4a8_tile_Pipeline_VITIS_LOOP_116_3/m_axi_gmem_w_0_ARPROT' to 0.
WARNING: [RTGEN 206-101] Setting dangling out port 'rm13_w4a8_tile_Pipeline_VITIS_LOOP_116_3/m_axi_gmem_w_0_ARQOS' to 0.
WARNING: [RTGEN 206-101] Setting dangling out port 'rm13_w4a8_tile_Pipeline_VITIS_LOOP_116_3/m_axi_gmem_w_0_ARREGION' to 0.
WARNING: [RTGEN 206-101] Setting dangling out port 'rm13_w4a8_tile_Pipeline_VITIS_LOOP_116_3/m_axi_gmem_w_0_ARUSER' to 0.
INFO: [RTGEN 206-100] Finished creating RTL model for 'rm13_w4a8_tile_Pipeline_VITIS_LOOP_116_3'.
INFO: [HLS 200-111] Finished Creating RTL model: CPU user time: 0.35 seconds. CPU system time: 0.01 seconds. Elapsed time: 0.35 seconds; current allocated memory: 652.062 MB.
INFO: [HLS 200-10] ----------------------------------------------------------------
INFO: [HLS 200-10] -- Generating RTL for module 'rm13_w4a8_tile_Pipeline_VITIS_LOOP_229_17' 
INFO: [HLS 200-10] ----------------------------------------------------------------
INFO: [HLS 200-1030] Apply Unified Pipeline Control on module 'rm13_w4a8_tile_Pipeline_VITIS_LOOP_229_17' pipeline 'VITIS_LOOP_229_17' pipeline type 'loop pipeline'
INFO: [RTGEN 206-104] Estimated max fanout for 'rm13_w4a8_tile_Pipeline_VITIS_LOOP_229_17' is 8196 from HDL expression: (1'b0 == ap_block_pp0_stage0_11001)
INFO: [RTGEN 206-100] Generating core module 'mac_muladd_8s_4s_32s_32_4_1': 128 instance(s).
INFO: [RTGEN 206-100] Generating core module 'partselect_4ns_128ns_32ns_4_1_1': 8 instance(s).
INFO: [RTGEN 206-100] Finished creating RTL model for 'rm13_w4a8_tile_Pipeline_VITIS_LOOP_229_17'.
INFO: [HLS 200-111] Finished Creating RTL model: CPU user time: 0.7 seconds. CPU system time: 0.01 seconds. Elapsed time: 0.7 seconds; current allocated memory: 652.062 MB.
INFO: [HLS 200-10] ----------------------------------------------------------------
INFO: [HLS 200-10] -- Generating RTL for module 'rm13_w4a8_tile_Pipeline_VITIS_LOOP_250_20' 
INFO: [HLS 200-10] ----------------------------------------------------------------
INFO: [HLS 200-1030] Apply Unified Pipeline Control on module 'rm13_w4a8_tile_Pipeline_VITIS_LOOP_250_20' pipeline 'VITIS_LOOP_250_20' pipeline type 'loop pipeline'
INFO: [RTGEN 206-100] Generating core module 'faddfsub_32ns_32ns_32_8_full_dsp_1': 1 instance(s).
INFO: [RTGEN 206-100] Generating core module 'fmul_32ns_32ns_32_5_max_dsp_1': 2 instance(s).
INFO: [RTGEN 206-100] Generating core module 'mul_31ns_32s_32_1_1': 1 instance(s).
INFO: [RTGEN 206-100] Generating core module 'sitofp_32ns_32_6_no_dsp_1': 1 instance(s).
INFO: [RTGEN 206-100] Generating core module 'sparsemux_17_3_32_1_1': 33 instance(s).
INFO: [RTGEN 206-100] Generating core module 'sparsemux_33_4_32_1_1': 3 instance(s).
INFO: [RTGEN 206-100] Finished creating RTL model for 'rm13_w4a8_tile_Pipeline_VITIS_LOOP_250_20'.
INFO: [HLS 200-111] Finished Creating RTL model: CPU user time: 1.18 seconds. CPU system time: 0.02 seconds. Elapsed time: 1.19 seconds; current allocated memory: 652.062 MB.
INFO: [HLS 200-10] ----------------------------------------------------------------
INFO: [HLS 200-10] -- Generating RTL for module 'rm13_w4a8_tile' 
INFO: [HLS 200-10] ----------------------------------------------------------------
WARNING: [RTGEN 206-101] Design contains AXI ports. Reset is fixed to synchronous and active low.
INFO: [RTGEN 206-500] Setting interface mode on port 'rm13_w4a8_tile/gmem_w' to 'm_axi'.
INFO: [RTGEN 206-500] Setting interface mode on port 'rm13_w4a8_tile/gmem_ws' to 'm_axi'.
INFO: [RTGEN 206-500] Setting interface mode on port 'rm13_w4a8_tile/gmem_x' to 'm_axi'.
INFO: [RTGEN 206-500] Setting interface mode on port 'rm13_w4a8_tile/gmem_y' to 'm_axi'.
INFO: [RTGEN 206-500] Setting interface mode on port 'rm13_w4a8_tile/gmem_p' to 'm_axi'.
INFO: [RTGEN 206-500] Setting interface mode on port 'rm13_w4a8_tile/gmem_xs' to 'm_axi'.
INFO: [RTGEN 206-500] Setting interface mode on port 'rm13_w4a8_tile/packed_w4' to 's_axilite & ap_none'.
INFO: [RTGEN 206-500] Setting interface mode on port 'rm13_w4a8_tile/weight_scales' to 's_axilite & ap_none'.
INFO: [RTGEN 206-500] Setting interface mode on port 'rm13_w4a8_tile/packed_x_f32' to 's_axilite & ap_none'.
INFO: [RTGEN 206-500] Setting interface mode on port 'rm13_w4a8_tile/output_f32' to 's_axilite & ap_none'.
INFO: [RTGEN 206-500] Setting interface mode on port 'rm13_w4a8_tile/group_partials_debug' to 's_axilite & ap_none'.
INFO: [RTGEN 206-500] Setting interface mode on port 'rm13_w4a8_tile/activation_scales_debug' to 's_axilite & ap_none'.
INFO: [RTGEN 206-500] Setting interface mode on port 'rm13_w4a8_tile/task_r' to 's_axilite & ap_none'.
INFO: [RTGEN 206-500] Setting interface mode on port 'rm13_w4a8_tile/active_m' to 's_axilite & ap_none'.
INFO: [RTGEN 206-500] Setting interface mode on port 'rm13_w4a8_tile/active_n' to 's_axilite & ap_none'.
INFO: [RTGEN 206-500] Setting interface mode on function 'rm13_w4a8_tile' to 's_axilite & ap_ctrl_hs'.
WARNING: [RTGEN 206-101] Register 'activation_ready' is power-on initialization.
WARNING: [RTGEN 206-101] Register 'cached_active_n' is power-on initialization.
INFO: [RTGEN 206-100] Bundling port 'return', 'packed_w4', 'packed_x_f32', 'output_f32', 'group_partials_debug', 'activation_scales_debug', 'task_r', 'active_m' and 'active_n' to AXI-Lite port control.
INFO: [RTGEN 206-100] Generating core module 'faddfsub_32ns_32ns_32_8_full_dsp_1': 1 instance(s).
INFO: [RTGEN 206-100] Generating core module 'fcmp_32ns_32ns_1_2_no_dsp_1': 3 instance(s).
INFO: [RTGEN 206-100] Generating core module 'fdiv_32ns_32ns_32_16_no_dsp_1': 1 instance(s).
INFO: [RTGEN 206-100] Generating core module 'mul_31ns_32s_62_1_1': 1 instance(s).
INFO: [RTGEN 206-100] Generating core module 'sitofp_32ns_32_6_no_dsp_1': 1 instance(s).
INFO: [RTGEN 206-100] Finished creating RTL model for 'rm13_w4a8_tile'.
INFO: [RTMG 210-278] Implementing memory 'rm13_w4a8_tile_xs_cache_RAM_2P_BRAM_1R1W' using block RAMs.
INFO: [RTMG 210-278] Implementing memory 'rm13_w4a8_tile_x_cache_RAM_2P_URAM_1R1W' using ultra RAMs.
INFO: [RTMG 210-278] Implementing memory 'rm13_w4a8_tile_w_cache_RAM_2P_URAM_1R1W' using ultra RAMs.
INFO: [RTMG 210-278] Implementing memory 'rm13_w4a8_tile_ws_cache_RAM_2P_BRAM_1R1W' using block RAMs.
INFO: [HLS 200-111] Finished Creating RTL model: CPU user time: 1.81 seconds. CPU system time: 0.04 seconds. Elapsed time: 1.85 seconds; current allocated memory: 684.402 MB.
INFO: [HLS 200-111] Finished Generating all RTL models: CPU user time: 4.19 seconds. CPU system time: 0.19 seconds. Elapsed time: 4.38 seconds; current allocated memory: 777.391 MB.
INFO: [HLS 200-1603] Design has inferred MAXI bursts and missed bursts, see Vitis HLS GUI synthesis summary report for detailed information.
INFO: [HLS 200-111] Finished Updating report files: CPU user time: 5.97 seconds. CPU system time: 0.07 seconds. Elapsed time: 6.03 seconds; current allocated memory: 814.242 MB.
INFO: [VHDL 208-304] Generating VHDL RTL for rm13_w4a8_tile.
INFO: [VLOG 209-307] Generating Verilog RTL for rm13_w4a8_tile.
INFO: [HLS 200-790] **** Loop Constraint Status: All loop constraints were satisfied.
INFO: [HLS 200-789] **** Estimated Fmax: 214.41 MHz
INFO: [HLS 200-2161] Finished Command csynth_design Elapsed time: 00:01:37; Allocated memory: 504.355 MB.
INFO: [HLS 200-1510] Running: cosim_design -rtl verilog 
INFO: [COSIM 212-47] Using XSIM for RTL simulation.
INFO: [COSIM 212-14] Instrumenting C test bench ...
   Build using "/home/zhiro/research/kv260-vlm/tools/Xilinx/Vitis/2024.2/vcxx/libexec//clang++"
   Compiling apatb_rm13_w4a8_tile.cpp
   Compiling tb_w4a8_tile.cpp_pre.cpp.tb.cpp
   Compiling w4a8_tile.cpp_pre.cpp.tb.cpp
   Compiling apatb_rm13_w4a8_tile_ir.ll
   Generating cosim.tv.exe
INFO: [COSIM 212-302] Starting C TB testing ... 
case M=7 N=3: exact int32 partials=714, exact activation scales=102, F32 outputs within 2e-5 relative/absolute floor; bitwise=21/21
edge checks: offline packed-W4 validator rejects -8; nonfinite X requests fallback before Y writes
INFO: [COSIM 212-333] Generating C post check test bench ...
INFO: [COSIM 212-12] Generating RTL test bench ...
WARNING: /home/zhiro/research/kv260-vlm/tools/Xilinx/Vivado/2024.2/tps/lnx64/jre11.0.16_1 does not exist.

****** Vivado v2024.2 (64-bit)
  **** SW Build 5239630 on Fri Nov 08 22:34:34 MST 2024
  **** IP Build 5239520 on Sun Nov 10 16:12:51 MST 2024
  **** SharedData Build 5239561 on Fri Nov 08 14:39:27 MST 2024
  **** Start of session at: Sat Sep 26 21:09:55 2026
    ** Copyright 1986-2022 Xilinx, Inc. All Rights Reserved.
    ** Copyright 2022-2024 Advanced Micro Devices, Inc. All Rights Reserved.

source run_vivado_gen_ip.tcl -notrace
create_project: Time (s): cpu = 00:00:09 ; elapsed = 00:00:09 . Memory (MB): peak = 1450.570 ; gain = 0.027 ; free physical = 287 ; free virtual = 24631
INFO: [IP_Flow 19-234] Refreshing IP repositories
INFO: [IP_Flow 19-1704] No user IP repositories specified
INFO: [IP_Flow 19-2313] Loaded Vivado IP repository '/home/zhiro/research/kv260-vlm/tools/Xilinx/Vivado/2024.2/data/ip'.
INFO: [IP_Flow 19-1686] Generating 'Synthesis' target for IP 'rm13_w4a8_tile_faddfsub_32ns_32ns_32_8_full_dsp_1_ip'...
INFO: [IP_Flow 19-1686] Generating 'Simulation' target for IP 'rm13_w4a8_tile_faddfsub_32ns_32ns_32_8_full_dsp_1_ip'...
INFO: [IP_Flow 19-1686] Generating 'Synthesis' target for IP 'rm13_w4a8_tile_fdiv_32ns_32ns_32_16_no_dsp_1_ip'...
INFO: [IP_Flow 19-1686] Generating 'Simulation' target for IP 'rm13_w4a8_tile_fdiv_32ns_32ns_32_16_no_dsp_1_ip'...
INFO: [IP_Flow 19-1686] Generating 'Synthesis' target for IP 'rm13_w4a8_tile_sitofp_32ns_32_6_no_dsp_1_ip'...
INFO: [IP_Flow 19-1686] Generating 'Simulation' target for IP 'rm13_w4a8_tile_sitofp_32ns_32_6_no_dsp_1_ip'...
INFO: [IP_Flow 19-1686] Generating 'Synthesis' target for IP 'rm13_w4a8_tile_fmul_32ns_32ns_32_5_max_dsp_1_ip'...
INFO: [IP_Flow 19-1686] Generating 'Simulation' target for IP 'rm13_w4a8_tile_fmul_32ns_32ns_32_5_max_dsp_1_ip'...
INFO: [IP_Flow 19-1686] Generating 'Synthesis' target for IP 'rm13_w4a8_tile_fcmp_32ns_32ns_1_2_no_dsp_1_ip'...
INFO: [IP_Flow 19-1686] Generating 'Simulation' target for IP 'rm13_w4a8_tile_fcmp_32ns_32ns_1_2_no_dsp_1_ip'...
INFO: [Common 17-206] Exiting Vivado at Sat Sep 26 21:10:17 2026...
INFO: [COSIM 212-1] *** C/RTL co-simulation file generation completed. ***
INFO: [COSIM 212-323] Starting verilog simulation. 
INFO: [COSIM 212-15] Starting XSIM ...
Vivado Simulator v2024.2.0
Copyright 1986-2022 Xilinx, Inc. All Rights Reserved.
Copyright 2022-2024 Advanced Micro Devices, Inc. All Rights Reserved.
Running: /home/zhiro/research/kv260-vlm/tools/Xilinx/Vivado/2024.2/bin/unwrapped/lnx64.o/xelab xil_defaultlib.apatb_rm13_w4a8_tile_top glbl -Oenable_linking_all_libraries -prj rm13_w4a8_tile.prj -L smartconnect_v1_0 -L axi_protocol_checker_v1_1_12 -L axi_protocol_checker_v1_1_13 -L axis_protocol_checker_v1_1_11 -L axis_protocol_checker_v1_1_12 -L xil_defaultlib -L unisims_ver -L xpm -L floating_point_v7_0_24 -L floating_point_v7_1_19 --lib ieee_proposed=./ieee_proposed -s rm13_w4a8_tile 
Multi-threading is on. Using 22 slave threads.
WARNING: [XSIM 43-3431] One or more environment variables have been detected which affect the operation of the C compiler. These are typically not set in standard installations and are not tested by AMD, however they may be appropriate for your system, so the flow will attempt to continue.  If errors occur, try running xelab with the "-mt off -v 1" switches to see more information from the C compiler. The following environment variables have been detected:
    LIBRARY_PATH
INFO: [VRFC 10-2263] Analyzing SystemVerilog file "/tmp/rm13-w4a8-k4304-20260926T130722Z-184180/project/solution1/sim/verilog/ip/xil_defaultlib/rm13_w4a8_tile_faddfsub_32ns_32ns_32_8_full_dsp_1_ip.v" into library xil_defaultlib
INFO: [VRFC 10-311] analyzing module rm13_w4a8_tile_faddfsub_32ns_32ns_32_8_full_dsp_1_ip
INFO: [VRFC 10-2263] Analyzing SystemVerilog file "/tmp/rm13-w4a8-k4304-20260926T130722Z-184180/project/solution1/sim/verilog/ip/xil_defaultlib/rm13_w4a8_tile_fdiv_32ns_32ns_32_16_no_dsp_1_ip.v" into library xil_defaultlib
INFO: [VRFC 10-311] analyzing module rm13_w4a8_tile_fdiv_32ns_32ns_32_16_no_dsp_1_ip
INFO: [VRFC 10-2263] Analyzing SystemVerilog file "/tmp/rm13-w4a8-k4304-20260926T130722Z-184180/project/solution1/sim/verilog/ip/xil_defaultlib/rm13_w4a8_tile_sitofp_32ns_32_6_no_dsp_1_ip.v" into library xil_defaultlib
INFO: [VRFC 10-311] analyzing module rm13_w4a8_tile_sitofp_32ns_32_6_no_dsp_1_ip
INFO: [VRFC 10-2263] Analyzing SystemVerilog file "/tmp/rm13-w4a8-k4304-20260926T130722Z-184180/project/solution1/sim/verilog/ip/xil_defaultlib/rm13_w4a8_tile_fmul_32ns_32ns_32_5_max_dsp_1_ip.v" into library xil_defaultlib
INFO: [VRFC 10-311] analyzing module rm13_w4a8_tile_fmul_32ns_32ns_32_5_max_dsp_1_ip
INFO: [VRFC 10-2263] Analyzing SystemVerilog file "/tmp/rm13-w4a8-k4304-20260926T130722Z-184180/project/solution1/sim/verilog/ip/xil_defaultlib/rm13_w4a8_tile_fcmp_32ns_32ns_1_2_no_dsp_1_ip.v" into library xil_defaultlib
INFO: [VRFC 10-311] analyzing module rm13_w4a8_tile_fcmp_32ns_32ns_1_2_no_dsp_1_ip
INFO: [VRFC 10-2263] Analyzing SystemVerilog file "/tmp/rm13-w4a8-k4304-20260926T130722Z-184180/project/solution1/sim/verilog/glbl.v" into library work
INFO: [VRFC 10-311] analyzing module glbl
INFO: [VRFC 10-2263] Analyzing SystemVerilog file "/tmp/rm13-w4a8-k4304-20260926T130722Z-184180/project/solution1/sim/verilog/rm13_w4a8_tile_flow_control_loop_pipe_sequential_init.v" into library xil_defaultlib
INFO: [VRFC 10-311] analyzing module rm13_w4a8_tile_flow_control_loop_pipe_sequential_init
INFO: [VRFC 10-2263] Analyzing SystemVerilog file "/tmp/rm13-w4a8-k4304-20260926T130722Z-184180/project/solution1/sim/verilog/rm13_w4a8_tile_mul_31ns_32s_62_1_1.v" into library xil_defaultlib
INFO: [VRFC 10-311] analyzing module rm13_w4a8_tile_mul_31ns_32s_62_1_1
INFO: [VRFC 10-2263] Analyzing SystemVerilog file "/tmp/rm13-w4a8-k4304-20260926T130722Z-184180/project/solution1/sim/verilog/rm13_w4a8_tile_gmem_ws_m_axi.v" into library xil_defaultlib
INFO: [VRFC 10-311] analyzing module rm13_w4a8_tile_gmem_ws_m_axi
INFO: [VRFC 10-311] analyzing module rm13_w4a8_tile_gmem_ws_m_axi_load
INFO: [VRFC 10-311] analyzing module rm13_w4a8_tile_gmem_ws_m_axi_store
INFO: [VRFC 10-311] analyzing module rm13_w4a8_tile_gmem_ws_m_axi_read
INFO: [VRFC 10-311] analyzing module rm13_w4a8_tile_gmem_ws_m_axi_write
INFO: [VRFC 10-311] analyzing module rm13_w4a8_tile_gmem_ws_m_axi_burst_converter
INFO: [VRFC 10-311] analyzing module rm13_w4a8_tile_gmem_ws_m_axi_throttle
INFO: [VRFC 10-311] analyzing module rm13_w4a8_tile_gmem_ws_m_axi_reg_slice
INFO: [VRFC 10-311] analyzing module rm13_w4a8_tile_gmem_ws_m_axi_fifo
INFO: [VRFC 10-311] analyzing module rm13_w4a8_tile_gmem_ws_m_axi_srl
INFO: [VRFC 10-311] analyzing module rm13_w4a8_tile_gmem_ws_m_axi_mem
INFO: [VRFC 10-2263] Analyzing SystemVerilog file "/tmp/rm13-w4a8-k4304-20260926T130722Z-184180/project/solution1/sim/verilog/rm13_w4a8_tile_rm13_w4a8_tile_Pipeline_VITIS_LOOP_250_20.v" into library xil_defaultlib
INFO: [VRFC 10-311] analyzing module rm13_w4a8_tile_rm13_w4a8_tile_Pipeline_VITIS_LOOP_250_20
INFO: [VRFC 10-2263] Analyzing SystemVerilog file "/tmp/rm13-w4a8-k4304-20260926T130722Z-184180/project/solution1/sim/verilog/rm13_w4a8_tile_gmem_xs_m_axi.v" into library xil_defaultlib
INFO: [VRFC 10-311] analyzing module rm13_w4a8_tile_gmem_xs_m_axi
INFO: [VRFC 10-311] analyzing module rm13_w4a8_tile_gmem_xs_m_axi_load
INFO: [VRFC 10-311] analyzing module rm13_w4a8_tile_gmem_xs_m_axi_store
INFO: [VRFC 10-311] analyzing module rm13_w4a8_tile_gmem_xs_m_axi_read
INFO: [VRFC 10-311] analyzing module rm13_w4a8_tile_gmem_xs_m_axi_write
INFO: [VRFC 10-311] analyzing module rm13_w4a8_tile_gmem_xs_m_axi_burst_converter
INFO: [VRFC 10-311] analyzing module rm13_w4a8_tile_gmem_xs_m_axi_throttle
INFO: [VRFC 10-311] analyzing module rm13_w4a8_tile_gmem_xs_m_axi_reg_slice
INFO: [VRFC 10-311] analyzing module rm13_w4a8_tile_gmem_xs_m_axi_fifo
INFO: [VRFC 10-311] analyzing module rm13_w4a8_tile_gmem_xs_m_axi_srl
INFO: [VRFC 10-311] analyzing module rm13_w4a8_tile_gmem_xs_m_axi_mem
INFO: [VRFC 10-2263] Analyzing SystemVerilog file "/tmp/rm13-w4a8-k4304-20260926T130722Z-184180/project/solution1/sim/verilog/AESL_axi_master_gmem_x.v" into library xil_defaultlib
INFO: [VRFC 10-311] analyzing module AESL_axi_master_gmem_x
INFO: [VRFC 10-2263] Analyzing SystemVerilog file "/tmp/rm13-w4a8-k4304-20260926T130722Z-184180/project/solution1/sim/verilog/AESL_axi_master_gmem_xs.v" into library xil_defaultlib
INFO: [VRFC 10-311] analyzing module AESL_axi_master_gmem_xs
INFO: [VRFC 10-2263] Analyzing SystemVerilog file "/tmp/rm13-w4a8-k4304-20260926T130722Z-184180/project/solution1/sim/verilog/rm13_w4a8_tile_rm13_w4a8_tile_Pipeline_VITIS_LOOP_116_3.v" into library xil_defaultlib
INFO: [VRFC 10-311] analyzing module rm13_w4a8_tile_rm13_w4a8_tile_Pipeline_VITIS_LOOP_116_3
INFO: [VRFC 10-2263] Analyzing SystemVerilog file "/tmp/rm13-w4a8-k4304-20260926T130722Z-184180/project/solution1/sim/verilog/AESL_axi_slave_control.v" into library xil_defaultlib
INFO: [VRFC 10-311] analyzing module AESL_axi_slave_control
INFO: [VRFC 10-2263] Analyzing SystemVerilog file "/tmp/rm13-w4a8-k4304-20260926T130722Z-184180/project/solution1/sim/verilog/rm13_w4a8_tile_gmem_x_m_axi.v" into library xil_defaultlib
INFO: [VRFC 10-311] analyzing module rm13_w4a8_tile_gmem_x_m_axi
INFO: [VRFC 10-311] analyzing module rm13_w4a8_tile_gmem_x_m_axi_load
INFO: [VRFC 10-311] analyzing module rm13_w4a8_tile_gmem_x_m_axi_store
INFO: [VRFC 10-311] analyzing module rm13_w4a8_tile_gmem_x_m_axi_read
INFO: [VRFC 10-311] analyzing module rm13_w4a8_tile_gmem_x_m_axi_write
INFO: [VRFC 10-311] analyzing module rm13_w4a8_tile_gmem_x_m_axi_burst_converter
INFO: [VRFC 10-311] analyzing module rm13_w4a8_tile_gmem_x_m_axi_throttle
INFO: [VRFC 10-311] analyzing module rm13_w4a8_tile_gmem_x_m_axi_reg_slice
INFO: [VRFC 10-311] analyzing module rm13_w4a8_tile_gmem_x_m_axi_fifo
INFO: [VRFC 10-311] analyzing module rm13_w4a8_tile_gmem_x_m_axi_srl
INFO: [VRFC 10-311] analyzing module rm13_w4a8_tile_gmem_x_m_axi_mem
INFO: [VRFC 10-2263] Analyzing SystemVerilog file "/tmp/rm13-w4a8-k4304-20260926T130722Z-184180/project/solution1/sim/verilog/rm13_w4a8_tile_mac_muladd_8s_4s_32s_32_4_1.v" into library xil_defaultlib
INFO: [VRFC 10-311] analyzing module rm13_w4a8_tile_mac_muladd_8s_4s_32s_32_4_1_DSP48_0
INFO: [VRFC 10-311] analyzing module rm13_w4a8_tile_mac_muladd_8s_4s_32s_32_4_1
INFO: [VRFC 10-2263] Analyzing SystemVerilog file "/tmp/rm13-w4a8-k4304-20260926T130722Z-184180/project/solution1/sim/verilog/rm13_w4a8_tile_partselect_4ns_128ns_32ns_4_1_1.v" into library xil_defaultlib
INFO: [VRFC 10-311] analyzing module rm13_w4a8_tile_partselect_4ns_128ns_32ns_4_1_1
INFO: [VRFC 10-2263] Analyzing SystemVerilog file "/tmp/rm13-w4a8-k4304-20260926T130722Z-184180/project/solution1/sim/verilog/rm13_w4a8_tile_sparsemux_33_4_256_1_1.v" into library xil_defaultlib
INFO: [VRFC 10-311] analyzing module rm13_w4a8_tile_sparsemux_33_4_256_1_1
INFO: [VRFC 10-2263] Analyzing SystemVerilog file "/tmp/rm13-w4a8-k4304-20260926T130722Z-184180/project/solution1/sim/verilog/rm13_w4a8_tile_gmem_p_m_axi.v" into library xil_defaultlib
INFO: [VRFC 10-311] analyzing module rm13_w4a8_tile_gmem_p_m_axi
INFO: [VRFC 10-311] analyzing module rm13_w4a8_tile_gmem_p_m_axi_load
INFO: [VRFC 10-311] analyzing module rm13_w4a8_tile_gmem_p_m_axi_store
INFO: [VRFC 10-311] analyzing module rm13_w4a8_tile_gmem_p_m_axi_read
INFO: [VRFC 10-311] analyzing module rm13_w4a8_tile_gmem_p_m_axi_write
INFO: [VRFC 10-311] analyzing module rm13_w4a8_tile_gmem_p_m_axi_burst_converter
INFO: [VRFC 10-311] analyzing module rm13_w4a8_tile_gmem_p_m_axi_throttle
INFO: [VRFC 10-311] analyzing module rm13_w4a8_tile_gmem_p_m_axi_reg_slice
INFO: [VRFC 10-311] analyzing module rm13_w4a8_tile_gmem_p_m_axi_fifo
INFO: [VRFC 10-311] analyzing module rm13_w4a8_tile_gmem_p_m_axi_srl
INFO: [VRFC 10-311] analyzing module rm13_w4a8_tile_gmem_p_m_axi_mem
INFO: [VRFC 10-2263] Analyzing SystemVerilog file "/tmp/rm13-w4a8-k4304-20260926T130722Z-184180/project/solution1/sim/verilog/rm13_w4a8_tile_fmul_32ns_32ns_32_5_max_dsp_1.v" into library xil_defaultlib
INFO: [VRFC 10-311] analyzing module rm13_w4a8_tile_fmul_32ns_32ns_32_5_max_dsp_1
INFO: [VRFC 10-2263] Analyzing SystemVerilog file "/tmp/rm13-w4a8-k4304-20260926T130722Z-184180/project/solution1/sim/verilog/rm13_w4a8_tile_fcmp_32ns_32ns_1_2_no_dsp_1.v" into library xil_defaultlib
INFO: [VRFC 10-311] analyzing module rm13_w4a8_tile_fcmp_32ns_32ns_1_2_no_dsp_1
INFO: [VRFC 10-2263] Analyzing SystemVerilog file "/tmp/rm13-w4a8-k4304-20260926T130722Z-184180/project/solution1/sim/verilog/rm13_w4a8_tile_faddfsub_32ns_32ns_32_8_full_dsp_1.v" into library xil_defaultlib
INFO: [VRFC 10-311] analyzing module rm13_w4a8_tile_faddfsub_32ns_32ns_32_8_full_dsp_1
INFO: [VRFC 10-2263] Analyzing SystemVerilog file "/tmp/rm13-w4a8-k4304-20260926T130722Z-184180/project/solution1/sim/verilog/rm13_w4a8_tile_sparsemux_17_3_32_1_1.v" into library xil_defaultlib
INFO: [VRFC 10-311] analyzing module rm13_w4a8_tile_sparsemux_17_3_32_1_1
INFO: [VRFC 10-2263] Analyzing SystemVerilog file "/tmp/rm13-w4a8-k4304-20260926T130722Z-184180/project/solution1/sim/verilog/rm13_w4a8_tile.autotb.v" into library xil_defaultlib
INFO: [VRFC 10-311] analyzing module apatb_rm13_w4a8_tile_top
INFO: [VRFC 10-2263] Analyzing SystemVerilog file "/tmp/rm13-w4a8-k4304-20260926T130722Z-184180/project/solution1/sim/verilog/rm13_w4a8_tile_rm13_w4a8_tile_Pipeline_VITIS_LOOP_138_6.v" into library xil_defaultlib
INFO: [VRFC 10-311] analyzing module rm13_w4a8_tile_rm13_w4a8_tile_Pipeline_VITIS_LOOP_138_6
INFO: [VRFC 10-2263] Analyzing SystemVerilog file "/tmp/rm13-w4a8-k4304-20260926T130722Z-184180/project/solution1/sim/verilog/rm13_w4a8_tile_rm13_w4a8_tile_Pipeline_VITIS_LOOP_179_9.v" into library xil_defaultlib
INFO: [VRFC 10-311] analyzing module rm13_w4a8_tile_rm13_w4a8_tile_Pipeline_VITIS_LOOP_179_9
INFO: [VRFC 10-2263] Analyzing SystemVerilog file "/tmp/rm13-w4a8-k4304-20260926T130722Z-184180/project/solution1/sim/verilog/rm13_w4a8_tile_rm13_w4a8_tile_Pipeline_VITIS_LOOP_146_7.v" into library xil_defaultlib
INFO: [VRFC 10-311] analyzing module rm13_w4a8_tile_rm13_w4a8_tile_Pipeline_VITIS_LOOP_146_7
INFO: [VRFC 10-2263] Analyzing SystemVerilog file "/tmp/rm13-w4a8-k4304-20260926T130722Z-184180/project/solution1/sim/verilog/rm13_w4a8_tile_w_cache_RAM_2P_URAM_1R1W.v" into library xil_defaultlib
INFO: [VRFC 10-311] analyzing module rm13_w4a8_tile_w_cache_RAM_2P_URAM_1R1W
INFO: [VRFC 10-2263] Analyzing SystemVerilog file "/tmp/rm13-w4a8-k4304-20260926T130722Z-184180/project/solution1/sim/verilog/rm13_w4a8_tile_sparsemux_33_4_255_1_1.v" into library xil_defaultlib
INFO: [VRFC 10-311] analyzing module rm13_w4a8_tile_sparsemux_33_4_255_1_1
INFO: [VRFC 10-2263] Analyzing SystemVerilog file "/tmp/rm13-w4a8-k4304-20260926T130722Z-184180/project/solution1/sim/verilog/rm13_w4a8_tile_gmem_y_m_axi.v" into library xil_defaultlib
INFO: [VRFC 10-311] analyzing module rm13_w4a8_tile_gmem_y_m_axi
INFO: [VRFC 10-311] analyzing module rm13_w4a8_tile_gmem_y_m_axi_load
INFO: [VRFC 10-311] analyzing module rm13_w4a8_tile_gmem_y_m_axi_store
INFO: [VRFC 10-311] analyzing module rm13_w4a8_tile_gmem_y_m_axi_read
INFO: [VRFC 10-311] analyzing module rm13_w4a8_tile_gmem_y_m_axi_write
INFO: [VRFC 10-311] analyzing module rm13_w4a8_tile_gmem_y_m_axi_burst_converter
INFO: [VRFC 10-311] analyzing module rm13_w4a8_tile_gmem_y_m_axi_throttle
INFO: [VRFC 10-311] analyzing module rm13_w4a8_tile_gmem_y_m_axi_reg_slice
INFO: [VRFC 10-311] analyzing module rm13_w4a8_tile_gmem_y_m_axi_fifo
INFO: [VRFC 10-311] analyzing module rm13_w4a8_tile_gmem_y_m_axi_srl
INFO: [VRFC 10-311] analyzing module rm13_w4a8_tile_gmem_y_m_axi_mem
INFO: [VRFC 10-2263] Analyzing SystemVerilog file "/tmp/rm13-w4a8-k4304-20260926T130722Z-184180/project/solution1/sim/verilog/rm13_w4a8_tile_rm13_w4a8_tile_Pipeline_VITIS_LOOP_229_17.v" into library xil_defaultlib
INFO: [VRFC 10-311] analyzing module rm13_w4a8_tile_rm13_w4a8_tile_Pipeline_VITIS_LOOP_229_17
INFO: [VRFC 10-2263] Analyzing SystemVerilog file "/tmp/rm13-w4a8-k4304-20260926T130722Z-184180/project/solution1/sim/verilog/rm13_w4a8_tile.v" into library xil_defaultlib
INFO: [VRFC 10-311] analyzing module rm13_w4a8_tile
INFO: [VRFC 10-2263] Analyzing SystemVerilog file "/tmp/rm13-w4a8-k4304-20260926T130722Z-184180/project/solution1/sim/verilog/rm13_w4a8_tile_sitofp_32ns_32_6_no_dsp_1.v" into library xil_defaultlib
INFO: [VRFC 10-311] analyzing module rm13_w4a8_tile_sitofp_32ns_32_6_no_dsp_1
INFO: [VRFC 10-2263] Analyzing SystemVerilog file "/tmp/rm13-w4a8-k4304-20260926T130722Z-184180/project/solution1/sim/verilog/AESL_axi_master_gmem_p.v" into library xil_defaultlib
INFO: [VRFC 10-311] analyzing module AESL_axi_master_gmem_p
INFO: [VRFC 10-2263] Analyzing SystemVerilog file "/tmp/rm13-w4a8-k4304-20260926T130722Z-184180/project/solution1/sim/verilog/rm13_w4a8_tile_mul_31ns_32s_32_1_1.v" into library xil_defaultlib
INFO: [VRFC 10-311] analyzing module rm13_w4a8_tile_mul_31ns_32s_32_1_1
INFO: [VRFC 10-2263] Analyzing SystemVerilog file "/tmp/rm13-w4a8-k4304-20260926T130722Z-184180/project/solution1/sim/verilog/rm13_w4a8_tile_xs_cache_RAM_2P_BRAM_1R1W.v" into library xil_defaultlib
INFO: [VRFC 10-311] analyzing module rm13_w4a8_tile_xs_cache_RAM_2P_BRAM_1R1W
INFO: [VRFC 10-2263] Analyzing SystemVerilog file "/tmp/rm13-w4a8-k4304-20260926T130722Z-184180/project/solution1/sim/verilog/rm13_w4a8_tile_gmem_w_m_axi.v" into library xil_defaultlib
INFO: [VRFC 10-311] analyzing module rm13_w4a8_tile_gmem_w_m_axi
INFO: [VRFC 10-311] analyzing module rm13_w4a8_tile_gmem_w_m_axi_load
INFO: [VRFC 10-311] analyzing module rm13_w4a8_tile_gmem_w_m_axi_store
INFO: [VRFC 10-311] analyzing module rm13_w4a8_tile_gmem_w_m_axi_read
INFO: [VRFC 10-311] analyzing module rm13_w4a8_tile_gmem_w_m_axi_write
INFO: [VRFC 10-311] analyzing module rm13_w4a8_tile_gmem_w_m_axi_burst_converter
INFO: [VRFC 10-311] analyzing module rm13_w4a8_tile_gmem_w_m_axi_throttle
INFO: [VRFC 10-311] analyzing module rm13_w4a8_tile_gmem_w_m_axi_reg_slice
INFO: [VRFC 10-311] analyzing module rm13_w4a8_tile_gmem_w_m_axi_fifo
INFO: [VRFC 10-311] analyzing module rm13_w4a8_tile_gmem_w_m_axi_srl
INFO: [VRFC 10-311] analyzing module rm13_w4a8_tile_gmem_w_m_axi_mem
INFO: [VRFC 10-2263] Analyzing SystemVerilog file "/tmp/rm13-w4a8-k4304-20260926T130722Z-184180/project/solution1/sim/verilog/rm13_w4a8_tile_control_s_axi.v" into library xil_defaultlib
INFO: [VRFC 10-311] analyzing module rm13_w4a8_tile_control_s_axi
INFO: [VRFC 10-2263] Analyzing SystemVerilog file "/tmp/rm13-w4a8-k4304-20260926T130722Z-184180/project/solution1/sim/verilog/rm13_w4a8_tile_ws_cache_RAM_2P_BRAM_1R1W.v" into library xil_defaultlib
INFO: [VRFC 10-311] analyzing module rm13_w4a8_tile_ws_cache_RAM_2P_BRAM_1R1W
INFO: [VRFC 10-2263] Analyzing SystemVerilog file "/tmp/rm13-w4a8-k4304-20260926T130722Z-184180/project/solution1/sim/verilog/rm13_w4a8_tile_sparsemux_33_4_32_1_1.v" into library xil_defaultlib
INFO: [VRFC 10-311] analyzing module rm13_w4a8_tile_sparsemux_33_4_32_1_1
INFO: [VRFC 10-2263] Analyzing SystemVerilog file "/tmp/rm13-w4a8-k4304-20260926T130722Z-184180/project/solution1/sim/verilog/AESL_axi_master_gmem_ws.v" into library xil_defaultlib
INFO: [VRFC 10-311] analyzing module AESL_axi_master_gmem_ws
INFO: [VRFC 10-2263] Analyzing SystemVerilog file "/tmp/rm13-w4a8-k4304-20260926T130722Z-184180/project/solution1/sim/verilog/rm13_w4a8_tile_partselect_32ns_256ns_32ns_32_1_1.v" into library xil_defaultlib
INFO: [VRFC 10-311] analyzing module rm13_w4a8_tile_partselect_32ns_256ns_32ns_32_1_1
INFO: [VRFC 10-2263] Analyzing SystemVerilog file "/tmp/rm13-w4a8-k4304-20260926T130722Z-184180/project/solution1/sim/verilog/AESL_axi_master_gmem_w.v" into library xil_defaultlib
INFO: [VRFC 10-311] analyzing module AESL_axi_master_gmem_w
INFO: [VRFC 10-2263] Analyzing SystemVerilog file "/tmp/rm13-w4a8-k4304-20260926T130722Z-184180/project/solution1/sim/verilog/rm13_w4a8_tile_x_cache_RAM_2P_URAM_1R1W.v" into library xil_defaultlib
INFO: [VRFC 10-311] analyzing module rm13_w4a8_tile_x_cache_RAM_2P_URAM_1R1W
INFO: [VRFC 10-2263] Analyzing SystemVerilog file "/tmp/rm13-w4a8-k4304-20260926T130722Z-184180/project/solution1/sim/verilog/rm13_w4a8_tile_fdiv_32ns_32ns_32_16_no_dsp_1.v" into library xil_defaultlib
INFO: [VRFC 10-311] analyzing module rm13_w4a8_tile_fdiv_32ns_32ns_32_16_no_dsp_1
INFO: [VRFC 10-2263] Analyzing SystemVerilog file "/tmp/rm13-w4a8-k4304-20260926T130722Z-184180/project/solution1/sim/verilog/AESL_axi_master_gmem_y.v" into library xil_defaultlib
INFO: [VRFC 10-311] analyzing module AESL_axi_master_gmem_y
INFO: [VRFC 10-2263] Analyzing SystemVerilog file "/tmp/rm13-w4a8-k4304-20260926T130722Z-184180/project/solution1/sim/verilog/dataflow_monitor.sv" into library xil_defaultlib
INFO: [VRFC 10-311] analyzing module dataflow_monitor
Starting static elaboration
Pass Through NonSizing Optimizer
Completed static elaboration
Starting simulation data flow analysis
Completed simulation data flow analysis
Time Resolution for simulation is 1ps
Compiling package std.standard
Compiling package std.textio
Compiling package ieee.std_logic_1164
Compiling package floating_point_v7_1_19.floating_point_v7_1_19_viv_comp
Compiling package ieee.numeric_std
Compiling package xbip_utils_v3_0_14.xbip_utils_v3_0_14_pkg
Compiling package axi_utils_v2_0_10.axi_utils_v2_0_10_pkg
Compiling package floating_point_v7_1_19.floating_point_v7_1_19_consts
Compiling package ieee.math_real
Compiling package floating_point_v7_1_19.floating_point_v7_1_19_exp_table...
Compiling package mult_gen_v12_0_22.mult_gen_v12_0_22_pkg
Compiling package ieee.std_logic_arith
Compiling package ieee.std_logic_signed
Compiling package floating_point_v7_1_19.floating_point_v7_1_19_pkg
Compiling package floating_point_v7_1_19.flt_utils
Compiling package unisim.vcomponents
Compiling package xbip_pipe_v3_0_10.xbip_pipe_v3_0_10_viv_comp
Compiling package ieee.vital_timing
Compiling package ieee.vital_primitives
Compiling package unisim.vpkg
Compiling package floating_point_v7_1_19.vt2mutils
Compiling package floating_point_v7_1_19.vt2mcomps
Compiling package xil_defaultlib.$unit_dataflow_monitor_sv
Compiling module xil_defaultlib.rm13_w4a8_tile_xs_cache_RAM_2P_B...
Compiling module xil_defaultlib.rm13_w4a8_tile_x_cache_RAM_2P_UR...
Compiling module xil_defaultlib.rm13_w4a8_tile_w_cache_RAM_2P_UR...
Compiling module xil_defaultlib.rm13_w4a8_tile_ws_cache_RAM_2P_B...
Compiling module xil_defaultlib.rm13_w4a8_tile_flow_control_loop...
Compiling module xil_defaultlib.rm13_w4a8_tile_rm13_w4a8_tile_Pi...
Compiling architecture muxcy_v of entity unisim.MUXCY [muxcy_default]
Compiling architecture synth of entity xbip_pipe_v3_0_10.xbip_pipe_v3_0_10_viv [\xbip_pipe_v3_0_10_viv(c_has_ce=...]
Compiling architecture rtl of entity floating_point_v7_1_19.delay [\delay(width=3,length=0)\]
Compiling architecture struct of entity floating_point_v7_1_19.carry_chain [\carry_chain(c_xdevicefamily="zy...]
Compiling architecture synth of entity floating_point_v7_1_19.compare_eq_im [\compare_eq_im(c_xdevicefamily="...]
Compiling architecture synth of entity xbip_pipe_v3_0_10.xbip_pipe_v3_0_10_viv [\xbip_pipe_v3_0_10_viv(c_has_ce=...]
Compiling architecture rtl of entity floating_point_v7_1_19.delay [\delay(width=4,length=0)\]
Compiling architecture struct of entity floating_point_v7_1_19.carry_chain [\carry_chain(c_xdevicefamily="zy...]
Compiling architecture synth of entity floating_point_v7_1_19.compare_ne_im [\compare_ne_im(c_xdevicefamily="...]
Compiling architecture synth of entity xbip_pipe_v3_0_10.xbip_pipe_v3_0_10_viv [\xbip_pipe_v3_0_10_viv(c_has_ce=...]
Compiling architecture rtl of entity floating_point_v7_1_19.delay [\delay(width=2,length=0)\]
Compiling architecture struct of entity floating_point_v7_1_19.carry_chain [\carry_chain(c_xdevicefamily="zy...]
Compiling architecture synth of entity floating_point_v7_1_19.compare_eq_im [\compare_eq_im(c_xdevicefamily="...]
Compiling architecture synth of entity xbip_pipe_v3_0_10.xbip_pipe_v3_0_10_viv [\xbip_pipe_v3_0_10_viv(c_has_ce=...]
Compiling architecture rtl of entity floating_point_v7_1_19.delay [\delay(width=11,length=0)\]
Compiling architecture struct of entity floating_point_v7_1_19.carry_chain [\carry_chain(c_xdevicefamily="zy...]
Compiling architecture synth of entity floating_point_v7_1_19.compare_eq [\compare_eq(c_xdevicefamily="zyn...]
Compiling architecture synth of entity xbip_pipe_v3_0_10.xbip_pipe_v3_0_10_viv [\xbip_pipe_v3_0_10_viv(c_has_ce=...]
Compiling architecture rtl of entity floating_point_v7_1_19.delay [\delay(width=16,length=0)\]
Compiling architecture struct of entity floating_point_v7_1_19.carry_chain [\carry_chain(c_xdevicefamily="zy...]
Compiling architecture synth of entity floating_point_v7_1_19.compare_gt [\compare_gt(c_xdevicefamily="zyn...]
Compiling architecture synth of entity xbip_pipe_v3_0_10.xbip_pipe_v3_0_10_viv [\xbip_pipe_v3_0_10_viv(c_has_ce=...]
Compiling architecture rtl of entity floating_point_v7_1_19.delay [\delay(length=0)\]
Compiling architecture rtl of entity floating_point_v7_1_19.fp_cmp [\fp_cmp(c_xdevicefamily="zynqupl...]
Compiling module unisims_ver.x_lut1_mux2
Compiling module unisims_ver.LUT1
Compiling architecture synth of entity xbip_pipe_v3_0_10.xbip_pipe_v3_0_10_viv [\xbip_pipe_v3_0_10_viv(c_has_ce=...]
Compiling architecture xilinx of entity floating_point_v7_1_19.floating_point_v7_1_19_viv [\floating_point_v7_1_19_viv(c_xd...]
Compiling architecture xilinx of entity floating_point_v7_1_19.floating_point_v7_1_19 [\floating_point_v7_1_19(c_xdevic...]
Compiling module xil_defaultlib.rm13_w4a8_tile_fcmp_32ns_32ns_1_...
Compiling module xil_defaultlib.rm13_w4a8_tile_fcmp_32ns_32ns_1_...
Compiling module xil_defaultlib.rm13_w4a8_tile_sparsemux_33_4_25...
Compiling module xil_defaultlib.rm13_w4a8_tile_rm13_w4a8_tile_Pi...
Compiling module xil_defaultlib.rm13_w4a8_tile_sparsemux_33_4_25...
Compiling module xil_defaultlib.rm13_w4a8_tile_partselect_32ns_2...
Compiling module xil_defaultlib.rm13_w4a8_tile_rm13_w4a8_tile_Pi...
Compiling module xil_defaultlib.rm13_w4a8_tile_rm13_w4a8_tile_Pi...
Compiling module xil_defaultlib.rm13_w4a8_tile_partselect_4ns_12...
Compiling module xil_defaultlib.rm13_w4a8_tile_mac_muladd_8s_4s_...
Compiling module xil_defaultlib.rm13_w4a8_tile_mac_muladd_8s_4s_...
Compiling module xil_defaultlib.rm13_w4a8_tile_rm13_w4a8_tile_Pi...
Compiling architecture dsp48e1_v of entity unisim.DSP48E1 [\DSP48E1(acascreg=0,adreg=0,alum...]
Compiling architecture synth of entity xbip_pipe_v3_0_10.xbip_pipe_v3_0_10_viv [\xbip_pipe_v3_0_10_viv(c_has_ce=...]
Compiling architecture rtl of entity floating_point_v7_1_19.delay [\delay(width=7,length=0)\]
Compiling architecture synth of entity xbip_pipe_v3_0_10.xbip_pipe_v3_0_10_viv [\xbip_pipe_v3_0_10_viv(c_has_ce=...]
Compiling architecture rtl of entity floating_point_v7_1_19.delay [\delay(width=24,length=0)\]
Compiling architecture synth of entity xbip_pipe_v3_0_10.xbip_pipe_v3_0_10_viv [\xbip_pipe_v3_0_10_viv(c_has_ce=...]
Compiling architecture rtl of entity floating_point_v7_1_19.delay [\delay(width=17,length=0)\]
Compiling architecture synth of entity xbip_pipe_v3_0_10.xbip_pipe_v3_0_10_viv [\xbip_pipe_v3_0_10_viv(c_has_ce=...]
Compiling architecture rtl of entity floating_point_v7_1_19.delay [\delay(width=25,length=0)\]
Compiling architecture rtl of entity floating_point_v7_1_19.dsp48e1_wrapper [\dsp48e1_wrapper(a_width=24,b_wi...]
Compiling architecture synth of entity xbip_pipe_v3_0_10.xbip_pipe_v3_0_10_viv [\xbip_pipe_v3_0_10_viv(c_latency...]
Compiling architecture rtl of entity floating_point_v7_1_19.delay [delay_default]
Compiling architecture dsp48e1_v of entity unisim.DSP48E1 [\DSP48E1(adreg=0,alumodereg=0,a_...]
Compiling architecture synth of entity xbip_pipe_v3_0_10.xbip_pipe_v3_0_10_viv [\xbip_pipe_v3_0_10_viv(c_has_ce=...]
Compiling architecture rtl of entity floating_point_v7_1_19.delay [\delay(width=48,length=0)\]
Compiling architecture rtl of entity floating_point_v7_1_19.dsp48e1_wrapper [\dsp48e1_wrapper(a_width=24,b_wi...]
Compiling architecture struct of entity floating_point_v7_1_19.fix_mult_dsp48e1_sgl [\fix_mult_dsp48e1_sgl(registers=...]
Compiling architecture rtl of entity floating_point_v7_1_19.fix_mult [\fix_mult(c_xdevicefamily="zynqu...]
Compiling architecture xorcy_v of entity unisim.XORCY [xorcy_default]
Compiling architecture fdre_v of entity unisim.FDRE [fdre_default]
Compiling architecture fde_v of entity unisim.FDE [fde_default]
Compiling architecture synth of entity xbip_pipe_v3_0_10.xbip_pipe_v3_0_10_viv [\xbip_pipe_v3_0_10_viv(c_latency...]
Compiling architecture rtl of entity floating_point_v7_1_19.delay [\delay(width=7)\]
Compiling architecture synth of entity xbip_pipe_v3_0_10.xbip_pipe_v3_0_10_viv [\xbip_pipe_v3_0_10_viv(c_latency...]
Compiling architecture rtl of entity floating_point_v7_1_19.delay [\delay(width=8,fast_input=true)\]
Compiling architecture struct of entity floating_point_v7_1_19.carry_chain [\carry_chain(c_xdevicefamily="zy...]
Compiling architecture synth of entity xbip_pipe_v3_0_10.xbip_pipe_v3_0_10_viv [\xbip_pipe_v3_0_10_viv(c_has_ce=...]
Compiling architecture rtl of entity floating_point_v7_1_19.delay [\delay(width=32,length=0)\]
Compiling architecture synth of entity floating_point_v7_1_19.compare_eq_im [\compare_eq_im(c_xdevicefamily="...]
Compiling architecture rtl of entity floating_point_v7_1_19.delay [\delay(length=0,fast_input=true)...]
Compiling architecture rtl of entity floating_point_v7_1_19.special_detect [\special_detect(c_xdevicefamily=...]
Compiling architecture synth of entity xbip_pipe_v3_0_10.xbip_pipe_v3_0_10_viv [\xbip_pipe_v3_0_10_viv(c_latency...]
Compiling architecture rtl of entity floating_point_v7_1_19.delay [\delay(width=2,fast_input=true)\]
Compiling architecture synth of entity xbip_pipe_v3_0_10.xbip_pipe_v3_0_10_viv [\xbip_pipe_v3_0_10_viv(c_latency...]
Compiling architecture rtl of entity floating_point_v7_1_19.delay [\delay(fast_input=true)\]
Compiling architecture synth of entity xbip_pipe_v3_0_10.xbip_pipe_v3_0_10_viv [\xbip_pipe_v3_0_10_viv(c_latency...]
Compiling architecture rtl of entity floating_point_v7_1_19.delay [\delay(width=4,fast_input=true)\]
Compiling architecture synth of entity xbip_pipe_v3_0_10.xbip_pipe_v3_0_10_viv [\xbip_pipe_v3_0_10_viv(c_has_ce=...]
Compiling architecture rtl of entity floating_point_v7_1_19.delay [\delay(width=8,length=0)\]
Compiling architecture synth of entity xbip_pipe_v3_0_10.xbip_pipe_v3_0_10_viv [\xbip_pipe_v3_0_10_viv(c_has_ce=...]
Compiling architecture rtl of entity floating_point_v7_1_19.delay [\delay(width=3,length=0,fast_inp...]
Compiling architecture synth of entity xbip_pipe_v3_0_10.xbip_pipe_v3_0_10_viv [\xbip_pipe_v3_0_10_viv(c_has_ce=...]
Compiling architecture rtl of entity floating_point_v7_1_19.delay [\delay(width=4,length=0,fast_inp...]
Compiling architecture synth of entity xbip_pipe_v3_0_10.xbip_pipe_v3_0_10_viv [\xbip_pipe_v3_0_10_viv(c_has_ce=...]
Compiling architecture rtl of entity floating_point_v7_1_19.delay [\delay(width=14,length=0)\]
Compiling architecture rtl of entity floating_point_v7_1_19.flt_mult_exp [\flt_mult_exp(c_xdevicefamily="z...]
Compiling architecture dsp48e1_v of entity unisim.DSP48E1 [\DSP48E1(acascreg=0,adreg=0,alum...]
Compiling architecture synth of entity xbip_pipe_v3_0_10.xbip_pipe_v3_0_10_viv [\xbip_pipe_v3_0_10_viv(c_has_ce=...]
Compiling architecture rtl of entity floating_point_v7_1_19.delay [\delay(width=30,length=0)\]
Compiling architecture synth of entity xbip_pipe_v3_0_10.xbip_pipe_v3_0_10_viv [\xbip_pipe_v3_0_10_viv(c_has_ce=...]
Compiling architecture rtl of entity floating_point_v7_1_19.delay [\delay(width=18,length=0)\]
Compiling architecture rtl of entity floating_point_v7_1_19.dsp48e1_wrapper [\dsp48e1_wrapper(a_width=30,b_wi...]
Compiling architecture struct of entity floating_point_v7_1_19.flt_round_dsp_opt_full [\flt_round_dsp_opt_full(c_xdevic...]
Compiling architecture rtl of entity floating_point_v7_1_19.flt_mult_round [\flt_mult_round(c_xdevicefamily=...]
Compiling architecture synth of entity floating_point_v7_1_19.flt_dec_op_lat [\flt_dec_op_lat(c_xdevicefamily=...]
Compiling architecture rtl of entity floating_point_v7_1_19.flt_mult [\flt_mult(c_xdevicefamily="zynqu...]
Compiling architecture synth of entity xbip_pipe_v3_0_10.xbip_pipe_v3_0_10_viv [\xbip_pipe_v3_0_10_viv(c_latency...]
Compiling architecture xilinx of entity floating_point_v7_1_19.floating_point_v7_1_19_viv [\floating_point_v7_1_19_viv(c_xd...]
Compiling architecture xilinx of entity floating_point_v7_1_19.floating_point_v7_1_19 [\floating_point_v7_1_19(c_xdevic...]
Compiling module xil_defaultlib.rm13_w4a8_tile_fmul_32ns_32ns_32...
Compiling module xil_defaultlib.rm13_w4a8_tile_fmul_32ns_32ns_32...
Compiling module xil_defaultlib.rm13_w4a8_tile_mul_31ns_32s_32_1...
Compiling module xil_defaultlib.rm13_w4a8_tile_sparsemux_17_3_32...
Compiling module xil_defaultlib.rm13_w4a8_tile_sparsemux_33_4_32...
Compiling module xil_defaultlib.rm13_w4a8_tile_rm13_w4a8_tile_Pi...
Compiling module xil_defaultlib.rm13_w4a8_tile_control_s_axi
Compiling module xil_defaultlib.rm13_w4a8_tile_gmem_p_m_axi_srl(...
Compiling module xil_defaultlib.rm13_w4a8_tile_gmem_p_m_axi_fifo...
Compiling module xil_defaultlib.rm13_w4a8_tile_gmem_p_m_axi_mem(...
Compiling module xil_defaultlib.rm13_w4a8_tile_gmem_p_m_axi_fifo...
Compiling module xil_defaultlib.rm13_w4a8_tile_gmem_p_m_axi_srl(...
Compiling module xil_defaultlib.rm13_w4a8_tile_gmem_p_m_axi_fifo...
Compiling module xil_defaultlib.rm13_w4a8_tile_gmem_p_m_axi_srl(...
Compiling module xil_defaultlib.rm13_w4a8_tile_gmem_p_m_axi_fifo...
Compiling module xil_defaultlib.rm13_w4a8_tile_gmem_p_m_axi_stor...
Compiling module xil_defaultlib.rm13_w4a8_tile_gmem_p_m_axi_reg_...
Compiling module xil_defaultlib.rm13_w4a8_tile_gmem_p_m_axi_burs...
Compiling module xil_defaultlib.rm13_w4a8_tile_gmem_p_m_axi_srl(...
Compiling module xil_defaultlib.rm13_w4a8_tile_gmem_p_m_axi_fifo...
Compiling module xil_defaultlib.rm13_w4a8_tile_gmem_p_m_axi_reg_...
Compiling module xil_defaultlib.rm13_w4a8_tile_gmem_p_m_axi_srl(...
Compiling module xil_defaultlib.rm13_w4a8_tile_gmem_p_m_axi_fifo...
Compiling module xil_defaultlib.rm13_w4a8_tile_gmem_p_m_axi_srl(...
Compiling module xil_defaultlib.rm13_w4a8_tile_gmem_p_m_axi_fifo...
Compiling module xil_defaultlib.rm13_w4a8_tile_gmem_p_m_axi_thro...
Compiling module xil_defaultlib.rm13_w4a8_tile_gmem_p_m_axi_reg_...
Compiling module xil_defaultlib.rm13_w4a8_tile_gmem_p_m_axi_writ...
Compiling module xil_defaultlib.rm13_w4a8_tile_gmem_p_m_axi(CONS...
Compiling module xil_defaultlib.rm13_w4a8_tile_gmem_w_m_axi_srl(...
Compiling module xil_defaultlib.rm13_w4a8_tile_gmem_w_m_axi_fifo...
Compiling module xil_defaultlib.rm13_w4a8_tile_gmem_w_m_axi_mem(...
Compiling module xil_defaultlib.rm13_w4a8_tile_gmem_w_m_axi_fifo...
Compiling module xil_defaultlib.rm13_w4a8_tile_gmem_w_m_axi_load...
Compiling module xil_defaultlib.rm13_w4a8_tile_gmem_w_m_axi_reg_...
Compiling module xil_defaultlib.rm13_w4a8_tile_gmem_w_m_axi_burs...
Compiling module xil_defaultlib.rm13_w4a8_tile_gmem_w_m_axi_reg_...
Compiling module xil_defaultlib.rm13_w4a8_tile_gmem_w_m_axi_srl(...
Compiling module xil_defaultlib.rm13_w4a8_tile_gmem_w_m_axi_fifo...
Compiling module xil_defaultlib.rm13_w4a8_tile_gmem_w_m_axi_read...
Compiling module xil_defaultlib.rm13_w4a8_tile_gmem_w_m_axi(CONS...
Compiling module xil_defaultlib.rm13_w4a8_tile_gmem_ws_m_axi_srl...
Compiling module xil_defaultlib.rm13_w4a8_tile_gmem_ws_m_axi_fif...
Compiling module xil_defaultlib.rm13_w4a8_tile_gmem_ws_m_axi_mem...
Compiling module xil_defaultlib.rm13_w4a8_tile_gmem_ws_m_axi_fif...
Compiling module xil_defaultlib.rm13_w4a8_tile_gmem_ws_m_axi_loa...
Compiling module xil_defaultlib.rm13_w4a8_tile_gmem_ws_m_axi_reg...
Compiling module xil_defaultlib.rm13_w4a8_tile_gmem_ws_m_axi_bur...
Compiling module xil_defaultlib.rm13_w4a8_tile_gmem_ws_m_axi_reg...
Compiling module xil_defaultlib.rm13_w4a8_tile_gmem_ws_m_axi_srl...
Compiling module xil_defaultlib.rm13_w4a8_tile_gmem_ws_m_axi_fif...
Compiling module xil_defaultlib.rm13_w4a8_tile_gmem_ws_m_axi_rea...
Compiling module xil_defaultlib.rm13_w4a8_tile_gmem_ws_m_axi(CON...
Compiling module xil_defaultlib.rm13_w4a8_tile_gmem_x_m_axi_srl(...
Compiling module xil_defaultlib.rm13_w4a8_tile_gmem_x_m_axi_fifo...
Compiling module xil_defaultlib.rm13_w4a8_tile_gmem_x_m_axi_mem(...
Compiling module xil_defaultlib.rm13_w4a8_tile_gmem_x_m_axi_fifo...
Compiling module xil_defaultlib.rm13_w4a8_tile_gmem_x_m_axi_load...
Compiling module xil_defaultlib.rm13_w4a8_tile_gmem_x_m_axi_reg_...
Compiling module xil_defaultlib.rm13_w4a8_tile_gmem_x_m_axi_burs...
Compiling module xil_defaultlib.rm13_w4a8_tile_gmem_x_m_axi_reg_...
Compiling module xil_defaultlib.rm13_w4a8_tile_gmem_x_m_axi_srl(...
Compiling module xil_defaultlib.rm13_w4a8_tile_gmem_x_m_axi_fifo...
Compiling module xil_defaultlib.rm13_w4a8_tile_gmem_x_m_axi_read...
Compiling module xil_defaultlib.rm13_w4a8_tile_gmem_x_m_axi(CONS...
Compiling module xil_defaultlib.rm13_w4a8_tile_gmem_xs_m_axi_srl...
Compiling module xil_defaultlib.rm13_w4a8_tile_gmem_xs_m_axi_fif...
Compiling module xil_defaultlib.rm13_w4a8_tile_gmem_xs_m_axi_mem...
Compiling module xil_defaultlib.rm13_w4a8_tile_gmem_xs_m_axi_fif...
Compiling module xil_defaultlib.rm13_w4a8_tile_gmem_xs_m_axi_srl...
Compiling module xil_defaultlib.rm13_w4a8_tile_gmem_xs_m_axi_fif...
Compiling module xil_defaultlib.rm13_w4a8_tile_gmem_xs_m_axi_srl...
Compiling module xil_defaultlib.rm13_w4a8_tile_gmem_xs_m_axi_fif...
Compiling module xil_defaultlib.rm13_w4a8_tile_gmem_xs_m_axi_sto...
Compiling module xil_defaultlib.rm13_w4a8_tile_gmem_xs_m_axi_reg...
Compiling module xil_defaultlib.rm13_w4a8_tile_gmem_xs_m_axi_bur...
Compiling module xil_defaultlib.rm13_w4a8_tile_gmem_xs_m_axi_srl...
Compiling module xil_defaultlib.rm13_w4a8_tile_gmem_xs_m_axi_fif...
Compiling module xil_defaultlib.rm13_w4a8_tile_gmem_xs_m_axi_reg...
Compiling module xil_defaultlib.rm13_w4a8_tile_gmem_xs_m_axi_srl...
Compiling module xil_defaultlib.rm13_w4a8_tile_gmem_xs_m_axi_fif...
Compiling module xil_defaultlib.rm13_w4a8_tile_gmem_xs_m_axi_srl...
Compiling module xil_defaultlib.rm13_w4a8_tile_gmem_xs_m_axi_fif...
Compiling module xil_defaultlib.rm13_w4a8_tile_gmem_xs_m_axi_thr...
Compiling module xil_defaultlib.rm13_w4a8_tile_gmem_xs_m_axi_reg...
Compiling module xil_defaultlib.rm13_w4a8_tile_gmem_xs_m_axi_wri...
Compiling module xil_defaultlib.rm13_w4a8_tile_gmem_xs_m_axi(CON...
Compiling module xil_defaultlib.rm13_w4a8_tile_gmem_y_m_axi_srl(...
Compiling module xil_defaultlib.rm13_w4a8_tile_gmem_y_m_axi_fifo...
Compiling module xil_defaultlib.rm13_w4a8_tile_gmem_y_m_axi_mem(...
Compiling module xil_defaultlib.rm13_w4a8_tile_gmem_y_m_axi_fifo...
Compiling module xil_defaultlib.rm13_w4a8_tile_gmem_y_m_axi_srl(...
Compiling module xil_defaultlib.rm13_w4a8_tile_gmem_y_m_axi_fifo...
Compiling module xil_defaultlib.rm13_w4a8_tile_gmem_y_m_axi_srl(...
Compiling module xil_defaultlib.rm13_w4a8_tile_gmem_y_m_axi_fifo...
Compiling module xil_defaultlib.rm13_w4a8_tile_gmem_y_m_axi_stor...
Compiling module xil_defaultlib.rm13_w4a8_tile_gmem_y_m_axi_reg_...
Compiling module xil_defaultlib.rm13_w4a8_tile_gmem_y_m_axi_burs...
Compiling module xil_defaultlib.rm13_w4a8_tile_gmem_y_m_axi_srl(...
Compiling module xil_defaultlib.rm13_w4a8_tile_gmem_y_m_axi_fifo...
Compiling module xil_defaultlib.rm13_w4a8_tile_gmem_y_m_axi_reg_...
Compiling module xil_defaultlib.rm13_w4a8_tile_gmem_y_m_axi_srl(...
Compiling module xil_defaultlib.rm13_w4a8_tile_gmem_y_m_axi_fifo...
Compiling module xil_defaultlib.rm13_w4a8_tile_gmem_y_m_axi_srl(...
Compiling module xil_defaultlib.rm13_w4a8_tile_gmem_y_m_axi_fifo...
Compiling module xil_defaultlib.rm13_w4a8_tile_gmem_y_m_axi_thro...
Compiling module xil_defaultlib.rm13_w4a8_tile_gmem_y_m_axi_reg_...
Compiling module xil_defaultlib.rm13_w4a8_tile_gmem_y_m_axi_writ...
Compiling module xil_defaultlib.rm13_w4a8_tile_gmem_y_m_axi(CONS...
Compiling architecture synth of entity xbip_pipe_v3_0_10.xbip_pipe_v3_0_10_viv [\xbip_pipe_v3_0_10_viv(c_has_ce=...]
Compiling architecture rtl of entity floating_point_v7_1_19.delay [\delay(width=23,length=0)\]
Compiling architecture synth of entity xbip_pipe_v3_0_10.xbip_pipe_v3_0_10_viv [\xbip_pipe_v3_0_10_viv(c_has_ce=...]
Compiling architecture rtl of entity floating_point_v7_1_19.delay [\delay(width=25,length=0,fast_in...]
Compiling architecture struct of entity floating_point_v7_1_19.carry_chain [\carry_chain(c_xdevicefamily="zy...]
Compiling architecture synth of entity floating_point_v7_1_19.flt_div_mant_addsub [\flt_div_mant_addsub(c_xdevicefa...]
Compiling architecture synth of entity xbip_pipe_v3_0_10.xbip_pipe_v3_0_10_viv [\xbip_pipe_v3_0_10_viv(c_has_ce=...]
Compiling architecture rtl of entity floating_point_v7_1_19.delay [\delay(width=26,length=0)\]
Compiling architecture synth of entity xbip_pipe_v3_0_10.xbip_pipe_v3_0_10_viv [\xbip_pipe_v3_0_10_viv(c_latency...]
Compiling architecture rtl of entity floating_point_v7_1_19.delay [\delay(width=23)\]
Compiling architecture synth of entity xbip_pipe_v3_0_10.xbip_pipe_v3_0_10_viv [\xbip_pipe_v3_0_10_viv(c_latency...]
Compiling architecture rtl of entity floating_point_v7_1_19.delay [\delay(width=25,fast_input=true)...]
Compiling architecture struct of entity floating_point_v7_1_19.carry_chain [\carry_chain(c_xdevicefamily="zy...]
Compiling architecture synth of entity floating_point_v7_1_19.flt_div_mant_addsub [\flt_div_mant_addsub(c_xdevicefa...]
Compiling architecture synth of entity xbip_pipe_v3_0_10.xbip_pipe_v3_0_10_viv [\xbip_pipe_v3_0_10_viv(c_latency...]
Compiling architecture rtl of entity floating_point_v7_1_19.delay [\delay(width=26)\]
Compiling architecture virtex of entity floating_point_v7_1_19.flt_div_mant [\flt_div_mant(c_xdevicefamily="z...]
Compiling architecture synth of entity xbip_pipe_v3_0_10.xbip_pipe_v3_0_10_viv [\xbip_pipe_v3_0_10_viv(c_latency...]
Compiling architecture rtl of entity floating_point_v7_1_19.delay [\delay(width=10,fast_input=true)...]
Compiling architecture rtl of entity floating_point_v7_1_19.special_detect [\special_detect(c_xdevicefamily=...]
Compiling architecture synth of entity xbip_pipe_v3_0_10.xbip_pipe_v3_0_10_viv [\xbip_pipe_v3_0_10_viv(c_latency...]
Compiling architecture rtl of entity floating_point_v7_1_19.delay [\delay(length=13,fast_input=true...]
Compiling architecture synth of entity xbip_pipe_v3_0_10.xbip_pipe_v3_0_10_viv [\xbip_pipe_v3_0_10_viv(c_latency...]
Compiling architecture rtl of entity floating_point_v7_1_19.delay [\delay(width=8,length=12)\]
Compiling architecture synth of entity xbip_pipe_v3_0_10.xbip_pipe_v3_0_10_viv [\xbip_pipe_v3_0_10_viv(c_latency...]
Compiling architecture rtl of entity floating_point_v7_1_19.delay [\delay(length=12,fast_input=true...]
Compiling architecture synth of entity xbip_pipe_v3_0_10.xbip_pipe_v3_0_10_viv [\xbip_pipe_v3_0_10_viv(c_latency...]
Compiling architecture rtl of entity floating_point_v7_1_19.delay [\delay(width=3,length=12,fast_in...]
Compiling architecture synth of entity xbip_pipe_v3_0_10.xbip_pipe_v3_0_10_viv [\xbip_pipe_v3_0_10_viv(c_latency...]
Compiling architecture rtl of entity floating_point_v7_1_19.delay [\delay(width=4,length=12,fast_in...]
Compiling architecture rtl of entity floating_point_v7_1_19.flt_div_exp [\flt_div_exp(c_xdevicefamily="no...]
Compiling architecture synth of entity xbip_pipe_v3_0_10.xbip_pipe_v3_0_10_viv [\xbip_pipe_v3_0_10_viv(c_has_ce=...]
Compiling architecture rtl of entity floating_point_v7_1_19.delay [\delay(width=12,length=0,fast_in...]
Compiling architecture struct of entity floating_point_v7_1_19.carry_chain [\carry_chain(c_xdevicefamily="zy...]
Compiling architecture struct of entity floating_point_v7_1_19.carry_chain [\carry_chain(c_xdevicefamily="zy...]
Compiling architecture synth of entity xbip_pipe_v3_0_10.xbip_pipe_v3_0_10_viv [\xbip_pipe_v3_0_10_viv(c_has_ce=...]
Compiling architecture rtl of entity floating_point_v7_1_19.delay [\delay(width=2,length=0,fast_inp...]
Compiling architecture rtl of entity floating_point_v7_1_19.flt_round_bit [\flt_round_bit(c_xdevicefamily="...]
Compiling architecture rtl of entity floating_point_v7_1_19.renorm_and_round_logic [\renorm_and_round_logic(c_xdevic...]
Compiling architecture synth of entity floating_point_v7_1_19.flt_dec_op_lat [\flt_dec_op_lat(c_xdevicefamily=...]
Compiling architecture virtex of entity floating_point_v7_1_19.flt_div [\flt_div(c_xdevicefamily="zynqup...]
Compiling architecture synth of entity xbip_pipe_v3_0_10.xbip_pipe_v3_0_10_viv [\xbip_pipe_v3_0_10_viv(c_latency...]
Compiling architecture xilinx of entity floating_point_v7_1_19.floating_point_v7_1_19_viv [\floating_point_v7_1_19_viv(c_xd...]
Compiling architecture xilinx of entity floating_point_v7_1_19.floating_point_v7_1_19 [\floating_point_v7_1_19(c_xdevic...]
Compiling module xil_defaultlib.rm13_w4a8_tile_fdiv_32ns_32ns_32...
Compiling module xil_defaultlib.rm13_w4a8_tile_fdiv_32ns_32ns_32...
Compiling module xil_defaultlib.rm13_w4a8_tile_mul_31ns_32s_62_1...
Compiling architecture struct of entity floating_point_v7_1_19.carry_chain [\carry_chain(c_xdevicefamily="zy...]
Compiling architecture synth of entity floating_point_v7_1_19.compare_eq_im [\compare_eq_im(c_xdevicefamily="...]
Compiling architecture struct of entity floating_point_v7_1_19.carry_chain [\carry_chain(c_xdevicefamily="zy...]
Compiling architecture synth of entity xbip_pipe_v3_0_10.xbip_pipe_v3_0_10_viv [\xbip_pipe_v3_0_10_viv(c_has_ce=...]
Compiling architecture rtl of entity floating_point_v7_1_19.delay [\delay(width=24,length=0,fast_in...]
Compiling architecture dsp48e1_v of entity unisim.DSP48E1 [\DSP48E1(acascreg=0,adreg=0,areg...]
Compiling architecture rtl of entity floating_point_v7_1_19.dsp48e1_wrapper [\dsp48e1_wrapper(c_part="xck26-s...]
Compiling architecture synth of entity xbip_pipe_v3_0_10.xbip_pipe_v3_0_10_viv [\xbip_pipe_v3_0_10_viv(c_latency...]
Compiling architecture rtl of entity floating_point_v7_1_19.delay [\delay(length=2)\]
Compiling architecture synth of entity xbip_pipe_v3_0_10.xbip_pipe_v3_0_10_viv [\xbip_pipe_v3_0_10_viv(c_latency...]
Compiling architecture rtl of entity floating_point_v7_1_19.delay [\delay(width=13)\]
Compiling architecture synth of entity xbip_pipe_v3_0_10.xbip_pipe_v3_0_10_viv [\xbip_pipe_v3_0_10_viv(c_latency...]
Compiling architecture rtl of entity floating_point_v7_1_19.delay [\delay(width=27)\]
Compiling architecture synth of entity floating_point_v7_1_19.align_add_dsp48e1_sgl [\align_add_dsp48e1_sgl(c_xdevice...]
Compiling architecture lut5_v of entity unisim.LUT5 [\LUT5(init="00000000000000001111...]
Compiling architecture lut5_v of entity unisim.LUT5 [\LUT5(init="00000000000000000000...]
Compiling architecture synth of entity xbip_pipe_v3_0_10.xbip_pipe_v3_0_10_viv [\xbip_pipe_v3_0_10_viv(c_has_ce=...]
Compiling architecture rtl of entity floating_point_v7_1_19.delay [\delay(width=27,length=0)\]
Compiling architecture synth of entity xbip_pipe_v3_0_10.xbip_pipe_v3_0_10_viv [\xbip_pipe_v3_0_10_viv(c_latency...]
Compiling architecture rtl of entity floating_point_v7_1_19.delay [\delay(width=16)\]
Compiling architecture synth of entity xbip_pipe_v3_0_10.xbip_pipe_v3_0_10_viv [\xbip_pipe_v3_0_10_viv(c_latency...]
Compiling architecture rtl of entity floating_point_v7_1_19.delay [\delay(width=5)\]
Compiling architecture rtl of entity floating_point_v7_1_19.lead_zero_encode_shift [\lead_zero_encode_shift(ab_fw=24...]
Compiling architecture lut6_v of entity unisim.LUT6 [\LUT6(init="11111110010101001011...]
Compiling architecture lut5_v of entity unisim.LUT5 [\LUT5(init="00010001010111110000...]
Compiling architecture lut5_v of entity unisim.LUT5 [\LUT5(init="11101110101000001111...]
Compiling architecture synth of entity xbip_pipe_v3_0_10.xbip_pipe_v3_0_10_viv [\xbip_pipe_v3_0_10_viv(c_latency...]
Compiling architecture rtl of entity floating_point_v7_1_19.delay [\delay(width=2)\]
Compiling architecture dsp48e1_v of entity unisim.DSP48E1 [\DSP48E1(adreg=0,bcascreg=0,breg...]
Compiling architecture rtl of entity floating_point_v7_1_19.dsp48e1_wrapper [\dsp48e1_wrapper(a_width=24,c_wi...]
Compiling architecture rtl of entity floating_point_v7_1_19.norm_and_round_dsp48e1_sgl [\norm_and_round_dsp48e1_sgl(c_mu...]
Compiling architecture lut5_v of entity unisim.LUT5 [\LUT5(init="10011001100110011001...]
Compiling architecture lut5_v of entity unisim.LUT5 [\LUT5(init="11111111000000001111...]
Compiling architecture synth of entity xbip_pipe_v3_0_10.xbip_pipe_v3_0_10_viv [\xbip_pipe_v3_0_10_viv(c_has_ce=...]
Compiling architecture rtl of entity floating_point_v7_1_19.delay [\delay(width=9,length=0)\]
Compiling architecture struct of entity floating_point_v7_1_19.carry_chain [\carry_chain(c_xdevicefamily="zy...]
Compiling architecture synth of entity xbip_pipe_v3_0_10.xbip_pipe_v3_0_10_viv [\xbip_pipe_v3_0_10_viv(c_latency...]
Compiling architecture rtl of entity floating_point_v7_1_19.delay [\delay(width=9,length=3)\]
Compiling architecture synth of entity xbip_pipe_v3_0_10.xbip_pipe_v3_0_10_viv [\xbip_pipe_v3_0_10_viv(c_has_ce=...]
Compiling architecture rtl of entity floating_point_v7_1_19.delay [\delay(width=10,length=0)\]
Compiling architecture struct of entity floating_point_v7_1_19.carry_chain [\carry_chain(c_xdevicefamily="zy...]
Compiling architecture synth of entity floating_point_v7_1_19.compare_eq_im [\compare_eq_im(c_xdevicefamily="...]
Compiling architecture rtl of entity floating_point_v7_1_19.special_detect [\special_detect(c_xdevicefamily=...]
Compiling architecture struct of entity floating_point_v7_1_19.carry_chain [\carry_chain(c_xdevicefamily="zy...]
Compiling architecture synth of entity floating_point_v7_1_19.compare_gt [\compare_gt(c_xdevicefamily="zyn...]
Compiling architecture synth of entity floating_point_v7_1_19.compare [\compare(c_xdevicefamily="zynqup...]
Compiling architecture synth of entity xbip_pipe_v3_0_10.xbip_pipe_v3_0_10_viv [\xbip_pipe_v3_0_10_viv(c_latency...]
Compiling architecture rtl of entity floating_point_v7_1_19.delay [\delay(width=8)\]
Compiling architecture synth of entity xbip_pipe_v3_0_10.xbip_pipe_v3_0_10_viv [\xbip_pipe_v3_0_10_viv(c_latency...]
Compiling architecture rtl of entity floating_point_v7_1_19.delay [\delay(width=9)\]
Compiling architecture synth of entity xbip_pipe_v3_0_10.xbip_pipe_v3_0_10_viv [\xbip_pipe_v3_0_10_viv(c_latency...]
Compiling architecture rtl of entity floating_point_v7_1_19.delay [\delay(width=2,length=4,fast_inp...]
Compiling architecture synth of entity xbip_pipe_v3_0_10.xbip_pipe_v3_0_10_viv [\xbip_pipe_v3_0_10_viv(c_latency...]
Compiling architecture rtl of entity floating_point_v7_1_19.delay [\delay(length=4,fast_input=true)...]
Compiling architecture synth of entity xbip_pipe_v3_0_10.xbip_pipe_v3_0_10_viv [\xbip_pipe_v3_0_10_viv(c_latency...]
Compiling architecture rtl of entity floating_point_v7_1_19.delay [\delay(length=2,fast_input=true)...]
Compiling architecture synth of entity xbip_pipe_v3_0_10.xbip_pipe_v3_0_10_viv [\xbip_pipe_v3_0_10_viv(c_has_ce=...]
Compiling architecture rtl of entity floating_point_v7_1_19.delay [\delay(width=12,length=0)\]
Compiling architecture rtl of entity floating_point_v7_1_19.flt_add_exp_sp [\flt_add_exp_sp(c_xdevicefamily=...]
Compiling architecture synth of entity floating_point_v7_1_19.flt_dec_op [\flt_dec_op(c_xdevicefamily="zyn...]
Compiling architecture rtl of entity floating_point_v7_1_19.flt_add_dsp [\flt_add_dsp(c_xdevicefamily="zy...]
Compiling architecture rtl of entity floating_point_v7_1_19.flt_add [\flt_add(c_xdevicefamily="zynqup...]
Compiling architecture synth of entity xbip_pipe_v3_0_10.xbip_pipe_v3_0_10_viv [\xbip_pipe_v3_0_10_viv(c_latency...]
Compiling architecture xilinx of entity floating_point_v7_1_19.floating_point_v7_1_19_viv [\floating_point_v7_1_19_viv(c_xd...]
Compiling architecture xilinx of entity floating_point_v7_1_19.floating_point_v7_1_19 [\floating_point_v7_1_19(c_xdevic...]
Compiling module xil_defaultlib.rm13_w4a8_tile_faddfsub_32ns_32n...
Compiling module xil_defaultlib.rm13_w4a8_tile_faddfsub_32ns_32n...
Compiling architecture synth of entity xbip_pipe_v3_0_10.xbip_pipe_v3_0_10_viv [\xbip_pipe_v3_0_10_viv(c_has_ce=...]
Compiling architecture rtl of entity floating_point_v7_1_19.delay [\delay(width=31,length=0)\]
Compiling architecture synth of entity xbip_pipe_v3_0_10.xbip_pipe_v3_0_10_viv [\xbip_pipe_v3_0_10_viv(c_latency...]
Compiling architecture rtl of entity floating_point_v7_1_19.delay [\delay(width=32)\]
Compiling architecture struct of entity floating_point_v7_1_19.carry_chain [\carry_chain(c_xdevicefamily="zy...]
Compiling architecture synth of entity xbip_pipe_v3_0_10.xbip_pipe_v3_0_10_viv [\xbip_pipe_v3_0_10_viv(c_latency...]
Compiling architecture rtl of entity floating_point_v7_1_19.delay [\delay(width=4)\]
Compiling architecture rtl of entity floating_point_v7_1_19.norm_zero_det [\norm_zero_det(data_width=7,norm...]
Compiling architecture rtl of entity floating_point_v7_1_19.mux4 [\mux4(c_xdevicefamily="zynquplus...]
Compiling architecture rtl of entity floating_point_v7_1_19.mux4 [\mux4(c_xdevicefamily="zynquplus...]
Compiling architecture synth of entity xbip_pipe_v3_0_10.xbip_pipe_v3_0_10_viv [\xbip_pipe_v3_0_10_viv(c_has_ce=...]
Compiling architecture rtl of entity floating_point_v7_1_19.delay [\delay(width=8,length=0,fast_inp...]
Compiling architecture struct of entity floating_point_v7_1_19.carry_chain [\carry_chain(c_xdevicefamily="zy...]
Compiling architecture rtl of entity floating_point_v7_1_19.lead_zero_encode [\lead_zero_encode(c_xdevicefamil...]
Compiling architecture rtl of entity floating_point_v7_1_19.shift_msb_first [\shift_msb_first(a_width=32,resu...]
Compiling architecture struct of entity floating_point_v7_1_19.carry_chain [\carry_chain(c_xdevicefamily="zy...]
Compiling architecture struct of entity floating_point_v7_1_19.carry_chain [\carry_chain(c_xdevicefamily="zy...]
Compiling architecture rtl of entity floating_point_v7_1_19.renorm_and_round_logic [\renorm_and_round_logic(c_xdevic...]
Compiling architecture synth of entity xbip_pipe_v3_0_10.xbip_pipe_v3_0_10_viv [\xbip_pipe_v3_0_10_viv(c_latency...]
Compiling architecture rtl of entity floating_point_v7_1_19.delay [\delay(length=3)\]
Compiling architecture synth of entity floating_point_v7_1_19.fix_to_flt_conv_exp [\fix_to_flt_conv_exp(c_xdevicefa...]
Compiling architecture struct of entity floating_point_v7_1_19.fix_to_flt_conv [\fix_to_flt_conv(c_xdevicefamily...]
Compiling architecture xilinx of entity floating_point_v7_1_19.floating_point_v7_1_19_viv [\floating_point_v7_1_19_viv(c_xd...]
Compiling architecture xilinx of entity floating_point_v7_1_19.floating_point_v7_1_19 [\floating_point_v7_1_19(c_xdevic...]
Compiling module xil_defaultlib.rm13_w4a8_tile_sitofp_32ns_32_6_...
Compiling module xil_defaultlib.rm13_w4a8_tile_sitofp_32ns_32_6_...
Compiling module xil_defaultlib.rm13_w4a8_tile
Compiling module xil_defaultlib.AESL_axi_master_gmem_w
Compiling module xil_defaultlib.AESL_axi_master_gmem_ws
Compiling module xil_defaultlib.AESL_axi_master_gmem_x
Compiling module xil_defaultlib.AESL_axi_master_gmem_y
Compiling module xil_defaultlib.AESL_axi_master_gmem_p
Compiling module xil_defaultlib.AESL_axi_master_gmem_xs
Compiling module xil_defaultlib.AESL_axi_slave_control
Compiling module xil_defaultlib.nodf_module_intf_default
Compiling module xil_defaultlib.seq_loop_intf(FSM_WIDTH=973)
Compiling module xil_defaultlib.upc_loop_intf(FSM_WIDTH=1)
Compiling module xil_defaultlib.dataflow_monitor_1
Compiling module xil_defaultlib.apatb_rm13_w4a8_tile_top
Compiling module work.glbl
Built simulation snapshot rm13_w4a8_tile

****** xsim v2024.2 (64-bit)
  **** SW Build 5239630 on Fri Nov 08 22:34:34 MST 2024
  **** IP Build 5239520 on Sun Nov 10 16:12:51 MST 2024
  **** SharedData Build 5239561 on Fri Nov 08 14:39:27 MST 2024
  **** Start of session at: Sat Sep 26 21:11:01 2026
    ** Copyright 1986-2022 Xilinx, Inc. All Rights Reserved.
    ** Copyright 2022-2024 Advanced Micro Devices, Inc. All Rights Reserved.

source xsim.dir/rm13_w4a8_tile/xsim_script.tcl
# xsim {rm13_w4a8_tile} -autoloadwcfg -tclbatch {rm13_w4a8_tile.tcl}
Time resolution is 1 ps
source rm13_w4a8_tile.tcl
## run all
////////////////////////////////////////////////////////////////////////////////////
// Inter-Transaction Progress: Completed Transaction / Total Transaction
// Intra-Transaction Progress: Measured Latency / Latency Estimation * 100%
//
// RTL Simulation : "Inter-Transaction Progress" ["Intra-Transaction Progress"] @ "Simulation Time"
////////////////////////////////////////////////////////////////////////////////////
// RTL Simulation : 0 / 3 [n/a] @ "113000"
// RTL Simulation : 1 / 3 [n/a] @ "131233000"
// RTL Simulation : 2 / 3 [n/a] @ "230848000"
// RTL Simulation : 3 / 3 [n/a] @ "231308000"
////////////////////////////////////////////////////////////////////////////////////
$finish called at time : 231337500 ps : File "/tmp/rm13-w4a8-k4304-20260926T130722Z-184180/project/solution1/sim/verilog/rm13_w4a8_tile.autotb.v" Line 1246
run: Time (s): cpu = 00:00:00 ; elapsed = 00:00:15 . Memory (MB): peak = 1340.855 ; gain = 0.000 ; free physical = 4010 ; free virtual = 28385
## quit
INFO: xsimkernel Simulation Memory Usage: 305876 KB (Peak: 353512 KB), Simulation CPU Usage: 16370 ms
INFO: [Common 17-206] Exiting xsim at Sat Sep 26 21:11:20 2026...
INFO: [COSIM 212-316] Starting C post checking ...
case M=7 N=3: exact int32 partials=714, exact activation scales=102, F32 outputs within 2e-5 relative/absolute floor; bitwise=21/21
edge checks: offline packed-W4 validator rejects -8; nonfinite X requests fallback before Y writes
INFO: [COSIM 212-1000] *** C/RTL co-simulation finished: PASS ***
INFO: [HLS 200-2161] Finished Command cosim_design Elapsed time: 00:02:11; Allocated memory: 6.949 MB.
INFO: [HLS 200-112] Total CPU user time: 320.88 seconds. Total CPU system time: 10.3 seconds. Total elapsed time: 235.41 seconds; peak allocated memory: 821.191 MB.
