

================================================================
== Vitis HLS Report for 'vision_gemm_Pipeline_VITIS_LOOP_80_5_VITIS_LOOP_81_6_VITIS_LOOP_94_10'
================================================================
* Date:           Thu Sep 24 16:25:19 2026

* Version:        2024.2 (Build 5238294 on Nov  8 2024)
* Project:        project
* Solution:       solution1 (Vivado IP Flow Target)
* Product family: zynquplus
* Target device:  xck26-sfvc784-2LV-c


================================================================
== Performance Estimates
================================================================
+ Timing: 
    * Summary: 
    +--------+---------+----------+------------+
    |  Clock |  Target | Estimated| Uncertainty|
    +--------+---------+----------+------------+
    |ap_clk  |  5.00 ns|  4.045 ns|     1.35 ns|
    +--------+---------+----------+------------+

+ Latency: 
    * Summary: 
    +---------+---------+----------+----------+--------+--------+------------------------------------------------+
    |  Latency (cycles) |  Latency (absolute) |     Interval    |                    Pipeline                    |
    |   min   |   max   |    min   |    max   |   min  |   max  |                      Type                      |
    +---------+---------+----------+----------+--------+--------+------------------------------------------------+
    |   172210|   172210|  0.861 ms|  0.861 ms|  172165|  172165|  loop auto-rewind stp (delay=0 clock cycles(s))|
    +---------+---------+----------+----------+--------+--------+------------------------------------------------+

    + Detail: 
        * Instance: 
        N/A

        * Loop: 
        +----------------------------------------------------+---------+---------+----------+-----------+-----------+-------+----------+
        |                                                    |  Latency (cycles) | Iteration|  Initiation Interval  |  Trip |          |
        |                      Loop Name                     |   min   |   max   |  Latency |  achieved |   target  | Count | Pipelined|
        +----------------------------------------------------+---------+---------+----------+-----------+-----------+-------+----------+
        |- VITIS_LOOP_80_5_VITIS_LOOP_81_6_VITIS_LOOP_94_10  |   172208|   172208|        54|          5|          1|  34432|       yes|
        +----------------------------------------------------+---------+---------+----------+-----------+-----------+-------+----------+



================================================================
== Utilization Estimates
================================================================
* Summary: 
+-----------------+---------+------+--------+--------+-----+
|       Name      | BRAM_18K|  DSP |   FF   |   LUT  | URAM|
+-----------------+---------+------+--------+--------+-----+
|DSP              |        -|     2|       -|       -|    -|
|Expression       |        -|     -|       0|    9643|    -|
|FIFO             |        -|     -|       -|       -|    -|
|Instance         |        -|    65|    9425|   12191|    -|
|Memory           |        -|     -|       -|       -|    -|
|Multiplexer      |        -|     -|       0|    3657|    -|
|Register         |        -|     -|   14201|    1728|    -|
+-----------------+---------+------+--------+--------+-----+
|Total            |        0|    67|   23626|   27219|    0|
+-----------------+---------+------+--------+--------+-----+
|Available        |      288|  1248|  234240|  117120|   64|
+-----------------+---------+------+--------+--------+-----+
|Utilization (%)  |        0|     5|      10|      23|    0|
+-----------------+---------+------+--------+--------+-----+

+ Detail: 
    * Instance: 
    +---------------------------------------+-----------------------------------+---------+----+-----+-----+-----+
    |                Instance               |               Module              | BRAM_18K| DSP|  FF | LUT | URAM|
    +---------------------------------------+-----------------------------------+---------+----+-----+-----+-----+
    |fadd_32ns_32ns_32_6_no_dsp_1_U17       |fadd_32ns_32ns_32_6_no_dsp_1       |        0|   0|  278|  411|    0|
    |fadd_32ns_32ns_32_6_no_dsp_1_U18       |fadd_32ns_32ns_32_6_no_dsp_1       |        0|   0|  278|  411|    0|
    |fadd_32ns_32ns_32_6_no_dsp_1_U19       |fadd_32ns_32ns_32_6_no_dsp_1       |        0|   0|  278|  411|    0|
    |fadd_32ns_32ns_32_6_no_dsp_1_U20       |fadd_32ns_32ns_32_6_no_dsp_1       |        0|   0|  278|  411|    0|
    |fadd_32ns_32ns_32_6_no_dsp_1_U21       |fadd_32ns_32ns_32_6_no_dsp_1       |        0|   0|  278|  411|    0|
    |fadd_32ns_32ns_32_6_no_dsp_1_U22       |fadd_32ns_32ns_32_6_no_dsp_1       |        0|   0|  278|  411|    0|
    |fadd_32ns_32ns_32_6_no_dsp_1_U23       |fadd_32ns_32ns_32_6_no_dsp_1       |        0|   0|  278|  411|    0|
    |fadd_32ns_32ns_32_6_no_dsp_1_U24       |fadd_32ns_32ns_32_6_no_dsp_1       |        0|   0|  278|  411|    0|
    |fadd_32ns_32ns_32_6_no_dsp_1_U25       |fadd_32ns_32ns_32_6_no_dsp_1       |        0|   0|  278|  411|    0|
    |fadd_32ns_32ns_32_6_no_dsp_1_U26       |fadd_32ns_32ns_32_6_no_dsp_1       |        0|   0|  278|  411|    0|
    |fadd_32ns_32ns_32_6_no_dsp_1_U27       |fadd_32ns_32ns_32_6_no_dsp_1       |        0|   0|  278|  411|    0|
    |fadd_32ns_32ns_32_6_no_dsp_1_U28       |fadd_32ns_32ns_32_6_no_dsp_1       |        0|   0|  278|  411|    0|
    |fadd_32ns_32ns_32_6_no_dsp_1_U29       |fadd_32ns_32ns_32_6_no_dsp_1       |        0|   0|  278|  411|    0|
    |fadd_32ns_32ns_32_8_full_dsp_1_U30     |fadd_32ns_32ns_32_8_full_dsp_1     |        0|   2|  296|  239|    0|
    |fadd_32ns_32ns_32_8_full_dsp_1_U31     |fadd_32ns_32ns_32_8_full_dsp_1     |        0|   2|  296|  239|    0|
    |fadd_32ns_32ns_32_8_full_dsp_1_U32     |fadd_32ns_32ns_32_8_full_dsp_1     |        0|   2|  296|  239|    0|
    |fadd_32ns_32ns_32_8_full_dsp_1_U33     |fadd_32ns_32ns_32_8_full_dsp_1     |        0|   2|  296|  239|    0|
    |fadd_32ns_32ns_32_8_full_dsp_1_U34     |fadd_32ns_32ns_32_8_full_dsp_1     |        0|   2|  296|  239|    0|
    |fadd_32ns_32ns_32_8_full_dsp_1_U35     |fadd_32ns_32ns_32_8_full_dsp_1     |        0|   2|  296|  239|    0|
    |fadd_32ns_32ns_32_8_full_dsp_1_U36     |fadd_32ns_32ns_32_8_full_dsp_1     |        0|   2|  296|  239|    0|
    |fadd_32ns_32ns_32_8_full_dsp_1_U37     |fadd_32ns_32ns_32_8_full_dsp_1     |        0|   2|  296|  239|    0|
    |fadd_32ns_32ns_32_8_full_dsp_1_U38     |fadd_32ns_32ns_32_8_full_dsp_1     |        0|   2|  296|  239|    0|
    |fadd_32ns_32ns_32_8_full_dsp_1_U39     |fadd_32ns_32ns_32_8_full_dsp_1     |        0|   2|  296|  239|    0|
    |fadd_32ns_32ns_32_8_full_dsp_1_U40     |fadd_32ns_32ns_32_8_full_dsp_1     |        0|   2|  296|  239|    0|
    |fadd_32ns_32ns_32_8_full_dsp_1_U41     |fadd_32ns_32ns_32_8_full_dsp_1     |        0|   2|  296|  239|    0|
    |fadd_32ns_32ns_32_8_full_dsp_1_U42     |fadd_32ns_32ns_32_8_full_dsp_1     |        0|   2|  296|  239|    0|
    |fmul_32ns_32ns_32_5_max_dsp_1_U43      |fmul_32ns_32ns_32_5_max_dsp_1      |        0|   3|  151|  145|    0|
    |fmul_32ns_32ns_32_5_max_dsp_1_U44      |fmul_32ns_32ns_32_5_max_dsp_1      |        0|   3|  151|  145|    0|
    |fmul_32ns_32ns_32_5_max_dsp_1_U45      |fmul_32ns_32ns_32_5_max_dsp_1      |        0|   3|  151|  145|    0|
    |fmul_32ns_32ns_32_5_max_dsp_1_U46      |fmul_32ns_32ns_32_5_max_dsp_1      |        0|   3|  151|  145|    0|
    |fmul_32ns_32ns_32_5_max_dsp_1_U47      |fmul_32ns_32ns_32_5_max_dsp_1      |        0|   3|  151|  145|    0|
    |fmul_32ns_32ns_32_5_max_dsp_1_U48      |fmul_32ns_32ns_32_5_max_dsp_1      |        0|   3|  151|  145|    0|
    |fmul_32ns_32ns_32_5_max_dsp_1_U49      |fmul_32ns_32ns_32_5_max_dsp_1      |        0|   3|  151|  145|    0|
    |fmul_32ns_32ns_32_5_max_dsp_1_U50      |fmul_32ns_32ns_32_5_max_dsp_1      |        0|   3|  151|  145|    0|
    |fmul_32ns_32ns_32_5_max_dsp_1_U51      |fmul_32ns_32ns_32_5_max_dsp_1      |        0|   3|  151|  145|    0|
    |fmul_32ns_32ns_32_5_max_dsp_1_U52      |fmul_32ns_32ns_32_5_max_dsp_1      |        0|   3|  151|  145|    0|
    |fmul_32ns_32ns_32_5_max_dsp_1_U53      |fmul_32ns_32ns_32_5_max_dsp_1      |        0|   3|  151|  145|    0|
    |fmul_32ns_32ns_32_5_max_dsp_1_U54      |fmul_32ns_32ns_32_5_max_dsp_1      |        0|   3|  151|  145|    0|
    |fmul_32ns_32ns_32_5_max_dsp_1_U55      |fmul_32ns_32ns_32_5_max_dsp_1      |        0|   3|  151|  145|    0|
    |partselect_16ns_128ns_32ns_16_1_1_U56  |partselect_16ns_128ns_32ns_16_1_1  |        0|   0|    0|   34|    0|
    |partselect_16ns_128ns_32ns_16_1_1_U57  |partselect_16ns_128ns_32ns_16_1_1  |        0|   0|    0|   34|    0|
    |partselect_16ns_128ns_32ns_16_1_1_U58  |partselect_16ns_128ns_32ns_16_1_1  |        0|   0|    0|   34|    0|
    |partselect_16ns_128ns_32ns_16_1_1_U59  |partselect_16ns_128ns_32ns_16_1_1  |        0|   0|    0|   34|    0|
    |partselect_16ns_128ns_32ns_16_1_1_U60  |partselect_16ns_128ns_32ns_16_1_1  |        0|   0|    0|   34|    0|
    |partselect_16ns_128ns_32ns_16_1_1_U61  |partselect_16ns_128ns_32ns_16_1_1  |        0|   0|    0|   34|    0|
    |partselect_16ns_128ns_32ns_16_1_1_U62  |partselect_16ns_128ns_32ns_16_1_1  |        0|   0|    0|   34|    0|
    |partselect_16ns_128ns_32ns_16_1_1_U63  |partselect_16ns_128ns_32ns_16_1_1  |        0|   0|    0|   34|    0|
    |partselect_16ns_128ns_32ns_16_1_1_U64  |partselect_16ns_128ns_32ns_16_1_1  |        0|   0|    0|   34|    0|
    |partselect_16ns_128ns_32ns_16_1_1_U65  |partselect_16ns_128ns_32ns_16_1_1  |        0|   0|    0|   34|    0|
    |partselect_16ns_128ns_32ns_16_1_1_U66  |partselect_16ns_128ns_32ns_16_1_1  |        0|   0|    0|   34|    0|
    |partselect_16ns_128ns_32ns_16_1_1_U67  |partselect_16ns_128ns_32ns_16_1_1  |        0|   0|    0|   34|    0|
    |partselect_16ns_128ns_32ns_16_1_1_U68  |partselect_16ns_128ns_32ns_16_1_1  |        0|   0|    0|   34|    0|
    |partselect_16ns_128ns_32ns_16_1_1_U69  |partselect_16ns_128ns_32ns_16_1_1  |        0|   0|    0|   34|    0|
    |partselect_16ns_128ns_32ns_16_1_1_U70  |partselect_16ns_128ns_32ns_16_1_1  |        0|   0|    0|   34|    0|
    |partselect_16ns_128ns_32ns_16_1_1_U71  |partselect_16ns_128ns_32ns_16_1_1  |        0|   0|    0|   34|    0|
    |partselect_32ns_256ns_32ns_32_1_1_U72  |partselect_32ns_256ns_32ns_32_1_1  |        0|   0|    0|   68|    0|
    |partselect_32ns_256ns_32ns_32_1_1_U73  |partselect_32ns_256ns_32ns_32_1_1  |        0|   0|    0|   68|    0|
    |partselect_32ns_256ns_32ns_32_1_1_U74  |partselect_32ns_256ns_32ns_32_1_1  |        0|   0|    0|   68|    0|
    |partselect_32ns_256ns_32ns_32_1_1_U75  |partselect_32ns_256ns_32ns_32_1_1  |        0|   0|    0|   68|    0|
    |partselect_32ns_256ns_32ns_32_1_1_U76  |partselect_32ns_256ns_32ns_32_1_1  |        0|   0|    0|   68|    0|
    |partselect_32ns_256ns_32ns_32_1_1_U77  |partselect_32ns_256ns_32ns_32_1_1  |        0|   0|    0|   68|    0|
    |partselect_32ns_256ns_32ns_32_1_1_U78  |partselect_32ns_256ns_32ns_32_1_1  |        0|   0|    0|   68|    0|
    |partselect_32ns_256ns_32ns_32_1_1_U79  |partselect_32ns_256ns_32ns_32_1_1  |        0|   0|    0|   68|    0|
    |partselect_32ns_256ns_32ns_32_1_1_U80  |partselect_32ns_256ns_32ns_32_1_1  |        0|   0|    0|   68|    0|
    |partselect_32ns_256ns_32ns_32_1_1_U81  |partselect_32ns_256ns_32ns_32_1_1  |        0|   0|    0|   68|    0|
    |partselect_32ns_256ns_32ns_32_1_1_U82  |partselect_32ns_256ns_32ns_32_1_1  |        0|   0|    0|   68|    0|
    |partselect_32ns_256ns_32ns_32_1_1_U83  |partselect_32ns_256ns_32ns_32_1_1  |        0|   0|    0|   68|    0|
    |partselect_32ns_256ns_32ns_32_1_1_U84  |partselect_32ns_256ns_32ns_32_1_1  |        0|   0|    0|   68|    0|
    |partselect_32ns_256ns_32ns_32_1_1_U85  |partselect_32ns_256ns_32ns_32_1_1  |        0|   0|    0|   68|    0|
    |partselect_32ns_256ns_32ns_32_1_1_U86  |partselect_32ns_256ns_32ns_32_1_1  |        0|   0|    0|   68|    0|
    |partselect_32ns_256ns_32ns_32_1_1_U87  |partselect_32ns_256ns_32ns_32_1_1  |        0|   0|    0|   68|    0|
    |sparsemux_9_3_32_1_1_U88               |sparsemux_9_3_32_1_1               |        0|   0|    0|   14|    0|
    |sparsemux_9_3_32_1_1_U89               |sparsemux_9_3_32_1_1               |        0|   0|    0|   14|    0|
    |sparsemux_9_3_32_1_1_U90               |sparsemux_9_3_32_1_1               |        0|   0|    0|   14|    0|
    |sparsemux_9_3_32_1_1_U91               |sparsemux_9_3_32_1_1               |        0|   0|    0|   14|    0|
    |sparsemux_9_3_32_1_1_U92               |sparsemux_9_3_32_1_1               |        0|   0|    0|   14|    0|
    |sparsemux_9_3_32_1_1_U93               |sparsemux_9_3_32_1_1               |        0|   0|    0|   14|    0|
    |sparsemux_9_3_32_1_1_U94               |sparsemux_9_3_32_1_1               |        0|   0|    0|   14|    0|
    |sparsemux_9_3_32_1_1_U95               |sparsemux_9_3_32_1_1               |        0|   0|    0|   14|    0|
    |sparsemux_9_3_32_1_1_U96               |sparsemux_9_3_32_1_1               |        0|   0|    0|   14|    0|
    |sparsemux_9_3_32_1_1_U97               |sparsemux_9_3_32_1_1               |        0|   0|    0|   14|    0|
    |sparsemux_9_3_32_1_1_U98               |sparsemux_9_3_32_1_1               |        0|   0|    0|   14|    0|
    |sparsemux_9_3_32_1_1_U99               |sparsemux_9_3_32_1_1               |        0|   0|    0|   14|    0|
    |sparsemux_9_3_32_1_1_U100              |sparsemux_9_3_32_1_1               |        0|   0|    0|   14|    0|
    |sparsemux_9_3_32_1_1_U101              |sparsemux_9_3_32_1_1               |        0|   0|    0|   14|    0|
    |sparsemux_9_3_32_1_1_U102              |sparsemux_9_3_32_1_1               |        0|   0|    0|   14|    0|
    |sparsemux_9_3_32_1_1_U103              |sparsemux_9_3_32_1_1               |        0|   0|    0|   14|    0|
    +---------------------------------------+-----------------------------------+---------+----+-----+-----+-----+
    |Total                                  |                                   |        0|  65| 9425|12191|    0|
    +---------------------------------------+-----------------------------------+---------+----+-----+-----+-----+

    * DSP: 
    +--------------------------------------+---------------------------------+--------------+
    |               Instance               |              Module             |  Expression  |
    +--------------------------------------+---------------------------------+--------------+
    |mac_muladd_10ns_2ns_10ns_12_4_1_U104  |mac_muladd_10ns_2ns_10ns_12_4_1  |  i0 * i1 + i2|
    |mac_muladd_10ns_3ns_10ns_13_4_1_U105  |mac_muladd_10ns_3ns_10ns_13_4_1  |  i0 * i1 + i2|
    +--------------------------------------+---------------------------------+--------------+

    * Memory: 
    N/A

    * FIFO: 
    N/A

    * Expression: 
    +-------------------------------+----------+----+---+----+------------+------------+
    |         Variable Name         | Operation| DSP| FF| LUT| Bitwidth P0| Bitwidth P1|
    +-------------------------------+----------+----+---+----+------------+------------+
    |add_ln20_100_fu_7760_p2        |         +|   0|  0|  10|           3|           1|
    |add_ln20_101_fu_8944_p2        |         +|   0|  0|  10|           3|           1|
    |add_ln20_102_fu_8982_p2        |         +|   0|  0|  12|           4|           1|
    |add_ln20_103_fu_9018_p2        |         +|   0|  0|  12|           4|           1|
    |add_ln20_104_fu_10244_p2       |         +|   0|  0|  12|           4|           1|
    |add_ln20_105_fu_9155_p2        |         +|   0|  0|  10|           3|           1|
    |add_ln20_106_fu_9191_p2        |         +|   0|  0|  10|           3|           1|
    |add_ln20_107_fu_9213_p2        |         +|   0|  0|  10|           3|           1|
    |add_ln20_108_fu_10368_p2       |         +|   0|  0|  10|           3|           1|
    |add_ln20_109_fu_10406_p2       |         +|   0|  0|  12|           4|           1|
    |add_ln20_10_fu_5934_p2         |         +|   0|  0|  10|           3|           1|
    |add_ln20_110_fu_10442_p2       |         +|   0|  0|  12|           4|           1|
    |add_ln20_111_fu_11340_p2       |         +|   0|  0|  12|           4|           1|
    |add_ln20_112_fu_10579_p2       |         +|   0|  0|  10|           3|           1|
    |add_ln20_113_fu_10615_p2       |         +|   0|  0|  10|           3|           1|
    |add_ln20_114_fu_10637_p2       |         +|   0|  0|  10|           3|           1|
    |add_ln20_115_fu_11464_p2       |         +|   0|  0|  10|           3|           1|
    |add_ln20_116_fu_11502_p2       |         +|   0|  0|  12|           4|           1|
    |add_ln20_117_fu_11538_p2       |         +|   0|  0|  12|           4|           1|
    |add_ln20_118_fu_11965_p2       |         +|   0|  0|  12|           4|           1|
    |add_ln20_11_fu_5972_p2         |         +|   0|  0|  12|           4|           1|
    |add_ln20_12_fu_6008_p2         |         +|   0|  0|  12|           4|           1|
    |add_ln20_13_fu_7856_p2         |         +|   0|  0|  12|           4|           1|
    |add_ln20_14_fu_6145_p2         |         +|   0|  0|  10|           3|           1|
    |add_ln20_15_fu_6181_p2         |         +|   0|  0|  10|           3|           1|
    |add_ln20_16_fu_6203_p2         |         +|   0|  0|  10|           3|           1|
    |add_ln20_17_fu_7980_p2         |         +|   0|  0|  10|           3|           1|
    |add_ln20_18_fu_8018_p2         |         +|   0|  0|  12|           4|           1|
    |add_ln20_19_fu_8054_p2         |         +|   0|  0|  12|           4|           1|
    |add_ln20_1_fu_4432_p2          |         +|   0|  0|  10|           3|           1|
    |add_ln20_20_fu_9294_p2         |         +|   0|  0|  12|           4|           1|
    |add_ln20_21_fu_8191_p2         |         +|   0|  0|  10|           3|           1|
    |add_ln20_22_fu_8227_p2         |         +|   0|  0|  10|           3|           1|
    |add_ln20_23_fu_8249_p2         |         +|   0|  0|  10|           3|           1|
    |add_ln20_24_fu_9418_p2         |         +|   0|  0|  10|           3|           1|
    |add_ln20_25_fu_9456_p2         |         +|   0|  0|  12|           4|           1|
    |add_ln20_26_fu_9492_p2         |         +|   0|  0|  12|           4|           1|
    |add_ln20_27_fu_10717_p2        |         +|   0|  0|  12|           4|           1|
    |add_ln20_28_fu_3151_p2         |         +|   0|  0|  10|           3|           1|
    |add_ln20_29_fu_4787_p2         |         +|   0|  0|  10|           3|           1|
    |add_ln20_2_fu_4466_p2          |         +|   0|  0|  10|           3|           1|
    |add_ln20_30_fu_4821_p2         |         +|   0|  0|  10|           3|           1|
    |add_ln20_31_fu_4857_p2         |         +|   0|  0|  10|           3|           1|
    |add_ln20_32_fu_4883_p2         |         +|   0|  0|  12|           4|           1|
    |add_ln20_33_fu_6302_p2         |         +|   0|  0|  12|           4|           1|
    |add_ln20_34_fu_6336_p2         |         +|   0|  0|  12|           4|           1|
    |add_ln20_35_fu_3323_p2         |         +|   0|  0|  10|           3|           1|
    |add_ln20_36_fu_5018_p2         |         +|   0|  0|  10|           3|           1|
    |add_ln20_37_fu_5052_p2         |         +|   0|  0|  10|           3|           1|
    |add_ln20_38_fu_5088_p2         |         +|   0|  0|  10|           3|           1|
    |add_ln20_39_fu_5114_p2         |         +|   0|  0|  12|           4|           1|
    |add_ln20_3_fu_4488_p2          |         +|   0|  0|  10|           3|           1|
    |add_ln20_40_fu_6535_p2         |         +|   0|  0|  12|           4|           1|
    |add_ln20_41_fu_6569_p2         |         +|   0|  0|  12|           4|           1|
    |add_ln20_42_fu_5211_p2         |         +|   0|  0|  10|           3|           1|
    |add_ln20_43_fu_5247_p2         |         +|   0|  0|  10|           3|           1|
    |add_ln20_44_fu_5269_p2         |         +|   0|  0|  10|           3|           1|
    |add_ln20_45_fu_6709_p2         |         +|   0|  0|  10|           3|           1|
    |add_ln20_46_fu_6747_p2         |         +|   0|  0|  12|           4|           1|
    |add_ln20_47_fu_6783_p2         |         +|   0|  0|  12|           4|           1|
    |add_ln20_48_fu_8348_p2         |         +|   0|  0|  12|           4|           1|
    |add_ln20_49_fu_6920_p2         |         +|   0|  0|  10|           3|           1|
    |add_ln20_4_fu_4506_p2          |         +|   0|  0|  12|           4|           1|
    |add_ln20_50_fu_6956_p2         |         +|   0|  0|  10|           3|           1|
    |add_ln20_51_fu_6978_p2         |         +|   0|  0|  10|           3|           1|
    |add_ln20_52_fu_8472_p2         |         +|   0|  0|  10|           3|           1|
    |add_ln20_53_fu_8510_p2         |         +|   0|  0|  12|           4|           1|
    |add_ln20_54_fu_8546_p2         |         +|   0|  0|  12|           4|           1|
    |add_ln20_55_fu_9615_p2         |         +|   0|  0|  12|           4|           1|
    |add_ln20_56_fu_9797_p2         |         +|   0|  0|  10|           3|           1|
    |add_ln20_57_fu_9833_p2         |         +|   0|  0|  10|           3|           1|
    |add_ln20_58_fu_9855_p2         |         +|   0|  0|  10|           3|           1|
    |add_ln20_59_fu_10861_p2        |         +|   0|  0|  10|           3|           1|
    |add_ln20_5_fu_5794_p2          |         +|   0|  0|  12|           4|           1|
    |add_ln20_60_fu_10899_p2        |         +|   0|  0|  12|           4|           1|
    |add_ln20_61_fu_10935_p2        |         +|   0|  0|  12|           4|           1|
    |add_ln20_62_fu_11661_p2        |         +|   0|  0|  12|           4|           1|
    |add_ln20_63_fu_3723_p2         |         +|   0|  0|  10|           3|           1|
    |add_ln20_64_fu_5316_p2         |         +|   0|  0|  10|           3|           1|
    |add_ln20_65_fu_5350_p2         |         +|   0|  0|  10|           3|           1|
    |add_ln20_66_fu_5386_p2         |         +|   0|  0|  10|           3|           1|
    |add_ln20_67_fu_5412_p2         |         +|   0|  0|  12|           4|           1|
    |add_ln20_68_fu_7084_p2         |         +|   0|  0|  12|           4|           1|
    |add_ln20_69_fu_7118_p2         |         +|   0|  0|  12|           4|           1|
    |add_ln20_6_fu_5828_p2          |         +|   0|  0|  12|           4|           1|
    |add_ln20_70_fu_5509_p2         |         +|   0|  0|  10|           3|           1|
    |add_ln20_71_fu_5545_p2         |         +|   0|  0|  10|           3|           1|
    |add_ln20_72_fu_5567_p2         |         +|   0|  0|  10|           3|           1|
    |add_ln20_73_fu_7258_p2         |         +|   0|  0|  10|           3|           1|
    |add_ln20_74_fu_7296_p2         |         +|   0|  0|  12|           4|           1|
    |add_ln20_75_fu_7332_p2         |         +|   0|  0|  12|           4|           1|
    |add_ln20_76_fu_8653_p2         |         +|   0|  0|  12|           4|           1|
    |add_ln20_77_fu_8835_p2         |         +|   0|  0|  10|           3|           1|
    |add_ln20_78_fu_8871_p2         |         +|   0|  0|  10|           3|           1|
    |add_ln20_79_fu_8893_p2         |         +|   0|  0|  10|           3|           1|
    |add_ln20_7_fu_4622_p2          |         +|   0|  0|  10|           3|           1|
    |add_ln20_80_fu_9907_p2         |         +|   0|  0|  10|           3|           1|
    |add_ln20_81_fu_9945_p2         |         +|   0|  0|  12|           4|           1|
    |add_ln20_82_fu_9981_p2         |         +|   0|  0|  12|           4|           1|
    |add_ln20_83_fu_11035_p2        |         +|   0|  0|  12|           4|           1|
    |add_ln20_84_fu_10118_p2        |         +|   0|  0|  10|           3|           1|
    |add_ln20_85_fu_10154_p2        |         +|   0|  0|  10|           3|           1|
    |add_ln20_86_fu_10176_p2        |         +|   0|  0|  10|           3|           1|
    |add_ln20_87_fu_11159_p2        |         +|   0|  0|  10|           3|           1|
    |add_ln20_88_fu_11197_p2        |         +|   0|  0|  12|           4|           1|
    |add_ln20_89_fu_11233_p2        |         +|   0|  0|  12|           4|           1|
    |add_ln20_8_fu_4658_p2          |         +|   0|  0|  10|           3|           1|
    |add_ln20_90_fu_11813_p2        |         +|   0|  0|  12|           4|           1|
    |add_ln20_91_fu_4123_p2         |         +|   0|  0|  10|           3|           1|
    |add_ln20_92_fu_5614_p2         |         +|   0|  0|  10|           3|           1|
    |add_ln20_93_fu_5648_p2         |         +|   0|  0|  10|           3|           1|
    |add_ln20_94_fu_5684_p2         |         +|   0|  0|  10|           3|           1|
    |add_ln20_95_fu_5710_p2         |         +|   0|  0|  12|           4|           1|
    |add_ln20_96_fu_7470_p2         |         +|   0|  0|  12|           4|           1|
    |add_ln20_97_fu_7504_p2         |         +|   0|  0|  12|           4|           1|
    |add_ln20_98_fu_7702_p2         |         +|   0|  0|  10|           3|           1|
    |add_ln20_99_fu_7738_p2         |         +|   0|  0|  10|           3|           1|
    |add_ln20_9_fu_4680_p2          |         +|   0|  0|  10|           3|           1|
    |add_ln20_fu_2779_p2            |         +|   0|  0|  10|           3|           1|
    |add_ln32_10_fu_8617_p2         |         +|   0|  0|  38|          31|          30|
    |add_ln32_11_fu_10999_p2        |         +|   0|  0|  38|          31|          30|
    |add_ln32_12_fu_11777_p2        |         +|   0|  0|  38|          31|          30|
    |add_ln32_13_fu_7396_p2         |         +|   0|  0|  38|          31|          30|
    |add_ln32_14_fu_10208_p2        |         +|   0|  0|  38|          31|          30|
    |add_ln32_15_fu_11304_p2        |         +|   0|  0|  38|          31|          30|
    |add_ln32_16_fu_11929_p2        |         +|   0|  0|  38|          31|          30|
    |add_ln32_1_fu_7820_p2          |         +|   0|  0|  38|          31|          30|
    |add_ln32_2_fu_9258_p2          |         +|   0|  0|  38|          31|          30|
    |add_ln32_3_fu_10681_p2         |         +|   0|  0|  38|          31|          30|
    |add_ln32_4_fu_6228_p2          |         +|   0|  0|  38|          31|          30|
    |add_ln32_5_fu_6461_p2          |         +|   0|  0|  38|          31|          30|
    |add_ln32_6_fu_8312_p2          |         +|   0|  0|  38|          31|          30|
    |add_ln32_7_fu_9579_p2          |         +|   0|  0|  38|          31|          30|
    |add_ln32_8_fu_11625_p2         |         +|   0|  0|  38|          31|          30|
    |add_ln32_9_fu_7010_p2          |         +|   0|  0|  38|          31|          30|
    |add_ln32_fu_5875_p2            |         +|   0|  0|  38|          31|          30|
    |add_ln80_1_fu_2417_p2          |         +|   0|  0|  23|          16|           1|
    |add_ln80_fu_2426_p2            |         +|   0|  0|  12|           5|           3|
    |add_ln81_1_fu_2464_p2          |         +|   0|  0|  22|          15|           1|
    |add_ln81_fu_2524_p2            |         +|   0|  0|  13|           6|           3|
    |kbase_fu_2596_p2               |         +|   0|  0|  20|          13|           3|
    |sub_ln26_10_fu_8668_p2         |         -|   0|  0|  13|           5|           6|
    |sub_ln26_11_fu_11050_p2        |         -|   0|  0|  13|           5|           6|
    |sub_ln26_12_fu_11828_p2        |         -|   0|  0|  13|           5|           6|
    |sub_ln26_13_fu_7522_p2         |         -|   0|  0|  13|           5|           6|
    |sub_ln26_14_fu_10259_p2        |         -|   0|  0|  13|           5|           6|
    |sub_ln26_15_fu_11355_p2        |         -|   0|  0|  13|           5|           6|
    |sub_ln26_16_fu_11980_p2        |         -|   0|  0|  13|           5|           6|
    |sub_ln26_1_fu_7871_p2          |         -|   0|  0|  13|           5|           6|
    |sub_ln26_2_fu_9309_p2          |         -|   0|  0|  13|           5|           6|
    |sub_ln26_3_fu_10732_p2         |         -|   0|  0|  13|           5|           6|
    |sub_ln26_4_fu_6354_p2          |         -|   0|  0|  13|           5|           6|
    |sub_ln26_5_fu_6587_p2          |         -|   0|  0|  13|           5|           6|
    |sub_ln26_6_fu_8363_p2          |         -|   0|  0|  13|           5|           6|
    |sub_ln26_7_fu_9630_p2          |         -|   0|  0|  13|           5|           6|
    |sub_ln26_8_fu_11676_p2         |         -|   0|  0|  13|           5|           6|
    |sub_ln26_9_fu_7136_p2          |         -|   0|  0|  13|           5|           6|
    |sub_ln26_fu_5846_p2            |         -|   0|  0|  13|           5|           6|
    |and_ln13_10_fu_11087_p2        |       and|   0|  0|   2|           1|           1|
    |and_ln13_11_fu_11865_p2        |       and|   0|  0|   2|           1|           1|
    |and_ln13_12_fu_7572_p2         |       and|   0|  0|   2|           1|           1|
    |and_ln13_13_fu_10296_p2        |       and|   0|  0|   2|           1|           1|
    |and_ln13_14_fu_11392_p2        |       and|   0|  0|   2|           1|           1|
    |and_ln13_15_fu_12017_p2        |       and|   0|  0|   2|           1|           1|
    |and_ln13_1_fu_9346_p2          |       and|   0|  0|   2|           1|           1|
    |and_ln13_2_fu_10769_p2         |       and|   0|  0|   2|           1|           1|
    |and_ln13_3_fu_6404_p2          |       and|   0|  0|   2|           1|           1|
    |and_ln13_4_fu_6637_p2          |       and|   0|  0|   2|           1|           1|
    |and_ln13_5_fu_8400_p2          |       and|   0|  0|   2|           1|           1|
    |and_ln13_6_fu_9667_p2          |       and|   0|  0|   2|           1|           1|
    |and_ln13_7_fu_11713_p2         |       and|   0|  0|   2|           1|           1|
    |and_ln13_8_fu_7186_p2          |       and|   0|  0|   2|           1|           1|
    |and_ln13_9_fu_8705_p2          |       and|   0|  0|   2|           1|           1|
    |and_ln13_fu_7908_p2            |       and|   0|  0|   2|           1|           1|
    |ap_predicate_pred2528_state8   |       and|   0|  0|   2|           1|           1|
    |ap_predicate_pred2539_state8   |       and|   0|  0|   2|           1|           1|
    |ap_predicate_pred2556_state8   |       and|   0|  0|   2|           1|           1|
    |ap_predicate_pred2964_state52  |       and|   0|  0|   2|           1|           1|
    |ap_predicate_pred3050_state52  |       and|   0|  0|   2|           1|           1|
    |ap_predicate_pred3136_state52  |       and|   0|  0|   2|           1|           1|
    |ap_predicate_pred3225_state52  |       and|   0|  0|   2|           1|           1|
    |ap_predicate_pred3312_state55  |       and|   0|  0|   2|           1|           1|
    |ap_predicate_pred3365_state55  |       and|   0|  0|   2|           1|           1|
    |ap_predicate_pred3418_state55  |       and|   0|  0|   2|           1|           1|
    |ap_predicate_pred3475_state55  |       and|   0|  0|   2|           1|           1|
    |icmp_ln12_10_fu_8385_p2        |      icmp|   0|  0|  12|           5|           2|
    |icmp_ln12_11_fu_8390_p2        |      icmp|   0|  0|  12|           5|           1|
    |icmp_ln12_12_fu_9652_p2        |      icmp|   0|  0|  12|           5|           2|
    |icmp_ln12_13_fu_9657_p2        |      icmp|   0|  0|  12|           5|           1|
    |icmp_ln12_14_fu_11698_p2       |      icmp|   0|  0|  12|           5|           2|
    |icmp_ln12_15_fu_11703_p2       |      icmp|   0|  0|  12|           5|           1|
    |icmp_ln12_16_fu_7171_p2        |      icmp|   0|  0|  12|           5|           2|
    |icmp_ln12_17_fu_7176_p2        |      icmp|   0|  0|  12|           5|           1|
    |icmp_ln12_18_fu_8690_p2        |      icmp|   0|  0|  12|           5|           2|
    |icmp_ln12_19_fu_8695_p2        |      icmp|   0|  0|  12|           5|           1|
    |icmp_ln12_1_fu_7898_p2         |      icmp|   0|  0|  12|           5|           1|
    |icmp_ln12_20_fu_11072_p2       |      icmp|   0|  0|  12|           5|           2|
    |icmp_ln12_21_fu_11077_p2       |      icmp|   0|  0|  12|           5|           1|
    |icmp_ln12_22_fu_11850_p2       |      icmp|   0|  0|  12|           5|           2|
    |icmp_ln12_23_fu_11855_p2       |      icmp|   0|  0|  12|           5|           1|
    |icmp_ln12_24_fu_7557_p2        |      icmp|   0|  0|  12|           5|           2|
    |icmp_ln12_25_fu_7562_p2        |      icmp|   0|  0|  12|           5|           1|
    |icmp_ln12_26_fu_10281_p2       |      icmp|   0|  0|  12|           5|           2|
    |icmp_ln12_27_fu_10286_p2       |      icmp|   0|  0|  12|           5|           1|
    |icmp_ln12_28_fu_11377_p2       |      icmp|   0|  0|  12|           5|           2|
    |icmp_ln12_29_fu_11382_p2       |      icmp|   0|  0|  12|           5|           1|
    |icmp_ln12_2_fu_9331_p2         |      icmp|   0|  0|  12|           5|           2|
    |icmp_ln12_30_fu_12002_p2       |      icmp|   0|  0|  12|           5|           2|
    |icmp_ln12_31_fu_12007_p2       |      icmp|   0|  0|  12|           5|           1|
    |icmp_ln12_3_fu_9336_p2         |      icmp|   0|  0|  12|           5|           1|
    |icmp_ln12_4_fu_10754_p2        |      icmp|   0|  0|  12|           5|           2|
    |icmp_ln12_5_fu_10759_p2        |      icmp|   0|  0|  12|           5|           1|
    |icmp_ln12_6_fu_6389_p2         |      icmp|   0|  0|  12|           5|           2|
    |icmp_ln12_7_fu_6394_p2         |      icmp|   0|  0|  12|           5|           1|
    |icmp_ln12_8_fu_6622_p2         |      icmp|   0|  0|  12|           5|           2|
    |icmp_ln12_9_fu_6627_p2         |      icmp|   0|  0|  12|           5|           1|
    |icmp_ln12_fu_7893_p2           |      icmp|   0|  0|  12|           5|           2|
    |icmp_ln13_10_fu_6632_p2        |      icmp|   0|  0|  17|          10|           1|
    |icmp_ln13_11_fu_3441_p2        |      icmp|   0|  0|  17|          10|           1|
    |icmp_ln13_12_fu_8395_p2        |      icmp|   0|  0|  17|          10|           1|
    |icmp_ln13_13_fu_3517_p2        |      icmp|   0|  0|  17|          10|           1|
    |icmp_ln13_14_fu_9662_p2        |      icmp|   0|  0|  17|          10|           1|
    |icmp_ln13_15_fu_3593_p2        |      icmp|   0|  0|  17|          10|           1|
    |icmp_ln13_16_fu_11708_p2       |      icmp|   0|  0|  17|          10|           1|
    |icmp_ln13_17_fu_3765_p2        |      icmp|   0|  0|  17|          10|           1|
    |icmp_ln13_18_fu_7181_p2        |      icmp|   0|  0|  17|          10|           1|
    |icmp_ln13_19_fu_3841_p2        |      icmp|   0|  0|  17|          10|           1|
    |icmp_ln13_1_fu_2874_p2         |      icmp|   0|  0|  17|          10|           1|
    |icmp_ln13_20_fu_8700_p2        |      icmp|   0|  0|  17|          10|           1|
    |icmp_ln13_21_fu_3917_p2        |      icmp|   0|  0|  17|          10|           1|
    |icmp_ln13_22_fu_11082_p2       |      icmp|   0|  0|  17|          10|           1|
    |icmp_ln13_23_fu_3993_p2        |      icmp|   0|  0|  17|          10|           1|
    |icmp_ln13_24_fu_11860_p2       |      icmp|   0|  0|  17|          10|           1|
    |icmp_ln13_25_fu_4165_p2        |      icmp|   0|  0|  17|          10|           1|
    |icmp_ln13_26_fu_7567_p2        |      icmp|   0|  0|  17|          10|           1|
    |icmp_ln13_27_fu_4241_p2        |      icmp|   0|  0|  17|          10|           1|
    |icmp_ln13_28_fu_10291_p2       |      icmp|   0|  0|  17|          10|           1|
    |icmp_ln13_29_fu_4317_p2        |      icmp|   0|  0|  17|          10|           1|
    |icmp_ln13_2_fu_7903_p2         |      icmp|   0|  0|  17|          10|           1|
    |icmp_ln13_30_fu_11387_p2       |      icmp|   0|  0|  17|          10|           1|
    |icmp_ln13_31_fu_4393_p2        |      icmp|   0|  0|  17|          10|           1|
    |icmp_ln13_32_fu_12012_p2       |      icmp|   0|  0|  17|          10|           1|
    |icmp_ln13_3_fu_2964_p2         |      icmp|   0|  0|  17|          10|           1|
    |icmp_ln13_4_fu_9341_p2         |      icmp|   0|  0|  17|          10|           1|
    |icmp_ln13_5_fu_3051_p2         |      icmp|   0|  0|  17|          10|           1|
    |icmp_ln13_6_fu_10764_p2        |      icmp|   0|  0|  17|          10|           1|
    |icmp_ln13_7_fu_3193_p2         |      icmp|   0|  0|  17|          10|           1|
    |icmp_ln13_8_fu_6399_p2         |      icmp|   0|  0|  17|          10|           1|
    |icmp_ln13_9_fu_3365_p2         |      icmp|   0|  0|  17|          10|           1|
    |icmp_ln13_fu_2679_p2           |      icmp|   0|  0|  17|          10|           1|
    |icmp_ln80_fu_2411_p2           |      icmp|   0|  0|  23|          16|          16|
    |icmp_ln81_fu_2432_p2           |      icmp|   0|  0|  22|          15|          14|
    |icmp_ln94_1_fu_2602_p2         |      icmp|   0|  0|  20|          13|          13|
    |icmp_ln94_fu_2513_p2           |      icmp|   0|  0|  20|          13|          13|
    |or_ln13_10_fu_3893_p2          |        or|   0|  0|   5|           5|           5|
    |or_ln13_11_fu_3969_p2          |        or|   0|  0|   5|           5|           5|
    |or_ln13_12_fu_4141_p2          |        or|   0|  0|   5|           5|           5|
    |or_ln13_13_fu_4217_p2          |        or|   0|  0|   5|           5|           5|
    |or_ln13_14_fu_4293_p2          |        or|   0|  0|   5|           5|           5|
    |or_ln13_15_fu_4369_p2          |        or|   0|  0|   5|           5|           5|
    |or_ln13_1_fu_2940_p2           |        or|   0|  0|   5|           5|           5|
    |or_ln13_2_fu_3027_p2           |        or|   0|  0|   5|           5|           5|
    |or_ln13_3_fu_3169_p2           |        or|   0|  0|   5|           5|           5|
    |or_ln13_4_fu_3341_p2           |        or|   0|  0|   5|           5|           5|
    |or_ln13_5_fu_3417_p2           |        or|   0|  0|   5|           5|           5|
    |or_ln13_6_fu_3493_p2           |        or|   0|  0|   5|           5|           5|
    |or_ln13_7_fu_3569_p2           |        or|   0|  0|   5|           5|           5|
    |or_ln13_8_fu_3741_p2           |        or|   0|  0|   5|           5|           5|
    |or_ln13_9_fu_3817_p2           |        or|   0|  0|   5|           5|           5|
    |or_ln13_fu_2850_p2             |        or|   0|  0|   5|           5|           5|
    |or_ln80_fu_2519_p2             |        or|   0|  0|   2|           1|           1|
    |kbase_2_mid2_fu_2530_p3        |    select|   0|  0|  12|           1|          13|
    |normalized_101_fu_4990_p3      |    select|   0|  0|  10|           1|          11|
    |normalized_103_fu_5010_p3      |    select|   0|  0|  10|           1|          11|
    |normalized_105_fu_5044_p3      |    select|   0|  0|  10|           1|          11|
    |normalized_107_fu_5080_p3      |    select|   0|  0|  10|           1|          11|
    |normalized_109_fu_6502_p3      |    select|   0|  0|  10|           1|          11|
    |normalized_111_fu_6527_p3      |    select|   0|  0|  10|           1|          11|
    |normalized_116_fu_5134_p3      |    select|   0|  0|  10|           1|          11|
    |normalized_118_fu_5169_p3      |    select|   0|  0|  10|           1|          11|
    |normalized_11_fu_4458_p3       |    select|   0|  0|  10|           1|          11|
    |normalized_120_fu_5203_p3      |    select|   0|  0|  10|           1|          11|
    |normalized_122_fu_5239_p3      |    select|   0|  0|  10|           1|          11|
    |normalized_124_fu_6681_p3      |    select|   0|  0|  10|           1|          11|
    |normalized_126_fu_6701_p3      |    select|   0|  0|  10|           1|          11|
    |normalized_128_fu_6739_p3      |    select|   0|  0|  10|           1|          11|
    |normalized_130_fu_6775_p3      |    select|   0|  0|  10|           1|          11|
    |normalized_135_fu_6843_p3      |    select|   0|  0|  10|           1|          11|
    |normalized_137_fu_6878_p3      |    select|   0|  0|  10|           1|          11|
    |normalized_139_fu_6912_p3      |    select|   0|  0|  10|           1|          11|
    |normalized_13_fu_5738_p3       |    select|   0|  0|  10|           1|          11|
    |normalized_141_fu_6948_p3      |    select|   0|  0|  10|           1|          11|
    |normalized_143_fu_8444_p3      |    select|   0|  0|  10|           1|          11|
    |normalized_145_fu_8464_p3      |    select|   0|  0|  10|           1|          11|
    |normalized_147_fu_8502_p3      |    select|   0|  0|  10|           1|          11|
    |normalized_149_fu_8538_p3      |    select|   0|  0|  10|           1|          11|
    |normalized_154_fu_9720_p3      |    select|   0|  0|  10|           1|          11|
    |normalized_156_fu_9755_p3      |    select|   0|  0|  10|           1|          11|
    |normalized_158_fu_9789_p3      |    select|   0|  0|  10|           1|          11|
    |normalized_15_fu_5758_p3       |    select|   0|  0|  10|           1|          11|
    |normalized_160_fu_9825_p3      |    select|   0|  0|  10|           1|          11|
    |normalized_162_fu_10833_p3     |    select|   0|  0|  10|           1|          11|
    |normalized_164_fu_10853_p3     |    select|   0|  0|  10|           1|          11|
    |normalized_166_fu_10891_p3     |    select|   0|  0|  10|           1|          11|
    |normalized_168_fu_10927_p3     |    select|   0|  0|  10|           1|          11|
    |normalized_173_fu_3657_p3      |    select|   0|  0|  10|           1|          11|
    |normalized_175_fu_3695_p3      |    select|   0|  0|  10|           1|          11|
    |normalized_177_fu_5288_p3      |    select|   0|  0|  10|           1|          11|
    |normalized_179_fu_5308_p3      |    select|   0|  0|  10|           1|          11|
    |normalized_17_fu_5786_p3       |    select|   0|  0|  10|           1|          11|
    |normalized_181_fu_5342_p3      |    select|   0|  0|  10|           1|          11|
    |normalized_183_fu_5378_p3      |    select|   0|  0|  10|           1|          11|
    |normalized_185_fu_7051_p3      |    select|   0|  0|  10|           1|          11|
    |normalized_187_fu_7076_p3      |    select|   0|  0|  10|           1|          11|
    |normalized_192_fu_5432_p3      |    select|   0|  0|  10|           1|          11|
    |normalized_194_fu_5467_p3      |    select|   0|  0|  10|           1|          11|
    |normalized_196_fu_5501_p3      |    select|   0|  0|  10|           1|          11|
    |normalized_198_fu_5537_p3      |    select|   0|  0|  10|           1|          11|
    |normalized_200_fu_7230_p3      |    select|   0|  0|  10|           1|          11|
    |normalized_202_fu_7250_p3      |    select|   0|  0|  10|           1|          11|
    |normalized_204_fu_7288_p3      |    select|   0|  0|  10|           1|          11|
    |normalized_206_fu_7324_p3      |    select|   0|  0|  10|           1|          11|
    |normalized_211_fu_8758_p3      |    select|   0|  0|  10|           1|          11|
    |normalized_213_fu_8793_p3      |    select|   0|  0|  10|           1|          11|
    |normalized_215_fu_8827_p3      |    select|   0|  0|  10|           1|          11|
    |normalized_217_fu_8863_p3      |    select|   0|  0|  10|           1|          11|
    |normalized_219_fu_9879_p3      |    select|   0|  0|  10|           1|          11|
    |normalized_221_fu_9899_p3      |    select|   0|  0|  10|           1|          11|
    |normalized_223_fu_9937_p3      |    select|   0|  0|  10|           1|          11|
    |normalized_225_fu_9973_p3      |    select|   0|  0|  10|           1|          11|
    |normalized_22_fu_4545_p3       |    select|   0|  0|  10|           1|          11|
    |normalized_230_fu_10041_p3     |    select|   0|  0|  10|           1|          11|
    |normalized_232_fu_10076_p3     |    select|   0|  0|  10|           1|          11|
    |normalized_234_fu_10110_p3     |    select|   0|  0|  10|           1|          11|
    |normalized_236_fu_10146_p3     |    select|   0|  0|  10|           1|          11|
    |normalized_238_fu_11131_p3     |    select|   0|  0|  10|           1|          11|
    |normalized_240_fu_11151_p3     |    select|   0|  0|  10|           1|          11|
    |normalized_242_fu_11189_p3     |    select|   0|  0|  10|           1|          11|
    |normalized_244_fu_11225_p3     |    select|   0|  0|  10|           1|          11|
    |normalized_249_fu_4057_p3      |    select|   0|  0|  10|           1|          11|
    |normalized_24_fu_4580_p3       |    select|   0|  0|  10|           1|          11|
    |normalized_251_fu_4095_p3      |    select|   0|  0|  10|           1|          11|
    |normalized_253_fu_5586_p3      |    select|   0|  0|  10|           1|          11|
    |normalized_255_fu_5606_p3      |    select|   0|  0|  10|           1|          11|
    |normalized_257_fu_5640_p3      |    select|   0|  0|  10|           1|          11|
    |normalized_259_fu_5676_p3      |    select|   0|  0|  10|           1|          11|
    |normalized_261_fu_7437_p3      |    select|   0|  0|  10|           1|          11|
    |normalized_263_fu_7462_p3      |    select|   0|  0|  10|           1|          11|
    |normalized_268_fu_7625_p3      |    select|   0|  0|  10|           1|          11|
    |normalized_26_fu_4614_p3       |    select|   0|  0|  10|           1|          11|
    |normalized_270_fu_7660_p3      |    select|   0|  0|  10|           1|          11|
    |normalized_272_fu_7694_p3      |    select|   0|  0|  10|           1|          11|
    |normalized_274_fu_7730_p3      |    select|   0|  0|  10|           1|          11|
    |normalized_276_fu_8916_p3      |    select|   0|  0|  10|           1|          11|
    |normalized_278_fu_8936_p3      |    select|   0|  0|  10|           1|          11|
    |normalized_280_fu_8974_p3      |    select|   0|  0|  10|           1|          11|
    |normalized_282_fu_9010_p3      |    select|   0|  0|  10|           1|          11|
    |normalized_287_fu_9078_p3      |    select|   0|  0|  10|           1|          11|
    |normalized_289_fu_9113_p3      |    select|   0|  0|  10|           1|          11|
    |normalized_28_fu_4650_p3       |    select|   0|  0|  10|           1|          11|
    |normalized_291_fu_9147_p3      |    select|   0|  0|  10|           1|          11|
    |normalized_293_fu_9183_p3      |    select|   0|  0|  10|           1|          11|
    |normalized_295_fu_10340_p3     |    select|   0|  0|  10|           1|          11|
    |normalized_297_fu_10360_p3     |    select|   0|  0|  10|           1|          11|
    |normalized_299_fu_10398_p3     |    select|   0|  0|  10|           1|          11|
    |normalized_301_fu_10434_p3     |    select|   0|  0|  10|           1|          11|
    |normalized_306_fu_10502_p3     |    select|   0|  0|  10|           1|          11|
    |normalized_308_fu_10537_p3     |    select|   0|  0|  10|           1|          11|
    |normalized_30_fu_5906_p3       |    select|   0|  0|  10|           1|          11|
    |normalized_310_fu_10571_p3     |    select|   0|  0|  10|           1|          11|
    |normalized_312_fu_10607_p3     |    select|   0|  0|  10|           1|          11|
    |normalized_314_fu_11436_p3     |    select|   0|  0|  10|           1|          11|
    |normalized_316_fu_11456_p3     |    select|   0|  0|  10|           1|          11|
    |normalized_318_fu_11494_p3     |    select|   0|  0|  10|           1|          11|
    |normalized_320_fu_11530_p3     |    select|   0|  0|  10|           1|          11|
    |normalized_32_fu_5926_p3       |    select|   0|  0|  10|           1|          11|
    |normalized_34_fu_5964_p3       |    select|   0|  0|  10|           1|          11|
    |normalized_36_fu_6000_p3       |    select|   0|  0|  10|           1|          11|
    |normalized_3_fu_2713_p3        |    select|   0|  0|  10|           1|          11|
    |normalized_41_fu_6068_p3       |    select|   0|  0|  10|           1|          11|
    |normalized_43_fu_6103_p3       |    select|   0|  0|  10|           1|          11|
    |normalized_45_fu_6137_p3       |    select|   0|  0|  10|           1|          11|
    |normalized_47_fu_6173_p3       |    select|   0|  0|  10|           1|          11|
    |normalized_49_fu_7952_p3       |    select|   0|  0|  10|           1|          11|
    |normalized_51_fu_7972_p3       |    select|   0|  0|  10|           1|          11|
    |normalized_53_fu_8010_p3       |    select|   0|  0|  10|           1|          11|
    |normalized_55_fu_8046_p3       |    select|   0|  0|  10|           1|          11|
    |normalized_5_fu_2751_p3        |    select|   0|  0|  10|           1|          11|
    |normalized_60_fu_8114_p3       |    select|   0|  0|  10|           1|          11|
    |normalized_62_fu_8149_p3       |    select|   0|  0|  10|           1|          11|
    |normalized_64_fu_8183_p3       |    select|   0|  0|  10|           1|          11|
    |normalized_66_fu_8219_p3       |    select|   0|  0|  10|           1|          11|
    |normalized_68_fu_9390_p3       |    select|   0|  0|  10|           1|          11|
    |normalized_70_fu_9410_p3       |    select|   0|  0|  10|           1|          11|
    |normalized_72_fu_9448_p3       |    select|   0|  0|  10|           1|          11|
    |normalized_74_fu_9484_p3       |    select|   0|  0|  10|           1|          11|
    |normalized_78_fu_3085_p3       |    select|   0|  0|  10|           1|          11|
    |normalized_7_fu_4404_p3        |    select|   0|  0|  10|           1|          11|
    |normalized_80_fu_3123_p3       |    select|   0|  0|  10|           1|          11|
    |normalized_82_fu_4759_p3       |    select|   0|  0|  10|           1|          11|
    |normalized_84_fu_4779_p3       |    select|   0|  0|  10|           1|          11|
    |normalized_86_fu_4813_p3       |    select|   0|  0|  10|           1|          11|
    |normalized_88_fu_4849_p3       |    select|   0|  0|  10|           1|          11|
    |normalized_90_fu_6269_p3       |    select|   0|  0|  10|           1|          11|
    |normalized_92_fu_6294_p3       |    select|   0|  0|  10|           1|          11|
    |normalized_97_fu_3257_p3       |    select|   0|  0|  10|           1|          11|
    |normalized_99_fu_3295_p3       |    select|   0|  0|  10|           1|          11|
    |normalized_9_fu_4424_p3        |    select|   0|  0|  10|           1|          11|
    |p_mid2141_fu_12909_p3          |    select|   0|  0|  32|           1|          32|
    |p_mid2142_fu_12675_p3          |    select|   0|  0|  32|           1|          32|
    |p_mid2143_fu_12441_p3          |    select|   0|  0|  32|           1|          32|
    |p_mid2144_fu_13141_p3          |    select|   0|  0|  32|           1|          32|
    |p_mid2145_fu_12917_p3          |    select|   0|  0|  32|           1|          32|
    |p_mid2146_fu_12683_p3          |    select|   0|  0|  32|           1|          32|
    |p_mid2147_fu_12449_p3          |    select|   0|  0|  32|           1|          32|
    |p_mid2148_fu_13149_p3          |    select|   0|  0|  32|           1|          32|
    |p_mid2149_fu_12925_p3          |    select|   0|  0|  32|           1|          32|
    |p_mid2150_fu_12691_p3          |    select|   0|  0|  32|           1|          32|
    |p_mid2151_fu_12457_p3          |    select|   0|  0|  32|           1|          32|
    |p_mid2152_fu_13157_p3          |    select|   0|  0|  32|           1|          32|
    |p_mid2153_fu_12933_p3          |    select|   0|  0|  32|           1|          32|
    |p_mid2154_fu_12699_p3          |    select|   0|  0|  32|           1|          32|
    |p_mid2155_fu_12207_p3          |    select|   0|  0|  32|           1|          32|
    |p_mid2156_fu_13165_p3          |    select|   0|  0|  32|           1|          32|
    |p_mid2157_fu_12941_p3          |    select|   0|  0|  32|           1|          32|
    |p_mid2158_fu_12707_p3          |    select|   0|  0|  32|           1|          32|
    |p_mid2159_fu_12215_p3          |    select|   0|  0|  32|           1|          32|
    |p_mid2160_fu_13173_p3          |    select|   0|  0|  32|           1|          32|
    |p_mid2161_fu_12949_p3          |    select|   0|  0|  32|           1|          32|
    |p_mid2162_fu_12715_p3          |    select|   0|  0|  32|           1|          32|
    |p_mid2163_fu_12223_p3          |    select|   0|  0|  32|           1|          32|
    |p_mid2164_fu_13181_p3          |    select|   0|  0|  32|           1|          32|
    |p_mid2165_fu_12957_p3          |    select|   0|  0|  32|           1|          32|
    |p_mid2166_fu_12465_p3          |    select|   0|  0|  32|           1|          32|
    |p_mid2167_fu_12231_p3          |    select|   0|  0|  32|           1|          32|
    |p_mid2168_fu_13189_p3          |    select|   0|  0|  32|           1|          32|
    |p_mid2169_fu_12965_p3          |    select|   0|  0|  32|           1|          32|
    |p_mid2170_fu_12473_p3          |    select|   0|  0|  32|           1|          32|
    |p_mid2171_fu_12239_p3          |    select|   0|  0|  32|           1|          32|
    |p_mid2172_fu_13197_p3          |    select|   0|  0|  32|           1|          32|
    |p_mid2173_fu_12973_p3          |    select|   0|  0|  32|           1|          32|
    |p_mid2174_fu_12481_p3          |    select|   0|  0|  32|           1|          32|
    |p_mid2175_fu_12247_p3          |    select|   0|  0|  32|           1|          32|
    |p_mid2176_fu_13205_p3          |    select|   0|  0|  32|           1|          32|
    |p_mid2177_fu_12723_p3          |    select|   0|  0|  32|           1|          32|
    |p_mid2178_fu_12489_p3          |    select|   0|  0|  32|           1|          32|
    |p_mid2179_fu_12255_p3          |    select|   0|  0|  32|           1|          32|
    |p_mid2180_fu_13213_p3          |    select|   0|  0|  32|           1|          32|
    |p_mid2181_fu_12731_p3          |    select|   0|  0|  32|           1|          32|
    |p_mid2182_fu_12497_p3          |    select|   0|  0|  32|           1|          32|
    |p_mid2183_fu_12263_p3          |    select|   0|  0|  32|           1|          32|
    |p_mid2184_fu_13221_p3          |    select|   0|  0|  32|           1|          32|
    |p_mid2185_fu_12739_p3          |    select|   0|  0|  32|           1|          32|
    |p_mid2186_fu_12505_p3          |    select|   0|  0|  32|           1|          32|
    |p_mid2187_fu_12271_p3          |    select|   0|  0|  32|           1|          32|
    |p_mid2188_fu_12981_p3          |    select|   0|  0|  32|           1|          32|
    |p_mid2189_fu_12747_p3          |    select|   0|  0|  32|           1|          32|
    |p_mid2190_fu_12513_p3          |    select|   0|  0|  32|           1|          32|
    |p_mid2191_fu_12279_p3          |    select|   0|  0|  32|           1|          32|
    |p_mid2192_fu_12989_p3          |    select|   0|  0|  32|           1|          32|
    |p_mid2193_fu_12755_p3          |    select|   0|  0|  32|           1|          32|
    |p_mid2194_fu_12521_p3          |    select|   0|  0|  32|           1|          32|
    |p_mid2195_fu_12287_p3          |    select|   0|  0|  32|           1|          32|
    |p_mid2196_fu_12997_p3          |    select|   0|  0|  32|           1|          32|
    |p_mid2197_fu_12763_p3          |    select|   0|  0|  32|           1|          32|
    |p_mid2198_fu_12529_p3          |    select|   0|  0|  32|           1|          32|
    |p_mid2199_fu_12295_p3          |    select|   0|  0|  32|           1|          32|
    |p_mid2200_fu_13005_p3          |    select|   0|  0|  32|           1|          32|
    |p_mid2201_fu_12771_p3          |    select|   0|  0|  32|           1|          32|
    |p_mid2202_fu_12537_p3          |    select|   0|  0|  32|           1|          32|
    |p_mid2203_fu_12303_p3          |    select|   0|  0|  32|           1|          32|
    |p_mid2_fu_13133_p3             |    select|   0|  0|  32|           1|          32|
    |select_ln20_100_fu_8765_p3     |    select|   0|  0|   3|           1|           1|
    |select_ln20_101_fu_8801_p3     |    select|   0|  0|   2|           1|           2|
    |select_ln20_102_fu_8841_p3     |    select|   0|  0|   3|           1|           3|
    |select_ln20_103_fu_8877_p3     |    select|   0|  0|   3|           1|           3|
    |select_ln20_104_fu_8899_p3     |    select|   0|  0|   3|           1|           3|
    |select_ln20_105_fu_9912_p3     |    select|   0|  0|   3|           1|           3|
    |select_ln20_106_fu_9951_p3     |    select|   0|  0|   4|           1|           4|
    |select_ln20_107_fu_9987_p3     |    select|   0|  0|   4|           1|           4|
    |select_ln20_108_fu_11040_p3    |    select|   0|  0|   4|           1|           4|
    |select_ln20_109_fu_10048_p3    |    select|   0|  0|   3|           1|           1|
    |select_ln20_10_fu_4552_p3      |    select|   0|  0|   3|           1|           1|
    |select_ln20_110_fu_10084_p3    |    select|   0|  0|   2|           1|           2|
    |select_ln20_111_fu_10124_p3    |    select|   0|  0|   3|           1|           3|
    |select_ln20_112_fu_10160_p3    |    select|   0|  0|   3|           1|           3|
    |select_ln20_113_fu_10182_p3    |    select|   0|  0|   3|           1|           3|
    |select_ln20_114_fu_11164_p3    |    select|   0|  0|   3|           1|           3|
    |select_ln20_115_fu_11203_p3    |    select|   0|  0|   4|           1|           4|
    |select_ln20_116_fu_11239_p3    |    select|   0|  0|   4|           1|           4|
    |select_ln20_117_fu_11818_p3    |    select|   0|  0|   4|           1|           4|
    |select_ln20_118_fu_4065_p3     |    select|   0|  0|   3|           1|           1|
    |select_ln20_119_fu_4103_p3     |    select|   0|  0|   2|           1|           2|
    |select_ln20_11_fu_4588_p3      |    select|   0|  0|   2|           1|           2|
    |select_ln20_120_fu_4129_p3     |    select|   0|  0|   3|           1|           3|
    |select_ln20_121_fu_5619_p3     |    select|   0|  0|   3|           1|           3|
    |select_ln20_122_fu_5654_p3     |    select|   0|  0|   3|           1|           3|
    |select_ln20_123_fu_5690_p3     |    select|   0|  0|   3|           1|           3|
    |select_ln20_124_fu_7443_p3     |    select|   0|  0|   4|           1|           4|
    |select_ln20_125_fu_7476_p3     |    select|   0|  0|   4|           1|           4|
    |select_ln20_126_fu_7510_p3     |    select|   0|  0|   4|           1|           4|
    |select_ln20_127_fu_7632_p3     |    select|   0|  0|   3|           1|           1|
    |select_ln20_128_fu_7668_p3     |    select|   0|  0|   2|           1|           2|
    |select_ln20_129_fu_7708_p3     |    select|   0|  0|   3|           1|           3|
    |select_ln20_12_fu_4628_p3      |    select|   0|  0|   3|           1|           3|
    |select_ln20_130_fu_7744_p3     |    select|   0|  0|   3|           1|           3|
    |select_ln20_131_fu_7766_p3     |    select|   0|  0|   3|           1|           3|
    |select_ln20_132_fu_8949_p3     |    select|   0|  0|   3|           1|           3|
    |select_ln20_133_fu_8988_p3     |    select|   0|  0|   4|           1|           4|
    |select_ln20_134_fu_9024_p3     |    select|   0|  0|   4|           1|           4|
    |select_ln20_135_fu_10249_p3    |    select|   0|  0|   4|           1|           4|
    |select_ln20_136_fu_9085_p3     |    select|   0|  0|   3|           1|           1|
    |select_ln20_137_fu_9121_p3     |    select|   0|  0|   2|           1|           2|
    |select_ln20_138_fu_9161_p3     |    select|   0|  0|   3|           1|           3|
    |select_ln20_139_fu_9197_p3     |    select|   0|  0|   3|           1|           3|
    |select_ln20_13_fu_4664_p3      |    select|   0|  0|   3|           1|           3|
    |select_ln20_140_fu_9219_p3     |    select|   0|  0|   3|           1|           3|
    |select_ln20_141_fu_10373_p3    |    select|   0|  0|   3|           1|           3|
    |select_ln20_142_fu_10412_p3    |    select|   0|  0|   4|           1|           4|
    |select_ln20_143_fu_10448_p3    |    select|   0|  0|   4|           1|           4|
    |select_ln20_144_fu_11345_p3    |    select|   0|  0|   4|           1|           4|
    |select_ln20_145_fu_10509_p3    |    select|   0|  0|   3|           1|           1|
    |select_ln20_146_fu_10545_p3    |    select|   0|  0|   2|           1|           2|
    |select_ln20_147_fu_10585_p3    |    select|   0|  0|   3|           1|           3|
    |select_ln20_148_fu_10621_p3    |    select|   0|  0|   3|           1|           3|
    |select_ln20_149_fu_10643_p3    |    select|   0|  0|   3|           1|           3|
    |select_ln20_14_fu_4686_p3      |    select|   0|  0|   3|           1|           3|
    |select_ln20_150_fu_11469_p3    |    select|   0|  0|   3|           1|           3|
    |select_ln20_151_fu_11508_p3    |    select|   0|  0|   4|           1|           4|
    |select_ln20_152_fu_11544_p3    |    select|   0|  0|   4|           1|           4|
    |select_ln20_153_fu_11970_p3    |    select|   0|  0|   4|           1|           4|
    |select_ln20_15_fu_5939_p3      |    select|   0|  0|   3|           1|           3|
    |select_ln20_162_fu_6046_p3     |    select|   0|  0|  10|           1|          10|
    |select_ln20_16_fu_5978_p3      |    select|   0|  0|   4|           1|           4|
    |select_ln20_171_fu_8092_p3     |    select|   0|  0|  10|           1|          10|
    |select_ln20_17_fu_6014_p3      |    select|   0|  0|   4|           1|           4|
    |select_ln20_180_fu_9530_p3     |    select|   0|  0|  10|           1|          10|
    |select_ln20_189_fu_6364_p3     |    select|   0|  0|  10|           1|          10|
    |select_ln20_18_fu_7861_p3      |    select|   0|  0|   4|           1|           4|
    |select_ln20_198_fu_6597_p3     |    select|   0|  0|  10|           1|          10|
    |select_ln20_19_fu_6075_p3      |    select|   0|  0|   3|           1|           1|
    |select_ln20_1_fu_2721_p3       |    select|   0|  0|   3|           1|           1|
    |select_ln20_207_fu_6821_p3     |    select|   0|  0|  10|           1|          10|
    |select_ln20_20_fu_6111_p3      |    select|   0|  0|   2|           1|           2|
    |select_ln20_216_fu_8584_p3     |    select|   0|  0|  10|           1|          10|
    |select_ln20_21_fu_6151_p3      |    select|   0|  0|   3|           1|           3|
    |select_ln20_225_fu_10973_p3    |    select|   0|  0|  10|           1|          10|
    |select_ln20_22_fu_6187_p3      |    select|   0|  0|   3|           1|           3|
    |select_ln20_234_fu_7146_p3     |    select|   0|  0|  10|           1|          10|
    |select_ln20_23_fu_6209_p3      |    select|   0|  0|   3|           1|           3|
    |select_ln20_243_fu_7370_p3     |    select|   0|  0|  10|           1|          10|
    |select_ln20_24_fu_7985_p3      |    select|   0|  0|   3|           1|           3|
    |select_ln20_252_fu_10019_p3    |    select|   0|  0|  10|           1|          10|
    |select_ln20_25_fu_8024_p3      |    select|   0|  0|   4|           1|           4|
    |select_ln20_261_fu_11271_p3    |    select|   0|  0|  10|           1|          10|
    |select_ln20_26_fu_8060_p3      |    select|   0|  0|   4|           1|           4|
    |select_ln20_270_fu_7532_p3     |    select|   0|  0|  10|           1|          10|
    |select_ln20_279_fu_9056_p3     |    select|   0|  0|  10|           1|          10|
    |select_ln20_27_fu_9299_p3      |    select|   0|  0|   4|           1|           4|
    |select_ln20_288_fu_10480_p3    |    select|   0|  0|  10|           1|          10|
    |select_ln20_28_fu_8121_p3      |    select|   0|  0|   3|           1|           1|
    |select_ln20_297_fu_11576_p3    |    select|   0|  0|  10|           1|          10|
    |select_ln20_29_fu_8157_p3      |    select|   0|  0|   2|           1|           2|
    |select_ln20_2_fu_2759_p3       |    select|   0|  0|   2|           1|           2|
    |select_ln20_30_fu_8197_p3      |    select|   0|  0|   3|           1|           3|
    |select_ln20_31_fu_8233_p3      |    select|   0|  0|   3|           1|           3|
    |select_ln20_32_fu_8255_p3      |    select|   0|  0|   3|           1|           3|
    |select_ln20_33_fu_9423_p3      |    select|   0|  0|   3|           1|           3|
    |select_ln20_34_fu_9462_p3      |    select|   0|  0|   4|           1|           4|
    |select_ln20_35_fu_9498_p3      |    select|   0|  0|   4|           1|           4|
    |select_ln20_36_fu_10722_p3     |    select|   0|  0|   4|           1|           4|
    |select_ln20_37_fu_3093_p3      |    select|   0|  0|   3|           1|           1|
    |select_ln20_38_fu_3131_p3      |    select|   0|  0|   2|           1|           2|
    |select_ln20_39_fu_3157_p3      |    select|   0|  0|   3|           1|           3|
    |select_ln20_3_fu_2785_p3       |    select|   0|  0|   3|           1|           3|
    |select_ln20_40_fu_4792_p3      |    select|   0|  0|   3|           1|           3|
    |select_ln20_41_fu_4827_p3      |    select|   0|  0|   3|           1|           3|
    |select_ln20_42_fu_4863_p3      |    select|   0|  0|   3|           1|           3|
    |select_ln20_43_fu_6275_p3      |    select|   0|  0|   4|           1|           4|
    |select_ln20_44_fu_6308_p3      |    select|   0|  0|   4|           1|           4|
    |select_ln20_45_fu_6342_p3      |    select|   0|  0|   4|           1|           4|
    |select_ln20_46_fu_3265_p3      |    select|   0|  0|   3|           1|           1|
    |select_ln20_47_fu_3303_p3      |    select|   0|  0|   2|           1|           2|
    |select_ln20_48_fu_3329_p3      |    select|   0|  0|   3|           1|           3|
    |select_ln20_49_fu_5023_p3      |    select|   0|  0|   3|           1|           3|
    |select_ln20_4_fu_4437_p3       |    select|   0|  0|   3|           1|           3|
    |select_ln20_50_fu_5058_p3      |    select|   0|  0|   3|           1|           3|
    |select_ln20_51_fu_5094_p3      |    select|   0|  0|   3|           1|           3|
    |select_ln20_52_fu_6508_p3      |    select|   0|  0|   4|           1|           4|
    |select_ln20_53_fu_6541_p3      |    select|   0|  0|   4|           1|           4|
    |select_ln20_54_fu_6575_p3      |    select|   0|  0|   4|           1|           4|
    |select_ln20_55_fu_5141_p3      |    select|   0|  0|   3|           1|           1|
    |select_ln20_56_fu_5177_p3      |    select|   0|  0|   2|           1|           2|
    |select_ln20_57_fu_5217_p3      |    select|   0|  0|   3|           1|           3|
    |select_ln20_58_fu_5253_p3      |    select|   0|  0|   3|           1|           3|
    |select_ln20_59_fu_5275_p3      |    select|   0|  0|   3|           1|           3|
    |select_ln20_5_fu_4472_p3       |    select|   0|  0|   3|           1|           3|
    |select_ln20_60_fu_6714_p3      |    select|   0|  0|   3|           1|           3|
    |select_ln20_61_fu_6753_p3      |    select|   0|  0|   4|           1|           4|
    |select_ln20_62_fu_6789_p3      |    select|   0|  0|   4|           1|           4|
    |select_ln20_63_fu_8353_p3      |    select|   0|  0|   4|           1|           4|
    |select_ln20_64_fu_6850_p3      |    select|   0|  0|   3|           1|           1|
    |select_ln20_65_fu_6886_p3      |    select|   0|  0|   2|           1|           2|
    |select_ln20_66_fu_6926_p3      |    select|   0|  0|   3|           1|           3|
    |select_ln20_67_fu_6962_p3      |    select|   0|  0|   3|           1|           3|
    |select_ln20_68_fu_6984_p3      |    select|   0|  0|   3|           1|           3|
    |select_ln20_69_fu_8477_p3      |    select|   0|  0|   3|           1|           3|
    |select_ln20_6_fu_4494_p3       |    select|   0|  0|   3|           1|           3|
    |select_ln20_70_fu_8516_p3      |    select|   0|  0|   4|           1|           4|
    |select_ln20_71_fu_8552_p3      |    select|   0|  0|   4|           1|           4|
    |select_ln20_72_fu_9620_p3      |    select|   0|  0|   4|           1|           4|
    |select_ln20_73_fu_9727_p3      |    select|   0|  0|   3|           1|           1|
    |select_ln20_74_fu_9763_p3      |    select|   0|  0|   2|           1|           2|
    |select_ln20_75_fu_9803_p3      |    select|   0|  0|   3|           1|           3|
    |select_ln20_76_fu_9839_p3      |    select|   0|  0|   3|           1|           3|
    |select_ln20_77_fu_9861_p3      |    select|   0|  0|   3|           1|           3|
    |select_ln20_78_fu_10866_p3     |    select|   0|  0|   3|           1|           3|
    |select_ln20_79_fu_10905_p3     |    select|   0|  0|   4|           1|           4|
    |select_ln20_7_fu_5766_p3       |    select|   0|  0|   4|           1|           4|
    |select_ln20_80_fu_10941_p3     |    select|   0|  0|   4|           1|           4|
    |select_ln20_81_fu_11666_p3     |    select|   0|  0|   4|           1|           4|
    |select_ln20_82_fu_3665_p3      |    select|   0|  0|   3|           1|           1|
    |select_ln20_83_fu_3703_p3      |    select|   0|  0|   2|           1|           2|
    |select_ln20_84_fu_3729_p3      |    select|   0|  0|   3|           1|           3|
    |select_ln20_85_fu_5321_p3      |    select|   0|  0|   3|           1|           3|
    |select_ln20_86_fu_5356_p3      |    select|   0|  0|   3|           1|           3|
    |select_ln20_87_fu_5392_p3      |    select|   0|  0|   3|           1|           3|
    |select_ln20_88_fu_7057_p3      |    select|   0|  0|   4|           1|           4|
    |select_ln20_89_fu_7090_p3      |    select|   0|  0|   4|           1|           4|
    |select_ln20_8_fu_5800_p3       |    select|   0|  0|   4|           1|           4|
    |select_ln20_90_fu_7124_p3      |    select|   0|  0|   4|           1|           4|
    |select_ln20_91_fu_5439_p3      |    select|   0|  0|   3|           1|           1|
    |select_ln20_92_fu_5475_p3      |    select|   0|  0|   2|           1|           2|
    |select_ln20_93_fu_5515_p3      |    select|   0|  0|   3|           1|           3|
    |select_ln20_94_fu_5551_p3      |    select|   0|  0|   3|           1|           3|
    |select_ln20_95_fu_5573_p3      |    select|   0|  0|   3|           1|           3|
    |select_ln20_96_fu_7263_p3      |    select|   0|  0|   3|           1|           3|
    |select_ln20_97_fu_7302_p3      |    select|   0|  0|   4|           1|           4|
    |select_ln20_98_fu_7338_p3      |    select|   0|  0|   4|           1|           4|
    |select_ln20_99_fu_8658_p3      |    select|   0|  0|   4|           1|           4|
    |select_ln20_9_fu_5856_p3       |    select|   0|  0|  10|           1|          10|
    |select_ln20_fu_5834_p3         |    select|   0|  0|   4|           1|           4|
    |select_ln22_10_fu_5460_p3      |    select|   0|  0|   3|           1|           3|
    |select_ln22_11_fu_8786_p3      |    select|   0|  0|   3|           1|           3|
    |select_ln22_12_fu_10069_p3     |    select|   0|  0|   3|           1|           3|
    |select_ln22_13_fu_4087_p3      |    select|   0|  0|   3|           1|           3|
    |select_ln22_14_fu_7653_p3      |    select|   0|  0|   3|           1|           3|
    |select_ln22_15_fu_9106_p3      |    select|   0|  0|   3|           1|           3|
    |select_ln22_16_fu_10530_p3     |    select|   0|  0|   3|           1|           3|
    |select_ln22_1_fu_4573_p3       |    select|   0|  0|   3|           1|           3|
    |select_ln22_2_fu_6096_p3       |    select|   0|  0|   3|           1|           3|
    |select_ln22_3_fu_8142_p3       |    select|   0|  0|   3|           1|           3|
    |select_ln22_4_fu_3115_p3       |    select|   0|  0|   3|           1|           3|
    |select_ln22_5_fu_3287_p3       |    select|   0|  0|   3|           1|           3|
    |select_ln22_6_fu_5162_p3       |    select|   0|  0|   3|           1|           3|
    |select_ln22_7_fu_6871_p3       |    select|   0|  0|   3|           1|           3|
    |select_ln22_8_fu_9748_p3       |    select|   0|  0|   3|           1|           3|
    |select_ln22_9_fu_3687_p3       |    select|   0|  0|   3|           1|           3|
    |select_ln22_fu_2743_p3         |    select|   0|  0|   3|           1|           3|
    |select_ln80_10_fu_12832_p3     |    select|   0|  0|  32|           1|           1|
    |select_ln80_11_fu_12598_p3     |    select|   0|  0|  32|           1|           1|
    |select_ln80_12_fu_12364_p3     |    select|   0|  0|  32|           1|           1|
    |select_ln80_13_fu_13070_p3     |    select|   0|  0|  32|           1|           1|
    |select_ln80_14_fu_12839_p3     |    select|   0|  0|  32|           1|           1|
    |select_ln80_15_fu_12605_p3     |    select|   0|  0|  32|           1|           1|
    |select_ln80_16_fu_12116_p3     |    select|   0|  0|  32|           1|           1|
    |select_ln80_17_fu_13077_p3     |    select|   0|  0|  32|           1|           1|
    |select_ln80_18_fu_12846_p3     |    select|   0|  0|  32|           1|           1|
    |select_ln80_19_fu_12612_p3     |    select|   0|  0|  32|           1|           1|
    |select_ln80_1_fu_13049_p3      |    select|   0|  0|  32|           1|           1|
    |select_ln80_20_fu_12123_p3     |    select|   0|  0|  32|           1|           1|
    |select_ln80_21_fu_13084_p3     |    select|   0|  0|  32|           1|           1|
    |select_ln80_22_fu_12853_p3     |    select|   0|  0|  32|           1|           1|
    |select_ln80_23_fu_12619_p3     |    select|   0|  0|  32|           1|           1|
    |select_ln80_24_fu_12130_p3     |    select|   0|  0|  32|           1|           1|
    |select_ln80_25_fu_13091_p3     |    select|   0|  0|  32|           1|           1|
    |select_ln80_26_fu_12860_p3     |    select|   0|  0|  32|           1|           1|
    |select_ln80_27_fu_12371_p3     |    select|   0|  0|  32|           1|           1|
    |select_ln80_28_fu_12137_p3     |    select|   0|  0|  32|           1|           1|
    |select_ln80_29_fu_13098_p3     |    select|   0|  0|  32|           1|           1|
    |select_ln80_2_fu_12818_p3      |    select|   0|  0|  32|           1|           1|
    |select_ln80_30_fu_12867_p3     |    select|   0|  0|  32|           1|           1|
    |select_ln80_31_fu_12378_p3     |    select|   0|  0|  32|           1|           1|
    |select_ln80_32_fu_12144_p3     |    select|   0|  0|  32|           1|           1|
    |select_ln80_33_fu_13105_p3     |    select|   0|  0|  32|           1|           1|
    |select_ln80_34_fu_12874_p3     |    select|   0|  0|  32|           1|           1|
    |select_ln80_35_fu_12385_p3     |    select|   0|  0|  32|           1|           1|
    |select_ln80_36_fu_12151_p3     |    select|   0|  0|  32|           1|           1|
    |select_ln80_37_fu_13112_p3     |    select|   0|  0|  32|           1|           1|
    |select_ln80_38_fu_12626_p3     |    select|   0|  0|  32|           1|           1|
    |select_ln80_39_fu_12392_p3     |    select|   0|  0|  32|           1|           1|
    |select_ln80_3_fu_12584_p3      |    select|   0|  0|  32|           1|           1|
    |select_ln80_40_fu_12158_p3     |    select|   0|  0|  32|           1|           1|
    |select_ln80_41_fu_13119_p3     |    select|   0|  0|  32|           1|           1|
    |select_ln80_42_fu_12633_p3     |    select|   0|  0|  32|           1|           1|
    |select_ln80_43_fu_12399_p3     |    select|   0|  0|  32|           1|           1|
    |select_ln80_44_fu_12165_p3     |    select|   0|  0|  32|           1|           1|
    |select_ln80_45_fu_13126_p3     |    select|   0|  0|  32|           1|           1|
    |select_ln80_46_fu_12640_p3     |    select|   0|  0|  32|           1|           1|
    |select_ln80_47_fu_12406_p3     |    select|   0|  0|  32|           1|           1|
    |select_ln80_48_fu_12172_p3     |    select|   0|  0|  32|           1|           1|
    |select_ln80_49_fu_12881_p3     |    select|   0|  0|  32|           1|           1|
    |select_ln80_4_fu_12350_p3      |    select|   0|  0|  32|           1|           1|
    |select_ln80_50_fu_12647_p3     |    select|   0|  0|  32|           1|           1|
    |select_ln80_51_fu_12413_p3     |    select|   0|  0|  32|           1|           1|
    |select_ln80_52_fu_12179_p3     |    select|   0|  0|  32|           1|           1|
    |select_ln80_53_fu_12888_p3     |    select|   0|  0|  32|           1|           1|
    |select_ln80_54_fu_12654_p3     |    select|   0|  0|  32|           1|           1|
    |select_ln80_55_fu_12420_p3     |    select|   0|  0|  32|           1|           1|
    |select_ln80_56_fu_12186_p3     |    select|   0|  0|  32|           1|           1|
    |select_ln80_57_fu_12895_p3     |    select|   0|  0|  32|           1|           1|
    |select_ln80_58_fu_12661_p3     |    select|   0|  0|  32|           1|           1|
    |select_ln80_59_fu_12427_p3     |    select|   0|  0|  32|           1|           1|
    |select_ln80_5_fu_13056_p3      |    select|   0|  0|  32|           1|           1|
    |select_ln80_60_fu_12193_p3     |    select|   0|  0|  32|           1|           1|
    |select_ln80_61_fu_12902_p3     |    select|   0|  0|  32|           1|           1|
    |select_ln80_62_fu_12668_p3     |    select|   0|  0|  32|           1|           1|
    |select_ln80_63_fu_12434_p3     |    select|   0|  0|  32|           1|           1|
    |select_ln80_64_fu_12200_p3     |    select|   0|  0|  32|           1|           1|
    |select_ln80_65_fu_2506_p3      |    select|   0|  0|  12|           1|           1|
    |select_ln80_66_fu_2438_p3      |    select|   0|  0|   5|           1|           5|
    |select_ln80_6_fu_12825_p3      |    select|   0|  0|  32|           1|           1|
    |select_ln80_7_fu_12591_p3      |    select|   0|  0|  32|           1|           1|
    |select_ln80_8_fu_12357_p3      |    select|   0|  0|  32|           1|           1|
    |select_ln80_9_fu_13063_p3      |    select|   0|  0|  32|           1|           1|
    |select_ln80_fu_2499_p3         |    select|   0|  0|   6|           1|           1|
    |select_ln81_1_fu_2470_p3       |    select|   0|  0|  15|           1|           1|
    |select_ln81_fu_2538_p3         |    select|   0|  0|   6|           1|           6|
    |ap_enable_pp0                  |       xor|   0|  0|   2|           1|           2|
    +-------------------------------+----------+----+---+----+------------+------------+
    |Total                          |          |   0|  0|9643|        2188|        5304|
    +-------------------------------+----------+----+---+----+------------+------------+

    * Multiplexer: 
    +---------------------------------------+----+-----------+-----+-----------+
    |                  Name                 | LUT| Input Size| Bits| Total Bits|
    +---------------------------------------+----+-----------+-----+-----------+
    |ap_NS_fsm                              |  31|          6|    1|          6|
    |ap_done_int                            |   9|          2|    1|          2|
    |ap_enable_reg_pp0_iter0                |   9|          2|    1|          2|
    |ap_enable_reg_pp0_iter1                |   9|          2|    1|          2|
    |ap_phi_mux_bits_68_phi_fu_1809_p8      |   9|          2|   32|         64|
    |ap_phi_reg_pp0_iter1_bits_68_reg_1806  |  20|          4|   32|        128|
    |ap_sig_allocacmp_p_load                |   9|          2|   32|         64|
    |ap_sig_allocacmp_p_load147             |   9|          2|   32|         64|
    |ap_sig_allocacmp_p_load148             |   9|          2|   32|         64|
    |ap_sig_allocacmp_p_load149             |   9|          2|   32|         64|
    |ap_sig_allocacmp_p_load150             |   9|          2|   32|         64|
    |ap_sig_allocacmp_p_load151             |   9|          2|   32|         64|
    |ap_sig_allocacmp_p_load152             |   9|          2|   32|         64|
    |ap_sig_allocacmp_p_load153             |   9|          2|   32|         64|
    |ap_sig_allocacmp_p_load154             |   9|          2|   32|         64|
    |ap_sig_allocacmp_p_load155             |   9|          2|   32|         64|
    |ap_sig_allocacmp_p_load156             |   9|          2|   32|         64|
    |ap_sig_allocacmp_p_load157             |   9|          2|   32|         64|
    |ap_sig_allocacmp_p_load158             |   9|          2|   32|         64|
    |ap_sig_allocacmp_p_load159             |   9|          2|   32|         64|
    |ap_sig_allocacmp_p_load160             |   9|          2|   32|         64|
    |ap_sig_allocacmp_p_load161             |   9|          2|   32|         64|
    |ap_sig_allocacmp_p_load162             |   9|          2|   32|         64|
    |ap_sig_allocacmp_p_load163             |   9|          2|   32|         64|
    |ap_sig_allocacmp_p_load164             |   9|          2|   32|         64|
    |ap_sig_allocacmp_p_load165             |   9|          2|   32|         64|
    |ap_sig_allocacmp_p_load166             |   9|          2|   32|         64|
    |ap_sig_allocacmp_p_load167             |   9|          2|   32|         64|
    |ap_sig_allocacmp_p_load168             |   9|          2|   32|         64|
    |ap_sig_allocacmp_p_load169             |   9|          2|   32|         64|
    |ap_sig_allocacmp_p_load170             |   9|          2|   32|         64|
    |ap_sig_allocacmp_p_load171             |   9|          2|   32|         64|
    |ap_sig_allocacmp_p_load172             |   9|          2|   32|         64|
    |ap_sig_allocacmp_p_load173             |   9|          2|   32|         64|
    |ap_sig_allocacmp_p_load174             |   9|          2|   32|         64|
    |ap_sig_allocacmp_p_load175             |   9|          2|   32|         64|
    |ap_sig_allocacmp_p_load176             |   9|          2|   32|         64|
    |ap_sig_allocacmp_p_load177             |   9|          2|   32|         64|
    |ap_sig_allocacmp_p_load178             |   9|          2|   32|         64|
    |ap_sig_allocacmp_p_load179             |   9|          2|   32|         64|
    |ap_sig_allocacmp_p_load180             |   9|          2|   32|         64|
    |ap_sig_allocacmp_p_load181             |   9|          2|   32|         64|
    |ap_sig_allocacmp_p_load182             |   9|          2|   32|         64|
    |ap_sig_allocacmp_p_load183             |   9|          2|   32|         64|
    |ap_sig_allocacmp_p_load184             |   9|          2|   32|         64|
    |ap_sig_allocacmp_p_load185             |   9|          2|   32|         64|
    |ap_sig_allocacmp_p_load186             |   9|          2|   32|         64|
    |ap_sig_allocacmp_p_load187             |   9|          2|   32|         64|
    |ap_sig_allocacmp_p_load188             |   9|          2|   32|         64|
    |ap_sig_allocacmp_p_load189             |   9|          2|   32|         64|
    |ap_sig_allocacmp_p_load190             |   9|          2|   32|         64|
    |ap_sig_allocacmp_p_load191             |   9|          2|   32|         64|
    |ap_sig_allocacmp_p_load192             |   9|          2|   32|         64|
    |ap_sig_allocacmp_p_load193             |   9|          2|   32|         64|
    |ap_sig_allocacmp_p_load194             |   9|          2|   32|         64|
    |ap_sig_allocacmp_p_load195             |   9|          2|   32|         64|
    |ap_sig_allocacmp_p_load196             |   9|          2|   32|         64|
    |ap_sig_allocacmp_p_load197             |   9|          2|   32|         64|
    |ap_sig_allocacmp_p_load198             |   9|          2|   32|         64|
    |ap_sig_allocacmp_p_load199             |   9|          2|   32|         64|
    |ap_sig_allocacmp_p_load200             |   9|          2|   32|         64|
    |ap_sig_allocacmp_p_load201             |   9|          2|   32|         64|
    |ap_sig_allocacmp_p_load202             |   9|          2|   32|         64|
    |ap_sig_allocacmp_p_load203             |   9|          2|   32|         64|
    |ap_sig_allocacmp_p_load204             |   9|          2|   32|         64|
    |ap_sig_allocacmp_p_load205             |   9|          2|   32|         64|
    |ap_sig_allocacmp_p_load206             |   9|          2|   32|         64|
    |ap_sig_allocacmp_p_load207             |   9|          2|   32|         64|
    |ap_sig_allocacmp_p_load208             |   9|          2|   32|         64|
    |ap_sig_allocacmp_p_load209             |   9|          2|   32|         64|
    |empty_35_fu_346                        |   9|          2|   32|         64|
    |empty_36_fu_350                        |   9|          2|   32|         64|
    |empty_37_fu_354                        |   9|          2|   32|         64|
    |empty_38_fu_358                        |   9|          2|   32|         64|
    |empty_39_fu_362                        |   9|          2|   32|         64|
    |empty_40_fu_366                        |   9|          2|   32|         64|
    |empty_41_fu_370                        |   9|          2|   32|         64|
    |empty_42_fu_374                        |   9|          2|   32|         64|
    |empty_43_fu_378                        |   9|          2|   32|         64|
    |empty_44_fu_382                        |   9|          2|   32|         64|
    |empty_45_fu_386                        |   9|          2|   32|         64|
    |empty_46_fu_390                        |   9|          2|   32|         64|
    |empty_47_fu_394                        |   9|          2|   32|         64|
    |empty_48_fu_398                        |   9|          2|   32|         64|
    |empty_49_fu_402                        |   9|          2|   32|         64|
    |empty_50_fu_406                        |   9|          2|   32|         64|
    |empty_51_fu_410                        |   9|          2|   32|         64|
    |empty_52_fu_414                        |   9|          2|   32|         64|
    |empty_53_fu_418                        |   9|          2|   32|         64|
    |empty_54_fu_422                        |   9|          2|   32|         64|
    |empty_55_fu_426                        |   9|          2|   32|         64|
    |empty_56_fu_430                        |   9|          2|   32|         64|
    |empty_57_fu_434                        |   9|          2|   32|         64|
    |empty_58_fu_438                        |   9|          2|   32|         64|
    |empty_59_fu_442                        |   9|          2|   32|         64|
    |empty_60_fu_446                        |   9|          2|   32|         64|
    |empty_61_fu_450                        |   9|          2|   32|         64|
    |empty_62_fu_454                        |   9|          2|   32|         64|
    |empty_63_fu_458                        |   9|          2|   32|         64|
    |empty_64_fu_462                        |   9|          2|   32|         64|
    |empty_65_fu_466                        |   9|          2|   32|         64|
    |empty_66_fu_470                        |   9|          2|   32|         64|
    |empty_67_fu_474                        |   9|          2|   32|         64|
    |empty_68_fu_478                        |   9|          2|   32|         64|
    |empty_69_fu_482                        |   9|          2|   32|         64|
    |empty_70_fu_486                        |   9|          2|   32|         64|
    |empty_71_fu_490                        |   9|          2|   32|         64|
    |empty_72_fu_494                        |   9|          2|   32|         64|
    |empty_73_fu_498                        |   9|          2|   32|         64|
    |empty_74_fu_502                        |   9|          2|   32|         64|
    |empty_75_fu_506                        |   9|          2|   32|         64|
    |empty_76_fu_510                        |   9|          2|   32|         64|
    |empty_77_fu_514                        |   9|          2|   32|         64|
    |empty_78_fu_518                        |   9|          2|   32|         64|
    |empty_79_fu_522                        |   9|          2|   32|         64|
    |empty_80_fu_526                        |   9|          2|   32|         64|
    |empty_81_fu_530                        |   9|          2|   32|         64|
    |empty_82_fu_534                        |   9|          2|   32|         64|
    |empty_83_fu_538                        |   9|          2|   32|         64|
    |empty_84_fu_542                        |   9|          2|   32|         64|
    |empty_85_fu_546                        |   9|          2|   32|         64|
    |empty_86_fu_550                        |   9|          2|   32|         64|
    |empty_87_fu_554                        |   9|          2|   32|         64|
    |empty_88_fu_558                        |   9|          2|   32|         64|
    |empty_89_fu_562                        |   9|          2|   32|         64|
    |empty_90_fu_566                        |   9|          2|   32|         64|
    |empty_91_fu_570                        |   9|          2|   32|         64|
    |empty_92_fu_574                        |   9|          2|   32|         64|
    |empty_93_fu_578                        |   9|          2|   32|         64|
    |empty_94_fu_582                        |   9|          2|   32|         64|
    |empty_95_fu_586                        |   9|          2|   32|         64|
    |empty_96_fu_590                        |   9|          2|   32|         64|
    |empty_97_fu_594                        |   9|          2|   32|         64|
    |empty_fu_342                           |   9|          2|   32|         64|
    |grp_fu_1819_p0                         |  31|          6|   32|        192|
    |grp_fu_1819_p1                         |  31|          6|   32|        192|
    |grp_fu_1823_p0                         |  31|          6|   32|        192|
    |grp_fu_1823_p1                         |  31|          6|   32|        192|
    |grp_fu_1827_p0                         |  31|          6|   32|        192|
    |grp_fu_1827_p1                         |  31|          6|   32|        192|
    |grp_fu_1831_p0                         |  31|          6|   32|        192|
    |grp_fu_1831_p1                         |  31|          6|   32|        192|
    |grp_fu_1835_p0                         |  31|          6|   32|        192|
    |grp_fu_1835_p1                         |  31|          6|   32|        192|
    |grp_fu_1839_p0                         |  31|          6|   32|        192|
    |grp_fu_1839_p1                         |  31|          6|   32|        192|
    |grp_fu_1843_p0                         |  31|          6|   32|        192|
    |grp_fu_1843_p1                         |  31|          6|   32|        192|
    |grp_fu_1847_p0                         |  31|          6|   32|        192|
    |grp_fu_1847_p1                         |  31|          6|   32|        192|
    |grp_fu_1851_p0                         |  31|          6|   32|        192|
    |grp_fu_1851_p1                         |  31|          6|   32|        192|
    |grp_fu_1855_p0                         |  31|          6|   32|        192|
    |grp_fu_1855_p1                         |  31|          6|   32|        192|
    |grp_fu_1859_p0                         |  31|          6|   32|        192|
    |grp_fu_1859_p1                         |  31|          6|   32|        192|
    |grp_fu_1863_p0                         |  31|          6|   32|        192|
    |grp_fu_1863_p1                         |  31|          6|   32|        192|
    |grp_fu_1867_p0                         |  26|          5|   32|        160|
    |grp_fu_1867_p1                         |  26|          5|   32|        160|
    |grp_fu_1871_p0                         |  31|          6|   32|        192|
    |grp_fu_1871_p1                         |  26|          5|   32|        160|
    |grp_fu_1876_p0                         |  31|          6|   32|        192|
    |grp_fu_1876_p1                         |  26|          5|   32|        160|
    |grp_fu_1881_p0                         |  31|          6|   32|        192|
    |grp_fu_1881_p1                         |  26|          5|   32|        160|
    |grp_fu_1886_p0                         |  31|          6|   32|        192|
    |grp_fu_1886_p1                         |  31|          6|   32|        192|
    |grp_fu_1891_p0                         |  31|          6|   32|        192|
    |grp_fu_1891_p1                         |  31|          6|   32|        192|
    |grp_fu_1896_p0                         |  31|          6|   32|        192|
    |grp_fu_1896_p1                         |  31|          6|   32|        192|
    |grp_fu_1901_p0                         |  31|          6|   32|        192|
    |grp_fu_1901_p1                         |  31|          6|   32|        192|
    |grp_fu_1906_p0                         |  31|          6|   32|        192|
    |grp_fu_1906_p1                         |  31|          6|   32|        192|
    |grp_fu_1911_p0                         |  31|          6|   32|        192|
    |grp_fu_1911_p1                         |  31|          6|   32|        192|
    |grp_fu_1916_p0                         |  31|          6|   32|        192|
    |grp_fu_1916_p1                         |  31|          6|   32|        192|
    |grp_fu_1921_p0                         |  31|          6|   32|        192|
    |grp_fu_1921_p1                         |  31|          6|   32|        192|
    |grp_fu_1926_p0                         |  31|          6|   32|        192|
    |grp_fu_1926_p1                         |  31|          6|   32|        192|
    |grp_fu_1931_p0                         |  26|          5|   32|        160|
    |grp_fu_1931_p1                         |  26|          5|   32|        160|
    |grp_fu_1936_p0                         |  31|          6|   32|        192|
    |grp_fu_1936_p1                         |  31|          6|   32|        192|
    |grp_fu_1940_p0                         |  31|          6|   32|        192|
    |grp_fu_1940_p1                         |  31|          6|   32|        192|
    |grp_fu_1944_p0                         |  31|          6|   32|        192|
    |grp_fu_1944_p1                         |  31|          6|   32|        192|
    |grp_fu_1948_p0                         |  31|          6|   32|        192|
    |grp_fu_1948_p1                         |  31|          6|   32|        192|
    |grp_fu_1952_p0                         |  31|          6|   32|        192|
    |grp_fu_1952_p1                         |  31|          6|   32|        192|
    |grp_fu_1956_p0                         |  31|          6|   32|        192|
    |grp_fu_1956_p1                         |  31|          6|   32|        192|
    |grp_fu_1960_p0                         |  31|          6|   32|        192|
    |grp_fu_1960_p1                         |  31|          6|   32|        192|
    |grp_fu_1964_p0                         |  31|          6|   32|        192|
    |grp_fu_1964_p1                         |  31|          6|   32|        192|
    |grp_fu_1968_p0                         |  31|          6|   32|        192|
    |grp_fu_1968_p1                         |  31|          6|   32|        192|
    |grp_fu_1972_p0                         |  31|          6|   32|        192|
    |grp_fu_1972_p1                         |  31|          6|   32|        192|
    |grp_fu_1976_p0                         |  31|          6|   32|        192|
    |grp_fu_1976_p1                         |  31|          6|   32|        192|
    |grp_fu_1980_p0                         |  31|          6|   32|        192|
    |grp_fu_1980_p1                         |  31|          6|   32|        192|
    |grp_fu_1984_p0                         |  26|          5|   32|        160|
    |grp_fu_1984_p1                         |  26|          5|   32|        160|
    |indvar_flatten204_fu_602               |   9|          2|   15|         30|
    |indvar_flatten281_fu_610               |   9|          2|   16|         32|
    |k_fu_338                               |   9|          2|   13|         26|
    |mb_fu_606                              |   9|          2|    5|         10|
    |nb_fu_598                              |   9|          2|    6|         12|
    +---------------------------------------+----+-----------+-----+-----------+
    |Total                                  |3657|        743| 6715|      23194|
    +---------------------------------------+----+-----------+-----+-----------+

    * Register: 
    +---------------------------------------+-----+----+-----+-----------+
    |                  Name                 |  FF | LUT| Bits| Const Bits|
    +---------------------------------------+-----+----+-----+-----------+
    |add129_i_11019_1_reg_16677             |   32|   0|   32|          0|
    |add129_i_11019_2_reg_16742             |   32|   0|   32|          0|
    |add129_i_11019_3_reg_16807             |   32|   0|   32|          0|
    |add129_i_1_1_1_reg_16697               |   32|   0|   32|          0|
    |add129_i_1_1_2_reg_16762               |   32|   0|   32|          0|
    |add129_i_1_1_3_reg_16872               |   32|   0|   32|          0|
    |add129_i_1_1_reg_16632                 |   32|   0|   32|          0|
    |add129_i_1_2_1_reg_16702               |   32|   0|   32|          0|
    |add129_i_1_2_2_reg_16767               |   32|   0|   32|          0|
    |add129_i_1_2_3_reg_16877               |   32|   0|   32|          0|
    |add129_i_1_2_reg_16637                 |   32|   0|   32|          0|
    |add129_i_1_3_1_reg_16707               |   32|   0|   32|          0|
    |add129_i_1_3_2_reg_16822               |   32|   0|   32|          0|
    |add129_i_1_3_3_reg_16882               |   32|   0|   32|          0|
    |add129_i_1_3_reg_16642                 |   32|   0|   32|          0|
    |add129_i_1_4_reg_16757                 |   32|   0|   32|          0|
    |add129_i_1_5_reg_16867                 |   32|   0|   32|          0|
    |add129_i_1_reg_16627                   |   32|   0|   32|          0|
    |add129_i_1_s_reg_16692                 |   32|   0|   32|          0|
    |add129_i_21070_1_reg_16682             |   32|   0|   32|          0|
    |add129_i_21070_2_reg_16747             |   32|   0|   32|          0|
    |add129_i_21070_3_reg_16812             |   32|   0|   32|          0|
    |add129_i_2_1_1_reg_16717               |   32|   0|   32|          0|
    |add129_i_2_1_2_reg_16832               |   32|   0|   32|          0|
    |add129_i_2_1_3_reg_16892               |   32|   0|   32|          0|
    |add129_i_2_1_reg_16652                 |   32|   0|   32|          0|
    |add129_i_2_2_1_reg_16772               |   32|   0|   32|          0|
    |add129_i_2_2_2_reg_16837               |   32|   0|   32|          0|
    |add129_i_2_2_3_reg_16897               |   32|   0|   32|          0|
    |add129_i_2_2_reg_16657                 |   32|   0|   32|          0|
    |add129_i_2_3_1_reg_16777               |   32|   0|   32|          0|
    |add129_i_2_3_2_reg_16842               |   32|   0|   32|          0|
    |add129_i_2_3_3_reg_16902               |   32|   0|   32|          0|
    |add129_i_2_3_reg_16662                 |   32|   0|   32|          0|
    |add129_i_2_4_reg_16827                 |   32|   0|   32|          0|
    |add129_i_2_5_reg_16887                 |   32|   0|   32|          0|
    |add129_i_2_reg_16647                   |   32|   0|   32|          0|
    |add129_i_2_s_reg_16712                 |   32|   0|   32|          0|
    |add129_i_31121_1_reg_16687             |   32|   0|   32|          0|
    |add129_i_31121_2_reg_16752             |   32|   0|   32|          0|
    |add129_i_31121_3_reg_16817             |   32|   0|   32|          0|
    |add129_i_3_1_1_reg_16787               |   32|   0|   32|          0|
    |add129_i_3_1_2_reg_16852               |   32|   0|   32|          0|
    |add129_i_3_1_3_reg_16912               |   32|   0|   32|          0|
    |add129_i_3_1_reg_16722                 |   32|   0|   32|          0|
    |add129_i_3_2_1_reg_16792               |   32|   0|   32|          0|
    |add129_i_3_2_2_reg_16857               |   32|   0|   32|          0|
    |add129_i_3_2_3_reg_16917               |   32|   0|   32|          0|
    |add129_i_3_2_reg_16727                 |   32|   0|   32|          0|
    |add129_i_3_3_1_reg_16797               |   32|   0|   32|          0|
    |add129_i_3_3_2_reg_16862               |   32|   0|   32|          0|
    |add129_i_3_3_3_reg_16922               |   32|   0|   32|          0|
    |add129_i_3_3_reg_16732                 |   32|   0|   32|          0|
    |add129_i_3_4_reg_16847                 |   32|   0|   32|          0|
    |add129_i_3_5_reg_16907                 |   32|   0|   32|          0|
    |add129_i_3_reg_16667                   |   32|   0|   32|          0|
    |add129_i_3_s_reg_16782                 |   32|   0|   32|          0|
    |add129_i_4_reg_16737                   |   32|   0|   32|          0|
    |add129_i_5_reg_16802                   |   32|   0|   32|          0|
    |add129_i_6_reg_16612                   |   32|   0|   32|          0|
    |add129_i_7_reg_16617                   |   32|   0|   32|          0|
    |add129_i_8_reg_16622                   |   32|   0|   32|          0|
    |add129_i_reg_16607                     |   32|   0|   32|          0|
    |add129_i_s_reg_16672                   |   32|   0|   32|          0|
    |add_ln20_32_reg_15099                  |    4|   0|    4|          0|
    |add_ln20_39_reg_15181                  |    4|   0|    4|          0|
    |add_ln20_4_reg_15040                   |    4|   0|    4|          0|
    |add_ln20_67_reg_15220                  |    4|   0|    4|          0|
    |add_ln20_95_reg_15259                  |    4|   0|    4|          0|
    |ap_CS_fsm                              |    5|   0|    5|          0|
    |ap_done_reg                            |    1|   0|    1|          0|
    |ap_enable_reg_pp0_iter0_reg            |    1|   0|    1|          0|
    |ap_enable_reg_pp0_iter1                |    1|   0|    1|          0|
    |ap_enable_reg_pp0_iter10               |    1|   0|    1|          0|
    |ap_enable_reg_pp0_iter2                |    1|   0|    1|          0|
    |ap_enable_reg_pp0_iter3                |    1|   0|    1|          0|
    |ap_enable_reg_pp0_iter4                |    1|   0|    1|          0|
    |ap_enable_reg_pp0_iter5                |    1|   0|    1|          0|
    |ap_enable_reg_pp0_iter6                |    1|   0|    1|          0|
    |ap_enable_reg_pp0_iter7                |    1|   0|    1|          0|
    |ap_enable_reg_pp0_iter8                |    1|   0|    1|          0|
    |ap_enable_reg_pp0_iter9                |    1|   0|    1|          0|
    |ap_loop_exit_ready_pp0_iter1_reg       |    1|   0|    1|          0|
    |ap_loop_exit_ready_pp0_iter2_reg       |    1|   0|    1|          0|
    |ap_loop_exit_ready_pp0_iter3_reg       |    1|   0|    1|          0|
    |ap_loop_exit_ready_pp0_iter4_reg       |    1|   0|    1|          0|
    |ap_loop_exit_ready_pp0_iter5_reg       |    1|   0|    1|          0|
    |ap_loop_exit_ready_pp0_iter6_reg       |    1|   0|    1|          0|
    |ap_loop_exit_ready_pp0_iter7_reg       |    1|   0|    1|          0|
    |ap_loop_exit_ready_pp0_iter8_reg       |    1|   0|    1|          0|
    |ap_loop_exit_ready_pp0_iter9_reg       |    1|   0|    1|          0|
    |ap_phi_reg_pp0_iter1_bits_68_reg_1806  |   32|   0|   32|          0|
    |ap_predicate_pred2528_state8           |    1|   0|    1|          0|
    |ap_predicate_pred2539_state8           |    1|   0|    1|          0|
    |ap_predicate_pred2556_state8           |    1|   0|    1|          0|
    |ap_predicate_pred2964_state52          |    1|   0|    1|          0|
    |ap_predicate_pred3050_state52          |    1|   0|    1|          0|
    |ap_predicate_pred3136_state52          |    1|   0|    1|          0|
    |ap_predicate_pred3225_state52          |    1|   0|    1|          0|
    |ap_predicate_pred3312_state55          |    1|   0|    1|          0|
    |ap_predicate_pred3365_state55          |    1|   0|    1|          0|
    |ap_predicate_pred3418_state55          |    1|   0|    1|          0|
    |ap_predicate_pred3475_state55          |    1|   0|    1|          0|
    |bitcast_ln113_10_reg_15787             |   32|   0|   32|          0|
    |bitcast_ln113_11_reg_15898             |   32|   0|   32|          0|
    |bitcast_ln113_12_reg_15482             |   32|   0|   32|          0|
    |bitcast_ln113_13_reg_15642             |   32|   0|   32|          0|
    |bitcast_ln113_14_reg_15795             |   32|   0|   32|          0|
    |bitcast_ln113_15_reg_15905             |   32|   0|   32|          0|
    |bitcast_ln113_1_reg_15597              |   32|   0|   32|          0|
    |bitcast_ln113_2_reg_15766              |   32|   0|   32|          0|
    |bitcast_ln113_3_reg_15884              |   32|   0|   32|          0|
    |bitcast_ln113_4_reg_15466              |   32|   0|   32|          0|
    |bitcast_ln113_5_reg_15626              |   32|   0|   32|          0|
    |bitcast_ln113_6_reg_15779              |   32|   0|   32|          0|
    |bitcast_ln113_7_reg_15891              |   32|   0|   32|          0|
    |bitcast_ln113_8_reg_15474              |   32|   0|   32|          0|
    |bitcast_ln113_9_reg_15634              |   32|   0|   32|          0|
    |bits_69_reg_15421                      |   32|   0|   32|          0|
    |bits_70_reg_15605                      |   32|   0|   32|          0|
    |bits_71_reg_15774                      |   32|   0|   32|          0|
    |bits_72_reg_15322                      |   32|   0|   32|          0|
    |bits_73_reg_15327                      |   32|   0|   32|          0|
    |bits_74_reg_15498                      |   32|   0|   32|          0|
    |bits_75_reg_15658                      |   32|   0|   32|          0|
    |bits_76_reg_15912                      |   32|   0|   32|          0|
    |bits_77_reg_15365                      |   32|   0|   32|          0|
    |bits_78_reg_15527                      |   32|   0|   32|          0|
    |bits_79_reg_15826                      |   32|   0|   32|          0|
    |bits_80_reg_15925                      |   32|   0|   32|          0|
    |bits_81_reg_15386                      |   32|   0|   32|          0|
    |bits_82_reg_15720                      |   32|   0|   32|          0|
    |bits_83_reg_15855                      |   32|   0|   32|          0|
    |bits_84_reg_15938                      |   32|   0|   32|          0|
    |empty_35_fu_346                        |   32|   0|   32|          0|
    |empty_36_fu_350                        |   32|   0|   32|          0|
    |empty_37_fu_354                        |   32|   0|   32|          0|
    |empty_38_fu_358                        |   32|   0|   32|          0|
    |empty_39_fu_362                        |   32|   0|   32|          0|
    |empty_40_fu_366                        |   32|   0|   32|          0|
    |empty_41_fu_370                        |   32|   0|   32|          0|
    |empty_42_fu_374                        |   32|   0|   32|          0|
    |empty_43_fu_378                        |   32|   0|   32|          0|
    |empty_44_fu_382                        |   32|   0|   32|          0|
    |empty_45_fu_386                        |   32|   0|   32|          0|
    |empty_46_fu_390                        |   32|   0|   32|          0|
    |empty_47_fu_394                        |   32|   0|   32|          0|
    |empty_48_fu_398                        |   32|   0|   32|          0|
    |empty_49_fu_402                        |   32|   0|   32|          0|
    |empty_50_fu_406                        |   32|   0|   32|          0|
    |empty_51_fu_410                        |   32|   0|   32|          0|
    |empty_52_fu_414                        |   32|   0|   32|          0|
    |empty_53_fu_418                        |   32|   0|   32|          0|
    |empty_54_fu_422                        |   32|   0|   32|          0|
    |empty_55_fu_426                        |   32|   0|   32|          0|
    |empty_56_fu_430                        |   32|   0|   32|          0|
    |empty_57_fu_434                        |   32|   0|   32|          0|
    |empty_58_fu_438                        |   32|   0|   32|          0|
    |empty_59_fu_442                        |   32|   0|   32|          0|
    |empty_60_fu_446                        |   32|   0|   32|          0|
    |empty_61_fu_450                        |   32|   0|   32|          0|
    |empty_62_fu_454                        |   32|   0|   32|          0|
    |empty_63_fu_458                        |   32|   0|   32|          0|
    |empty_64_fu_462                        |   32|   0|   32|          0|
    |empty_65_fu_466                        |   32|   0|   32|          0|
    |empty_66_fu_470                        |   32|   0|   32|          0|
    |empty_67_fu_474                        |   32|   0|   32|          0|
    |empty_68_fu_478                        |   32|   0|   32|          0|
    |empty_69_fu_482                        |   32|   0|   32|          0|
    |empty_70_fu_486                        |   32|   0|   32|          0|
    |empty_71_fu_490                        |   32|   0|   32|          0|
    |empty_72_fu_494                        |   32|   0|   32|          0|
    |empty_73_fu_498                        |   32|   0|   32|          0|
    |empty_74_fu_502                        |   32|   0|   32|          0|
    |empty_75_fu_506                        |   32|   0|   32|          0|
    |empty_76_fu_510                        |   32|   0|   32|          0|
    |empty_77_fu_514                        |   32|   0|   32|          0|
    |empty_78_fu_518                        |   32|   0|   32|          0|
    |empty_79_fu_522                        |   32|   0|   32|          0|
    |empty_80_fu_526                        |   32|   0|   32|          0|
    |empty_81_fu_530                        |   32|   0|   32|          0|
    |empty_82_fu_534                        |   32|   0|   32|          0|
    |empty_83_fu_538                        |   32|   0|   32|          0|
    |empty_84_fu_542                        |   32|   0|   32|          0|
    |empty_85_fu_546                        |   32|   0|   32|          0|
    |empty_86_fu_550                        |   32|   0|   32|          0|
    |empty_87_fu_554                        |   32|   0|   32|          0|
    |empty_88_fu_558                        |   32|   0|   32|          0|
    |empty_89_fu_562                        |   32|   0|   32|          0|
    |empty_90_fu_566                        |   32|   0|   32|          0|
    |empty_91_fu_570                        |   32|   0|   32|          0|
    |empty_92_fu_574                        |   32|   0|   32|          0|
    |empty_93_fu_578                        |   32|   0|   32|          0|
    |empty_94_fu_582                        |   32|   0|   32|          0|
    |empty_95_fu_586                        |   32|   0|   32|          0|
    |empty_96_fu_590                        |   32|   0|   32|          0|
    |empty_97_fu_594                        |   32|   0|   32|          0|
    |empty_fu_342                           |   32|   0|   32|          0|
    |exp_10_reg_14796                       |    5|   0|    5|          0|
    |exp_11_reg_14836                       |    5|   0|    5|          0|
    |exp_11_reg_14836_pp0_iter2_reg         |    5|   0|    5|          0|
    |exp_12_reg_14875                       |    5|   0|    5|          0|
    |exp_13_reg_14920                       |    5|   0|    5|          0|
    |exp_14_reg_14960                       |    5|   0|    5|          0|
    |exp_15_reg_15000                       |    5|   0|    5|          0|
    |exp_15_reg_15000_pp0_iter2_reg         |    5|   0|    5|          0|
    |exp_1_reg_14406                        |    5|   0|    5|          0|
    |exp_2_reg_14446                        |    5|   0|    5|          0|
    |exp_3_reg_14486                        |    5|   0|    5|          0|
    |exp_4_reg_14547                        |    5|   0|    5|          0|
    |exp_5_reg_14592                        |    5|   0|    5|          0|
    |exp_6_reg_14632                        |    5|   0|    5|          0|
    |exp_7_reg_14672                        |    5|   0|    5|          0|
    |exp_7_reg_14672_pp0_iter2_reg          |    5|   0|    5|          0|
    |exp_8_reg_14711                        |    5|   0|    5|          0|
    |exp_9_reg_14756                        |    5|   0|    5|          0|
    |exp_reg_14361                          |    5|   0|    5|          0|
    |frac_10_reg_14780                      |   10|   0|   10|          0|
    |frac_11_reg_14820                      |   10|   0|   10|          0|
    |frac_11_reg_14820_pp0_iter2_reg        |   10|   0|   10|          0|
    |frac_12_reg_14860                      |   10|   0|   10|          0|
    |frac_13_reg_14904                      |   10|   0|   10|          0|
    |frac_14_reg_14944                      |   10|   0|   10|          0|
    |frac_15_reg_14984                      |   10|   0|   10|          0|
    |frac_15_reg_14984_pp0_iter2_reg        |   10|   0|   10|          0|
    |frac_1_reg_14430                       |   10|   0|   10|          0|
    |frac_2_reg_14470                       |   10|   0|   10|          0|
    |frac_3_reg_14341                       |   10|   0|   10|          0|
    |frac_4_reg_14532                       |   10|   0|   10|          0|
    |frac_5_reg_14576                       |   10|   0|   10|          0|
    |frac_6_reg_14616                       |   10|   0|   10|          0|
    |frac_7_reg_14656                       |   10|   0|   10|          0|
    |frac_7_reg_14656_pp0_iter2_reg         |   10|   0|   10|          0|
    |frac_8_reg_14696                       |   10|   0|   10|          0|
    |frac_9_reg_14740                       |   10|   0|   10|          0|
    |frac_reg_14390                         |   10|   0|   10|          0|
    |icmp_ln13_11_reg_14611                 |    1|   0|    1|          0|
    |icmp_ln13_13_reg_14651                 |    1|   0|    1|          0|
    |icmp_ln13_15_reg_14691                 |    1|   0|    1|          0|
    |icmp_ln13_15_reg_14691_pp0_iter2_reg   |    1|   0|    1|          0|
    |icmp_ln13_17_reg_14735                 |    1|   0|    1|          0|
    |icmp_ln13_19_reg_14775                 |    1|   0|    1|          0|
    |icmp_ln13_1_reg_14425                  |    1|   0|    1|          0|
    |icmp_ln13_21_reg_14815                 |    1|   0|    1|          0|
    |icmp_ln13_23_reg_14855                 |    1|   0|    1|          0|
    |icmp_ln13_23_reg_14855_pp0_iter2_reg   |    1|   0|    1|          0|
    |icmp_ln13_25_reg_14899                 |    1|   0|    1|          0|
    |icmp_ln13_27_reg_14939                 |    1|   0|    1|          0|
    |icmp_ln13_29_reg_14979                 |    1|   0|    1|          0|
    |icmp_ln13_31_reg_15019                 |    1|   0|    1|          0|
    |icmp_ln13_31_reg_15019_pp0_iter2_reg   |    1|   0|    1|          0|
    |icmp_ln13_3_reg_14465                  |    1|   0|    1|          0|
    |icmp_ln13_5_reg_14505                  |    1|   0|    1|          0|
    |icmp_ln13_7_reg_14527                  |    1|   0|    1|          0|
    |icmp_ln13_9_reg_14571                  |    1|   0|    1|          0|
    |icmp_ln13_reg_14369                    |    1|   0|    1|          0|
    |icmp_ln80_reg_14093                    |    1|   0|    1|          0|
    |icmp_ln81_reg_14097                    |    1|   0|    1|          0|
    |icmp_ln94_1_reg_14287                  |    1|   0|    1|          0|
    |indvar_flatten204_fu_602               |   15|   0|   15|          0|
    |indvar_flatten281_fu_610               |   16|   0|   16|          0|
    |k_fu_338                               |   13|   0|   13|          0|
    |lshr_ln_reg_14245                      |    3|   0|    3|          0|
    |mb_fu_606                              |    5|   0|    5|          0|
    |mul122_i_11017_1_reg_16102             |   32|   0|   32|          0|
    |mul122_i_11017_2_reg_16232             |   32|   0|   32|          0|
    |mul122_i_11017_3_reg_16362             |   32|   0|   32|          0|
    |mul122_i_1_1_1_reg_16122               |   32|   0|   32|          0|
    |mul122_i_1_1_2_reg_16252               |   32|   0|   32|          0|
    |mul122_i_1_1_3_reg_16492               |   32|   0|   32|          0|
    |mul122_i_1_1_reg_15976                 |   32|   0|   32|          0|
    |mul122_i_1_2_1_reg_16127               |   32|   0|   32|          0|
    |mul122_i_1_2_2_reg_16257               |   32|   0|   32|          0|
    |mul122_i_1_2_3_reg_16497               |   32|   0|   32|          0|
    |mul122_i_1_2_reg_15981                 |   32|   0|   32|          0|
    |mul122_i_1_3_1_reg_16132               |   32|   0|   32|          0|
    |mul122_i_1_3_2_reg_16377               |   32|   0|   32|          0|
    |mul122_i_1_3_3_reg_16502               |   32|   0|   32|          0|
    |mul122_i_1_3_reg_15986                 |   32|   0|   32|          0|
    |mul122_i_1_4_reg_16247                 |   32|   0|   32|          0|
    |mul122_i_1_5_reg_16487                 |   32|   0|   32|          0|
    |mul122_i_1_reg_15963                   |   32|   0|   32|          0|
    |mul122_i_1_s_reg_16117                 |   32|   0|   32|          0|
    |mul122_i_21068_1_reg_16107             |   32|   0|   32|          0|
    |mul122_i_21068_2_reg_16237             |   32|   0|   32|          0|
    |mul122_i_21068_3_reg_16367             |   32|   0|   32|          0|
    |mul122_i_2_1_1_reg_16142               |   32|   0|   32|          0|
    |mul122_i_2_1_2_reg_16387               |   32|   0|   32|          0|
    |mul122_i_2_1_3_reg_16512               |   32|   0|   32|          0|
    |mul122_i_2_1_reg_16004                 |   32|   0|   32|          0|
    |mul122_i_2_2_1_reg_16262               |   32|   0|   32|          0|
    |mul122_i_2_2_2_reg_16392               |   32|   0|   32|          0|
    |mul122_i_2_2_3_reg_16517               |   32|   0|   32|          0|
    |mul122_i_2_2_reg_16009                 |   32|   0|   32|          0|
    |mul122_i_2_3_1_reg_16267               |   32|   0|   32|          0|
    |mul122_i_2_3_2_reg_16397               |   32|   0|   32|          0|
    |mul122_i_2_3_3_reg_16522               |   32|   0|   32|          0|
    |mul122_i_2_3_reg_16014                 |   32|   0|   32|          0|
    |mul122_i_2_4_reg_16382                 |   32|   0|   32|          0|
    |mul122_i_2_5_reg_16507                 |   32|   0|   32|          0|
    |mul122_i_2_reg_15991                   |   32|   0|   32|          0|
    |mul122_i_2_s_reg_16137                 |   32|   0|   32|          0|
    |mul122_i_31119_1_reg_16112             |   32|   0|   32|          0|
    |mul122_i_31119_2_reg_16242             |   32|   0|   32|          0|
    |mul122_i_31119_3_reg_16372             |   32|   0|   32|          0|
    |mul122_i_3_1_1_reg_16277               |   32|   0|   32|          0|
    |mul122_i_3_1_2_reg_16407               |   32|   0|   32|          0|
    |mul122_i_3_1_3_reg_16532               |   32|   0|   32|          0|
    |mul122_i_3_1_reg_16147                 |   32|   0|   32|          0|
    |mul122_i_3_2_1_reg_16282               |   32|   0|   32|          0|
    |mul122_i_3_2_2_reg_16412               |   32|   0|   32|          0|
    |mul122_i_3_2_3_reg_16537               |   32|   0|   32|          0|
    |mul122_i_3_2_reg_16152                 |   32|   0|   32|          0|
    |mul122_i_3_3_1_reg_16287               |   32|   0|   32|          0|
    |mul122_i_3_3_2_reg_16417               |   32|   0|   32|          0|
    |mul122_i_3_3_3_reg_16542               |   32|   0|   32|          0|
    |mul122_i_3_3_reg_16157                 |   32|   0|   32|          0|
    |mul122_i_3_4_reg_16402                 |   32|   0|   32|          0|
    |mul122_i_3_5_reg_16527                 |   32|   0|   32|          0|
    |mul122_i_3_reg_16019                   |   32|   0|   32|          0|
    |mul122_i_3_s_reg_16272                 |   32|   0|   32|          0|
    |mul122_i_4_reg_16227                   |   32|   0|   32|          0|
    |mul122_i_5_reg_16357                   |   32|   0|   32|          0|
    |mul122_i_6_reg_15948                   |   32|   0|   32|          0|
    |mul122_i_7_reg_15953                   |   32|   0|   32|          0|
    |mul122_i_8_reg_15958                   |   32|   0|   32|          0|
    |mul122_i_reg_15943                     |   32|   0|   32|          0|
    |mul122_i_s_reg_16097                   |   32|   0|   32|          0|
    |nb_fu_598                              |    6|   0|    6|          0|
    |normalized_107_reg_15164               |   11|   0|   11|          0|
    |normalized_11_reg_15024                |   11|   0|   11|          0|
    |normalized_122_reg_15186               |   11|   0|   11|          0|
    |normalized_141_reg_15348               |   11|   0|   11|          0|
    |normalized_160_reg_15663               |   11|   0|   11|          0|
    |normalized_175_reg_14718               |   11|   0|   11|          0|
    |normalized_183_reg_15203               |   11|   0|   11|          0|
    |normalized_198_reg_15225               |   11|   0|   11|          0|
    |normalized_217_reg_15532               |   11|   0|   11|          0|
    |normalized_236_reg_15703               |   11|   0|   11|          0|
    |normalized_251_reg_14882               |   11|   0|   11|          0|
    |normalized_259_reg_15242               |   11|   0|   11|          0|
    |normalized_274_reg_15391               |   11|   0|   11|          0|
    |normalized_28_reg_15050                |   11|   0|   11|          0|
    |normalized_293_reg_15572               |   11|   0|   11|          0|
    |normalized_312_reg_15741               |   11|   0|   11|          0|
    |normalized_47_reg_15305                |   11|   0|   11|          0|
    |normalized_5_reg_14373                 |   11|   0|   11|          0|
    |normalized_66_reg_15442                |   11|   0|   11|          0|
    |normalized_80_reg_14510                |   11|   0|   11|          0|
    |normalized_88_reg_15082                |   11|   0|   11|          0|
    |normalized_99_reg_14554                |   11|   0|   11|          0|
    |or_ln80_reg_14177                      |    1|   0|    1|          0|
    |reg_1988                               |   32|   0|   32|          0|
    |reg_2000                               |   32|   0|   32|          0|
    |reg_2012                               |   32|   0|   32|          0|
    |reg_2024                               |   32|   0|   32|          0|
    |reg_2036                               |   32|   0|   32|          0|
    |reg_2048                               |   32|   0|   32|          0|
    |select_ln20_104_reg_15543              |    3|   0|    3|          0|
    |select_ln20_107_reg_15687              |    4|   0|    4|          0|
    |select_ln20_113_reg_15714              |    3|   0|    3|          0|
    |select_ln20_116_reg_15831              |    4|   0|    4|          0|
    |select_ln20_120_reg_14893              |    3|   0|    3|          0|
    |select_ln20_131_reg_15402              |    3|   0|    3|          0|
    |select_ln20_134_reg_15556              |    4|   0|    4|          0|
    |select_ln20_140_reg_15583              |    3|   0|    3|          0|
    |select_ln20_143_reg_15725              |    4|   0|    4|          0|
    |select_ln20_149_reg_15752              |    3|   0|    3|          0|
    |select_ln20_14_reg_15061               |    3|   0|    3|          0|
    |select_ln20_152_reg_15860              |    4|   0|    4|          0|
    |select_ln20_162_reg_15300              |   10|   0|   10|          0|
    |select_ln20_171_reg_15437              |   10|   0|   10|          0|
    |select_ln20_17_reg_15289               |    4|   0|    4|          0|
    |select_ln20_180_reg_15621              |   10|   0|   10|          0|
    |select_ln20_207_reg_15343              |   10|   0|   10|          0|
    |select_ln20_216_reg_15514              |   10|   0|   10|          0|
    |select_ln20_225_reg_15821              |   10|   0|   10|          0|
    |select_ln20_23_reg_15316               |    3|   0|    3|          0|
    |select_ln20_243_reg_15381              |   10|   0|   10|          0|
    |select_ln20_252_reg_15698              |   10|   0|   10|          0|
    |select_ln20_261_reg_15842              |   10|   0|   10|          0|
    |select_ln20_26_reg_15426               |    4|   0|    4|          0|
    |select_ln20_279_reg_15567              |   10|   0|   10|          0|
    |select_ln20_288_reg_15736              |   10|   0|   10|          0|
    |select_ln20_297_reg_15871              |   10|   0|   10|          0|
    |select_ln20_32_reg_15453               |    3|   0|    3|          0|
    |select_ln20_35_reg_15610               |    4|   0|    4|          0|
    |select_ln20_39_reg_14521               |    3|   0|    3|          0|
    |select_ln20_3_reg_14384                |    3|   0|    3|          0|
    |select_ln20_48_reg_14565               |    3|   0|    3|          0|
    |select_ln20_59_reg_15197               |    3|   0|    3|          0|
    |select_ln20_62_reg_15332               |    4|   0|    4|          0|
    |select_ln20_68_reg_15359               |    3|   0|    3|          0|
    |select_ln20_71_reg_15503               |    4|   0|    4|          0|
    |select_ln20_77_reg_15674               |    3|   0|    3|          0|
    |select_ln20_80_reg_15810               |    4|   0|    4|          0|
    |select_ln20_84_reg_14729               |    3|   0|    3|          0|
    |select_ln20_95_reg_15236               |    3|   0|    3|          0|
    |select_ln20_98_reg_15370               |    4|   0|    4|          0|
    |select_ln20_9_reg_15279                |   10|   0|   10|          0|
    |sub_ln26_reg_15274                     |    6|   0|    6|          0|
    |sum_10_reg_17097                       |   32|   0|   32|          0|
    |sum_11_reg_17183                       |   32|   0|   32|          0|
    |sum_12_reg_16942                       |   32|   0|   32|          0|
    |sum_13_reg_17022                       |   32|   0|   32|          0|
    |sum_14_reg_17102                       |   32|   0|   32|          0|
    |sum_16_reg_16947                       |   32|   0|   32|          0|
    |sum_17_reg_17027                       |   32|   0|   32|          0|
    |sum_18_reg_17107                       |   32|   0|   32|          0|
    |sum_1_reg_17007                        |   32|   0|   32|          0|
    |sum_20_reg_16952                       |   32|   0|   32|          0|
    |sum_21_reg_17032                       |   32|   0|   32|          0|
    |sum_22_reg_17112                       |   32|   0|   32|          0|
    |sum_24_reg_16957                       |   32|   0|   32|          0|
    |sum_25_reg_17037                       |   32|   0|   32|          0|
    |sum_26_reg_17117                       |   32|   0|   32|          0|
    |sum_28_reg_16962                       |   32|   0|   32|          0|
    |sum_29_reg_17042                       |   32|   0|   32|          0|
    |sum_2_reg_17087                        |   32|   0|   32|          0|
    |sum_30_reg_17122                       |   32|   0|   32|          0|
    |sum_32_reg_16967                       |   32|   0|   32|          0|
    |sum_33_reg_17047                       |   32|   0|   32|          0|
    |sum_34_reg_17127                       |   32|   0|   32|          0|
    |sum_36_reg_16972                       |   32|   0|   32|          0|
    |sum_37_reg_17052                       |   32|   0|   32|          0|
    |sum_38_reg_17132                       |   32|   0|   32|          0|
    |sum_39_reg_17191                       |   32|   0|   32|          0|
    |sum_3_reg_17167                        |   32|   0|   32|          0|
    |sum_40_reg_16977                       |   32|   0|   32|          0|
    |sum_41_reg_17057                       |   32|   0|   32|          0|
    |sum_42_reg_17137                       |   32|   0|   32|          0|
    |sum_44_reg_16982                       |   32|   0|   32|          0|
    |sum_45_reg_17062                       |   32|   0|   32|          0|
    |sum_46_reg_17142                       |   32|   0|   32|          0|
    |sum_48_reg_16987                       |   32|   0|   32|          0|
    |sum_49_reg_17067                       |   32|   0|   32|          0|
    |sum_4_reg_16932                        |   32|   0|   32|          0|
    |sum_50_reg_17147                       |   32|   0|   32|          0|
    |sum_52_reg_16992                       |   32|   0|   32|          0|
    |sum_53_reg_17072                       |   32|   0|   32|          0|
    |sum_54_reg_17152                       |   32|   0|   32|          0|
    |sum_56_reg_16997                       |   32|   0|   32|          0|
    |sum_57_reg_17077                       |   32|   0|   32|          0|
    |sum_58_reg_17157                       |   32|   0|   32|          0|
    |sum_5_reg_17012                        |   32|   0|   32|          0|
    |sum_60_reg_17002                       |   32|   0|   32|          0|
    |sum_61_reg_17082                       |   32|   0|   32|          0|
    |sum_62_reg_17162                       |   32|   0|   32|          0|
    |sum_6_reg_17092                        |   32|   0|   32|          0|
    |sum_7_reg_17175                        |   32|   0|   32|          0|
    |sum_8_reg_16937                        |   32|   0|   32|          0|
    |sum_9_reg_17017                        |   32|   0|   32|          0|
    |sum_reg_16927                          |   32|   0|   32|          0|
    |tmp_100_reg_14639                      |    1|   0|    1|          0|
    |tmp_104_reg_15354                      |    1|   0|    1|          0|
    |tmp_110_reg_15509                      |    1|   0|    1|          0|
    |tmp_111_reg_14664                      |    1|   0|    1|          0|
    |tmp_111_reg_14664_pp0_iter2_reg        |    1|   0|    1|          0|
    |tmp_113_reg_14679                      |    1|   0|    1|          0|
    |tmp_119_reg_15669                      |    1|   0|    1|          0|
    |tmp_125_reg_15816                      |    1|   0|    1|          0|
    |tmp_126_reg_14703                      |    1|   0|    1|          0|
    |tmp_12_reg_14398                       |    1|   0|    1|          0|
    |tmp_130_reg_14724                      |    1|   0|    1|          0|
    |tmp_136_reg_15214                      |    1|   0|    1|          0|
    |tmp_139_reg_14748                      |    1|   0|    1|          0|
    |tmp_143_reg_14763                      |    1|   0|    1|          0|
    |tmp_147_reg_15231                      |    1|   0|    1|          0|
    |tmp_14_reg_14413                       |    1|   0|    1|          0|
    |tmp_153_reg_15376                      |    1|   0|    1|          0|
    |tmp_154_reg_14788                      |    1|   0|    1|          0|
    |tmp_156_reg_14803                      |    1|   0|    1|          0|
    |tmp_160_reg_15538                      |    1|   0|    1|          0|
    |tmp_164_reg_15693                      |    1|   0|    1|          0|
    |tmp_165_reg_14828                      |    1|   0|    1|          0|
    |tmp_165_reg_14828_pp0_iter2_reg        |    1|   0|    1|          0|
    |tmp_167_reg_14843                      |    1|   0|    1|          0|
    |tmp_171_reg_15709                      |    1|   0|    1|          0|
    |tmp_175_reg_15837                      |    1|   0|    1|          0|
    |tmp_176_reg_14867                      |    1|   0|    1|          0|
    |tmp_180_reg_14888                      |    1|   0|    1|          0|
    |tmp_184_reg_15253                      |    1|   0|    1|          0|
    |tmp_187_reg_14912                      |    1|   0|    1|          0|
    |tmp_189_reg_14927                      |    1|   0|    1|          0|
    |tmp_193_reg_15397                      |    1|   0|    1|          0|
    |tmp_197_reg_15562                      |    1|   0|    1|          0|
    |tmp_198_reg_14952                      |    1|   0|    1|          0|
    |tmp_200_reg_14967                      |    1|   0|    1|          0|
    |tmp_204_reg_15578                      |    1|   0|    1|          0|
    |tmp_208_reg_15731                      |    1|   0|    1|          0|
    |tmp_209_reg_14992                      |    1|   0|    1|          0|
    |tmp_209_reg_14992_pp0_iter2_reg        |    1|   0|    1|          0|
    |tmp_20_reg_15056                       |    1|   0|    1|          0|
    |tmp_211_reg_15007                      |    1|   0|    1|          0|
    |tmp_215_reg_15747                      |    1|   0|    1|          0|
    |tmp_219_reg_15866                      |    1|   0|    1|          0|
    |tmp_26_reg_15295                       |    1|   0|    1|          0|
    |tmp_27_reg_14273                       |    1|   0|    1|          0|
    |tmp_28_reg_14438                       |    1|   0|    1|          0|
    |tmp_2_reg_14350                        |    1|   0|    1|          0|
    |tmp_30_reg_14453                       |    1|   0|    1|          0|
    |tmp_36_reg_15311                       |    1|   0|    1|          0|
    |tmp_40_reg_15432                       |    1|   0|    1|          0|
    |tmp_41_reg_14478                       |    1|   0|    1|          0|
    |tmp_45_reg_14493                       |    1|   0|    1|          0|
    |tmp_49_reg_15448                       |    1|   0|    1|          0|
    |tmp_55_reg_15616                       |    1|   0|    1|          0|
    |tmp_59_reg_14516                       |    1|   0|    1|          0|
    |tmp_5_reg_14379                        |    1|   0|    1|          0|
    |tmp_65_reg_15093                       |    1|   0|    1|          0|
    |tmp_68_reg_14539                       |    1|   0|    1|          0|
    |tmp_74_reg_14560                       |    1|   0|    1|          0|
    |tmp_80_reg_15175                       |    1|   0|    1|          0|
    |tmp_83_reg_14584                       |    1|   0|    1|          0|
    |tmp_85_reg_14599                       |    1|   0|    1|          0|
    |tmp_8_reg_15030                        |    1|   0|    1|          0|
    |tmp_91_reg_15192                       |    1|   0|    1|          0|
    |tmp_95_reg_15338                       |    1|   0|    1|          0|
    |tmp_98_reg_14624                       |    1|   0|    1|          0|
    |tmp_s_reg_14267                        |    2|   0|    2|          0|
    |trunc_ln104_reg_14281                  |    1|   0|    1|          0|
    |trunc_ln107_reg_14261                  |    3|   0|    3|          0|
    |trunc_ln21_12_reg_14606                |    9|   0|    9|          0|
    |trunc_ln21_14_reg_14646                |    9|   0|    9|          0|
    |trunc_ln21_16_reg_14686                |    9|   0|    9|          0|
    |trunc_ln21_20_reg_14770                |    9|   0|    9|          0|
    |trunc_ln21_22_reg_14810                |    9|   0|    9|          0|
    |trunc_ln21_24_reg_14850                |    9|   0|    9|          0|
    |trunc_ln21_28_reg_14934                |    9|   0|    9|          0|
    |trunc_ln21_2_reg_14420                 |    9|   0|    9|          0|
    |trunc_ln21_30_reg_14974                |    9|   0|    9|          0|
    |trunc_ln21_32_reg_15014                |    9|   0|    9|          0|
    |trunc_ln21_4_reg_14460                 |    9|   0|    9|          0|
    |trunc_ln21_6_reg_14500                 |    9|   0|    9|          0|
    |trunc_ln80_reg_14168                   |    4|   0|    4|          0|
    |word_reg_14255                         |   10|   0|   10|          0|
    |wvalue_10_reg_15680                    |   32|   0|   32|          0|
    |wvalue_13_reg_15549                    |   32|   0|   32|          0|
    |wvalue_7_reg_15803                     |   32|   0|   32|          0|
    |xbits_10_reg_15134                     |   32|   0|   32|          0|
    |xbits_11_reg_15139                     |   32|   0|   32|          0|
    |xbits_12_reg_15144                     |   32|   0|   32|          0|
    |xbits_13_reg_15149                     |   32|   0|   32|          0|
    |xbits_14_reg_15154                     |   32|   0|   32|          0|
    |xbits_15_reg_15159                     |   32|   0|   32|          0|
    |xbits_1_reg_15067                      |   32|   0|   32|          0|
    |xbits_2_reg_15072                      |   32|   0|   32|          0|
    |xbits_3_reg_15077                      |   32|   0|   32|          0|
    |xbits_4_reg_15104                      |   32|   0|   32|          0|
    |xbits_5_reg_15109                      |   32|   0|   32|          0|
    |xbits_6_reg_15114                      |   32|   0|   32|          0|
    |xbits_7_reg_15119                      |   32|   0|   32|          0|
    |xbits_8_reg_15124                      |   32|   0|   32|          0|
    |xbits_9_reg_15129                      |   32|   0|   32|          0|
    |xbits_reg_15045                        |   32|   0|   32|          0|
    |zext_ln16_13_reg_15088                 |    3|   0|    4|          1|
    |zext_ln16_16_reg_15170                 |    3|   0|    4|          1|
    |zext_ln16_1_reg_15035                  |    3|   0|    4|          1|
    |zext_ln16_28_reg_15209                 |    3|   0|    4|          1|
    |zext_ln16_40_reg_15248                 |    3|   0|    4|          1|
    |zext_ln81_reg_17199                    |    3|   0|   64|         61|
    |add129_i_11019_1_reg_16677             |   64|  32|   32|          0|
    |add129_i_11019_2_reg_16742             |   64|  32|   32|          0|
    |add129_i_11019_3_reg_16807             |   64|  32|   32|          0|
    |add129_i_1_1_1_reg_16697               |   64|  32|   32|          0|
    |add129_i_1_1_2_reg_16762               |   64|  32|   32|          0|
    |add129_i_1_1_3_reg_16872               |   64|  32|   32|          0|
    |add129_i_1_2_1_reg_16702               |   64|  32|   32|          0|
    |add129_i_1_2_2_reg_16767               |   64|  32|   32|          0|
    |add129_i_1_2_3_reg_16877               |   64|  32|   32|          0|
    |add129_i_1_3_1_reg_16707               |   64|  32|   32|          0|
    |add129_i_1_3_2_reg_16822               |   64|  32|   32|          0|
    |add129_i_1_3_3_reg_16882               |   64|  32|   32|          0|
    |add129_i_1_4_reg_16757                 |   64|  32|   32|          0|
    |add129_i_1_5_reg_16867                 |   64|  32|   32|          0|
    |add129_i_1_s_reg_16692                 |   64|  32|   32|          0|
    |add129_i_21070_1_reg_16682             |   64|  32|   32|          0|
    |add129_i_21070_2_reg_16747             |   64|  32|   32|          0|
    |add129_i_21070_3_reg_16812             |   64|  32|   32|          0|
    |add129_i_2_1_1_reg_16717               |   64|  32|   32|          0|
    |add129_i_2_1_2_reg_16832               |   64|  32|   32|          0|
    |add129_i_2_1_3_reg_16892               |   64|  32|   32|          0|
    |add129_i_2_2_1_reg_16772               |   64|  32|   32|          0|
    |add129_i_2_2_2_reg_16837               |   64|  32|   32|          0|
    |add129_i_2_2_3_reg_16897               |   64|  32|   32|          0|
    |add129_i_2_3_1_reg_16777               |   64|  32|   32|          0|
    |add129_i_2_3_2_reg_16842               |   64|  32|   32|          0|
    |add129_i_2_3_3_reg_16902               |   64|  32|   32|          0|
    |add129_i_2_4_reg_16827                 |   64|  32|   32|          0|
    |add129_i_2_5_reg_16887                 |   64|  32|   32|          0|
    |add129_i_2_s_reg_16712                 |   64|  32|   32|          0|
    |add129_i_31121_1_reg_16687             |   64|  32|   32|          0|
    |add129_i_31121_2_reg_16752             |   64|  32|   32|          0|
    |add129_i_31121_3_reg_16817             |   64|  32|   32|          0|
    |add129_i_3_1_1_reg_16787               |   64|  32|   32|          0|
    |add129_i_3_1_2_reg_16852               |   64|  32|   32|          0|
    |add129_i_3_1_3_reg_16912               |   64|  32|   32|          0|
    |add129_i_3_2_1_reg_16792               |   64|  32|   32|          0|
    |add129_i_3_2_2_reg_16857               |   64|  32|   32|          0|
    |add129_i_3_2_3_reg_16917               |   64|  32|   32|          0|
    |add129_i_3_3_1_reg_16797               |   64|  32|   32|          0|
    |add129_i_3_3_2_reg_16862               |   64|  32|   32|          0|
    |add129_i_3_3_3_reg_16922               |   64|  32|   32|          0|
    |add129_i_3_4_reg_16847                 |   64|  32|   32|          0|
    |add129_i_3_5_reg_16907                 |   64|  32|   32|          0|
    |add129_i_3_s_reg_16782                 |   64|  32|   32|          0|
    |add129_i_4_reg_16737                   |   64|  32|   32|          0|
    |add129_i_5_reg_16802                   |   64|  32|   32|          0|
    |add129_i_s_reg_16672                   |   64|  32|   32|          0|
    |icmp_ln80_reg_14093                    |   64|  32|    1|          0|
    |icmp_ln81_reg_14097                    |   64|  32|    1|          0|
    |icmp_ln94_1_reg_14287                  |   64|  32|    1|          0|
    |lshr_ln_reg_14245                      |   64|  32|    3|          0|
    |or_ln80_reg_14177                      |   64|  32|    1|          0|
    |trunc_ln80_reg_14168                   |   64|  32|    4|          0|
    +---------------------------------------+-----+----+-----+-----------+
    |Total                                  |14201|1728|12358|         66|
    +---------------------------------------+-----+----+-----+-----------+



================================================================
== Interface
================================================================
* Summary: 
+----------------------------+-----+-----+------------+-----------------------------------------------------------------------+--------------+
|          RTL Ports         | Dir | Bits|  Protocol  |                             Source Object                             |    C Type    |
+----------------------------+-----+-----+------------+-----------------------------------------------------------------------+--------------+
|ap_clk                      |   in|    1|  ap_ctrl_hs|  vision_gemm_Pipeline_VITIS_LOOP_80_5_VITIS_LOOP_81_6_VITIS_LOOP_94_10|  return value|
|ap_rst                      |   in|    1|  ap_ctrl_hs|  vision_gemm_Pipeline_VITIS_LOOP_80_5_VITIS_LOOP_81_6_VITIS_LOOP_94_10|  return value|
|ap_start                    |   in|    1|  ap_ctrl_hs|  vision_gemm_Pipeline_VITIS_LOOP_80_5_VITIS_LOOP_81_6_VITIS_LOOP_94_10|  return value|
|ap_done                     |  out|    1|  ap_ctrl_hs|  vision_gemm_Pipeline_VITIS_LOOP_80_5_VITIS_LOOP_81_6_VITIS_LOOP_94_10|  return value|
|ap_idle                     |  out|    1|  ap_ctrl_hs|  vision_gemm_Pipeline_VITIS_LOOP_80_5_VITIS_LOOP_81_6_VITIS_LOOP_94_10|  return value|
|ap_ready                    |  out|    1|  ap_ctrl_hs|  vision_gemm_Pipeline_VITIS_LOOP_80_5_VITIS_LOOP_81_6_VITIS_LOOP_94_10|  return value|
|result_tile_address1        |  out|    3|   ap_memory|                                                            result_tile|         array|
|result_tile_ce1             |  out|    1|   ap_memory|                                                            result_tile|         array|
|result_tile_we1             |  out|    1|   ap_memory|                                                            result_tile|         array|
|result_tile_d1              |  out|   32|   ap_memory|                                                            result_tile|         array|
|result_tile_4_address1      |  out|    3|   ap_memory|                                                          result_tile_4|         array|
|result_tile_4_ce1           |  out|    1|   ap_memory|                                                          result_tile_4|         array|
|result_tile_4_we1           |  out|    1|   ap_memory|                                                          result_tile_4|         array|
|result_tile_4_d1            |  out|   32|   ap_memory|                                                          result_tile_4|         array|
|result_tile_8_address1      |  out|    3|   ap_memory|                                                          result_tile_8|         array|
|result_tile_8_ce1           |  out|    1|   ap_memory|                                                          result_tile_8|         array|
|result_tile_8_we1           |  out|    1|   ap_memory|                                                          result_tile_8|         array|
|result_tile_8_d1            |  out|   32|   ap_memory|                                                          result_tile_8|         array|
|result_tile_12_address1     |  out|    3|   ap_memory|                                                         result_tile_12|         array|
|result_tile_12_ce1          |  out|    1|   ap_memory|                                                         result_tile_12|         array|
|result_tile_12_we1          |  out|    1|   ap_memory|                                                         result_tile_12|         array|
|result_tile_12_d1           |  out|   32|   ap_memory|                                                         result_tile_12|         array|
|result_tile_16_address1     |  out|    3|   ap_memory|                                                         result_tile_16|         array|
|result_tile_16_ce1          |  out|    1|   ap_memory|                                                         result_tile_16|         array|
|result_tile_16_we1          |  out|    1|   ap_memory|                                                         result_tile_16|         array|
|result_tile_16_d1           |  out|   32|   ap_memory|                                                         result_tile_16|         array|
|result_tile_20_address1     |  out|    3|   ap_memory|                                                         result_tile_20|         array|
|result_tile_20_ce1          |  out|    1|   ap_memory|                                                         result_tile_20|         array|
|result_tile_20_we1          |  out|    1|   ap_memory|                                                         result_tile_20|         array|
|result_tile_20_d1           |  out|   32|   ap_memory|                                                         result_tile_20|         array|
|result_tile_24_address1     |  out|    3|   ap_memory|                                                         result_tile_24|         array|
|result_tile_24_ce1          |  out|    1|   ap_memory|                                                         result_tile_24|         array|
|result_tile_24_we1          |  out|    1|   ap_memory|                                                         result_tile_24|         array|
|result_tile_24_d1           |  out|   32|   ap_memory|                                                         result_tile_24|         array|
|result_tile_28_address1     |  out|    3|   ap_memory|                                                         result_tile_28|         array|
|result_tile_28_ce1          |  out|    1|   ap_memory|                                                         result_tile_28|         array|
|result_tile_28_we1          |  out|    1|   ap_memory|                                                         result_tile_28|         array|
|result_tile_28_d1           |  out|   32|   ap_memory|                                                         result_tile_28|         array|
|result_tile_32_address1     |  out|    3|   ap_memory|                                                         result_tile_32|         array|
|result_tile_32_ce1          |  out|    1|   ap_memory|                                                         result_tile_32|         array|
|result_tile_32_we1          |  out|    1|   ap_memory|                                                         result_tile_32|         array|
|result_tile_32_d1           |  out|   32|   ap_memory|                                                         result_tile_32|         array|
|result_tile_36_address1     |  out|    3|   ap_memory|                                                         result_tile_36|         array|
|result_tile_36_ce1          |  out|    1|   ap_memory|                                                         result_tile_36|         array|
|result_tile_36_we1          |  out|    1|   ap_memory|                                                         result_tile_36|         array|
|result_tile_36_d1           |  out|   32|   ap_memory|                                                         result_tile_36|         array|
|result_tile_40_address1     |  out|    3|   ap_memory|                                                         result_tile_40|         array|
|result_tile_40_ce1          |  out|    1|   ap_memory|                                                         result_tile_40|         array|
|result_tile_40_we1          |  out|    1|   ap_memory|                                                         result_tile_40|         array|
|result_tile_40_d1           |  out|   32|   ap_memory|                                                         result_tile_40|         array|
|result_tile_44_address1     |  out|    3|   ap_memory|                                                         result_tile_44|         array|
|result_tile_44_ce1          |  out|    1|   ap_memory|                                                         result_tile_44|         array|
|result_tile_44_we1          |  out|    1|   ap_memory|                                                         result_tile_44|         array|
|result_tile_44_d1           |  out|   32|   ap_memory|                                                         result_tile_44|         array|
|result_tile_48_address1     |  out|    3|   ap_memory|                                                         result_tile_48|         array|
|result_tile_48_ce1          |  out|    1|   ap_memory|                                                         result_tile_48|         array|
|result_tile_48_we1          |  out|    1|   ap_memory|                                                         result_tile_48|         array|
|result_tile_48_d1           |  out|   32|   ap_memory|                                                         result_tile_48|         array|
|result_tile_52_address1     |  out|    3|   ap_memory|                                                         result_tile_52|         array|
|result_tile_52_ce1          |  out|    1|   ap_memory|                                                         result_tile_52|         array|
|result_tile_52_we1          |  out|    1|   ap_memory|                                                         result_tile_52|         array|
|result_tile_52_d1           |  out|   32|   ap_memory|                                                         result_tile_52|         array|
|result_tile_56_address1     |  out|    3|   ap_memory|                                                         result_tile_56|         array|
|result_tile_56_ce1          |  out|    1|   ap_memory|                                                         result_tile_56|         array|
|result_tile_56_we1          |  out|    1|   ap_memory|                                                         result_tile_56|         array|
|result_tile_56_d1           |  out|   32|   ap_memory|                                                         result_tile_56|         array|
|result_tile_60_address1     |  out|    3|   ap_memory|                                                         result_tile_60|         array|
|result_tile_60_ce1          |  out|    1|   ap_memory|                                                         result_tile_60|         array|
|result_tile_60_we1          |  out|    1|   ap_memory|                                                         result_tile_60|         array|
|result_tile_60_d1           |  out|   32|   ap_memory|                                                         result_tile_60|         array|
|result_tile_1_address1      |  out|    3|   ap_memory|                                                          result_tile_1|         array|
|result_tile_1_ce1           |  out|    1|   ap_memory|                                                          result_tile_1|         array|
|result_tile_1_we1           |  out|    1|   ap_memory|                                                          result_tile_1|         array|
|result_tile_1_d1            |  out|   32|   ap_memory|                                                          result_tile_1|         array|
|result_tile_5_address1      |  out|    3|   ap_memory|                                                          result_tile_5|         array|
|result_tile_5_ce1           |  out|    1|   ap_memory|                                                          result_tile_5|         array|
|result_tile_5_we1           |  out|    1|   ap_memory|                                                          result_tile_5|         array|
|result_tile_5_d1            |  out|   32|   ap_memory|                                                          result_tile_5|         array|
|result_tile_9_address1      |  out|    3|   ap_memory|                                                          result_tile_9|         array|
|result_tile_9_ce1           |  out|    1|   ap_memory|                                                          result_tile_9|         array|
|result_tile_9_we1           |  out|    1|   ap_memory|                                                          result_tile_9|         array|
|result_tile_9_d1            |  out|   32|   ap_memory|                                                          result_tile_9|         array|
|result_tile_13_address1     |  out|    3|   ap_memory|                                                         result_tile_13|         array|
|result_tile_13_ce1          |  out|    1|   ap_memory|                                                         result_tile_13|         array|
|result_tile_13_we1          |  out|    1|   ap_memory|                                                         result_tile_13|         array|
|result_tile_13_d1           |  out|   32|   ap_memory|                                                         result_tile_13|         array|
|result_tile_17_address1     |  out|    3|   ap_memory|                                                         result_tile_17|         array|
|result_tile_17_ce1          |  out|    1|   ap_memory|                                                         result_tile_17|         array|
|result_tile_17_we1          |  out|    1|   ap_memory|                                                         result_tile_17|         array|
|result_tile_17_d1           |  out|   32|   ap_memory|                                                         result_tile_17|         array|
|result_tile_21_address1     |  out|    3|   ap_memory|                                                         result_tile_21|         array|
|result_tile_21_ce1          |  out|    1|   ap_memory|                                                         result_tile_21|         array|
|result_tile_21_we1          |  out|    1|   ap_memory|                                                         result_tile_21|         array|
|result_tile_21_d1           |  out|   32|   ap_memory|                                                         result_tile_21|         array|
|result_tile_25_address1     |  out|    3|   ap_memory|                                                         result_tile_25|         array|
|result_tile_25_ce1          |  out|    1|   ap_memory|                                                         result_tile_25|         array|
|result_tile_25_we1          |  out|    1|   ap_memory|                                                         result_tile_25|         array|
|result_tile_25_d1           |  out|   32|   ap_memory|                                                         result_tile_25|         array|
|result_tile_29_address1     |  out|    3|   ap_memory|                                                         result_tile_29|         array|
|result_tile_29_ce1          |  out|    1|   ap_memory|                                                         result_tile_29|         array|
|result_tile_29_we1          |  out|    1|   ap_memory|                                                         result_tile_29|         array|
|result_tile_29_d1           |  out|   32|   ap_memory|                                                         result_tile_29|         array|
|result_tile_33_address1     |  out|    3|   ap_memory|                                                         result_tile_33|         array|
|result_tile_33_ce1          |  out|    1|   ap_memory|                                                         result_tile_33|         array|
|result_tile_33_we1          |  out|    1|   ap_memory|                                                         result_tile_33|         array|
|result_tile_33_d1           |  out|   32|   ap_memory|                                                         result_tile_33|         array|
|result_tile_37_address1     |  out|    3|   ap_memory|                                                         result_tile_37|         array|
|result_tile_37_ce1          |  out|    1|   ap_memory|                                                         result_tile_37|         array|
|result_tile_37_we1          |  out|    1|   ap_memory|                                                         result_tile_37|         array|
|result_tile_37_d1           |  out|   32|   ap_memory|                                                         result_tile_37|         array|
|result_tile_41_address1     |  out|    3|   ap_memory|                                                         result_tile_41|         array|
|result_tile_41_ce1          |  out|    1|   ap_memory|                                                         result_tile_41|         array|
|result_tile_41_we1          |  out|    1|   ap_memory|                                                         result_tile_41|         array|
|result_tile_41_d1           |  out|   32|   ap_memory|                                                         result_tile_41|         array|
|result_tile_45_address1     |  out|    3|   ap_memory|                                                         result_tile_45|         array|
|result_tile_45_ce1          |  out|    1|   ap_memory|                                                         result_tile_45|         array|
|result_tile_45_we1          |  out|    1|   ap_memory|                                                         result_tile_45|         array|
|result_tile_45_d1           |  out|   32|   ap_memory|                                                         result_tile_45|         array|
|result_tile_49_address1     |  out|    3|   ap_memory|                                                         result_tile_49|         array|
|result_tile_49_ce1          |  out|    1|   ap_memory|                                                         result_tile_49|         array|
|result_tile_49_we1          |  out|    1|   ap_memory|                                                         result_tile_49|         array|
|result_tile_49_d1           |  out|   32|   ap_memory|                                                         result_tile_49|         array|
|result_tile_53_address1     |  out|    3|   ap_memory|                                                         result_tile_53|         array|
|result_tile_53_ce1          |  out|    1|   ap_memory|                                                         result_tile_53|         array|
|result_tile_53_we1          |  out|    1|   ap_memory|                                                         result_tile_53|         array|
|result_tile_53_d1           |  out|   32|   ap_memory|                                                         result_tile_53|         array|
|result_tile_57_address1     |  out|    3|   ap_memory|                                                         result_tile_57|         array|
|result_tile_57_ce1          |  out|    1|   ap_memory|                                                         result_tile_57|         array|
|result_tile_57_we1          |  out|    1|   ap_memory|                                                         result_tile_57|         array|
|result_tile_57_d1           |  out|   32|   ap_memory|                                                         result_tile_57|         array|
|result_tile_61_address1     |  out|    3|   ap_memory|                                                         result_tile_61|         array|
|result_tile_61_ce1          |  out|    1|   ap_memory|                                                         result_tile_61|         array|
|result_tile_61_we1          |  out|    1|   ap_memory|                                                         result_tile_61|         array|
|result_tile_61_d1           |  out|   32|   ap_memory|                                                         result_tile_61|         array|
|result_tile_2_address1      |  out|    3|   ap_memory|                                                          result_tile_2|         array|
|result_tile_2_ce1           |  out|    1|   ap_memory|                                                          result_tile_2|         array|
|result_tile_2_we1           |  out|    1|   ap_memory|                                                          result_tile_2|         array|
|result_tile_2_d1            |  out|   32|   ap_memory|                                                          result_tile_2|         array|
|result_tile_6_address1      |  out|    3|   ap_memory|                                                          result_tile_6|         array|
|result_tile_6_ce1           |  out|    1|   ap_memory|                                                          result_tile_6|         array|
|result_tile_6_we1           |  out|    1|   ap_memory|                                                          result_tile_6|         array|
|result_tile_6_d1            |  out|   32|   ap_memory|                                                          result_tile_6|         array|
|result_tile_10_address1     |  out|    3|   ap_memory|                                                         result_tile_10|         array|
|result_tile_10_ce1          |  out|    1|   ap_memory|                                                         result_tile_10|         array|
|result_tile_10_we1          |  out|    1|   ap_memory|                                                         result_tile_10|         array|
|result_tile_10_d1           |  out|   32|   ap_memory|                                                         result_tile_10|         array|
|result_tile_14_address1     |  out|    3|   ap_memory|                                                         result_tile_14|         array|
|result_tile_14_ce1          |  out|    1|   ap_memory|                                                         result_tile_14|         array|
|result_tile_14_we1          |  out|    1|   ap_memory|                                                         result_tile_14|         array|
|result_tile_14_d1           |  out|   32|   ap_memory|                                                         result_tile_14|         array|
|result_tile_18_address1     |  out|    3|   ap_memory|                                                         result_tile_18|         array|
|result_tile_18_ce1          |  out|    1|   ap_memory|                                                         result_tile_18|         array|
|result_tile_18_we1          |  out|    1|   ap_memory|                                                         result_tile_18|         array|
|result_tile_18_d1           |  out|   32|   ap_memory|                                                         result_tile_18|         array|
|result_tile_22_address1     |  out|    3|   ap_memory|                                                         result_tile_22|         array|
|result_tile_22_ce1          |  out|    1|   ap_memory|                                                         result_tile_22|         array|
|result_tile_22_we1          |  out|    1|   ap_memory|                                                         result_tile_22|         array|
|result_tile_22_d1           |  out|   32|   ap_memory|                                                         result_tile_22|         array|
|result_tile_26_address1     |  out|    3|   ap_memory|                                                         result_tile_26|         array|
|result_tile_26_ce1          |  out|    1|   ap_memory|                                                         result_tile_26|         array|
|result_tile_26_we1          |  out|    1|   ap_memory|                                                         result_tile_26|         array|
|result_tile_26_d1           |  out|   32|   ap_memory|                                                         result_tile_26|         array|
|result_tile_30_address1     |  out|    3|   ap_memory|                                                         result_tile_30|         array|
|result_tile_30_ce1          |  out|    1|   ap_memory|                                                         result_tile_30|         array|
|result_tile_30_we1          |  out|    1|   ap_memory|                                                         result_tile_30|         array|
|result_tile_30_d1           |  out|   32|   ap_memory|                                                         result_tile_30|         array|
|result_tile_34_address1     |  out|    3|   ap_memory|                                                         result_tile_34|         array|
|result_tile_34_ce1          |  out|    1|   ap_memory|                                                         result_tile_34|         array|
|result_tile_34_we1          |  out|    1|   ap_memory|                                                         result_tile_34|         array|
|result_tile_34_d1           |  out|   32|   ap_memory|                                                         result_tile_34|         array|
|result_tile_38_address1     |  out|    3|   ap_memory|                                                         result_tile_38|         array|
|result_tile_38_ce1          |  out|    1|   ap_memory|                                                         result_tile_38|         array|
|result_tile_38_we1          |  out|    1|   ap_memory|                                                         result_tile_38|         array|
|result_tile_38_d1           |  out|   32|   ap_memory|                                                         result_tile_38|         array|
|result_tile_42_address1     |  out|    3|   ap_memory|                                                         result_tile_42|         array|
|result_tile_42_ce1          |  out|    1|   ap_memory|                                                         result_tile_42|         array|
|result_tile_42_we1          |  out|    1|   ap_memory|                                                         result_tile_42|         array|
|result_tile_42_d1           |  out|   32|   ap_memory|                                                         result_tile_42|         array|
|result_tile_46_address1     |  out|    3|   ap_memory|                                                         result_tile_46|         array|
|result_tile_46_ce1          |  out|    1|   ap_memory|                                                         result_tile_46|         array|
|result_tile_46_we1          |  out|    1|   ap_memory|                                                         result_tile_46|         array|
|result_tile_46_d1           |  out|   32|   ap_memory|                                                         result_tile_46|         array|
|result_tile_50_address1     |  out|    3|   ap_memory|                                                         result_tile_50|         array|
|result_tile_50_ce1          |  out|    1|   ap_memory|                                                         result_tile_50|         array|
|result_tile_50_we1          |  out|    1|   ap_memory|                                                         result_tile_50|         array|
|result_tile_50_d1           |  out|   32|   ap_memory|                                                         result_tile_50|         array|
|result_tile_54_address1     |  out|    3|   ap_memory|                                                         result_tile_54|         array|
|result_tile_54_ce1          |  out|    1|   ap_memory|                                                         result_tile_54|         array|
|result_tile_54_we1          |  out|    1|   ap_memory|                                                         result_tile_54|         array|
|result_tile_54_d1           |  out|   32|   ap_memory|                                                         result_tile_54|         array|
|result_tile_58_address1     |  out|    3|   ap_memory|                                                         result_tile_58|         array|
|result_tile_58_ce1          |  out|    1|   ap_memory|                                                         result_tile_58|         array|
|result_tile_58_we1          |  out|    1|   ap_memory|                                                         result_tile_58|         array|
|result_tile_58_d1           |  out|   32|   ap_memory|                                                         result_tile_58|         array|
|result_tile_62_address1     |  out|    3|   ap_memory|                                                         result_tile_62|         array|
|result_tile_62_ce1          |  out|    1|   ap_memory|                                                         result_tile_62|         array|
|result_tile_62_we1          |  out|    1|   ap_memory|                                                         result_tile_62|         array|
|result_tile_62_d1           |  out|   32|   ap_memory|                                                         result_tile_62|         array|
|result_tile_3_address1      |  out|    3|   ap_memory|                                                          result_tile_3|         array|
|result_tile_3_ce1           |  out|    1|   ap_memory|                                                          result_tile_3|         array|
|result_tile_3_we1           |  out|    1|   ap_memory|                                                          result_tile_3|         array|
|result_tile_3_d1            |  out|   32|   ap_memory|                                                          result_tile_3|         array|
|result_tile_7_address1      |  out|    3|   ap_memory|                                                          result_tile_7|         array|
|result_tile_7_ce1           |  out|    1|   ap_memory|                                                          result_tile_7|         array|
|result_tile_7_we1           |  out|    1|   ap_memory|                                                          result_tile_7|         array|
|result_tile_7_d1            |  out|   32|   ap_memory|                                                          result_tile_7|         array|
|result_tile_11_address1     |  out|    3|   ap_memory|                                                         result_tile_11|         array|
|result_tile_11_ce1          |  out|    1|   ap_memory|                                                         result_tile_11|         array|
|result_tile_11_we1          |  out|    1|   ap_memory|                                                         result_tile_11|         array|
|result_tile_11_d1           |  out|   32|   ap_memory|                                                         result_tile_11|         array|
|result_tile_15_address1     |  out|    3|   ap_memory|                                                         result_tile_15|         array|
|result_tile_15_ce1          |  out|    1|   ap_memory|                                                         result_tile_15|         array|
|result_tile_15_we1          |  out|    1|   ap_memory|                                                         result_tile_15|         array|
|result_tile_15_d1           |  out|   32|   ap_memory|                                                         result_tile_15|         array|
|result_tile_19_address1     |  out|    3|   ap_memory|                                                         result_tile_19|         array|
|result_tile_19_ce1          |  out|    1|   ap_memory|                                                         result_tile_19|         array|
|result_tile_19_we1          |  out|    1|   ap_memory|                                                         result_tile_19|         array|
|result_tile_19_d1           |  out|   32|   ap_memory|                                                         result_tile_19|         array|
|result_tile_23_address1     |  out|    3|   ap_memory|                                                         result_tile_23|         array|
|result_tile_23_ce1          |  out|    1|   ap_memory|                                                         result_tile_23|         array|
|result_tile_23_we1          |  out|    1|   ap_memory|                                                         result_tile_23|         array|
|result_tile_23_d1           |  out|   32|   ap_memory|                                                         result_tile_23|         array|
|result_tile_27_address1     |  out|    3|   ap_memory|                                                         result_tile_27|         array|
|result_tile_27_ce1          |  out|    1|   ap_memory|                                                         result_tile_27|         array|
|result_tile_27_we1          |  out|    1|   ap_memory|                                                         result_tile_27|         array|
|result_tile_27_d1           |  out|   32|   ap_memory|                                                         result_tile_27|         array|
|result_tile_31_address1     |  out|    3|   ap_memory|                                                         result_tile_31|         array|
|result_tile_31_ce1          |  out|    1|   ap_memory|                                                         result_tile_31|         array|
|result_tile_31_we1          |  out|    1|   ap_memory|                                                         result_tile_31|         array|
|result_tile_31_d1           |  out|   32|   ap_memory|                                                         result_tile_31|         array|
|result_tile_35_address1     |  out|    3|   ap_memory|                                                         result_tile_35|         array|
|result_tile_35_ce1          |  out|    1|   ap_memory|                                                         result_tile_35|         array|
|result_tile_35_we1          |  out|    1|   ap_memory|                                                         result_tile_35|         array|
|result_tile_35_d1           |  out|   32|   ap_memory|                                                         result_tile_35|         array|
|result_tile_39_address1     |  out|    3|   ap_memory|                                                         result_tile_39|         array|
|result_tile_39_ce1          |  out|    1|   ap_memory|                                                         result_tile_39|         array|
|result_tile_39_we1          |  out|    1|   ap_memory|                                                         result_tile_39|         array|
|result_tile_39_d1           |  out|   32|   ap_memory|                                                         result_tile_39|         array|
|result_tile_43_address1     |  out|    3|   ap_memory|                                                         result_tile_43|         array|
|result_tile_43_ce1          |  out|    1|   ap_memory|                                                         result_tile_43|         array|
|result_tile_43_we1          |  out|    1|   ap_memory|                                                         result_tile_43|         array|
|result_tile_43_d1           |  out|   32|   ap_memory|                                                         result_tile_43|         array|
|result_tile_47_address1     |  out|    3|   ap_memory|                                                         result_tile_47|         array|
|result_tile_47_ce1          |  out|    1|   ap_memory|                                                         result_tile_47|         array|
|result_tile_47_we1          |  out|    1|   ap_memory|                                                         result_tile_47|         array|
|result_tile_47_d1           |  out|   32|   ap_memory|                                                         result_tile_47|         array|
|result_tile_51_address1     |  out|    3|   ap_memory|                                                         result_tile_51|         array|
|result_tile_51_ce1          |  out|    1|   ap_memory|                                                         result_tile_51|         array|
|result_tile_51_we1          |  out|    1|   ap_memory|                                                         result_tile_51|         array|
|result_tile_51_d1           |  out|   32|   ap_memory|                                                         result_tile_51|         array|
|result_tile_55_address1     |  out|    3|   ap_memory|                                                         result_tile_55|         array|
|result_tile_55_ce1          |  out|    1|   ap_memory|                                                         result_tile_55|         array|
|result_tile_55_we1          |  out|    1|   ap_memory|                                                         result_tile_55|         array|
|result_tile_55_d1           |  out|   32|   ap_memory|                                                         result_tile_55|         array|
|result_tile_59_address1     |  out|    3|   ap_memory|                                                         result_tile_59|         array|
|result_tile_59_ce1          |  out|    1|   ap_memory|                                                         result_tile_59|         array|
|result_tile_59_we1          |  out|    1|   ap_memory|                                                         result_tile_59|         array|
|result_tile_59_d1           |  out|   32|   ap_memory|                                                         result_tile_59|         array|
|result_tile_63_address1     |  out|    3|   ap_memory|                                                         result_tile_63|         array|
|result_tile_63_ce1          |  out|    1|   ap_memory|                                                         result_tile_63|         array|
|result_tile_63_we1          |  out|    1|   ap_memory|                                                         result_tile_63|         array|
|result_tile_63_d1           |  out|   32|   ap_memory|                                                         result_tile_63|         array|
|weight_tile_address0        |  out|   12|   ap_memory|                                                            weight_tile|         array|
|weight_tile_ce0             |  out|    1|   ap_memory|                                                            weight_tile|         array|
|weight_tile_q0              |   in|  128|   ap_memory|                                                            weight_tile|         array|
|weight_tile_1_address0      |  out|   12|   ap_memory|                                                          weight_tile_1|         array|
|weight_tile_1_ce0           |  out|    1|   ap_memory|                                                          weight_tile_1|         array|
|weight_tile_1_q0            |   in|  128|   ap_memory|                                                          weight_tile_1|         array|
|weight_tile_2_address0      |  out|   12|   ap_memory|                                                          weight_tile_2|         array|
|weight_tile_2_ce0           |  out|    1|   ap_memory|                                                          weight_tile_2|         array|
|weight_tile_2_q0            |   in|  128|   ap_memory|                                                          weight_tile_2|         array|
|weight_tile_3_address0      |  out|   12|   ap_memory|                                                          weight_tile_3|         array|
|weight_tile_3_ce0           |  out|    1|   ap_memory|                                                          weight_tile_3|         array|
|weight_tile_3_q0            |   in|  128|   ap_memory|                                                          weight_tile_3|         array|
|activation_tile_address0    |  out|   13|   ap_memory|                                                        activation_tile|         array|
|activation_tile_ce0         |  out|    1|   ap_memory|                                                        activation_tile|         array|
|activation_tile_q0          |   in|  256|   ap_memory|                                                        activation_tile|         array|
|activation_tile_1_address0  |  out|   13|   ap_memory|                                                      activation_tile_1|         array|
|activation_tile_1_ce0       |  out|    1|   ap_memory|                                                      activation_tile_1|         array|
|activation_tile_1_q0        |   in|  256|   ap_memory|                                                      activation_tile_1|         array|
|activation_tile_2_address0  |  out|   13|   ap_memory|                                                      activation_tile_2|         array|
|activation_tile_2_ce0       |  out|    1|   ap_memory|                                                      activation_tile_2|         array|
|activation_tile_2_q0        |   in|  256|   ap_memory|                                                      activation_tile_2|         array|
|activation_tile_3_address0  |  out|   13|   ap_memory|                                                      activation_tile_3|         array|
|activation_tile_3_ce0       |  out|    1|   ap_memory|                                                      activation_tile_3|         array|
|activation_tile_3_q0        |   in|  256|   ap_memory|                                                      activation_tile_3|         array|
+----------------------------+-----+-----+------------+-----------------------------------------------------------------------+--------------+

