

================================================================
== Vitis HLS Report for 'rm13_w4a8_tile'
================================================================
* Date:           Sat Sep 26 20:56:22 2026

* Version:        2024.2 (Build 5238294 on Nov  8 2024)
* Project:        project
* Solution:       solution1 (Vivado IP Flow Target)
* Product family: zynquplus
* Target device:  xck26-sfvc784-2LV-c


================================================================
== Performance Estimates
================================================================
+ Timing: 
    * Summary: 
    +--------+---------+----------+------------+
    |  Clock |  Target | Estimated| Uncertainty|
    +--------+---------+----------+------------+
    |ap_clk  |  5.00 ns|  4.664 ns|     1.35 ns|
    +--------+---------+----------+------------+

+ Latency: 
    * Summary: 
    +---------+---------+----------+----------+-----+-----+---------+
    |  Latency (cycles) |  Latency (absolute) |  Interval | Pipeline|
    |   min   |   max   |    min   |    max   | min | max |   Type  |
    +---------+---------+----------+----------+-----+-----+---------+
    |        ?|        ?|         ?|         ?|    ?|    ?|       no|
    +---------+---------+----------+----------+-----+-----+---------+

    + Detail: 
        * Instance: 
        +-------------------------------------------------------+-------------------------------------------+---------+---------+-----------+-----------+-----+-----+------------------------------------------------+
        |                                                       |                                           |  Latency (cycles) |   Latency (absolute)  |  Interval |                    Pipeline                    |
        |                        Instance                       |                   Module                  |   min   |   max   |    min    |    max    | min | max |                      Type                      |
        +-------------------------------------------------------+-------------------------------------------+---------+---------+-----------+-----------+-----+-----+------------------------------------------------+
        |grp_rm13_w4a8_tile_Pipeline_VITIS_LOOP_138_6_fu_4498   |rm13_w4a8_tile_Pipeline_VITIS_LOOP_138_6   |       19|       19|  95.000 ns|  95.000 ns|   17|   17|  loop auto-rewind stp (delay=0 clock cycles(s))|
        |grp_rm13_w4a8_tile_Pipeline_VITIS_LOOP_146_7_fu_4538   |rm13_w4a8_tile_Pipeline_VITIS_LOOP_146_7   |       24|       24|   0.120 us|   0.120 us|   17|   17|  loop auto-rewind stp (delay=0 clock cycles(s))|
        |grp_rm13_w4a8_tile_Pipeline_VITIS_LOOP_179_9_fu_4561   |rm13_w4a8_tile_Pipeline_VITIS_LOOP_179_9   |      167|      167|   0.835 us|   0.835 us|  129|  129|  loop auto-rewind stp (delay=0 clock cycles(s))|
        |grp_rm13_w4a8_tile_Pipeline_VITIS_LOOP_116_3_fu_4617   |rm13_w4a8_tile_Pipeline_VITIS_LOOP_116_3   |        7|        7|  35.000 ns|  35.000 ns|    5|    5|  loop auto-rewind stp (delay=0 clock cycles(s))|
        |grp_rm13_w4a8_tile_Pipeline_VITIS_LOOP_229_17_fu_4634  |rm13_w4a8_tile_Pipeline_VITIS_LOOP_229_17  |      133|      133|   0.665 us|   0.665 us|  129|  129|  loop auto-rewind stp (delay=0 clock cycles(s))|
        |grp_rm13_w4a8_tile_Pipeline_VITIS_LOOP_250_20_fu_4833  |rm13_w4a8_tile_Pipeline_VITIS_LOOP_250_20  |      153|      153|   0.765 us|   0.765 us|  129|  129|  loop auto-rewind stp (delay=0 clock cycles(s))|
        +-------------------------------------------------------+-------------------------------------------+---------+---------+-----------+-----------+-----+-----+------------------------------------------------+

        * Loop: 
        +------------------------+---------+---------------+-----------------------+-----------+-----------+---------------+----------+
        |                        |     Latency (cycles)    |       Iteration       |  Initiation Interval  |      Trip     |          |
        |        Loop Name       |   min   |      max      |        Latency        |  achieved |   target  |     Count     | Pipelined|
        +------------------------+---------+---------------+-----------------------+-----------+-----------+---------------+----------+
        |- VITIS_LOOP_110_1      |        ?|              ?|               2 ~ 1034|          -|          -|              ?|        no|
        | + VITIS_LOOP_111_2     |        0|           1032|                     30|          -|          -|         0 ~ 34|        no|
        |- VITIS_LOOP_133_4      |        ?|              ?|               2 ~ 8243|          -|          -|              ?|        no|
        | + VITIS_LOOP_134_5     |        0|           8241|                    242|          -|          -|         0 ~ 34|        no|
        |- VITIS_LOOP_205_10     |    10037|              ?|  10037 ~ 5793910882311|          -|          -|  1 ~ 268435456|        no|
        | + VITIS_LOOP_206_11    |    10030|  5793910882304|          10030 ~ 10792|          -|          -|  1 ~ 536870912|        no|
        |  ++ VITIS_LOOP_216_14  |     9894|           9894|                    291|          -|          -|             34|        no|
        +------------------------+---------+---------------+-----------------------+-----------+-----------+---------------+----------+



================================================================
== Utilization Estimates
================================================================
* Summary: 
+-----------------+---------+------+--------+--------+-----+
|       Name      | BRAM_18K|  DSP |   FF   |   LUT  | URAM|
+-----------------+---------+------+--------+--------+-----+
|DSP              |        -|     -|       -|       -|    -|
|Expression       |        -|     -|       0|   21924|    -|
|FIFO             |        -|     -|       -|       -|    -|
|Instance         |       27|   140|   19388|   19378|    0|
|Memory           |       24|     -|       0|       0|   48|
|Multiplexer      |        -|     -|       0|    6431|    -|
|Register         |        -|     -|   25863|       -|    -|
+-----------------+---------+------+--------+--------+-----+
|Total            |       51|   140|   45251|   47733|   48|
+-----------------+---------+------+--------+--------+-----+
|Available        |      288|  1248|  234240|  117120|   64|
+-----------------+---------+------+--------+--------+-----+
|Utilization (%)  |       17|    11|      19|      40|   75|
+-----------------+---------+------+--------+--------+-----+

+ Detail: 
    * Instance: 
    +-------------------------------------------------------+-------------------------------------------+---------+-----+------+------+-----+
    |                        Instance                       |                   Module                  | BRAM_18K| DSP |  FF  |  LUT | URAM|
    +-------------------------------------------------------+-------------------------------------------+---------+-----+------+------+-----+
    |control_s_axi_U                                        |control_s_axi                              |        0|    0|   462|   808|    0|
    |faddfsub_32ns_32ns_32_8_full_dsp_1_U773                |faddfsub_32ns_32ns_32_8_full_dsp_1         |        0|    2|   296|   239|    0|
    |fcmp_32ns_32ns_1_2_no_dsp_1_U769                       |fcmp_32ns_32ns_1_2_no_dsp_1                |        0|    0|     0|     0|    0|
    |fcmp_32ns_32ns_1_2_no_dsp_1_U771                       |fcmp_32ns_32ns_1_2_no_dsp_1                |        0|    0|     0|     0|    0|
    |fcmp_32ns_32ns_1_2_no_dsp_1_U772                       |fcmp_32ns_32ns_1_2_no_dsp_1                |        0|    0|     0|     0|    0|
    |fdiv_32ns_32ns_32_16_no_dsp_1_U768                     |fdiv_32ns_32ns_32_16_no_dsp_1              |        0|    0|     0|     0|    0|
    |gmem_w_m_axi_U                                         |gmem_w_m_axi                               |        8|    0|   774|   843|    0|
    |gmem_ws_m_axi_U                                        |gmem_ws_m_axi                              |        2|    0|   673|   636|    0|
    |gmem_x_m_axi_U                                         |gmem_x_m_axi                               |       15|    0|  1042|  1108|    0|
    |gmem_y_m_axi_U                                         |gmem_y_m_axi                               |        2|    0|   669|   632|    0|
    |mul_31ns_32s_62_1_1_U770                               |mul_31ns_32s_62_1_1                        |        0|    4|     0|    20|    0|
    |grp_rm13_w4a8_tile_Pipeline_VITIS_LOOP_116_3_fu_4617   |rm13_w4a8_tile_Pipeline_VITIS_LOOP_116_3   |        0|    0|   143|    87|    0|
    |grp_rm13_w4a8_tile_Pipeline_VITIS_LOOP_138_6_fu_4498   |rm13_w4a8_tile_Pipeline_VITIS_LOOP_138_6   |        0|    0|  4385|   264|    0|
    |grp_rm13_w4a8_tile_Pipeline_VITIS_LOOP_146_7_fu_4538   |rm13_w4a8_tile_Pipeline_VITIS_LOOP_146_7   |        0|    0|   945|  1895|    0|
    |grp_rm13_w4a8_tile_Pipeline_VITIS_LOOP_179_9_fu_4561   |rm13_w4a8_tile_Pipeline_VITIS_LOOP_179_9   |        0|    0|   754|  1443|    0|
    |grp_rm13_w4a8_tile_Pipeline_VITIS_LOOP_229_17_fu_4634  |rm13_w4a8_tile_Pipeline_VITIS_LOOP_229_17  |        0|  128|  8366|  7846|    0|
    |grp_rm13_w4a8_tile_Pipeline_VITIS_LOOP_250_20_fu_4833  |rm13_w4a8_tile_Pipeline_VITIS_LOOP_250_20  |        0|    6|   879|  3557|    0|
    |sitofp_32ns_32_6_no_dsp_1_U774                         |sitofp_32ns_32_6_no_dsp_1                  |        0|    0|     0|     0|    0|
    +-------------------------------------------------------+-------------------------------------------+---------+-----+------+------+-----+
    |Total                                                  |                                           |       27|  140| 19388| 19378|    0|
    +-------------------------------------------------------+-------------------------------------------+---------+-----+------+------+-----+

    * DSP: 
    N/A

    * Memory: 
    +-------------------------------------+---------------------------+---------+---+----+-----+------+-----+------+-------------+
    |                Memory               |           Module          | BRAM_18K| FF| LUT| URAM| Words| Bits| Banks| W*Bits*Banks|
    +-------------------------------------+---------------------------+---------+---+----+-----+------+-----+------+-------------+
    |w_cache_U                            |w_cache_RAM_2P_URAM_1R1W   |        0|  0|   0|    2|   272|  128|     1|        34816|
    |w_cache_1_U                          |w_cache_RAM_2P_URAM_1R1W   |        0|  0|   0|    2|   272|  128|     1|        34816|
    |w_cache_2_U                          |w_cache_RAM_2P_URAM_1R1W   |        0|  0|   0|    2|   272|  128|     1|        34816|
    |w_cache_3_U                          |w_cache_RAM_2P_URAM_1R1W   |        0|  0|   0|    2|   272|  128|     1|        34816|
    |w_cache_4_U                          |w_cache_RAM_2P_URAM_1R1W   |        0|  0|   0|    2|   272|  128|     1|        34816|
    |w_cache_5_U                          |w_cache_RAM_2P_URAM_1R1W   |        0|  0|   0|    2|   272|  128|     1|        34816|
    |w_cache_6_U                          |w_cache_RAM_2P_URAM_1R1W   |        0|  0|   0|    2|   272|  128|     1|        34816|
    |w_cache_7_U                          |w_cache_RAM_2P_URAM_1R1W   |        0|  0|   0|    2|   272|  128|     1|        34816|
    |ws_cache_U                           |ws_cache_RAM_2P_BRAM_1R1W  |        1|  0|   0|    0|    68|   32|     1|         2176|
    |ws_cache_1_U                         |ws_cache_RAM_2P_BRAM_1R1W  |        1|  0|   0|    0|    68|   32|     1|         2176|
    |ws_cache_2_U                         |ws_cache_RAM_2P_BRAM_1R1W  |        1|  0|   0|    0|    68|   32|     1|         2176|
    |ws_cache_3_U                         |ws_cache_RAM_2P_BRAM_1R1W  |        1|  0|   0|    0|    68|   32|     1|         2176|
    |ws_cache_4_U                         |ws_cache_RAM_2P_BRAM_1R1W  |        1|  0|   0|    0|    68|   32|     1|         2176|
    |ws_cache_5_U                         |ws_cache_RAM_2P_BRAM_1R1W  |        1|  0|   0|    0|    68|   32|     1|         2176|
    |ws_cache_6_U                         |ws_cache_RAM_2P_BRAM_1R1W  |        1|  0|   0|    0|    68|   32|     1|         2176|
    |ws_cache_7_U                         |ws_cache_RAM_2P_BRAM_1R1W  |        1|  0|   0|    0|    68|   32|     1|         2176|
    |x_cache_U                            |x_cache_RAM_2P_URAM_1R1W   |        0|  0|   0|    2|  4304|    8|     1|        34432|
    |x_cache_1_U                          |x_cache_RAM_2P_URAM_1R1W   |        0|  0|   0|    2|  4304|    8|     1|        34432|
    |x_cache_2_U                          |x_cache_RAM_2P_URAM_1R1W   |        0|  0|   0|    2|  4304|    8|     1|        34432|
    |x_cache_3_U                          |x_cache_RAM_2P_URAM_1R1W   |        0|  0|   0|    2|  4304|    8|     1|        34432|
    |x_cache_4_U                          |x_cache_RAM_2P_URAM_1R1W   |        0|  0|   0|    2|  4304|    8|     1|        34432|
    |x_cache_5_U                          |x_cache_RAM_2P_URAM_1R1W   |        0|  0|   0|    2|  4304|    8|     1|        34432|
    |x_cache_6_U                          |x_cache_RAM_2P_URAM_1R1W   |        0|  0|   0|    2|  4304|    8|     1|        34432|
    |x_cache_7_U                          |x_cache_RAM_2P_URAM_1R1W   |        0|  0|   0|    2|  4304|    8|     1|        34432|
    |x_cache_8_U                          |x_cache_RAM_2P_URAM_1R1W   |        0|  0|   0|    2|  4304|    8|     1|        34432|
    |x_cache_9_U                          |x_cache_RAM_2P_URAM_1R1W   |        0|  0|   0|    2|  4304|    8|     1|        34432|
    |p_ZZ14rm13_w4a8_tileE7x_cache_10_U   |x_cache_RAM_2P_URAM_1R1W   |        0|  0|   0|    2|  4304|    8|     1|        34432|
    |p_ZZ14rm13_w4a8_tileE7x_cache_11_U   |x_cache_RAM_2P_URAM_1R1W   |        0|  0|   0|    2|  4304|    8|     1|        34432|
    |p_ZZ14rm13_w4a8_tileE7x_cache_12_U   |x_cache_RAM_2P_URAM_1R1W   |        0|  0|   0|    2|  4304|    8|     1|        34432|
    |p_ZZ14rm13_w4a8_tileE7x_cache_13_U   |x_cache_RAM_2P_URAM_1R1W   |        0|  0|   0|    2|  4304|    8|     1|        34432|
    |p_ZZ14rm13_w4a8_tileE7x_cache_14_U   |x_cache_RAM_2P_URAM_1R1W   |        0|  0|   0|    2|  4304|    8|     1|        34432|
    |p_ZZ14rm13_w4a8_tileE7x_cache_15_U   |x_cache_RAM_2P_URAM_1R1W   |        0|  0|   0|    2|  4304|    8|     1|        34432|
    |xs_cache_U                           |xs_cache_RAM_2P_BRAM_1R1W  |        1|  0|   0|    0|    34|   32|     1|         1088|
    |xs_cache_10_U                        |xs_cache_RAM_2P_BRAM_1R1W  |        1|  0|   0|    0|    34|   32|     1|         1088|
    |xs_cache_11_U                        |xs_cache_RAM_2P_BRAM_1R1W  |        1|  0|   0|    0|    34|   32|     1|         1088|
    |xs_cache_12_U                        |xs_cache_RAM_2P_BRAM_1R1W  |        1|  0|   0|    0|    34|   32|     1|         1088|
    |xs_cache_13_U                        |xs_cache_RAM_2P_BRAM_1R1W  |        1|  0|   0|    0|    34|   32|     1|         1088|
    |xs_cache_14_U                        |xs_cache_RAM_2P_BRAM_1R1W  |        1|  0|   0|    0|    34|   32|     1|         1088|
    |xs_cache_15_U                        |xs_cache_RAM_2P_BRAM_1R1W  |        1|  0|   0|    0|    34|   32|     1|         1088|
    |xs_cache_16_U                        |xs_cache_RAM_2P_BRAM_1R1W  |        1|  0|   0|    0|    34|   32|     1|         1088|
    |xs_cache_17_U                        |xs_cache_RAM_2P_BRAM_1R1W  |        1|  0|   0|    0|    34|   32|     1|         1088|
    |xs_cache_18_U                        |xs_cache_RAM_2P_BRAM_1R1W  |        1|  0|   0|    0|    34|   32|     1|         1088|
    |p_ZZ14rm13_w4a8_tileE8xs_cache_10_U  |xs_cache_RAM_2P_BRAM_1R1W  |        1|  0|   0|    0|    34|   32|     1|         1088|
    |p_ZZ14rm13_w4a8_tileE8xs_cache_11_U  |xs_cache_RAM_2P_BRAM_1R1W  |        1|  0|   0|    0|    34|   32|     1|         1088|
    |p_ZZ14rm13_w4a8_tileE8xs_cache_12_U  |xs_cache_RAM_2P_BRAM_1R1W  |        1|  0|   0|    0|    34|   32|     1|         1088|
    |p_ZZ14rm13_w4a8_tileE8xs_cache_13_U  |xs_cache_RAM_2P_BRAM_1R1W  |        1|  0|   0|    0|    34|   32|     1|         1088|
    |p_ZZ14rm13_w4a8_tileE8xs_cache_14_U  |xs_cache_RAM_2P_BRAM_1R1W  |        1|  0|   0|    0|    34|   32|     1|         1088|
    |p_ZZ14rm13_w4a8_tileE8xs_cache_15_U  |xs_cache_RAM_2P_BRAM_1R1W  |        1|  0|   0|    0|    34|   32|     1|         1088|
    +-------------------------------------+---------------------------+---------+---+----+-----+------+-----+------+-------------+
    |Total                                |                           |       24|  0|   0|   48| 72128| 1920|    48|       864256|
    +-------------------------------------+---------------------------+---------+---+----+-----+------+-----+------+-------------+

    * FIFO: 
    N/A

    * Expression: 
    +---------------------------+----------+----+---+-----+------------+------------+
    |       Variable Name       | Operation| DSP| FF| LUT | Bitwidth P0| Bitwidth P1|
    +---------------------------+----------+----+---+-----+------------+------------+
    |add_ln110_1_fu_5805_p2     |         +|   0|  0|   46|          39|          39|
    |add_ln110_fu_5771_p2       |         +|   0|  0|   38|          31|           1|
    |add_ln111_1_fu_5941_p2     |         +|   0|  0|   71|          64|          64|
    |add_ln111_2_fu_5893_p2     |         +|   0|  0|   13|           6|           1|
    |add_ln111_fu_5924_p2       |         +|   0|  0|   46|          39|          39|
    |add_ln112_1_fu_5963_p2     |         +|   0|  0|   71|          64|          64|
    |add_ln112_fu_5946_p2       |         +|   0|  0|   44|          37|          37|
    |add_ln118_fu_5903_p2       |         +|   0|  0|   14|           7|           7|
    |add_ln133_1_fu_5270_p2     |         +|   0|  0|   48|          41|          10|
    |add_ln133_fu_5281_p2       |         +|   0|  0|   38|          31|           1|
    |add_ln134_1_fu_5337_p2     |         +|   0|  0|   71|          64|          64|
    |add_ln134_2_fu_5302_p2     |         +|   0|  0|   13|           6|           1|
    |add_ln134_fu_5320_p2       |         +|   0|  0|   48|          41|          41|
    |add_ln205_fu_7440_p2       |         +|   0|  0|   39|          32|           5|
    |add_ln206_fu_14307_p2      |         +|   0|  0|   39|          32|           4|
    |add_ln216_fu_7456_p2       |         +|   0|  0|   13|           6|           1|
    |add_ln240_fu_7569_p2       |         +|   0|  0|   14|           7|           7|
    |add_ln276_100_fu_10525_p2  |         +|   0|  0|   69|          62|          62|
    |add_ln276_101_fu_10537_p2  |         +|   0|  0|   71|          64|          64|
    |add_ln276_102_fu_10574_p2  |         +|   0|  0|   69|          62|          62|
    |add_ln276_103_fu_10586_p2  |         +|   0|  0|   71|          64|          64|
    |add_ln276_104_fu_10623_p2  |         +|   0|  0|   69|          62|          62|
    |add_ln276_105_fu_10635_p2  |         +|   0|  0|   71|          64|          64|
    |add_ln276_106_fu_10672_p2  |         +|   0|  0|   69|          62|          62|
    |add_ln276_107_fu_10684_p2  |         +|   0|  0|   71|          64|          64|
    |add_ln276_108_fu_10721_p2  |         +|   0|  0|   69|          62|          62|
    |add_ln276_109_fu_10733_p2  |         +|   0|  0|   71|          64|          64|
    |add_ln276_10_fu_6130_p2    |         +|   0|  0|   69|          62|          62|
    |add_ln276_110_fu_10770_p2  |         +|   0|  0|   69|          62|          62|
    |add_ln276_111_fu_10782_p2  |         +|   0|  0|   71|          64|          64|
    |add_ln276_112_fu_10815_p2  |         +|   0|  0|   69|          62|          62|
    |add_ln276_113_fu_10827_p2  |         +|   0|  0|   71|          64|          64|
    |add_ln276_114_fu_10864_p2  |         +|   0|  0|   69|          62|          62|
    |add_ln276_115_fu_10876_p2  |         +|   0|  0|   71|          64|          64|
    |add_ln276_116_fu_10913_p2  |         +|   0|  0|   69|          62|          62|
    |add_ln276_117_fu_10925_p2  |         +|   0|  0|   71|          64|          64|
    |add_ln276_118_fu_10962_p2  |         +|   0|  0|   69|          62|          62|
    |add_ln276_119_fu_10974_p2  |         +|   0|  0|   71|          64|          64|
    |add_ln276_11_fu_8344_p2    |         +|   0|  0|   71|          64|          64|
    |add_ln276_120_fu_11011_p2  |         +|   0|  0|   69|          62|          62|
    |add_ln276_121_fu_11023_p2  |         +|   0|  0|   71|          64|          64|
    |add_ln276_122_fu_11060_p2  |         +|   0|  0|   69|          62|          62|
    |add_ln276_123_fu_11072_p2  |         +|   0|  0|   71|          64|          64|
    |add_ln276_124_fu_11109_p2  |         +|   0|  0|   69|          62|          62|
    |add_ln276_125_fu_11121_p2  |         +|   0|  0|   71|          64|          64|
    |add_ln276_126_fu_11158_p2  |         +|   0|  0|   69|          62|          62|
    |add_ln276_127_fu_11170_p2  |         +|   0|  0|   71|          64|          64|
    |add_ln276_128_fu_11203_p2  |         +|   0|  0|   69|          62|          62|
    |add_ln276_129_fu_11215_p2  |         +|   0|  0|   71|          64|          64|
    |add_ln276_12_fu_6135_p2    |         +|   0|  0|   69|          62|          62|
    |add_ln276_130_fu_11252_p2  |         +|   0|  0|   69|          62|          62|
    |add_ln276_131_fu_11264_p2  |         +|   0|  0|   71|          64|          64|
    |add_ln276_132_fu_11301_p2  |         +|   0|  0|   69|          62|          62|
    |add_ln276_133_fu_11313_p2  |         +|   0|  0|   71|          64|          64|
    |add_ln276_134_fu_11350_p2  |         +|   0|  0|   69|          62|          62|
    |add_ln276_135_fu_11362_p2  |         +|   0|  0|   71|          64|          64|
    |add_ln276_136_fu_11399_p2  |         +|   0|  0|   69|          62|          62|
    |add_ln276_137_fu_11411_p2  |         +|   0|  0|   71|          64|          64|
    |add_ln276_138_fu_11448_p2  |         +|   0|  0|   69|          62|          62|
    |add_ln276_139_fu_11460_p2  |         +|   0|  0|   71|          64|          64|
    |add_ln276_13_fu_8399_p2    |         +|   0|  0|   71|          64|          64|
    |add_ln276_140_fu_11497_p2  |         +|   0|  0|   69|          62|          62|
    |add_ln276_141_fu_11509_p2  |         +|   0|  0|   71|          64|          64|
    |add_ln276_142_fu_11546_p2  |         +|   0|  0|   69|          62|          62|
    |add_ln276_143_fu_11558_p2  |         +|   0|  0|   71|          64|          64|
    |add_ln276_144_fu_11591_p2  |         +|   0|  0|   69|          62|          62|
    |add_ln276_145_fu_11603_p2  |         +|   0|  0|   71|          64|          64|
    |add_ln276_146_fu_11640_p2  |         +|   0|  0|   69|          62|          62|
    |add_ln276_147_fu_11652_p2  |         +|   0|  0|   71|          64|          64|
    |add_ln276_148_fu_11689_p2  |         +|   0|  0|   69|          62|          62|
    |add_ln276_149_fu_11701_p2  |         +|   0|  0|   71|          64|          64|
    |add_ln276_14_fu_6139_p2    |         +|   0|  0|   69|          62|          62|
    |add_ln276_150_fu_11738_p2  |         +|   0|  0|   69|          62|          62|
    |add_ln276_151_fu_11750_p2  |         +|   0|  0|   71|          64|          64|
    |add_ln276_152_fu_11787_p2  |         +|   0|  0|   69|          62|          62|
    |add_ln276_153_fu_11799_p2  |         +|   0|  0|   71|          64|          64|
    |add_ln276_154_fu_11836_p2  |         +|   0|  0|   69|          62|          62|
    |add_ln276_155_fu_11848_p2  |         +|   0|  0|   71|          64|          64|
    |add_ln276_156_fu_11885_p2  |         +|   0|  0|   69|          62|          62|
    |add_ln276_157_fu_11897_p2  |         +|   0|  0|   71|          64|          64|
    |add_ln276_158_fu_11934_p2  |         +|   0|  0|   69|          62|          62|
    |add_ln276_159_fu_11946_p2  |         +|   0|  0|   71|          64|          64|
    |add_ln276_15_fu_8454_p2    |         +|   0|  0|   71|          64|          64|
    |add_ln276_160_fu_11979_p2  |         +|   0|  0|   69|          62|          62|
    |add_ln276_161_fu_11991_p2  |         +|   0|  0|   71|          64|          64|
    |add_ln276_162_fu_12028_p2  |         +|   0|  0|   69|          62|          62|
    |add_ln276_163_fu_12040_p2  |         +|   0|  0|   71|          64|          64|
    |add_ln276_164_fu_12077_p2  |         +|   0|  0|   69|          62|          62|
    |add_ln276_165_fu_12089_p2  |         +|   0|  0|   71|          64|          64|
    |add_ln276_166_fu_12126_p2  |         +|   0|  0|   69|          62|          62|
    |add_ln276_167_fu_12138_p2  |         +|   0|  0|   71|          64|          64|
    |add_ln276_168_fu_12175_p2  |         +|   0|  0|   69|          62|          62|
    |add_ln276_169_fu_12187_p2  |         +|   0|  0|   71|          64|          64|
    |add_ln276_16_fu_8487_p2    |         +|   0|  0|   69|          62|          62|
    |add_ln276_170_fu_12224_p2  |         +|   0|  0|   69|          62|          62|
    |add_ln276_171_fu_12236_p2  |         +|   0|  0|   71|          64|          64|
    |add_ln276_172_fu_12273_p2  |         +|   0|  0|   69|          62|          62|
    |add_ln276_173_fu_12285_p2  |         +|   0|  0|   71|          64|          64|
    |add_ln276_174_fu_12322_p2  |         +|   0|  0|   69|          62|          62|
    |add_ln276_175_fu_12334_p2  |         +|   0|  0|   71|          64|          64|
    |add_ln276_176_fu_12367_p2  |         +|   0|  0|   69|          62|          62|
    |add_ln276_177_fu_12379_p2  |         +|   0|  0|   71|          64|          64|
    |add_ln276_178_fu_12416_p2  |         +|   0|  0|   69|          62|          62|
    |add_ln276_179_fu_12428_p2  |         +|   0|  0|   71|          64|          64|
    |add_ln276_17_fu_8499_p2    |         +|   0|  0|   71|          64|          64|
    |add_ln276_180_fu_12465_p2  |         +|   0|  0|   69|          62|          62|
    |add_ln276_181_fu_12477_p2  |         +|   0|  0|   71|          64|          64|
    |add_ln276_182_fu_12514_p2  |         +|   0|  0|   69|          62|          62|
    |add_ln276_183_fu_12526_p2  |         +|   0|  0|   71|          64|          64|
    |add_ln276_184_fu_12563_p2  |         +|   0|  0|   69|          62|          62|
    |add_ln276_185_fu_12575_p2  |         +|   0|  0|   71|          64|          64|
    |add_ln276_186_fu_12612_p2  |         +|   0|  0|   69|          62|          62|
    |add_ln276_187_fu_12624_p2  |         +|   0|  0|   71|          64|          64|
    |add_ln276_188_fu_12661_p2  |         +|   0|  0|   69|          62|          62|
    |add_ln276_189_fu_12673_p2  |         +|   0|  0|   71|          64|          64|
    |add_ln276_18_fu_8536_p2    |         +|   0|  0|   69|          62|          62|
    |add_ln276_190_fu_12710_p2  |         +|   0|  0|   69|          62|          62|
    |add_ln276_191_fu_12722_p2  |         +|   0|  0|   71|          64|          64|
    |add_ln276_192_fu_12755_p2  |         +|   0|  0|   69|          62|          62|
    |add_ln276_193_fu_12767_p2  |         +|   0|  0|   71|          64|          64|
    |add_ln276_194_fu_12804_p2  |         +|   0|  0|   69|          62|          62|
    |add_ln276_195_fu_12816_p2  |         +|   0|  0|   71|          64|          64|
    |add_ln276_196_fu_12853_p2  |         +|   0|  0|   69|          62|          62|
    |add_ln276_197_fu_12865_p2  |         +|   0|  0|   71|          64|          64|
    |add_ln276_198_fu_12902_p2  |         +|   0|  0|   69|          62|          62|
    |add_ln276_199_fu_12914_p2  |         +|   0|  0|   71|          64|          64|
    |add_ln276_19_fu_8548_p2    |         +|   0|  0|   71|          64|          64|
    |add_ln276_1_fu_7516_p2     |         +|   0|  0|   71|          64|          64|
    |add_ln276_200_fu_12951_p2  |         +|   0|  0|   69|          62|          62|
    |add_ln276_201_fu_12963_p2  |         +|   0|  0|   71|          64|          64|
    |add_ln276_202_fu_13000_p2  |         +|   0|  0|   69|          62|          62|
    |add_ln276_203_fu_13012_p2  |         +|   0|  0|   71|          64|          64|
    |add_ln276_204_fu_13049_p2  |         +|   0|  0|   69|          62|          62|
    |add_ln276_205_fu_13061_p2  |         +|   0|  0|   71|          64|          64|
    |add_ln276_206_fu_13098_p2  |         +|   0|  0|   69|          62|          62|
    |add_ln276_207_fu_13110_p2  |         +|   0|  0|   71|          64|          64|
    |add_ln276_208_fu_13143_p2  |         +|   0|  0|   69|          62|          62|
    |add_ln276_209_fu_13155_p2  |         +|   0|  0|   71|          64|          64|
    |add_ln276_20_fu_8585_p2    |         +|   0|  0|   69|          62|          62|
    |add_ln276_210_fu_13192_p2  |         +|   0|  0|   69|          62|          62|
    |add_ln276_211_fu_13204_p2  |         +|   0|  0|   71|          64|          64|
    |add_ln276_212_fu_13241_p2  |         +|   0|  0|   69|          62|          62|
    |add_ln276_213_fu_13253_p2  |         +|   0|  0|   71|          64|          64|
    |add_ln276_214_fu_13290_p2  |         +|   0|  0|   69|          62|          62|
    |add_ln276_215_fu_13302_p2  |         +|   0|  0|   71|          64|          64|
    |add_ln276_216_fu_13339_p2  |         +|   0|  0|   69|          62|          62|
    |add_ln276_217_fu_13351_p2  |         +|   0|  0|   71|          64|          64|
    |add_ln276_218_fu_13388_p2  |         +|   0|  0|   69|          62|          62|
    |add_ln276_219_fu_13400_p2  |         +|   0|  0|   71|          64|          64|
    |add_ln276_21_fu_8597_p2    |         +|   0|  0|   71|          64|          64|
    |add_ln276_220_fu_13437_p2  |         +|   0|  0|   69|          62|          62|
    |add_ln276_221_fu_13449_p2  |         +|   0|  0|   71|          64|          64|
    |add_ln276_222_fu_13486_p2  |         +|   0|  0|   69|          62|          62|
    |add_ln276_223_fu_13498_p2  |         +|   0|  0|   71|          64|          64|
    |add_ln276_224_fu_13531_p2  |         +|   0|  0|   69|          62|          62|
    |add_ln276_225_fu_13543_p2  |         +|   0|  0|   71|          64|          64|
    |add_ln276_226_fu_13580_p2  |         +|   0|  0|   69|          62|          62|
    |add_ln276_227_fu_13592_p2  |         +|   0|  0|   71|          64|          64|
    |add_ln276_228_fu_13629_p2  |         +|   0|  0|   69|          62|          62|
    |add_ln276_229_fu_13641_p2  |         +|   0|  0|   71|          64|          64|
    |add_ln276_22_fu_8634_p2    |         +|   0|  0|   69|          62|          62|
    |add_ln276_230_fu_13678_p2  |         +|   0|  0|   69|          62|          62|
    |add_ln276_231_fu_13690_p2  |         +|   0|  0|   71|          64|          64|
    |add_ln276_232_fu_13727_p2  |         +|   0|  0|   69|          62|          62|
    |add_ln276_233_fu_13739_p2  |         +|   0|  0|   71|          64|          64|
    |add_ln276_234_fu_13776_p2  |         +|   0|  0|   69|          62|          62|
    |add_ln276_235_fu_13788_p2  |         +|   0|  0|   71|          64|          64|
    |add_ln276_236_fu_13825_p2  |         +|   0|  0|   69|          62|          62|
    |add_ln276_237_fu_13837_p2  |         +|   0|  0|   71|          64|          64|
    |add_ln276_238_fu_13874_p2  |         +|   0|  0|   69|          62|          62|
    |add_ln276_239_fu_13886_p2  |         +|   0|  0|   71|          64|          64|
    |add_ln276_23_fu_8646_p2    |         +|   0|  0|   71|          64|          64|
    |add_ln276_240_fu_13919_p2  |         +|   0|  0|   69|          62|          62|
    |add_ln276_241_fu_13931_p2  |         +|   0|  0|   71|          64|          64|
    |add_ln276_242_fu_13968_p2  |         +|   0|  0|   69|          62|          62|
    |add_ln276_243_fu_13980_p2  |         +|   0|  0|   71|          64|          64|
    |add_ln276_244_fu_14017_p2  |         +|   0|  0|   69|          62|          62|
    |add_ln276_245_fu_14029_p2  |         +|   0|  0|   71|          64|          64|
    |add_ln276_246_fu_14066_p2  |         +|   0|  0|   69|          62|          62|
    |add_ln276_247_fu_14078_p2  |         +|   0|  0|   71|          64|          64|
    |add_ln276_248_fu_14115_p2  |         +|   0|  0|   69|          62|          62|
    |add_ln276_249_fu_14127_p2  |         +|   0|  0|   71|          64|          64|
    |add_ln276_24_fu_8683_p2    |         +|   0|  0|   69|          62|          62|
    |add_ln276_250_fu_14164_p2  |         +|   0|  0|   69|          62|          62|
    |add_ln276_251_fu_14176_p2  |         +|   0|  0|   71|          64|          64|
    |add_ln276_252_fu_14213_p2  |         +|   0|  0|   69|          62|          62|
    |add_ln276_253_fu_14225_p2  |         +|   0|  0|   71|          64|          64|
    |add_ln276_254_fu_14262_p2  |         +|   0|  0|   69|          62|          62|
    |add_ln276_255_fu_14274_p2  |         +|   0|  0|   71|          64|          64|
    |add_ln276_256_fu_6144_p2   |         +|   0|  0|   69|          62|          62|
    |add_ln276_257_fu_6149_p2   |         +|   0|  0|   69|          62|          62|
    |add_ln276_258_fu_6153_p2   |         +|   0|  0|   69|          62|          62|
    |add_ln276_259_fu_6158_p2   |         +|   0|  0|   69|          62|          62|
    |add_ln276_25_fu_8695_p2    |         +|   0|  0|   71|          64|          64|
    |add_ln276_260_fu_6565_p2   |         +|   0|  0|   69|          62|          62|
    |add_ln276_261_fu_6580_p2   |         +|   0|  0|   69|          62|          62|
    |add_ln276_262_fu_6596_p2   |         +|   0|  0|   69|          62|          62|
    |add_ln276_263_fu_7504_p2   |         +|   0|  0|   69|          62|          62|
    |add_ln276_264_fu_8112_p2   |         +|   0|  0|   69|          62|          62|
    |add_ln276_265_fu_8167_p2   |         +|   0|  0|   69|          62|          62|
    |add_ln276_266_fu_8222_p2   |         +|   0|  0|   69|          62|          62|
    |add_ln276_267_fu_8277_p2   |         +|   0|  0|   69|          62|          62|
    |add_ln276_268_fu_8332_p2   |         +|   0|  0|   69|          62|          62|
    |add_ln276_269_fu_8387_p2   |         +|   0|  0|   69|          62|          62|
    |add_ln276_26_fu_8732_p2    |         +|   0|  0|   69|          62|          62|
    |add_ln276_270_fu_8442_p2   |         +|   0|  0|   69|          62|          62|
    |add_ln276_27_fu_8744_p2    |         +|   0|  0|   71|          64|          64|
    |add_ln276_28_fu_8781_p2    |         +|   0|  0|   69|          62|          62|
    |add_ln276_29_fu_8793_p2    |         +|   0|  0|   71|          64|          64|
    |add_ln276_2_fu_6111_p2     |         +|   0|  0|   69|          62|          62|
    |add_ln276_30_fu_8830_p2    |         +|   0|  0|   69|          62|          62|
    |add_ln276_31_fu_8842_p2    |         +|   0|  0|   71|          64|          64|
    |add_ln276_32_fu_8875_p2    |         +|   0|  0|   69|          62|          62|
    |add_ln276_33_fu_8887_p2    |         +|   0|  0|   71|          64|          64|
    |add_ln276_34_fu_8924_p2    |         +|   0|  0|   69|          62|          62|
    |add_ln276_35_fu_8936_p2    |         +|   0|  0|   71|          64|          64|
    |add_ln276_36_fu_8973_p2    |         +|   0|  0|   69|          62|          62|
    |add_ln276_37_fu_8985_p2    |         +|   0|  0|   71|          64|          64|
    |add_ln276_38_fu_9022_p2    |         +|   0|  0|   69|          62|          62|
    |add_ln276_39_fu_9034_p2    |         +|   0|  0|   71|          64|          64|
    |add_ln276_3_fu_8124_p2     |         +|   0|  0|   71|          64|          64|
    |add_ln276_40_fu_9071_p2    |         +|   0|  0|   69|          62|          62|
    |add_ln276_41_fu_9083_p2    |         +|   0|  0|   71|          64|          64|
    |add_ln276_42_fu_9120_p2    |         +|   0|  0|   69|          62|          62|
    |add_ln276_43_fu_9132_p2    |         +|   0|  0|   71|          64|          64|
    |add_ln276_44_fu_9169_p2    |         +|   0|  0|   69|          62|          62|
    |add_ln276_45_fu_9181_p2    |         +|   0|  0|   71|          64|          64|
    |add_ln276_46_fu_9218_p2    |         +|   0|  0|   69|          62|          62|
    |add_ln276_47_fu_9230_p2    |         +|   0|  0|   71|          64|          64|
    |add_ln276_48_fu_9263_p2    |         +|   0|  0|   69|          62|          62|
    |add_ln276_49_fu_9275_p2    |         +|   0|  0|   71|          64|          64|
    |add_ln276_4_fu_6116_p2     |         +|   0|  0|   69|          62|          62|
    |add_ln276_50_fu_9312_p2    |         +|   0|  0|   69|          62|          62|
    |add_ln276_51_fu_9324_p2    |         +|   0|  0|   71|          64|          64|
    |add_ln276_52_fu_9361_p2    |         +|   0|  0|   69|          62|          62|
    |add_ln276_53_fu_9373_p2    |         +|   0|  0|   71|          64|          64|
    |add_ln276_54_fu_9410_p2    |         +|   0|  0|   69|          62|          62|
    |add_ln276_55_fu_9422_p2    |         +|   0|  0|   71|          64|          64|
    |add_ln276_56_fu_9459_p2    |         +|   0|  0|   69|          62|          62|
    |add_ln276_57_fu_9471_p2    |         +|   0|  0|   71|          64|          64|
    |add_ln276_58_fu_9508_p2    |         +|   0|  0|   69|          62|          62|
    |add_ln276_59_fu_9520_p2    |         +|   0|  0|   71|          64|          64|
    |add_ln276_5_fu_8179_p2     |         +|   0|  0|   71|          64|          64|
    |add_ln276_60_fu_9557_p2    |         +|   0|  0|   69|          62|          62|
    |add_ln276_61_fu_9569_p2    |         +|   0|  0|   71|          64|          64|
    |add_ln276_62_fu_9606_p2    |         +|   0|  0|   69|          62|          62|
    |add_ln276_63_fu_9618_p2    |         +|   0|  0|   71|          64|          64|
    |add_ln276_64_fu_9651_p2    |         +|   0|  0|   69|          62|          62|
    |add_ln276_65_fu_9663_p2    |         +|   0|  0|   71|          64|          64|
    |add_ln276_66_fu_9700_p2    |         +|   0|  0|   69|          62|          62|
    |add_ln276_67_fu_9712_p2    |         +|   0|  0|   71|          64|          64|
    |add_ln276_68_fu_9749_p2    |         +|   0|  0|   69|          62|          62|
    |add_ln276_69_fu_9761_p2    |         +|   0|  0|   71|          64|          64|
    |add_ln276_6_fu_6121_p2     |         +|   0|  0|   69|          62|          62|
    |add_ln276_70_fu_9798_p2    |         +|   0|  0|   69|          62|          62|
    |add_ln276_71_fu_9810_p2    |         +|   0|  0|   71|          64|          64|
    |add_ln276_72_fu_9847_p2    |         +|   0|  0|   69|          62|          62|
    |add_ln276_73_fu_9859_p2    |         +|   0|  0|   71|          64|          64|
    |add_ln276_74_fu_9896_p2    |         +|   0|  0|   69|          62|          62|
    |add_ln276_75_fu_9908_p2    |         +|   0|  0|   71|          64|          64|
    |add_ln276_76_fu_9945_p2    |         +|   0|  0|   69|          62|          62|
    |add_ln276_77_fu_9957_p2    |         +|   0|  0|   71|          64|          64|
    |add_ln276_78_fu_9994_p2    |         +|   0|  0|   69|          62|          62|
    |add_ln276_79_fu_10006_p2   |         +|   0|  0|   71|          64|          64|
    |add_ln276_7_fu_8234_p2     |         +|   0|  0|   71|          64|          64|
    |add_ln276_80_fu_10039_p2   |         +|   0|  0|   69|          62|          62|
    |add_ln276_81_fu_10051_p2   |         +|   0|  0|   71|          64|          64|
    |add_ln276_82_fu_10088_p2   |         +|   0|  0|   69|          62|          62|
    |add_ln276_83_fu_10100_p2   |         +|   0|  0|   71|          64|          64|
    |add_ln276_84_fu_10137_p2   |         +|   0|  0|   69|          62|          62|
    |add_ln276_85_fu_10149_p2   |         +|   0|  0|   71|          64|          64|
    |add_ln276_86_fu_10186_p2   |         +|   0|  0|   69|          62|          62|
    |add_ln276_87_fu_10198_p2   |         +|   0|  0|   71|          64|          64|
    |add_ln276_88_fu_10235_p2   |         +|   0|  0|   69|          62|          62|
    |add_ln276_89_fu_10247_p2   |         +|   0|  0|   71|          64|          64|
    |add_ln276_8_fu_6125_p2     |         +|   0|  0|   69|          62|          62|
    |add_ln276_90_fu_10284_p2   |         +|   0|  0|   69|          62|          62|
    |add_ln276_91_fu_10296_p2   |         +|   0|  0|   71|          64|          64|
    |add_ln276_92_fu_10333_p2   |         +|   0|  0|   69|          62|          62|
    |add_ln276_93_fu_10345_p2   |         +|   0|  0|   71|          64|          64|
    |add_ln276_94_fu_10382_p2   |         +|   0|  0|   69|          62|          62|
    |add_ln276_95_fu_10394_p2   |         +|   0|  0|   71|          64|          64|
    |add_ln276_96_fu_10427_p2   |         +|   0|  0|   69|          62|          62|
    |add_ln276_97_fu_10439_p2   |         +|   0|  0|   71|          64|          64|
    |add_ln276_98_fu_10476_p2   |         +|   0|  0|   69|          62|          62|
    |add_ln276_99_fu_10488_p2   |         +|   0|  0|   71|          64|          64|
    |add_ln276_9_fu_8289_p2     |         +|   0|  0|   71|          64|          64|
    |add_ln276_fu_6107_p2       |         +|   0|  0|   69|          62|          62|
    |add_ln86_1_fu_5167_p2      |         +|   0|  0|   39|          32|           2|
    |add_ln86_fu_5151_p2        |         +|   0|  0|   39|          32|           2|
    |empty_fu_5859_p2           |         +|   0|  0|   44|          37|          37|
    |sub_ln136_fu_5350_p2       |         -|   0|  0|   20|          13|          13|
    |sub_ln218_fu_7470_p2       |         -|   0|  0|   20|          13|          13|
    |and_ln113_fu_6037_p2       |       and|   0|  0|    2|           1|           1|
    |and_ln173_fu_5686_p2       |       and|   0|  0|    2|           1|           1|
    |and_ln200_fu_5874_p2       |       and|   0|  0|    2|           1|           1|
    |ap_block_state105          |       and|   0|  0|    2|           1|           1|
    |ap_block_state112          |       and|   0|  0|    2|           1|           1|
    |ap_block_state119          |       and|   0|  0|    2|           1|           1|
    |ap_block_state126          |       and|   0|  0|    2|           1|           1|
    |ap_block_state133          |       and|   0|  0|    2|           1|           1|
    |ap_block_state140          |       and|   0|  0|    2|           1|           1|
    |ap_block_state147          |       and|   0|  0|    2|           1|           1|
    |ap_block_state154          |       and|   0|  0|    2|           1|           1|
    |ap_block_state161          |       and|   0|  0|    2|           1|           1|
    |ap_block_state168          |       and|   0|  0|    2|           1|           1|
    |ap_block_state175          |       and|   0|  0|    2|           1|           1|
    |ap_block_state182          |       and|   0|  0|    2|           1|           1|
    |ap_block_state189          |       and|   0|  0|    2|           1|           1|
    |ap_block_state196          |       and|   0|  0|    2|           1|           1|
    |ap_block_state203          |       and|   0|  0|    2|           1|           1|
    |ap_block_state210          |       and|   0|  0|    2|           1|           1|
    |ap_block_state217          |       and|   0|  0|    2|           1|           1|
    |ap_block_state224          |       and|   0|  0|    2|           1|           1|
    |ap_block_state231          |       and|   0|  0|    2|           1|           1|
    |ap_block_state238          |       and|   0|  0|    2|           1|           1|
    |ap_block_state245          |       and|   0|  0|    2|           1|           1|
    |ap_block_state252          |       and|   0|  0|    2|           1|           1|
    |ap_block_state259          |       and|   0|  0|    2|           1|           1|
    |ap_block_state266          |       and|   0|  0|    2|           1|           1|
    |ap_block_state273          |       and|   0|  0|    2|           1|           1|
    |ap_block_state280          |       and|   0|  0|    2|           1|           1|
    |ap_block_state287          |       and|   0|  0|    2|           1|           1|
    |ap_block_state294          |       and|   0|  0|    2|           1|           1|
    |ap_block_state301          |       and|   0|  0|    2|           1|           1|
    |ap_block_state308          |       and|   0|  0|    2|           1|           1|
    |ap_block_state315          |       and|   0|  0|    2|           1|           1|
    |ap_block_state322          |       and|   0|  0|    2|           1|           1|
    |ap_block_state329          |       and|   0|  0|    2|           1|           1|
    |ap_block_state336          |       and|   0|  0|    2|           1|           1|
    |ap_block_state343          |       and|   0|  0|    2|           1|           1|
    |ap_block_state350          |       and|   0|  0|    2|           1|           1|
    |ap_block_state357          |       and|   0|  0|    2|           1|           1|
    |ap_block_state364          |       and|   0|  0|    2|           1|           1|
    |ap_block_state371          |       and|   0|  0|    2|           1|           1|
    |ap_block_state378          |       and|   0|  0|    2|           1|           1|
    |ap_block_state385          |       and|   0|  0|    2|           1|           1|
    |ap_block_state392          |       and|   0|  0|    2|           1|           1|
    |ap_block_state399          |       and|   0|  0|    2|           1|           1|
    |ap_block_state406          |       and|   0|  0|    2|           1|           1|
    |ap_block_state413          |       and|   0|  0|    2|           1|           1|
    |ap_block_state420          |       and|   0|  0|    2|           1|           1|
    |ap_block_state427          |       and|   0|  0|    2|           1|           1|
    |ap_block_state434          |       and|   0|  0|    2|           1|           1|
    |ap_block_state441          |       and|   0|  0|    2|           1|           1|
    |ap_block_state448          |       and|   0|  0|    2|           1|           1|
    |ap_block_state455          |       and|   0|  0|    2|           1|           1|
    |ap_block_state462          |       and|   0|  0|    2|           1|           1|
    |ap_block_state469          |       and|   0|  0|    2|           1|           1|
    |ap_block_state476          |       and|   0|  0|    2|           1|           1|
    |ap_block_state483          |       and|   0|  0|    2|           1|           1|
    |ap_block_state490          |       and|   0|  0|    2|           1|           1|
    |ap_block_state497          |       and|   0|  0|    2|           1|           1|
    |ap_block_state504          |       and|   0|  0|    2|           1|           1|
    |ap_block_state511          |       and|   0|  0|    2|           1|           1|
    |ap_block_state518          |       and|   0|  0|    2|           1|           1|
    |ap_block_state525          |       and|   0|  0|    2|           1|           1|
    |ap_block_state532          |       and|   0|  0|    2|           1|           1|
    |ap_block_state539          |       and|   0|  0|    2|           1|           1|
    |ap_block_state546          |       and|   0|  0|    2|           1|           1|
    |ap_block_state553          |       and|   0|  0|    2|           1|           1|
    |ap_block_state560          |       and|   0|  0|    2|           1|           1|
    |ap_block_state567          |       and|   0|  0|    2|           1|           1|
    |ap_block_state574          |       and|   0|  0|    2|           1|           1|
    |ap_block_state581          |       and|   0|  0|    2|           1|           1|
    |ap_block_state588          |       and|   0|  0|    2|           1|           1|
    |ap_block_state595          |       and|   0|  0|    2|           1|           1|
    |ap_block_state602          |       and|   0|  0|    2|           1|           1|
    |ap_block_state609          |       and|   0|  0|    2|           1|           1|
    |ap_block_state616          |       and|   0|  0|    2|           1|           1|
    |ap_block_state623          |       and|   0|  0|    2|           1|           1|
    |ap_block_state630          |       and|   0|  0|    2|           1|           1|
    |ap_block_state637          |       and|   0|  0|    2|           1|           1|
    |ap_block_state644          |       and|   0|  0|    2|           1|           1|
    |ap_block_state651          |       and|   0|  0|    2|           1|           1|
    |ap_block_state658          |       and|   0|  0|    2|           1|           1|
    |ap_block_state665          |       and|   0|  0|    2|           1|           1|
    |ap_block_state672          |       and|   0|  0|    2|           1|           1|
    |ap_block_state679          |       and|   0|  0|    2|           1|           1|
    |ap_block_state686          |       and|   0|  0|    2|           1|           1|
    |ap_block_state693          |       and|   0|  0|    2|           1|           1|
    |ap_block_state700          |       and|   0|  0|    2|           1|           1|
    |ap_block_state707          |       and|   0|  0|    2|           1|           1|
    |ap_block_state714          |       and|   0|  0|    2|           1|           1|
    |ap_block_state721          |       and|   0|  0|    2|           1|           1|
    |ap_block_state728          |       and|   0|  0|    2|           1|           1|
    |ap_block_state735          |       and|   0|  0|    2|           1|           1|
    |ap_block_state742          |       and|   0|  0|    2|           1|           1|
    |ap_block_state749          |       and|   0|  0|    2|           1|           1|
    |ap_block_state756          |       and|   0|  0|    2|           1|           1|
    |ap_block_state763          |       and|   0|  0|    2|           1|           1|
    |ap_block_state770          |       and|   0|  0|    2|           1|           1|
    |ap_block_state777          |       and|   0|  0|    2|           1|           1|
    |ap_block_state784          |       and|   0|  0|    2|           1|           1|
    |ap_block_state791          |       and|   0|  0|    2|           1|           1|
    |ap_block_state798          |       and|   0|  0|    2|           1|           1|
    |ap_block_state805          |       and|   0|  0|    2|           1|           1|
    |ap_block_state812          |       and|   0|  0|    2|           1|           1|
    |ap_block_state819          |       and|   0|  0|    2|           1|           1|
    |ap_block_state826          |       and|   0|  0|    2|           1|           1|
    |ap_block_state833          |       and|   0|  0|    2|           1|           1|
    |ap_block_state84           |       and|   0|  0|    2|           1|           1|
    |ap_block_state840          |       and|   0|  0|    2|           1|           1|
    |ap_block_state847          |       and|   0|  0|    2|           1|           1|
    |ap_block_state854          |       and|   0|  0|    2|           1|           1|
    |ap_block_state861          |       and|   0|  0|    2|           1|           1|
    |ap_block_state868          |       and|   0|  0|    2|           1|           1|
    |ap_block_state875          |       and|   0|  0|    2|           1|           1|
    |ap_block_state882          |       and|   0|  0|    2|           1|           1|
    |ap_block_state889          |       and|   0|  0|    2|           1|           1|
    |ap_block_state896          |       and|   0|  0|    2|           1|           1|
    |ap_block_state903          |       and|   0|  0|    2|           1|           1|
    |ap_block_state91           |       and|   0|  0|    2|           1|           1|
    |ap_block_state910          |       and|   0|  0|    2|           1|           1|
    |ap_block_state917          |       and|   0|  0|    2|           1|           1|
    |ap_block_state924          |       and|   0|  0|    2|           1|           1|
    |ap_block_state931          |       and|   0|  0|    2|           1|           1|
    |ap_block_state938          |       and|   0|  0|    2|           1|           1|
    |ap_block_state945          |       and|   0|  0|    2|           1|           1|
    |ap_block_state952          |       and|   0|  0|    2|           1|           1|
    |ap_block_state959          |       and|   0|  0|    2|           1|           1|
    |ap_block_state966          |       and|   0|  0|    2|           1|           1|
    |ap_block_state98           |       and|   0|  0|    2|           1|           1|
    |icmp_ln105_fu_5195_p2      |      icmp|   0|  0|   39|          32|           1|
    |icmp_ln110_1_fu_5766_p2    |      icmp|   0|  0|   38|          31|          31|
    |icmp_ln110_fu_5245_p2      |      icmp|   0|  0|   39|          32|           1|
    |icmp_ln111_fu_5887_p2      |      icmp|   0|  0|   13|           6|           6|
    |icmp_ln113_1_fu_6028_p2    |      icmp|   0|  0|   30|          23|           1|
    |icmp_ln113_fu_6023_p2      |      icmp|   0|  0|   15|           8|           2|
    |icmp_ln133_1_fu_5276_p2    |      icmp|   0|  0|   38|          31|          31|
    |icmp_ln133_fu_5209_p2      |      icmp|   0|  0|   39|          32|           1|
    |icmp_ln134_fu_5296_p2      |      icmp|   0|  0|   13|           6|           6|
    |icmp_ln136_fu_5366_p2      |      icmp|   0|  0|   13|           6|           1|
    |icmp_ln171_fu_5646_p2      |      icmp|   0|  0|   39|          32|           1|
    |icmp_ln173_1_fu_5676_p2    |      icmp|   0|  0|   30|          23|           1|
    |icmp_ln173_fu_5670_p2      |      icmp|   0|  0|   15|           8|           2|
    |icmp_ln200_fu_5869_p2      |      icmp|   0|  0|   39|          32|          32|
    |icmp_ln205_fu_6093_p2      |      icmp|   0|  0|   40|          33|          33|
    |icmp_ln206_fu_6605_p2      |      icmp|   0|  0|   40|          33|          33|
    |icmp_ln216_fu_7450_p2      |      icmp|   0|  0|   13|           6|           6|
    |icmp_ln218_fu_7486_p2      |      icmp|   0|  0|   13|           6|           1|
    |icmp_ln275_1_fu_8157_p2    |      icmp|   0|  0|   39|          32|          32|
    |icmp_ln275_2_fu_8212_p2    |      icmp|   0|  0|   39|          32|          32|
    |icmp_ln275_3_fu_8267_p2    |      icmp|   0|  0|   39|          32|          32|
    |icmp_ln275_4_fu_8322_p2    |      icmp|   0|  0|   39|          32|          32|
    |icmp_ln275_5_fu_8377_p2    |      icmp|   0|  0|   39|          32|          32|
    |icmp_ln275_6_fu_8432_p2    |      icmp|   0|  0|   39|          32|          32|
    |icmp_ln275_fu_7541_p2      |      icmp|   0|  0|   39|          32|          32|
    |icmp_ln30_fu_6017_p2       |      icmp|   0|  0|   38|          31|          25|
    |icmp_ln84_fu_5145_p2       |      icmp|   0|  0|   38|          31|           1|
    |icmp_ln86_fu_5189_p2       |      icmp|   0|  0|   35|          28|           1|
    |slt8291_fu_6433_p2         |      icmp|   0|  0|   39|          32|          32|
    |slt8293_fu_6444_p2         |      icmp|   0|  0|   39|          32|          32|
    |slt8295_fu_6455_p2         |      icmp|   0|  0|   39|          32|          32|
    |slt8297_fu_6466_p2         |      icmp|   0|  0|   39|          32|          32|
    |slt8299_fu_6477_p2         |      icmp|   0|  0|   39|          32|          32|
    |slt8301_fu_6488_p2         |      icmp|   0|  0|   39|          32|          32|
    |slt8303_fu_6499_p2         |      icmp|   0|  0|   39|          32|          32|
    |slt8305_fu_6510_p2         |      icmp|   0|  0|   39|          32|          32|
    |slt8307_fu_6521_p2         |      icmp|   0|  0|   39|          32|          32|
    |slt8309_fu_6532_p2         |      icmp|   0|  0|   39|          32|          32|
    |slt8311_fu_6543_p2         |      icmp|   0|  0|   39|          32|          32|
    |slt8313_fu_6554_p2         |      icmp|   0|  0|   39|          32|          32|
    |slt8315_fu_6569_p2         |      icmp|   0|  0|   39|          32|          32|
    |slt8317_fu_6585_p2         |      icmp|   0|  0|   39|          32|          32|
    |slt_fu_6422_p2             |      icmp|   0|  0|   39|          32|          32|
    |or_ln113_1_fu_6033_p2      |        or|   0|  0|    2|           1|           1|
    |or_ln113_fu_6043_p2        |        or|   0|  0|    2|           1|           1|
    |or_ln173_fu_5682_p2        |        or|   0|  0|    2|           1|           1|
    |or_ln275_100_fu_14062_p2   |        or|   0|  0|    2|           1|           1|
    |or_ln275_101_fu_14111_p2   |        or|   0|  0|    2|           1|           1|
    |or_ln275_102_fu_14160_p2   |        or|   0|  0|    2|           1|           1|
    |or_ln275_103_fu_14209_p2   |        or|   0|  0|    2|           1|           1|
    |or_ln275_104_fu_14258_p2   |        or|   0|  0|    2|           1|           1|
    |or_ln275_10_fu_9067_p2     |        or|   0|  0|    2|           1|           1|
    |or_ln275_11_fu_9116_p2     |        or|   0|  0|    2|           1|           1|
    |or_ln275_12_fu_9165_p2     |        or|   0|  0|    2|           1|           1|
    |or_ln275_13_fu_9214_p2     |        or|   0|  0|    2|           1|           1|
    |or_ln275_14_fu_9308_p2     |        or|   0|  0|    2|           1|           1|
    |or_ln275_15_fu_9357_p2     |        or|   0|  0|    2|           1|           1|
    |or_ln275_16_fu_9406_p2     |        or|   0|  0|    2|           1|           1|
    |or_ln275_17_fu_9455_p2     |        or|   0|  0|    2|           1|           1|
    |or_ln275_18_fu_9504_p2     |        or|   0|  0|    2|           1|           1|
    |or_ln275_19_fu_9553_p2     |        or|   0|  0|    2|           1|           1|
    |or_ln275_1_fu_8581_p2      |        or|   0|  0|    2|           1|           1|
    |or_ln275_20_fu_9602_p2     |        or|   0|  0|    2|           1|           1|
    |or_ln275_21_fu_9696_p2     |        or|   0|  0|    2|           1|           1|
    |or_ln275_22_fu_9745_p2     |        or|   0|  0|    2|           1|           1|
    |or_ln275_23_fu_9794_p2     |        or|   0|  0|    2|           1|           1|
    |or_ln275_24_fu_9843_p2     |        or|   0|  0|    2|           1|           1|
    |or_ln275_25_fu_9892_p2     |        or|   0|  0|    2|           1|           1|
    |or_ln275_26_fu_9941_p2     |        or|   0|  0|    2|           1|           1|
    |or_ln275_27_fu_9990_p2     |        or|   0|  0|    2|           1|           1|
    |or_ln275_28_fu_10084_p2    |        or|   0|  0|    2|           1|           1|
    |or_ln275_29_fu_10133_p2    |        or|   0|  0|    2|           1|           1|
    |or_ln275_2_fu_8630_p2      |        or|   0|  0|    2|           1|           1|
    |or_ln275_30_fu_10182_p2    |        or|   0|  0|    2|           1|           1|
    |or_ln275_31_fu_10231_p2    |        or|   0|  0|    2|           1|           1|
    |or_ln275_32_fu_10280_p2    |        or|   0|  0|    2|           1|           1|
    |or_ln275_33_fu_10329_p2    |        or|   0|  0|    2|           1|           1|
    |or_ln275_34_fu_10378_p2    |        or|   0|  0|    2|           1|           1|
    |or_ln275_35_fu_10472_p2    |        or|   0|  0|    2|           1|           1|
    |or_ln275_36_fu_10521_p2    |        or|   0|  0|    2|           1|           1|
    |or_ln275_37_fu_10570_p2    |        or|   0|  0|    2|           1|           1|
    |or_ln275_38_fu_10619_p2    |        or|   0|  0|    2|           1|           1|
    |or_ln275_39_fu_10668_p2    |        or|   0|  0|    2|           1|           1|
    |or_ln275_3_fu_8679_p2      |        or|   0|  0|    2|           1|           1|
    |or_ln275_40_fu_10717_p2    |        or|   0|  0|    2|           1|           1|
    |or_ln275_41_fu_10766_p2    |        or|   0|  0|    2|           1|           1|
    |or_ln275_42_fu_10860_p2    |        or|   0|  0|    2|           1|           1|
    |or_ln275_43_fu_10909_p2    |        or|   0|  0|    2|           1|           1|
    |or_ln275_44_fu_10958_p2    |        or|   0|  0|    2|           1|           1|
    |or_ln275_45_fu_11007_p2    |        or|   0|  0|    2|           1|           1|
    |or_ln275_46_fu_11056_p2    |        or|   0|  0|    2|           1|           1|
    |or_ln275_47_fu_11105_p2    |        or|   0|  0|    2|           1|           1|
    |or_ln275_48_fu_11154_p2    |        or|   0|  0|    2|           1|           1|
    |or_ln275_49_fu_11248_p2    |        or|   0|  0|    2|           1|           1|
    |or_ln275_4_fu_8728_p2      |        or|   0|  0|    2|           1|           1|
    |or_ln275_50_fu_11297_p2    |        or|   0|  0|    2|           1|           1|
    |or_ln275_51_fu_11346_p2    |        or|   0|  0|    2|           1|           1|
    |or_ln275_52_fu_11395_p2    |        or|   0|  0|    2|           1|           1|
    |or_ln275_53_fu_11444_p2    |        or|   0|  0|    2|           1|           1|
    |or_ln275_54_fu_11493_p2    |        or|   0|  0|    2|           1|           1|
    |or_ln275_55_fu_11542_p2    |        or|   0|  0|    2|           1|           1|
    |or_ln275_56_fu_11636_p2    |        or|   0|  0|    2|           1|           1|
    |or_ln275_57_fu_11685_p2    |        or|   0|  0|    2|           1|           1|
    |or_ln275_58_fu_11734_p2    |        or|   0|  0|    2|           1|           1|
    |or_ln275_59_fu_11783_p2    |        or|   0|  0|    2|           1|           1|
    |or_ln275_5_fu_8777_p2      |        or|   0|  0|    2|           1|           1|
    |or_ln275_60_fu_11832_p2    |        or|   0|  0|    2|           1|           1|
    |or_ln275_61_fu_11881_p2    |        or|   0|  0|    2|           1|           1|
    |or_ln275_62_fu_11930_p2    |        or|   0|  0|    2|           1|           1|
    |or_ln275_63_fu_12024_p2    |        or|   0|  0|    2|           1|           1|
    |or_ln275_64_fu_12073_p2    |        or|   0|  0|    2|           1|           1|
    |or_ln275_65_fu_12122_p2    |        or|   0|  0|    2|           1|           1|
    |or_ln275_66_fu_12171_p2    |        or|   0|  0|    2|           1|           1|
    |or_ln275_67_fu_12220_p2    |        or|   0|  0|    2|           1|           1|
    |or_ln275_68_fu_12269_p2    |        or|   0|  0|    2|           1|           1|
    |or_ln275_69_fu_12318_p2    |        or|   0|  0|    2|           1|           1|
    |or_ln275_6_fu_8826_p2      |        or|   0|  0|    2|           1|           1|
    |or_ln275_70_fu_12412_p2    |        or|   0|  0|    2|           1|           1|
    |or_ln275_71_fu_12461_p2    |        or|   0|  0|    2|           1|           1|
    |or_ln275_72_fu_12510_p2    |        or|   0|  0|    2|           1|           1|
    |or_ln275_73_fu_12559_p2    |        or|   0|  0|    2|           1|           1|
    |or_ln275_74_fu_12608_p2    |        or|   0|  0|    2|           1|           1|
    |or_ln275_75_fu_12657_p2    |        or|   0|  0|    2|           1|           1|
    |or_ln275_76_fu_12706_p2    |        or|   0|  0|    2|           1|           1|
    |or_ln275_77_fu_12800_p2    |        or|   0|  0|    2|           1|           1|
    |or_ln275_78_fu_12849_p2    |        or|   0|  0|    2|           1|           1|
    |or_ln275_79_fu_12898_p2    |        or|   0|  0|    2|           1|           1|
    |or_ln275_7_fu_8920_p2      |        or|   0|  0|    2|           1|           1|
    |or_ln275_80_fu_12947_p2    |        or|   0|  0|    2|           1|           1|
    |or_ln275_81_fu_12996_p2    |        or|   0|  0|    2|           1|           1|
    |or_ln275_82_fu_13045_p2    |        or|   0|  0|    2|           1|           1|
    |or_ln275_83_fu_13094_p2    |        or|   0|  0|    2|           1|           1|
    |or_ln275_84_fu_13188_p2    |        or|   0|  0|    2|           1|           1|
    |or_ln275_85_fu_13237_p2    |        or|   0|  0|    2|           1|           1|
    |or_ln275_86_fu_13286_p2    |        or|   0|  0|    2|           1|           1|
    |or_ln275_87_fu_13335_p2    |        or|   0|  0|    2|           1|           1|
    |or_ln275_88_fu_13384_p2    |        or|   0|  0|    2|           1|           1|
    |or_ln275_89_fu_13433_p2    |        or|   0|  0|    2|           1|           1|
    |or_ln275_8_fu_8969_p2      |        or|   0|  0|    2|           1|           1|
    |or_ln275_90_fu_13482_p2    |        or|   0|  0|    2|           1|           1|
    |or_ln275_91_fu_13576_p2    |        or|   0|  0|    2|           1|           1|
    |or_ln275_92_fu_13625_p2    |        or|   0|  0|    2|           1|           1|
    |or_ln275_93_fu_13674_p2    |        or|   0|  0|    2|           1|           1|
    |or_ln275_94_fu_13723_p2    |        or|   0|  0|    2|           1|           1|
    |or_ln275_95_fu_13772_p2    |        or|   0|  0|    2|           1|           1|
    |or_ln275_96_fu_13821_p2    |        or|   0|  0|    2|           1|           1|
    |or_ln275_97_fu_13870_p2    |        or|   0|  0|    2|           1|           1|
    |or_ln275_98_fu_13964_p2    |        or|   0|  0|    2|           1|           1|
    |or_ln275_99_fu_14013_p2    |        or|   0|  0|    2|           1|           1|
    |or_ln275_9_fu_9018_p2      |        or|   0|  0|    2|           1|           1|
    |or_ln275_fu_8532_p2        |        or|   0|  0|    2|           1|           1|
    |or_ln86_fu_5183_p2         |        or|   0|  0|   28|          28|          28|
    |scale_fu_5691_p3           |    select|   0|  0|   32|           1|          30|
    |select_ln110_fu_5251_p3    |    select|   0|  0|   31|           1|           1|
    |select_ln133_fu_5215_p3    |    select|   0|  0|   31|           1|           1|
    |select_ln138_fu_5402_p3    |    select|   0|  0|    6|           1|           6|
    |valid_k_1_fu_7496_p3       |    select|   0|  0|    9|           1|           8|
    |valid_k_fu_5376_p3         |    select|   0|  0|    9|           1|           8|
    |rev8290_fu_6427_p2         |       xor|   0|  0|    2|           1|           2|
    |rev8292_fu_6438_p2         |       xor|   0|  0|    2|           1|           2|
    |rev8294_fu_6449_p2         |       xor|   0|  0|    2|           1|           2|
    |rev8296_fu_6460_p2         |       xor|   0|  0|    2|           1|           2|
    |rev8298_fu_6471_p2         |       xor|   0|  0|    2|           1|           2|
    |rev8300_fu_6482_p2         |       xor|   0|  0|    2|           1|           2|
    |rev8302_fu_6493_p2         |       xor|   0|  0|    2|           1|           2|
    |rev8304_fu_6504_p2         |       xor|   0|  0|    2|           1|           2|
    |rev8306_fu_6515_p2         |       xor|   0|  0|    2|           1|           2|
    |rev8308_fu_6526_p2         |       xor|   0|  0|    2|           1|           2|
    |rev8310_fu_6537_p2         |       xor|   0|  0|    2|           1|           2|
    |rev8312_fu_6548_p2         |       xor|   0|  0|    2|           1|           2|
    |rev8314_fu_6559_p2         |       xor|   0|  0|    2|           1|           2|
    |rev8316_fu_6574_p2         |       xor|   0|  0|    2|           1|           2|
    |rev8318_fu_6590_p2         |       xor|   0|  0|    2|           1|           2|
    |xor_ln275_1_fu_8161_p2     |       xor|   0|  0|    2|           1|           2|
    |xor_ln275_2_fu_8216_p2     |       xor|   0|  0|    2|           1|           2|
    |xor_ln275_3_fu_8271_p2     |       xor|   0|  0|    2|           1|           2|
    |xor_ln275_4_fu_8326_p2     |       xor|   0|  0|    2|           1|           2|
    |xor_ln275_5_fu_8381_p2     |       xor|   0|  0|    2|           1|           2|
    |xor_ln275_6_fu_8436_p2     |       xor|   0|  0|    2|           1|           2|
    |xor_ln275_fu_8107_p2       |       xor|   0|  0|    2|           1|           2|
    +---------------------------+----------+----+---+-----+------------+------------+
    |Total                      |          |   0|  0|21924|       19200|       18796|
    +---------------------------+----------+----+---+-----+------------+------------+

    * Multiplexer: 
    +--------------------------------------+------+-----------+-----+-----------+
    |                 Name                 |  LUT | Input Size| Bits| Total Bits|
    +--------------------------------------+------+-----------+-----+-----------+
    |ap_NS_fsm                             |  2693|        968|    1|        968|
    |g_1_reg_4375                          |     9|          2|    6|         12|
    |g_2_reg_4398                          |     9|          2|    6|         12|
    |g_reg_4363                            |     9|          2|    6|         12|
    |gmem_w_0_ARADDR                       |    14|          3|   64|        192|
    |gmem_w_0_ARLEN                        |    14|          3|   32|         96|
    |gmem_w_0_ARVALID                      |    14|          3|    1|          3|
    |gmem_w_0_RREADY                       |     9|          2|    1|          2|
    |gmem_w_blk_n_AR                       |     9|          2|    1|          2|
    |gmem_ws_blk_n_AR                      |     9|          2|    1|          2|
    |gmem_ws_blk_n_R                       |     9|          2|    1|          2|
    |gmem_x_0_ARADDR                       |    14|          3|   64|        192|
    |gmem_x_0_ARLEN                        |    14|          3|   32|         96|
    |gmem_x_0_ARVALID                      |    14|          3|    1|          3|
    |gmem_x_0_RREADY                       |     9|          2|    1|          2|
    |gmem_x_blk_n_AR                       |     9|          2|    1|          2|
    |gmem_y_0_AWADDR                       |   678|        129|   64|       8256|
    |gmem_y_0_WDATA                        |   678|        129|   32|       4128|
    |gmem_y_blk_n_AW                       |     9|          2|    1|          2|
    |gmem_y_blk_n_B                        |     9|          2|    1|          2|
    |gmem_y_blk_n_W                        |     9|          2|    1|          2|
    |grp_fu_19635_ce                       |    14|          3|    1|          3|
    |grp_fu_19635_opcode                   |    14|          3|    5|         15|
    |grp_fu_19635_p0                       |    14|          3|   32|         96|
    |grp_fu_19635_p1                       |    14|          3|   32|         96|
    |grp_fu_19639_ce                       |    14|          3|    1|          3|
    |grp_fu_19639_opcode                   |    14|          3|    5|         15|
    |grp_fu_19639_p0                       |    14|          3|   32|         96|
    |grp_fu_19639_p1                       |    14|          3|   32|         96|
    |grp_fu_19643_ce                       |    14|          3|    1|          3|
    |grp_fu_19643_opcode                   |    14|          3|    2|          6|
    |grp_fu_19643_p0                       |    14|          3|   32|         96|
    |grp_fu_19643_p1                       |    14|          3|   32|         96|
    |grp_fu_19647_ce                       |    14|          3|    1|          3|
    |grp_fu_19647_p0                       |    14|          3|   32|         96|
    |grp_fu_5121_ce                        |     9|          2|    1|          2|
    |grp_fu_5121_p0                        |    14|          3|   32|         96|
    |grp_fu_5121_p1                        |    14|          3|   32|         96|
    |grp_fu_5126_ce                        |    14|          3|    1|          3|
    |grp_fu_5126_opcode                    |    26|          5|    5|         25|
    |grp_fu_5126_p0                        |    26|          5|   32|        160|
    |grp_fu_5126_p1                        |    20|          4|   32|        128|
    |m_fu_1656                             |     9|          2|   31|         62|
    |mbase_reg_4386                        |     9|          2|   32|         64|
    |n_2_fu_1660                           |     9|          2|   32|         64|
    |n_fu_1588                             |     9|          2|   31|         62|
    |p_ZZ14rm13_w4a8_tileE7x_cache_10_ce0  |     9|          2|    1|          2|
    |p_ZZ14rm13_w4a8_tileE7x_cache_10_ce1  |     9|          2|    1|          2|
    |p_ZZ14rm13_w4a8_tileE7x_cache_10_we1  |     9|          2|    1|          2|
    |p_ZZ14rm13_w4a8_tileE7x_cache_11_ce0  |     9|          2|    1|          2|
    |p_ZZ14rm13_w4a8_tileE7x_cache_11_ce1  |     9|          2|    1|          2|
    |p_ZZ14rm13_w4a8_tileE7x_cache_11_we1  |     9|          2|    1|          2|
    |p_ZZ14rm13_w4a8_tileE7x_cache_12_ce0  |     9|          2|    1|          2|
    |p_ZZ14rm13_w4a8_tileE7x_cache_12_ce1  |     9|          2|    1|          2|
    |p_ZZ14rm13_w4a8_tileE7x_cache_12_we1  |     9|          2|    1|          2|
    |p_ZZ14rm13_w4a8_tileE7x_cache_13_ce0  |     9|          2|    1|          2|
    |p_ZZ14rm13_w4a8_tileE7x_cache_13_ce1  |     9|          2|    1|          2|
    |p_ZZ14rm13_w4a8_tileE7x_cache_13_we1  |     9|          2|    1|          2|
    |p_ZZ14rm13_w4a8_tileE7x_cache_14_ce0  |     9|          2|    1|          2|
    |p_ZZ14rm13_w4a8_tileE7x_cache_14_ce1  |     9|          2|    1|          2|
    |p_ZZ14rm13_w4a8_tileE7x_cache_14_we1  |     9|          2|    1|          2|
    |p_ZZ14rm13_w4a8_tileE7x_cache_15_ce0  |     9|          2|    1|          2|
    |p_ZZ14rm13_w4a8_tileE7x_cache_15_ce1  |     9|          2|    1|          2|
    |p_ZZ14rm13_w4a8_tileE7x_cache_15_we1  |     9|          2|    1|          2|
    |phi_mul_fu_1584                       |     9|          2|   41|         82|
    |result_100_fu_1472                    |     9|          2|   32|         64|
    |result_101_fu_1476                    |     9|          2|   32|         64|
    |result_102_fu_1480                    |     9|          2|   32|         64|
    |result_103_fu_1484                    |     9|          2|   32|         64|
    |result_104_fu_1488                    |     9|          2|   32|         64|
    |result_105_fu_1492                    |     9|          2|   32|         64|
    |result_106_fu_1496                    |     9|          2|   32|         64|
    |result_107_fu_1500                    |     9|          2|   32|         64|
    |result_108_fu_1504                    |     9|          2|   32|         64|
    |result_109_fu_1508                    |     9|          2|   32|         64|
    |result_10_fu_1112                     |     9|          2|   32|         64|
    |result_110_fu_1512                    |     9|          2|   32|         64|
    |result_111_fu_1516                    |     9|          2|   32|         64|
    |result_112_fu_1520                    |     9|          2|   32|         64|
    |result_113_fu_1524                    |     9|          2|   32|         64|
    |result_114_fu_1528                    |     9|          2|   32|         64|
    |result_115_fu_1532                    |     9|          2|   32|         64|
    |result_116_fu_1536                    |     9|          2|   32|         64|
    |result_117_fu_1540                    |     9|          2|   32|         64|
    |result_118_fu_1544                    |     9|          2|   32|         64|
    |result_119_fu_1548                    |     9|          2|   32|         64|
    |result_11_fu_1116                     |     9|          2|   32|         64|
    |result_120_fu_1552                    |     9|          2|   32|         64|
    |result_121_fu_1556                    |     9|          2|   32|         64|
    |result_122_fu_1560                    |     9|          2|   32|         64|
    |result_123_fu_1564                    |     9|          2|   32|         64|
    |result_124_fu_1568                    |     9|          2|   32|         64|
    |result_125_fu_1572                    |     9|          2|   32|         64|
    |result_126_fu_1576                    |     9|          2|   32|         64|
    |result_127_fu_1580                    |     9|          2|   32|         64|
    |result_12_fu_1120                     |     9|          2|   32|         64|
    |result_13_fu_1124                     |     9|          2|   32|         64|
    |result_14_fu_1128                     |     9|          2|   32|         64|
    |result_15_fu_1132                     |     9|          2|   32|         64|
    |result_16_fu_1136                     |     9|          2|   32|         64|
    |result_17_fu_1140                     |     9|          2|   32|         64|
    |result_18_fu_1144                     |     9|          2|   32|         64|
    |result_19_fu_1148                     |     9|          2|   32|         64|
    |result_1_fu_1076                      |     9|          2|   32|         64|
    |result_20_fu_1152                     |     9|          2|   32|         64|
    |result_21_fu_1156                     |     9|          2|   32|         64|
    |result_22_fu_1160                     |     9|          2|   32|         64|
    |result_23_fu_1164                     |     9|          2|   32|         64|
    |result_24_fu_1168                     |     9|          2|   32|         64|
    |result_25_fu_1172                     |     9|          2|   32|         64|
    |result_26_fu_1176                     |     9|          2|   32|         64|
    |result_27_fu_1180                     |     9|          2|   32|         64|
    |result_28_fu_1184                     |     9|          2|   32|         64|
    |result_29_fu_1188                     |     9|          2|   32|         64|
    |result_2_fu_1080                      |     9|          2|   32|         64|
    |result_30_fu_1192                     |     9|          2|   32|         64|
    |result_31_fu_1196                     |     9|          2|   32|         64|
    |result_32_fu_1200                     |     9|          2|   32|         64|
    |result_33_fu_1204                     |     9|          2|   32|         64|
    |result_34_fu_1208                     |     9|          2|   32|         64|
    |result_35_fu_1212                     |     9|          2|   32|         64|
    |result_36_fu_1216                     |     9|          2|   32|         64|
    |result_37_fu_1220                     |     9|          2|   32|         64|
    |result_38_fu_1224                     |     9|          2|   32|         64|
    |result_39_fu_1228                     |     9|          2|   32|         64|
    |result_3_fu_1084                      |     9|          2|   32|         64|
    |result_40_fu_1232                     |     9|          2|   32|         64|
    |result_41_fu_1236                     |     9|          2|   32|         64|
    |result_42_fu_1240                     |     9|          2|   32|         64|
    |result_43_fu_1244                     |     9|          2|   32|         64|
    |result_44_fu_1248                     |     9|          2|   32|         64|
    |result_45_fu_1252                     |     9|          2|   32|         64|
    |result_46_fu_1256                     |     9|          2|   32|         64|
    |result_47_fu_1260                     |     9|          2|   32|         64|
    |result_48_fu_1264                     |     9|          2|   32|         64|
    |result_49_fu_1268                     |     9|          2|   32|         64|
    |result_4_fu_1088                      |     9|          2|   32|         64|
    |result_50_fu_1272                     |     9|          2|   32|         64|
    |result_51_fu_1276                     |     9|          2|   32|         64|
    |result_52_fu_1280                     |     9|          2|   32|         64|
    |result_53_fu_1284                     |     9|          2|   32|         64|
    |result_54_fu_1288                     |     9|          2|   32|         64|
    |result_55_fu_1292                     |     9|          2|   32|         64|
    |result_56_fu_1296                     |     9|          2|   32|         64|
    |result_57_fu_1300                     |     9|          2|   32|         64|
    |result_58_fu_1304                     |     9|          2|   32|         64|
    |result_59_fu_1308                     |     9|          2|   32|         64|
    |result_5_fu_1092                      |     9|          2|   32|         64|
    |result_60_fu_1312                     |     9|          2|   32|         64|
    |result_61_fu_1316                     |     9|          2|   32|         64|
    |result_62_fu_1320                     |     9|          2|   32|         64|
    |result_63_fu_1324                     |     9|          2|   32|         64|
    |result_64_fu_1328                     |     9|          2|   32|         64|
    |result_65_fu_1332                     |     9|          2|   32|         64|
    |result_66_fu_1336                     |     9|          2|   32|         64|
    |result_67_fu_1340                     |     9|          2|   32|         64|
    |result_68_fu_1344                     |     9|          2|   32|         64|
    |result_69_fu_1348                     |     9|          2|   32|         64|
    |result_6_fu_1096                      |     9|          2|   32|         64|
    |result_70_fu_1352                     |     9|          2|   32|         64|
    |result_71_fu_1356                     |     9|          2|   32|         64|
    |result_72_fu_1360                     |     9|          2|   32|         64|
    |result_73_fu_1364                     |     9|          2|   32|         64|
    |result_74_fu_1368                     |     9|          2|   32|         64|
    |result_75_fu_1372                     |     9|          2|   32|         64|
    |result_76_fu_1376                     |     9|          2|   32|         64|
    |result_77_fu_1380                     |     9|          2|   32|         64|
    |result_78_fu_1384                     |     9|          2|   32|         64|
    |result_79_fu_1388                     |     9|          2|   32|         64|
    |result_7_fu_1100                      |     9|          2|   32|         64|
    |result_80_fu_1392                     |     9|          2|   32|         64|
    |result_81_fu_1396                     |     9|          2|   32|         64|
    |result_82_fu_1400                     |     9|          2|   32|         64|
    |result_83_fu_1404                     |     9|          2|   32|         64|
    |result_84_fu_1408                     |     9|          2|   32|         64|
    |result_85_fu_1412                     |     9|          2|   32|         64|
    |result_86_fu_1416                     |     9|          2|   32|         64|
    |result_87_fu_1420                     |     9|          2|   32|         64|
    |result_88_fu_1424                     |     9|          2|   32|         64|
    |result_89_fu_1428                     |     9|          2|   32|         64|
    |result_8_fu_1104                      |     9|          2|   32|         64|
    |result_90_fu_1432                     |     9|          2|   32|         64|
    |result_91_fu_1436                     |     9|          2|   32|         64|
    |result_92_fu_1440                     |     9|          2|   32|         64|
    |result_93_fu_1444                     |     9|          2|   32|         64|
    |result_94_fu_1448                     |     9|          2|   32|         64|
    |result_95_fu_1452                     |     9|          2|   32|         64|
    |result_96_fu_1456                     |     9|          2|   32|         64|
    |result_97_fu_1460                     |     9|          2|   32|         64|
    |result_98_fu_1464                     |     9|          2|   32|         64|
    |result_99_fu_1468                     |     9|          2|   32|         64|
    |result_9_fu_1108                      |     9|          2|   32|         64|
    |result_fu_1072                        |     9|          2|   32|         64|
    |retval_13_reg_4467                    |    26|          5|    4|         20|
    |w_cache_1_ce0                         |     9|          2|    1|          2|
    |w_cache_1_ce1                         |     9|          2|    1|          2|
    |w_cache_1_we1                         |     9|          2|    1|          2|
    |w_cache_2_ce0                         |     9|          2|    1|          2|
    |w_cache_2_ce1                         |     9|          2|    1|          2|
    |w_cache_2_we1                         |     9|          2|    1|          2|
    |w_cache_3_ce0                         |     9|          2|    1|          2|
    |w_cache_3_ce1                         |     9|          2|    1|          2|
    |w_cache_3_we1                         |     9|          2|    1|          2|
    |w_cache_4_ce0                         |     9|          2|    1|          2|
    |w_cache_4_ce1                         |     9|          2|    1|          2|
    |w_cache_4_we1                         |     9|          2|    1|          2|
    |w_cache_5_ce0                         |     9|          2|    1|          2|
    |w_cache_5_ce1                         |     9|          2|    1|          2|
    |w_cache_5_we1                         |     9|          2|    1|          2|
    |w_cache_6_ce0                         |     9|          2|    1|          2|
    |w_cache_6_ce1                         |     9|          2|    1|          2|
    |w_cache_6_we1                         |     9|          2|    1|          2|
    |w_cache_7_ce0                         |     9|          2|    1|          2|
    |w_cache_7_ce1                         |     9|          2|    1|          2|
    |w_cache_7_we1                         |     9|          2|    1|          2|
    |w_cache_ce0                           |     9|          2|    1|          2|
    |w_cache_ce1                           |     9|          2|    1|          2|
    |w_cache_we1                           |     9|          2|    1|          2|
    |x_cache_1_ce0                         |     9|          2|    1|          2|
    |x_cache_1_ce1                         |     9|          2|    1|          2|
    |x_cache_1_we1                         |     9|          2|    1|          2|
    |x_cache_2_ce0                         |     9|          2|    1|          2|
    |x_cache_2_ce1                         |     9|          2|    1|          2|
    |x_cache_2_we1                         |     9|          2|    1|          2|
    |x_cache_3_ce0                         |     9|          2|    1|          2|
    |x_cache_3_ce1                         |     9|          2|    1|          2|
    |x_cache_3_we1                         |     9|          2|    1|          2|
    |x_cache_4_ce0                         |     9|          2|    1|          2|
    |x_cache_4_ce1                         |     9|          2|    1|          2|
    |x_cache_4_we1                         |     9|          2|    1|          2|
    |x_cache_5_ce0                         |     9|          2|    1|          2|
    |x_cache_5_ce1                         |     9|          2|    1|          2|
    |x_cache_5_we1                         |     9|          2|    1|          2|
    |x_cache_6_ce0                         |     9|          2|    1|          2|
    |x_cache_6_ce1                         |     9|          2|    1|          2|
    |x_cache_6_we1                         |     9|          2|    1|          2|
    |x_cache_7_ce0                         |     9|          2|    1|          2|
    |x_cache_7_ce1                         |     9|          2|    1|          2|
    |x_cache_7_we1                         |     9|          2|    1|          2|
    |x_cache_8_ce0                         |     9|          2|    1|          2|
    |x_cache_8_ce1                         |     9|          2|    1|          2|
    |x_cache_8_we1                         |     9|          2|    1|          2|
    |x_cache_9_ce0                         |     9|          2|    1|          2|
    |x_cache_9_ce1                         |     9|          2|    1|          2|
    |x_cache_9_we1                         |     9|          2|    1|          2|
    |x_cache_ce0                           |     9|          2|    1|          2|
    |x_cache_ce1                           |     9|          2|    1|          2|
    |x_cache_we1                           |     9|          2|    1|          2|
    +--------------------------------------+------+-----------+-----+-----------+
    |Total                                 |  6431|       1750| 5032|      23908|
    +--------------------------------------+------+-----------+-----+-----------+

    * Register: 
    +--------------------------------------------------------------------+-----+----+-----+-----------+
    |                                Name                                |  FF | LUT| Bits| Const Bits|
    +--------------------------------------------------------------------+-----+----+-----+-----------+
    |activation_ready                                                    |    1|   0|    1|          0|
    |activation_ready_flag_0_reg_4410                                    |    1|   0|    1|          0|
    |activation_ready_new_0_reg_4438                                     |    1|   0|    1|          0|
    |active_m_read_reg_14347                                             |   32|   0|   32|          0|
    |active_n_read_reg_14323                                             |   32|   0|   32|          0|
    |add_ln110_1_reg_16760                                               |   36|   0|   39|          3|
    |add_ln110_reg_16750                                                 |   31|   0|   31|          0|
    |add_ln111_1_reg_16804                                               |   64|   0|   64|          0|
    |add_ln111_2_reg_16793                                               |    6|   0|    6|          0|
    |add_ln118_reg_16798                                                 |    7|   0|    7|          0|
    |add_ln133_1_reg_16446                                               |   41|   0|   41|          0|
    |add_ln133_reg_16454                                                 |   31|   0|   31|          0|
    |add_ln134_2_reg_16467                                               |    6|   0|    6|          0|
    |add_ln216_reg_17636                                                 |    6|   0|    6|          0|
    |add_ln240_reg_17662                                                 |    7|   0|    7|          0|
    |add_ln276_10_reg_16963                                              |   62|   0|   62|          0|
    |add_ln276_12_reg_16976                                              |   62|   0|   62|          0|
    |add_ln276_14_reg_16988                                              |   62|   0|   62|          0|
    |add_ln276_256_reg_17000                                             |   62|   0|   62|          0|
    |add_ln276_257_reg_17013                                             |   62|   0|   62|          0|
    |add_ln276_258_reg_17025                                             |   62|   0|   62|          0|
    |add_ln276_259_reg_17037                                             |   62|   0|   62|          0|
    |add_ln276_260_reg_17320                                             |   62|   0|   62|          0|
    |add_ln276_261_reg_17347                                             |   62|   0|   62|          0|
    |add_ln276_262_reg_17374                                             |   62|   0|   62|          0|
    |add_ln276_2_reg_16914                                               |   62|   0|   62|          0|
    |add_ln276_4_reg_16926                                               |   62|   0|   62|          0|
    |add_ln276_6_reg_16939                                               |   62|   0|   62|          0|
    |add_ln276_8_reg_16951                                               |   62|   0|   62|          0|
    |add_ln276_reg_16902                                                 |   62|   0|   62|          0|
    |ap_CS_fsm                                                           |  967|   0|  967|          0|
    |cached_active_n                                                     |   32|   0|   32|          0|
    |empty_195_reg_16560                                                 |  255|   0|  255|          0|
    |empty_196_reg_16568                                                 |  255|   0|  255|          0|
    |empty_197_reg_16576                                                 |  255|   0|  255|          0|
    |empty_198_reg_16584                                                 |  255|   0|  255|          0|
    |empty_199_reg_16592                                                 |  255|   0|  255|          0|
    |empty_200_reg_16600                                                 |  255|   0|  255|          0|
    |empty_201_reg_16608                                                 |  255|   0|  255|          0|
    |empty_202_reg_16616                                                 |  255|   0|  255|          0|
    |empty_203_reg_16624                                                 |  255|   0|  255|          0|
    |empty_204_reg_16632                                                 |  255|   0|  255|          0|
    |empty_205_reg_16640                                                 |  255|   0|  255|          0|
    |empty_206_reg_16648                                                 |  255|   0|  255|          0|
    |empty_207_reg_16656                                                 |  255|   0|  255|          0|
    |empty_208_reg_16664                                                 |  255|   0|  255|          0|
    |empty_209_reg_16672                                                 |  255|   0|  255|          0|
    |empty_210_reg_16680                                                 |  255|   0|  255|          0|
    |empty_211_reg_16889                                                 |   62|   0|   62|          0|
    |empty_reg_16770                                                     |   36|   0|   37|          1|
    |g_1_reg_4375                                                        |    6|   0|    6|          0|
    |g_2_reg_4398                                                        |    6|   0|    6|          0|
    |g_reg_4363                                                          |    6|   0|    6|          0|
    |gmem_ws_addr_read_reg_16815                                         |   32|   0|   32|          0|
    |gmem_ws_addr_reg_16809                                              |   64|   0|   64|          0|
    |gmem_y_addr_100_reg_19366                                           |   64|   0|   64|          0|
    |gmem_y_addr_101_reg_19376                                           |   64|   0|   64|          0|
    |gmem_y_addr_102_reg_19386                                           |   64|   0|   64|          0|
    |gmem_y_addr_103_reg_19396                                           |   64|   0|   64|          0|
    |gmem_y_addr_104_reg_19402                                           |   64|   0|   64|          0|
    |gmem_y_addr_105_reg_19412                                           |   64|   0|   64|          0|
    |gmem_y_addr_106_reg_19422                                           |   64|   0|   64|          0|
    |gmem_y_addr_107_reg_19432                                           |   64|   0|   64|          0|
    |gmem_y_addr_108_reg_19442                                           |   64|   0|   64|          0|
    |gmem_y_addr_109_reg_19452                                           |   64|   0|   64|          0|
    |gmem_y_addr_10_reg_18510                                            |   64|   0|   64|          0|
    |gmem_y_addr_110_reg_19462                                           |   64|   0|   64|          0|
    |gmem_y_addr_111_reg_19472                                           |   64|   0|   64|          0|
    |gmem_y_addr_112_reg_19478                                           |   64|   0|   64|          0|
    |gmem_y_addr_113_reg_19488                                           |   64|   0|   64|          0|
    |gmem_y_addr_114_reg_19498                                           |   64|   0|   64|          0|
    |gmem_y_addr_115_reg_19508                                           |   64|   0|   64|          0|
    |gmem_y_addr_116_reg_19518                                           |   64|   0|   64|          0|
    |gmem_y_addr_117_reg_19528                                           |   64|   0|   64|          0|
    |gmem_y_addr_118_reg_19538                                           |   64|   0|   64|          0|
    |gmem_y_addr_119_reg_19548                                           |   64|   0|   64|          0|
    |gmem_y_addr_11_reg_18520                                            |   64|   0|   64|          0|
    |gmem_y_addr_120_reg_19554                                           |   64|   0|   64|          0|
    |gmem_y_addr_121_reg_19564                                           |   64|   0|   64|          0|
    |gmem_y_addr_122_reg_19574                                           |   64|   0|   64|          0|
    |gmem_y_addr_123_reg_19584                                           |   64|   0|   64|          0|
    |gmem_y_addr_124_reg_19594                                           |   64|   0|   64|          0|
    |gmem_y_addr_125_reg_19604                                           |   64|   0|   64|          0|
    |gmem_y_addr_126_reg_19614                                           |   64|   0|   64|          0|
    |gmem_y_addr_127_reg_19624                                           |   64|   0|   64|          0|
    |gmem_y_addr_12_reg_18530                                            |   64|   0|   64|          0|
    |gmem_y_addr_13_reg_18540                                            |   64|   0|   64|          0|
    |gmem_y_addr_14_reg_18550                                            |   64|   0|   64|          0|
    |gmem_y_addr_15_reg_18560                                            |   64|   0|   64|          0|
    |gmem_y_addr_16_reg_18566                                            |   64|   0|   64|          0|
    |gmem_y_addr_17_reg_18576                                            |   64|   0|   64|          0|
    |gmem_y_addr_18_reg_18586                                            |   64|   0|   64|          0|
    |gmem_y_addr_19_reg_18596                                            |   64|   0|   64|          0|
    |gmem_y_addr_1_reg_18310                                             |   64|   0|   64|          0|
    |gmem_y_addr_20_reg_18606                                            |   64|   0|   64|          0|
    |gmem_y_addr_21_reg_18616                                            |   64|   0|   64|          0|
    |gmem_y_addr_22_reg_18626                                            |   64|   0|   64|          0|
    |gmem_y_addr_23_reg_18636                                            |   64|   0|   64|          0|
    |gmem_y_addr_24_reg_18642                                            |   64|   0|   64|          0|
    |gmem_y_addr_25_reg_18652                                            |   64|   0|   64|          0|
    |gmem_y_addr_26_reg_18662                                            |   64|   0|   64|          0|
    |gmem_y_addr_27_reg_18672                                            |   64|   0|   64|          0|
    |gmem_y_addr_28_reg_18682                                            |   64|   0|   64|          0|
    |gmem_y_addr_29_reg_18692                                            |   64|   0|   64|          0|
    |gmem_y_addr_2_reg_18339                                             |   64|   0|   64|          0|
    |gmem_y_addr_30_reg_18702                                            |   64|   0|   64|          0|
    |gmem_y_addr_31_reg_18712                                            |   64|   0|   64|          0|
    |gmem_y_addr_32_reg_18718                                            |   64|   0|   64|          0|
    |gmem_y_addr_33_reg_18728                                            |   64|   0|   64|          0|
    |gmem_y_addr_34_reg_18738                                            |   64|   0|   64|          0|
    |gmem_y_addr_35_reg_18748                                            |   64|   0|   64|          0|
    |gmem_y_addr_36_reg_18758                                            |   64|   0|   64|          0|
    |gmem_y_addr_37_reg_18768                                            |   64|   0|   64|          0|
    |gmem_y_addr_38_reg_18778                                            |   64|   0|   64|          0|
    |gmem_y_addr_39_reg_18788                                            |   64|   0|   64|          0|
    |gmem_y_addr_3_reg_18368                                             |   64|   0|   64|          0|
    |gmem_y_addr_40_reg_18794                                            |   64|   0|   64|          0|
    |gmem_y_addr_41_reg_18804                                            |   64|   0|   64|          0|
    |gmem_y_addr_42_reg_18814                                            |   64|   0|   64|          0|
    |gmem_y_addr_43_reg_18824                                            |   64|   0|   64|          0|
    |gmem_y_addr_44_reg_18834                                            |   64|   0|   64|          0|
    |gmem_y_addr_45_reg_18844                                            |   64|   0|   64|          0|
    |gmem_y_addr_46_reg_18854                                            |   64|   0|   64|          0|
    |gmem_y_addr_47_reg_18864                                            |   64|   0|   64|          0|
    |gmem_y_addr_48_reg_18870                                            |   64|   0|   64|          0|
    |gmem_y_addr_49_reg_18880                                            |   64|   0|   64|          0|
    |gmem_y_addr_4_reg_18397                                             |   64|   0|   64|          0|
    |gmem_y_addr_50_reg_18890                                            |   64|   0|   64|          0|
    |gmem_y_addr_51_reg_18900                                            |   64|   0|   64|          0|
    |gmem_y_addr_52_reg_18910                                            |   64|   0|   64|          0|
    |gmem_y_addr_53_reg_18920                                            |   64|   0|   64|          0|
    |gmem_y_addr_54_reg_18930                                            |   64|   0|   64|          0|
    |gmem_y_addr_55_reg_18940                                            |   64|   0|   64|          0|
    |gmem_y_addr_56_reg_18946                                            |   64|   0|   64|          0|
    |gmem_y_addr_57_reg_18956                                            |   64|   0|   64|          0|
    |gmem_y_addr_58_reg_18966                                            |   64|   0|   64|          0|
    |gmem_y_addr_59_reg_18976                                            |   64|   0|   64|          0|
    |gmem_y_addr_5_reg_18426                                             |   64|   0|   64|          0|
    |gmem_y_addr_60_reg_18986                                            |   64|   0|   64|          0|
    |gmem_y_addr_61_reg_18996                                            |   64|   0|   64|          0|
    |gmem_y_addr_62_reg_19006                                            |   64|   0|   64|          0|
    |gmem_y_addr_63_reg_19016                                            |   64|   0|   64|          0|
    |gmem_y_addr_64_reg_19022                                            |   64|   0|   64|          0|
    |gmem_y_addr_65_reg_19032                                            |   64|   0|   64|          0|
    |gmem_y_addr_66_reg_19042                                            |   64|   0|   64|          0|
    |gmem_y_addr_67_reg_19052                                            |   64|   0|   64|          0|
    |gmem_y_addr_68_reg_19062                                            |   64|   0|   64|          0|
    |gmem_y_addr_69_reg_19072                                            |   64|   0|   64|          0|
    |gmem_y_addr_6_reg_18455                                             |   64|   0|   64|          0|
    |gmem_y_addr_70_reg_19082                                            |   64|   0|   64|          0|
    |gmem_y_addr_71_reg_19092                                            |   64|   0|   64|          0|
    |gmem_y_addr_72_reg_19098                                            |   64|   0|   64|          0|
    |gmem_y_addr_73_reg_19108                                            |   64|   0|   64|          0|
    |gmem_y_addr_74_reg_19118                                            |   64|   0|   64|          0|
    |gmem_y_addr_75_reg_19128                                            |   64|   0|   64|          0|
    |gmem_y_addr_76_reg_19138                                            |   64|   0|   64|          0|
    |gmem_y_addr_77_reg_19148                                            |   64|   0|   64|          0|
    |gmem_y_addr_78_reg_19158                                            |   64|   0|   64|          0|
    |gmem_y_addr_79_reg_19168                                            |   64|   0|   64|          0|
    |gmem_y_addr_7_reg_18484                                             |   64|   0|   64|          0|
    |gmem_y_addr_80_reg_19174                                            |   64|   0|   64|          0|
    |gmem_y_addr_81_reg_19184                                            |   64|   0|   64|          0|
    |gmem_y_addr_82_reg_19194                                            |   64|   0|   64|          0|
    |gmem_y_addr_83_reg_19204                                            |   64|   0|   64|          0|
    |gmem_y_addr_84_reg_19214                                            |   64|   0|   64|          0|
    |gmem_y_addr_85_reg_19224                                            |   64|   0|   64|          0|
    |gmem_y_addr_86_reg_19234                                            |   64|   0|   64|          0|
    |gmem_y_addr_87_reg_19244                                            |   64|   0|   64|          0|
    |gmem_y_addr_88_reg_19250                                            |   64|   0|   64|          0|
    |gmem_y_addr_89_reg_19260                                            |   64|   0|   64|          0|
    |gmem_y_addr_8_reg_18490                                             |   64|   0|   64|          0|
    |gmem_y_addr_90_reg_19270                                            |   64|   0|   64|          0|
    |gmem_y_addr_91_reg_19280                                            |   64|   0|   64|          0|
    |gmem_y_addr_92_reg_19290                                            |   64|   0|   64|          0|
    |gmem_y_addr_93_reg_19300                                            |   64|   0|   64|          0|
    |gmem_y_addr_94_reg_19310                                            |   64|   0|   64|          0|
    |gmem_y_addr_95_reg_19320                                            |   64|   0|   64|          0|
    |gmem_y_addr_96_reg_19326                                            |   64|   0|   64|          0|
    |gmem_y_addr_97_reg_19336                                            |   64|   0|   64|          0|
    |gmem_y_addr_98_reg_19346                                            |   64|   0|   64|          0|
    |gmem_y_addr_99_reg_19356                                            |   64|   0|   64|          0|
    |gmem_y_addr_9_reg_18500                                             |   64|   0|   64|          0|
    |gmem_y_addr_reg_17651                                               |   64|   0|   64|          0|
    |group_words_10_fu_1632                                              |  256|   0|  256|          0|
    |group_words_11_fu_1636                                              |  256|   0|  256|          0|
    |group_words_12_fu_1640                                              |  256|   0|  256|          0|
    |group_words_13_fu_1644                                              |  256|   0|  256|          0|
    |group_words_14_fu_1648                                              |  256|   0|  256|          0|
    |group_words_15_fu_1652                                              |  256|   0|  256|          0|
    |group_words_1_fu_1596                                               |  256|   0|  256|          0|
    |group_words_2_fu_1600                                               |  256|   0|  256|          0|
    |group_words_3_fu_1604                                               |  256|   0|  256|          0|
    |group_words_4_fu_1608                                               |  256|   0|  256|          0|
    |group_words_5_fu_1612                                               |  256|   0|  256|          0|
    |group_words_6_fu_1616                                               |  256|   0|  256|          0|
    |group_words_7_fu_1620                                               |  256|   0|  256|          0|
    |group_words_8_fu_1624                                               |  256|   0|  256|          0|
    |group_words_9_fu_1628                                               |  256|   0|  256|          0|
    |group_words_fu_1592                                                 |  256|   0|  256|          0|
    |grp_rm13_w4a8_tile_Pipeline_VITIS_LOOP_116_3_fu_4617_ap_start_reg   |    1|   0|    1|          0|
    |grp_rm13_w4a8_tile_Pipeline_VITIS_LOOP_138_6_fu_4498_ap_start_reg   |    1|   0|    1|          0|
    |grp_rm13_w4a8_tile_Pipeline_VITIS_LOOP_146_7_fu_4538_ap_start_reg   |    1|   0|    1|          0|
    |grp_rm13_w4a8_tile_Pipeline_VITIS_LOOP_179_9_fu_4561_ap_start_reg   |    1|   0|    1|          0|
    |grp_rm13_w4a8_tile_Pipeline_VITIS_LOOP_229_17_fu_4634_ap_start_reg  |    1|   0|    1|          0|
    |grp_rm13_w4a8_tile_Pipeline_VITIS_LOOP_250_20_fu_4833_ap_start_reg  |    1|   0|    1|          0|
    |icmp_ln113_1_reg_16854                                              |    1|   0|    1|          0|
    |icmp_ln113_reg_16849                                                |    1|   0|    1|          0|
    |icmp_ln173_1_reg_16716                                              |    1|   0|    1|          0|
    |icmp_ln173_reg_16711                                                |    1|   0|    1|          0|
    |icmp_ln275_1_reg_18316                                              |    1|   0|    1|          0|
    |icmp_ln275_2_reg_18345                                              |    1|   0|    1|          0|
    |icmp_ln275_3_reg_18374                                              |    1|   0|    1|          0|
    |icmp_ln275_4_reg_18403                                              |    1|   0|    1|          0|
    |icmp_ln275_5_reg_18432                                              |    1|   0|    1|          0|
    |icmp_ln275_6_reg_18461                                              |    1|   0|    1|          0|
    |icmp_ln275_reg_17657                                                |    1|   0|    1|          0|
    |icmp_ln30_reg_16844                                                 |    1|   0|    1|          0|
    |m_fu_1656                                                           |   31|   0|   31|          0|
    |mbase_cast373_cast_reg_17399                                        |   31|   0|   62|         31|
    |mbase_reg_4386                                                      |   32|   0|   32|          0|
    |n_2_fu_1660                                                         |   32|   0|   32|          0|
    |n_fu_1588                                                           |   31|   0|   31|          0|
    |or_ln113_reg_16859                                                  |    1|   0|    1|          0|
    |or_ln275_100_reg_19580                                              |    1|   0|    1|          0|
    |or_ln275_101_reg_19590                                              |    1|   0|    1|          0|
    |or_ln275_102_reg_19600                                              |    1|   0|    1|          0|
    |or_ln275_103_reg_19610                                              |    1|   0|    1|          0|
    |or_ln275_104_reg_19620                                              |    1|   0|    1|          0|
    |or_ln275_10_reg_18602                                               |    1|   0|    1|          0|
    |or_ln275_11_reg_18612                                               |    1|   0|    1|          0|
    |or_ln275_12_reg_18622                                               |    1|   0|    1|          0|
    |or_ln275_13_reg_18632                                               |    1|   0|    1|          0|
    |or_ln275_14_reg_18648                                               |    1|   0|    1|          0|
    |or_ln275_15_reg_18658                                               |    1|   0|    1|          0|
    |or_ln275_16_reg_18668                                               |    1|   0|    1|          0|
    |or_ln275_17_reg_18678                                               |    1|   0|    1|          0|
    |or_ln275_18_reg_18688                                               |    1|   0|    1|          0|
    |or_ln275_19_reg_18698                                               |    1|   0|    1|          0|
    |or_ln275_1_reg_18506                                                |    1|   0|    1|          0|
    |or_ln275_20_reg_18708                                               |    1|   0|    1|          0|
    |or_ln275_21_reg_18724                                               |    1|   0|    1|          0|
    |or_ln275_22_reg_18734                                               |    1|   0|    1|          0|
    |or_ln275_23_reg_18744                                               |    1|   0|    1|          0|
    |or_ln275_24_reg_18754                                               |    1|   0|    1|          0|
    |or_ln275_25_reg_18764                                               |    1|   0|    1|          0|
    |or_ln275_26_reg_18774                                               |    1|   0|    1|          0|
    |or_ln275_27_reg_18784                                               |    1|   0|    1|          0|
    |or_ln275_28_reg_18800                                               |    1|   0|    1|          0|
    |or_ln275_29_reg_18810                                               |    1|   0|    1|          0|
    |or_ln275_2_reg_18516                                                |    1|   0|    1|          0|
    |or_ln275_30_reg_18820                                               |    1|   0|    1|          0|
    |or_ln275_31_reg_18830                                               |    1|   0|    1|          0|
    |or_ln275_32_reg_18840                                               |    1|   0|    1|          0|
    |or_ln275_33_reg_18850                                               |    1|   0|    1|          0|
    |or_ln275_34_reg_18860                                               |    1|   0|    1|          0|
    |or_ln275_35_reg_18876                                               |    1|   0|    1|          0|
    |or_ln275_36_reg_18886                                               |    1|   0|    1|          0|
    |or_ln275_37_reg_18896                                               |    1|   0|    1|          0|
    |or_ln275_38_reg_18906                                               |    1|   0|    1|          0|
    |or_ln275_39_reg_18916                                               |    1|   0|    1|          0|
    |or_ln275_3_reg_18526                                                |    1|   0|    1|          0|
    |or_ln275_40_reg_18926                                               |    1|   0|    1|          0|
    |or_ln275_41_reg_18936                                               |    1|   0|    1|          0|
    |or_ln275_42_reg_18952                                               |    1|   0|    1|          0|
    |or_ln275_43_reg_18962                                               |    1|   0|    1|          0|
    |or_ln275_44_reg_18972                                               |    1|   0|    1|          0|
    |or_ln275_45_reg_18982                                               |    1|   0|    1|          0|
    |or_ln275_46_reg_18992                                               |    1|   0|    1|          0|
    |or_ln275_47_reg_19002                                               |    1|   0|    1|          0|
    |or_ln275_48_reg_19012                                               |    1|   0|    1|          0|
    |or_ln275_49_reg_19028                                               |    1|   0|    1|          0|
    |or_ln275_4_reg_18536                                                |    1|   0|    1|          0|
    |or_ln275_50_reg_19038                                               |    1|   0|    1|          0|
    |or_ln275_51_reg_19048                                               |    1|   0|    1|          0|
    |or_ln275_52_reg_19058                                               |    1|   0|    1|          0|
    |or_ln275_53_reg_19068                                               |    1|   0|    1|          0|
    |or_ln275_54_reg_19078                                               |    1|   0|    1|          0|
    |or_ln275_55_reg_19088                                               |    1|   0|    1|          0|
    |or_ln275_56_reg_19104                                               |    1|   0|    1|          0|
    |or_ln275_57_reg_19114                                               |    1|   0|    1|          0|
    |or_ln275_58_reg_19124                                               |    1|   0|    1|          0|
    |or_ln275_59_reg_19134                                               |    1|   0|    1|          0|
    |or_ln275_5_reg_18546                                                |    1|   0|    1|          0|
    |or_ln275_60_reg_19144                                               |    1|   0|    1|          0|
    |or_ln275_61_reg_19154                                               |    1|   0|    1|          0|
    |or_ln275_62_reg_19164                                               |    1|   0|    1|          0|
    |or_ln275_63_reg_19180                                               |    1|   0|    1|          0|
    |or_ln275_64_reg_19190                                               |    1|   0|    1|          0|
    |or_ln275_65_reg_19200                                               |    1|   0|    1|          0|
    |or_ln275_66_reg_19210                                               |    1|   0|    1|          0|
    |or_ln275_67_reg_19220                                               |    1|   0|    1|          0|
    |or_ln275_68_reg_19230                                               |    1|   0|    1|          0|
    |or_ln275_69_reg_19240                                               |    1|   0|    1|          0|
    |or_ln275_6_reg_18556                                                |    1|   0|    1|          0|
    |or_ln275_70_reg_19256                                               |    1|   0|    1|          0|
    |or_ln275_71_reg_19266                                               |    1|   0|    1|          0|
    |or_ln275_72_reg_19276                                               |    1|   0|    1|          0|
    |or_ln275_73_reg_19286                                               |    1|   0|    1|          0|
    |or_ln275_74_reg_19296                                               |    1|   0|    1|          0|
    |or_ln275_75_reg_19306                                               |    1|   0|    1|          0|
    |or_ln275_76_reg_19316                                               |    1|   0|    1|          0|
    |or_ln275_77_reg_19332                                               |    1|   0|    1|          0|
    |or_ln275_78_reg_19342                                               |    1|   0|    1|          0|
    |or_ln275_79_reg_19352                                               |    1|   0|    1|          0|
    |or_ln275_7_reg_18572                                                |    1|   0|    1|          0|
    |or_ln275_80_reg_19362                                               |    1|   0|    1|          0|
    |or_ln275_81_reg_19372                                               |    1|   0|    1|          0|
    |or_ln275_82_reg_19382                                               |    1|   0|    1|          0|
    |or_ln275_83_reg_19392                                               |    1|   0|    1|          0|
    |or_ln275_84_reg_19408                                               |    1|   0|    1|          0|
    |or_ln275_85_reg_19418                                               |    1|   0|    1|          0|
    |or_ln275_86_reg_19428                                               |    1|   0|    1|          0|
    |or_ln275_87_reg_19438                                               |    1|   0|    1|          0|
    |or_ln275_88_reg_19448                                               |    1|   0|    1|          0|
    |or_ln275_89_reg_19458                                               |    1|   0|    1|          0|
    |or_ln275_8_reg_18582                                                |    1|   0|    1|          0|
    |or_ln275_90_reg_19468                                               |    1|   0|    1|          0|
    |or_ln275_91_reg_19484                                               |    1|   0|    1|          0|
    |or_ln275_92_reg_19494                                               |    1|   0|    1|          0|
    |or_ln275_93_reg_19504                                               |    1|   0|    1|          0|
    |or_ln275_94_reg_19514                                               |    1|   0|    1|          0|
    |or_ln275_95_reg_19524                                               |    1|   0|    1|          0|
    |or_ln275_96_reg_19534                                               |    1|   0|    1|          0|
    |or_ln275_97_reg_19544                                               |    1|   0|    1|          0|
    |or_ln275_98_reg_19560                                               |    1|   0|    1|          0|
    |or_ln275_99_reg_19570                                               |    1|   0|    1|          0|
    |or_ln275_9_reg_18592                                                |    1|   0|    1|          0|
    |or_ln275_reg_18496                                                  |    1|   0|    1|          0|
    |output_f32_read_reg_14360                                           |   64|   0|   64|          0|
    |p_ZZ14rm13_w4a8_tileE8xs_cache_10_load_reg_17877                    |   32|   0|   32|          0|
    |p_cast375_reg_17473                                                 |   29|   0|   32|          3|
    |p_cast376_reg_17503                                                 |   29|   0|   32|          3|
    |p_cast377_reg_17538                                                 |   28|   0|   32|          4|
    |p_cast378_reg_17568                                                 |   29|   0|   32|          3|
    |p_cast379_reg_17598                                                 |   28|   0|   32|          4|
    |p_cast380_reg_17628                                                 |   28|   0|   32|          4|
    |p_cast385_reg_17423                                                 |   30|   0|   62|         32|
    |p_cast386_reg_17453                                                 |   29|   0|   62|         33|
    |p_cast389_reg_17483                                                 |   29|   0|   62|         33|
    |p_cast390_reg_17518                                                 |   28|   0|   62|         34|
    |p_cast393_reg_17548                                                 |   29|   0|   62|         33|
    |p_cast394_reg_17578                                                 |   28|   0|   62|         34|
    |p_cast396_reg_17608                                                 |   28|   0|   62|         34|
    |p_cast_reg_17443                                                    |   30|   0|   32|          2|
    |packed_w4_read_reg_14502                                            |   64|   0|   64|          0|
    |packed_x_f32_read_reg_14492                                         |   64|   0|   64|          0|
    |phi_mul_fu_1584                                                     |   41|   0|   41|          0|
    |result_100_fu_1472                                                  |   32|   0|   32|          0|
    |result_101_fu_1476                                                  |   32|   0|   32|          0|
    |result_102_fu_1480                                                  |   32|   0|   32|          0|
    |result_103_fu_1484                                                  |   32|   0|   32|          0|
    |result_104_fu_1488                                                  |   32|   0|   32|          0|
    |result_105_fu_1492                                                  |   32|   0|   32|          0|
    |result_106_fu_1496                                                  |   32|   0|   32|          0|
    |result_107_fu_1500                                                  |   32|   0|   32|          0|
    |result_108_fu_1504                                                  |   32|   0|   32|          0|
    |result_109_fu_1508                                                  |   32|   0|   32|          0|
    |result_10_fu_1112                                                   |   32|   0|   32|          0|
    |result_110_fu_1512                                                  |   32|   0|   32|          0|
    |result_111_fu_1516                                                  |   32|   0|   32|          0|
    |result_112_fu_1520                                                  |   32|   0|   32|          0|
    |result_113_fu_1524                                                  |   32|   0|   32|          0|
    |result_114_fu_1528                                                  |   32|   0|   32|          0|
    |result_115_fu_1532                                                  |   32|   0|   32|          0|
    |result_116_fu_1536                                                  |   32|   0|   32|          0|
    |result_117_fu_1540                                                  |   32|   0|   32|          0|
    |result_118_fu_1544                                                  |   32|   0|   32|          0|
    |result_119_fu_1548                                                  |   32|   0|   32|          0|
    |result_11_fu_1116                                                   |   32|   0|   32|          0|
    |result_120_fu_1552                                                  |   32|   0|   32|          0|
    |result_121_fu_1556                                                  |   32|   0|   32|          0|
    |result_122_fu_1560                                                  |   32|   0|   32|          0|
    |result_123_fu_1564                                                  |   32|   0|   32|          0|
    |result_124_fu_1568                                                  |   32|   0|   32|          0|
    |result_125_fu_1572                                                  |   32|   0|   32|          0|
    |result_126_fu_1576                                                  |   32|   0|   32|          0|
    |result_127_fu_1580                                                  |   32|   0|   32|          0|
    |result_12_fu_1120                                                   |   32|   0|   32|          0|
    |result_13_fu_1124                                                   |   32|   0|   32|          0|
    |result_14_fu_1128                                                   |   32|   0|   32|          0|
    |result_15_fu_1132                                                   |   32|   0|   32|          0|
    |result_16_fu_1136                                                   |   32|   0|   32|          0|
    |result_17_fu_1140                                                   |   32|   0|   32|          0|
    |result_18_fu_1144                                                   |   32|   0|   32|          0|
    |result_19_fu_1148                                                   |   32|   0|   32|          0|
    |result_1_fu_1076                                                    |   32|   0|   32|          0|
    |result_20_fu_1152                                                   |   32|   0|   32|          0|
    |result_21_fu_1156                                                   |   32|   0|   32|          0|
    |result_22_fu_1160                                                   |   32|   0|   32|          0|
    |result_23_fu_1164                                                   |   32|   0|   32|          0|
    |result_24_fu_1168                                                   |   32|   0|   32|          0|
    |result_25_fu_1172                                                   |   32|   0|   32|          0|
    |result_26_fu_1176                                                   |   32|   0|   32|          0|
    |result_27_fu_1180                                                   |   32|   0|   32|          0|
    |result_28_fu_1184                                                   |   32|   0|   32|          0|
    |result_29_fu_1188                                                   |   32|   0|   32|          0|
    |result_2_fu_1080                                                    |   32|   0|   32|          0|
    |result_30_fu_1192                                                   |   32|   0|   32|          0|
    |result_31_fu_1196                                                   |   32|   0|   32|          0|
    |result_32_fu_1200                                                   |   32|   0|   32|          0|
    |result_33_fu_1204                                                   |   32|   0|   32|          0|
    |result_34_fu_1208                                                   |   32|   0|   32|          0|
    |result_35_fu_1212                                                   |   32|   0|   32|          0|
    |result_36_fu_1216                                                   |   32|   0|   32|          0|
    |result_37_fu_1220                                                   |   32|   0|   32|          0|
    |result_38_fu_1224                                                   |   32|   0|   32|          0|
    |result_39_fu_1228                                                   |   32|   0|   32|          0|
    |result_3_fu_1084                                                    |   32|   0|   32|          0|
    |result_40_fu_1232                                                   |   32|   0|   32|          0|
    |result_41_fu_1236                                                   |   32|   0|   32|          0|
    |result_42_fu_1240                                                   |   32|   0|   32|          0|
    |result_43_fu_1244                                                   |   32|   0|   32|          0|
    |result_44_fu_1248                                                   |   32|   0|   32|          0|
    |result_45_fu_1252                                                   |   32|   0|   32|          0|
    |result_46_fu_1256                                                   |   32|   0|   32|          0|
    |result_47_fu_1260                                                   |   32|   0|   32|          0|
    |result_48_fu_1264                                                   |   32|   0|   32|          0|
    |result_49_fu_1268                                                   |   32|   0|   32|          0|
    |result_4_fu_1088                                                    |   32|   0|   32|          0|
    |result_50_fu_1272                                                   |   32|   0|   32|          0|
    |result_51_fu_1276                                                   |   32|   0|   32|          0|
    |result_52_fu_1280                                                   |   32|   0|   32|          0|
    |result_53_fu_1284                                                   |   32|   0|   32|          0|
    |result_54_fu_1288                                                   |   32|   0|   32|          0|
    |result_55_fu_1292                                                   |   32|   0|   32|          0|
    |result_56_fu_1296                                                   |   32|   0|   32|          0|
    |result_57_fu_1300                                                   |   32|   0|   32|          0|
    |result_58_fu_1304                                                   |   32|   0|   32|          0|
    |result_59_fu_1308                                                   |   32|   0|   32|          0|
    |result_5_fu_1092                                                    |   32|   0|   32|          0|
    |result_60_fu_1312                                                   |   32|   0|   32|          0|
    |result_61_fu_1316                                                   |   32|   0|   32|          0|
    |result_62_fu_1320                                                   |   32|   0|   32|          0|
    |result_63_fu_1324                                                   |   32|   0|   32|          0|
    |result_64_fu_1328                                                   |   32|   0|   32|          0|
    |result_65_fu_1332                                                   |   32|   0|   32|          0|
    |result_66_fu_1336                                                   |   32|   0|   32|          0|
    |result_67_fu_1340                                                   |   32|   0|   32|          0|
    |result_68_fu_1344                                                   |   32|   0|   32|          0|
    |result_69_fu_1348                                                   |   32|   0|   32|          0|
    |result_6_fu_1096                                                    |   32|   0|   32|          0|
    |result_70_fu_1352                                                   |   32|   0|   32|          0|
    |result_71_fu_1356                                                   |   32|   0|   32|          0|
    |result_72_fu_1360                                                   |   32|   0|   32|          0|
    |result_73_fu_1364                                                   |   32|   0|   32|          0|
    |result_74_fu_1368                                                   |   32|   0|   32|          0|
    |result_75_fu_1372                                                   |   32|   0|   32|          0|
    |result_76_fu_1376                                                   |   32|   0|   32|          0|
    |result_77_fu_1380                                                   |   32|   0|   32|          0|
    |result_78_fu_1384                                                   |   32|   0|   32|          0|
    |result_79_fu_1388                                                   |   32|   0|   32|          0|
    |result_7_fu_1100                                                    |   32|   0|   32|          0|
    |result_80_fu_1392                                                   |   32|   0|   32|          0|
    |result_81_fu_1396                                                   |   32|   0|   32|          0|
    |result_82_fu_1400                                                   |   32|   0|   32|          0|
    |result_83_fu_1404                                                   |   32|   0|   32|          0|
    |result_84_fu_1408                                                   |   32|   0|   32|          0|
    |result_85_fu_1412                                                   |   32|   0|   32|          0|
    |result_86_fu_1416                                                   |   32|   0|   32|          0|
    |result_87_fu_1420                                                   |   32|   0|   32|          0|
    |result_88_fu_1424                                                   |   32|   0|   32|          0|
    |result_89_fu_1428                                                   |   32|   0|   32|          0|
    |result_8_fu_1104                                                    |   32|   0|   32|          0|
    |result_90_fu_1432                                                   |   32|   0|   32|          0|
    |result_91_fu_1436                                                   |   32|   0|   32|          0|
    |result_92_fu_1440                                                   |   32|   0|   32|          0|
    |result_93_fu_1444                                                   |   32|   0|   32|          0|
    |result_94_fu_1448                                                   |   32|   0|   32|          0|
    |result_95_fu_1452                                                   |   32|   0|   32|          0|
    |result_96_fu_1456                                                   |   32|   0|   32|          0|
    |result_97_fu_1460                                                   |   32|   0|   32|          0|
    |result_98_fu_1464                                                   |   32|   0|   32|          0|
    |result_99_fu_1468                                                   |   32|   0|   32|          0|
    |result_9_fu_1108                                                    |   32|   0|   32|          0|
    |result_fu_1072                                                      |   32|   0|   32|          0|
    |retval_13_reg_4467                                                  |    4|   0|    4|          0|
    |rev8290_reg_17129                                                   |    1|   0|    1|          0|
    |rev8292_reg_17144                                                   |    1|   0|    1|          0|
    |rev8294_reg_17159                                                   |    1|   0|    1|          0|
    |rev8296_reg_17174                                                   |    1|   0|    1|          0|
    |rev8298_reg_17189                                                   |    1|   0|    1|          0|
    |rev8300_reg_17204                                                   |    1|   0|    1|          0|
    |rev8302_reg_17219                                                   |    1|   0|    1|          0|
    |rev8304_reg_17234                                                   |    1|   0|    1|          0|
    |rev8306_reg_17249                                                   |    1|   0|    1|          0|
    |rev8308_reg_17264                                                   |    1|   0|    1|          0|
    |rev8310_reg_17279                                                   |    1|   0|    1|          0|
    |rev8312_reg_17294                                                   |    1|   0|    1|          0|
    |rev8314_reg_17309                                                   |    1|   0|    1|          0|
    |rev8316_reg_17336                                                   |    1|   0|    1|          0|
    |rev8318_reg_17363                                                   |    1|   0|    1|          0|
    |rm13_w4a8_tile_xs_cache_212_reg_17882                               |   32|   0|   32|          0|
    |rm13_w4a8_tile_xs_cache_213_reg_17887                               |   32|   0|   32|          0|
    |rm13_w4a8_tile_xs_cache_214_reg_17892                               |   32|   0|   32|          0|
    |rm13_w4a8_tile_xs_cache_215_reg_17897                               |   32|   0|   32|          0|
    |rm13_w4a8_tile_xs_cache_216_reg_17902                               |   32|   0|   32|          0|
    |scale_1_reg_16831                                                   |   32|   0|   32|          0|
    |scale_reg_16726                                                     |   32|   0|   32|          0|
    |select_ln110_reg_16438                                              |   31|   0|   31|          0|
    |select_ln133_reg_16401                                              |   31|   0|   31|          0|
    |select_ln138_reg_16488                                              |    3|   0|    5|          2|
    |sext_ln110_1_reg_16418                                              |   62|   0|   62|          0|
    |sext_ln110_reg_16413                                                |   33|   0|   33|          0|
    |sext_ln205_reg_16785                                                |   33|   0|   33|          0|
    |shl_ln3_reg_16472                                                   |    6|   0|   13|          7|
    |shl_ln5_reg_17641                                                   |    6|   0|   13|          7|
    |slt8291_reg_17140                                                   |    1|   0|    1|          0|
    |slt8293_reg_17155                                                   |    1|   0|    1|          0|
    |slt8295_reg_17170                                                   |    1|   0|    1|          0|
    |slt8297_reg_17185                                                   |    1|   0|    1|          0|
    |slt8299_reg_17200                                                   |    1|   0|    1|          0|
    |slt8301_reg_17215                                                   |    1|   0|    1|          0|
    |slt8303_reg_17230                                                   |    1|   0|    1|          0|
    |slt8305_reg_17245                                                   |    1|   0|    1|          0|
    |slt8307_reg_17260                                                   |    1|   0|    1|          0|
    |slt8309_reg_17275                                                   |    1|   0|    1|          0|
    |slt8311_reg_17290                                                   |    1|   0|    1|          0|
    |slt8313_reg_17305                                                   |    1|   0|    1|          0|
    |slt8315_reg_17332                                                   |    1|   0|    1|          0|
    |slt8317_reg_17359                                                   |    1|   0|    1|          0|
    |slt_reg_17125                                                       |    1|   0|    1|          0|
    |tmp_100_reg_17513                                                   |   28|   0|   31|          3|
    |tmp_101_reg_17543                                                   |   29|   0|   31|          2|
    |tmp_102_reg_17573                                                   |   28|   0|   31|          3|
    |tmp_103_reg_17603                                                   |   28|   0|   31|          3|
    |tmp_52_reg_16863                                                    |    7|   0|    9|          2|
    |tmp_71_reg_16721                                                    |    1|   0|    1|          0|
    |tmp_72_reg_16820                                                    |    8|   0|    8|          0|
    |tmp_74_reg_17050                                                    |   30|   0|   31|          1|
    |tmp_76_reg_17055                                                    |   29|   0|   31|          2|
    |tmp_77_reg_17060                                                    |   29|   0|   31|          2|
    |tmp_79_reg_17065                                                    |   28|   0|   31|          3|
    |tmp_80_reg_17070                                                    |   29|   0|   31|          2|
    |tmp_81_reg_17075                                                    |   28|   0|   31|          3|
    |tmp_82_reg_17080                                                    |   28|   0|   31|          3|
    |tmp_84_reg_17085                                                    |   27|   0|   31|          4|
    |tmp_86_reg_17090                                                    |   29|   0|   31|          2|
    |tmp_87_reg_17095                                                    |   28|   0|   31|          3|
    |tmp_88_reg_17100                                                    |   28|   0|   31|          3|
    |tmp_89_reg_17105                                                    |   27|   0|   31|          4|
    |tmp_90_reg_17110                                                    |   28|   0|   31|          3|
    |tmp_91_reg_17115                                                    |   27|   0|   31|          4|
    |tmp_92_reg_17120                                                    |   27|   0|   31|          4|
    |tmp_95_reg_17418                                                    |   30|   0|   31|          1|
    |tmp_97_reg_17448                                                    |   29|   0|   31|          2|
    |tmp_98_reg_17478                                                    |   29|   0|   31|          2|
    |tmp_99_reg_17508                                                    |   28|   0|   28|          0|
    |trunc_ln110_1_reg_16755                                             |    3|   0|    3|          0|
    |trunc_ln113_reg_16826                                               |   23|   0|   23|          0|
    |trunc_ln133_1_reg_16459                                             |    4|   0|    4|          0|
    |trunc_ln138_1_reg_16482                                             |    3|   0|    5|          2|
    |trunc_ln205_reg_16884                                               |   31|   0|   31|          0|
    |trunc_ln5_reg_16493                                                 |   59|   0|   59|          0|
    |trunc_ln7_reg_16868                                                 |   60|   0|   60|          0|
    |valid_k_1_reg_17646                                                 |    3|   0|    8|          5|
    |valid_k_reg_16477                                                   |    3|   0|    8|          5|
    |weight_scales_read_reg_14497                                        |   64|   0|   64|          0|
    |ws_cache_1_load_reg_17792                                           |   32|   0|   32|          0|
    |ws_cache_2_load_reg_17797                                           |   32|   0|   32|          0|
    |ws_cache_3_load_reg_17802                                           |   32|   0|   32|          0|
    |ws_cache_4_load_reg_17807                                           |   32|   0|   32|          0|
    |ws_cache_5_load_reg_17812                                           |   32|   0|   32|          0|
    |ws_cache_6_load_reg_17817                                           |   32|   0|   32|          0|
    |ws_cache_7_load_reg_17822                                           |   32|   0|   32|          0|
    |ws_cache_load_reg_17787                                             |   32|   0|   32|          0|
    |xor_ln275_1_reg_18320                                               |    1|   0|    1|          0|
    |xor_ln275_2_reg_18349                                               |    1|   0|    1|          0|
    |xor_ln275_3_reg_18378                                               |    1|   0|    1|          0|
    |xor_ln275_4_reg_18407                                               |    1|   0|    1|          0|
    |xor_ln275_5_reg_18436                                               |    1|   0|    1|          0|
    |xor_ln275_6_reg_18465                                               |    1|   0|    1|          0|
    |xor_ln275_reg_18291                                                 |    1|   0|    1|          0|
    |xs_cache_10_load_reg_17832                                          |   32|   0|   32|          0|
    |xs_cache_11_load_reg_17837                                          |   32|   0|   32|          0|
    |xs_cache_12_load_reg_17842                                          |   32|   0|   32|          0|
    |xs_cache_13_load_reg_17847                                          |   32|   0|   32|          0|
    |xs_cache_14_load_reg_17852                                          |   32|   0|   32|          0|
    |xs_cache_15_load_reg_17857                                          |   32|   0|   32|          0|
    |xs_cache_16_load_reg_17862                                          |   32|   0|   32|          0|
    |xs_cache_17_load_reg_17867                                          |   32|   0|   32|          0|
    |xs_cache_18_load_reg_17872                                          |   32|   0|   32|          0|
    |xs_cache_load_reg_17827                                             |   32|   0|   32|          0|
    |zext_ln110_2_reg_16765                                              |    2|   0|    7|          5|
    |zext_ln134_reg_16685                                                |    6|   0|   64|         58|
    |zext_ln206_2_reg_17394                                              |    2|   0|    7|          5|
    |zext_ln206_reg_17389                                                |   32|   0|   62|         30|
    +--------------------------------------------------------------------+-----+----+-----+-----------+
    |Total                                                               |25863|   0|26341|        478|
    +--------------------------------------------------------------------+-----+----+-----+-----------+



================================================================
== Interface
================================================================
* Summary: 
+------------------------+-----+-----+------------+----------------+--------------+
|        RTL Ports       | Dir | Bits|  Protocol  |  Source Object |    C Type    |
+------------------------+-----+-----+------------+----------------+--------------+
|s_axi_control_AWVALID   |   in|    1|       s_axi|         control|        scalar|
|s_axi_control_AWREADY   |  out|    1|       s_axi|         control|        scalar|
|s_axi_control_AWADDR    |   in|    7|       s_axi|         control|        scalar|
|s_axi_control_WVALID    |   in|    1|       s_axi|         control|        scalar|
|s_axi_control_WREADY    |  out|    1|       s_axi|         control|        scalar|
|s_axi_control_WDATA     |   in|   32|       s_axi|         control|        scalar|
|s_axi_control_WSTRB     |   in|    4|       s_axi|         control|        scalar|
|s_axi_control_ARVALID   |   in|    1|       s_axi|         control|        scalar|
|s_axi_control_ARREADY   |  out|    1|       s_axi|         control|        scalar|
|s_axi_control_ARADDR    |   in|    7|       s_axi|         control|        scalar|
|s_axi_control_RVALID    |  out|    1|       s_axi|         control|        scalar|
|s_axi_control_RREADY    |   in|    1|       s_axi|         control|        scalar|
|s_axi_control_RDATA     |  out|   32|       s_axi|         control|        scalar|
|s_axi_control_RRESP     |  out|    2|       s_axi|         control|        scalar|
|s_axi_control_BVALID    |  out|    1|       s_axi|         control|        scalar|
|s_axi_control_BREADY    |   in|    1|       s_axi|         control|        scalar|
|s_axi_control_BRESP     |  out|    2|       s_axi|         control|        scalar|
|ap_clk                  |   in|    1|  ap_ctrl_hs|  rm13_w4a8_tile|  return value|
|ap_rst_n                |   in|    1|  ap_ctrl_hs|  rm13_w4a8_tile|  return value|
|interrupt               |  out|    1|  ap_ctrl_hs|  rm13_w4a8_tile|  return value|
|m_axi_gmem_w_AWVALID    |  out|    1|       m_axi|          gmem_w|       pointer|
|m_axi_gmem_w_AWREADY    |   in|    1|       m_axi|          gmem_w|       pointer|
|m_axi_gmem_w_AWADDR     |  out|   64|       m_axi|          gmem_w|       pointer|
|m_axi_gmem_w_AWID       |  out|    1|       m_axi|          gmem_w|       pointer|
|m_axi_gmem_w_AWLEN      |  out|    8|       m_axi|          gmem_w|       pointer|
|m_axi_gmem_w_AWSIZE     |  out|    3|       m_axi|          gmem_w|       pointer|
|m_axi_gmem_w_AWBURST    |  out|    2|       m_axi|          gmem_w|       pointer|
|m_axi_gmem_w_AWLOCK     |  out|    2|       m_axi|          gmem_w|       pointer|
|m_axi_gmem_w_AWCACHE    |  out|    4|       m_axi|          gmem_w|       pointer|
|m_axi_gmem_w_AWPROT     |  out|    3|       m_axi|          gmem_w|       pointer|
|m_axi_gmem_w_AWQOS      |  out|    4|       m_axi|          gmem_w|       pointer|
|m_axi_gmem_w_AWREGION   |  out|    4|       m_axi|          gmem_w|       pointer|
|m_axi_gmem_w_AWUSER     |  out|    1|       m_axi|          gmem_w|       pointer|
|m_axi_gmem_w_WVALID     |  out|    1|       m_axi|          gmem_w|       pointer|
|m_axi_gmem_w_WREADY     |   in|    1|       m_axi|          gmem_w|       pointer|
|m_axi_gmem_w_WDATA      |  out|  128|       m_axi|          gmem_w|       pointer|
|m_axi_gmem_w_WSTRB      |  out|   16|       m_axi|          gmem_w|       pointer|
|m_axi_gmem_w_WLAST      |  out|    1|       m_axi|          gmem_w|       pointer|
|m_axi_gmem_w_WID        |  out|    1|       m_axi|          gmem_w|       pointer|
|m_axi_gmem_w_WUSER      |  out|    1|       m_axi|          gmem_w|       pointer|
|m_axi_gmem_w_ARVALID    |  out|    1|       m_axi|          gmem_w|       pointer|
|m_axi_gmem_w_ARREADY    |   in|    1|       m_axi|          gmem_w|       pointer|
|m_axi_gmem_w_ARADDR     |  out|   64|       m_axi|          gmem_w|       pointer|
|m_axi_gmem_w_ARID       |  out|    1|       m_axi|          gmem_w|       pointer|
|m_axi_gmem_w_ARLEN      |  out|    8|       m_axi|          gmem_w|       pointer|
|m_axi_gmem_w_ARSIZE     |  out|    3|       m_axi|          gmem_w|       pointer|
|m_axi_gmem_w_ARBURST    |  out|    2|       m_axi|          gmem_w|       pointer|
|m_axi_gmem_w_ARLOCK     |  out|    2|       m_axi|          gmem_w|       pointer|
|m_axi_gmem_w_ARCACHE    |  out|    4|       m_axi|          gmem_w|       pointer|
|m_axi_gmem_w_ARPROT     |  out|    3|       m_axi|          gmem_w|       pointer|
|m_axi_gmem_w_ARQOS      |  out|    4|       m_axi|          gmem_w|       pointer|
|m_axi_gmem_w_ARREGION   |  out|    4|       m_axi|          gmem_w|       pointer|
|m_axi_gmem_w_ARUSER     |  out|    1|       m_axi|          gmem_w|       pointer|
|m_axi_gmem_w_RVALID     |   in|    1|       m_axi|          gmem_w|       pointer|
|m_axi_gmem_w_RREADY     |  out|    1|       m_axi|          gmem_w|       pointer|
|m_axi_gmem_w_RDATA      |   in|  128|       m_axi|          gmem_w|       pointer|
|m_axi_gmem_w_RLAST      |   in|    1|       m_axi|          gmem_w|       pointer|
|m_axi_gmem_w_RID        |   in|    1|       m_axi|          gmem_w|       pointer|
|m_axi_gmem_w_RUSER      |   in|    1|       m_axi|          gmem_w|       pointer|
|m_axi_gmem_w_RRESP      |   in|    2|       m_axi|          gmem_w|       pointer|
|m_axi_gmem_w_BVALID     |   in|    1|       m_axi|          gmem_w|       pointer|
|m_axi_gmem_w_BREADY     |  out|    1|       m_axi|          gmem_w|       pointer|
|m_axi_gmem_w_BRESP      |   in|    2|       m_axi|          gmem_w|       pointer|
|m_axi_gmem_w_BID        |   in|    1|       m_axi|          gmem_w|       pointer|
|m_axi_gmem_w_BUSER      |   in|    1|       m_axi|          gmem_w|       pointer|
|m_axi_gmem_ws_AWVALID   |  out|    1|       m_axi|         gmem_ws|       pointer|
|m_axi_gmem_ws_AWREADY   |   in|    1|       m_axi|         gmem_ws|       pointer|
|m_axi_gmem_ws_AWADDR    |  out|   64|       m_axi|         gmem_ws|       pointer|
|m_axi_gmem_ws_AWID      |  out|    1|       m_axi|         gmem_ws|       pointer|
|m_axi_gmem_ws_AWLEN     |  out|    8|       m_axi|         gmem_ws|       pointer|
|m_axi_gmem_ws_AWSIZE    |  out|    3|       m_axi|         gmem_ws|       pointer|
|m_axi_gmem_ws_AWBURST   |  out|    2|       m_axi|         gmem_ws|       pointer|
|m_axi_gmem_ws_AWLOCK    |  out|    2|       m_axi|         gmem_ws|       pointer|
|m_axi_gmem_ws_AWCACHE   |  out|    4|       m_axi|         gmem_ws|       pointer|
|m_axi_gmem_ws_AWPROT    |  out|    3|       m_axi|         gmem_ws|       pointer|
|m_axi_gmem_ws_AWQOS     |  out|    4|       m_axi|         gmem_ws|       pointer|
|m_axi_gmem_ws_AWREGION  |  out|    4|       m_axi|         gmem_ws|       pointer|
|m_axi_gmem_ws_AWUSER    |  out|    1|       m_axi|         gmem_ws|       pointer|
|m_axi_gmem_ws_WVALID    |  out|    1|       m_axi|         gmem_ws|       pointer|
|m_axi_gmem_ws_WREADY    |   in|    1|       m_axi|         gmem_ws|       pointer|
|m_axi_gmem_ws_WDATA     |  out|   32|       m_axi|         gmem_ws|       pointer|
|m_axi_gmem_ws_WSTRB     |  out|    4|       m_axi|         gmem_ws|       pointer|
|m_axi_gmem_ws_WLAST     |  out|    1|       m_axi|         gmem_ws|       pointer|
|m_axi_gmem_ws_WID       |  out|    1|       m_axi|         gmem_ws|       pointer|
|m_axi_gmem_ws_WUSER     |  out|    1|       m_axi|         gmem_ws|       pointer|
|m_axi_gmem_ws_ARVALID   |  out|    1|       m_axi|         gmem_ws|       pointer|
|m_axi_gmem_ws_ARREADY   |   in|    1|       m_axi|         gmem_ws|       pointer|
|m_axi_gmem_ws_ARADDR    |  out|   64|       m_axi|         gmem_ws|       pointer|
|m_axi_gmem_ws_ARID      |  out|    1|       m_axi|         gmem_ws|       pointer|
|m_axi_gmem_ws_ARLEN     |  out|    8|       m_axi|         gmem_ws|       pointer|
|m_axi_gmem_ws_ARSIZE    |  out|    3|       m_axi|         gmem_ws|       pointer|
|m_axi_gmem_ws_ARBURST   |  out|    2|       m_axi|         gmem_ws|       pointer|
|m_axi_gmem_ws_ARLOCK    |  out|    2|       m_axi|         gmem_ws|       pointer|
|m_axi_gmem_ws_ARCACHE   |  out|    4|       m_axi|         gmem_ws|       pointer|
|m_axi_gmem_ws_ARPROT    |  out|    3|       m_axi|         gmem_ws|       pointer|
|m_axi_gmem_ws_ARQOS     |  out|    4|       m_axi|         gmem_ws|       pointer|
|m_axi_gmem_ws_ARREGION  |  out|    4|       m_axi|         gmem_ws|       pointer|
|m_axi_gmem_ws_ARUSER    |  out|    1|       m_axi|         gmem_ws|       pointer|
|m_axi_gmem_ws_RVALID    |   in|    1|       m_axi|         gmem_ws|       pointer|
|m_axi_gmem_ws_RREADY    |  out|    1|       m_axi|         gmem_ws|       pointer|
|m_axi_gmem_ws_RDATA     |   in|   32|       m_axi|         gmem_ws|       pointer|
|m_axi_gmem_ws_RLAST     |   in|    1|       m_axi|         gmem_ws|       pointer|
|m_axi_gmem_ws_RID       |   in|    1|       m_axi|         gmem_ws|       pointer|
|m_axi_gmem_ws_RUSER     |   in|    1|       m_axi|         gmem_ws|       pointer|
|m_axi_gmem_ws_RRESP     |   in|    2|       m_axi|         gmem_ws|       pointer|
|m_axi_gmem_ws_BVALID    |   in|    1|       m_axi|         gmem_ws|       pointer|
|m_axi_gmem_ws_BREADY    |  out|    1|       m_axi|         gmem_ws|       pointer|
|m_axi_gmem_ws_BRESP     |   in|    2|       m_axi|         gmem_ws|       pointer|
|m_axi_gmem_ws_BID       |   in|    1|       m_axi|         gmem_ws|       pointer|
|m_axi_gmem_ws_BUSER     |   in|    1|       m_axi|         gmem_ws|       pointer|
|m_axi_gmem_x_AWVALID    |  out|    1|       m_axi|          gmem_x|       pointer|
|m_axi_gmem_x_AWREADY    |   in|    1|       m_axi|          gmem_x|       pointer|
|m_axi_gmem_x_AWADDR     |  out|   64|       m_axi|          gmem_x|       pointer|
|m_axi_gmem_x_AWID       |  out|    1|       m_axi|          gmem_x|       pointer|
|m_axi_gmem_x_AWLEN      |  out|    8|       m_axi|          gmem_x|       pointer|
|m_axi_gmem_x_AWSIZE     |  out|    3|       m_axi|          gmem_x|       pointer|
|m_axi_gmem_x_AWBURST    |  out|    2|       m_axi|          gmem_x|       pointer|
|m_axi_gmem_x_AWLOCK     |  out|    2|       m_axi|          gmem_x|       pointer|
|m_axi_gmem_x_AWCACHE    |  out|    4|       m_axi|          gmem_x|       pointer|
|m_axi_gmem_x_AWPROT     |  out|    3|       m_axi|          gmem_x|       pointer|
|m_axi_gmem_x_AWQOS      |  out|    4|       m_axi|          gmem_x|       pointer|
|m_axi_gmem_x_AWREGION   |  out|    4|       m_axi|          gmem_x|       pointer|
|m_axi_gmem_x_AWUSER     |  out|    1|       m_axi|          gmem_x|       pointer|
|m_axi_gmem_x_WVALID     |  out|    1|       m_axi|          gmem_x|       pointer|
|m_axi_gmem_x_WREADY     |   in|    1|       m_axi|          gmem_x|       pointer|
|m_axi_gmem_x_WDATA      |  out|  256|       m_axi|          gmem_x|       pointer|
|m_axi_gmem_x_WSTRB      |  out|   32|       m_axi|          gmem_x|       pointer|
|m_axi_gmem_x_WLAST      |  out|    1|       m_axi|          gmem_x|       pointer|
|m_axi_gmem_x_WID        |  out|    1|       m_axi|          gmem_x|       pointer|
|m_axi_gmem_x_WUSER      |  out|    1|       m_axi|          gmem_x|       pointer|
|m_axi_gmem_x_ARVALID    |  out|    1|       m_axi|          gmem_x|       pointer|
|m_axi_gmem_x_ARREADY    |   in|    1|       m_axi|          gmem_x|       pointer|
|m_axi_gmem_x_ARADDR     |  out|   64|       m_axi|          gmem_x|       pointer|
|m_axi_gmem_x_ARID       |  out|    1|       m_axi|          gmem_x|       pointer|
|m_axi_gmem_x_ARLEN      |  out|    8|       m_axi|          gmem_x|       pointer|
|m_axi_gmem_x_ARSIZE     |  out|    3|       m_axi|          gmem_x|       pointer|
|m_axi_gmem_x_ARBURST    |  out|    2|       m_axi|          gmem_x|       pointer|
|m_axi_gmem_x_ARLOCK     |  out|    2|       m_axi|          gmem_x|       pointer|
|m_axi_gmem_x_ARCACHE    |  out|    4|       m_axi|          gmem_x|       pointer|
|m_axi_gmem_x_ARPROT     |  out|    3|       m_axi|          gmem_x|       pointer|
|m_axi_gmem_x_ARQOS      |  out|    4|       m_axi|          gmem_x|       pointer|
|m_axi_gmem_x_ARREGION   |  out|    4|       m_axi|          gmem_x|       pointer|
|m_axi_gmem_x_ARUSER     |  out|    1|       m_axi|          gmem_x|       pointer|
|m_axi_gmem_x_RVALID     |   in|    1|       m_axi|          gmem_x|       pointer|
|m_axi_gmem_x_RREADY     |  out|    1|       m_axi|          gmem_x|       pointer|
|m_axi_gmem_x_RDATA      |   in|  256|       m_axi|          gmem_x|       pointer|
|m_axi_gmem_x_RLAST      |   in|    1|       m_axi|          gmem_x|       pointer|
|m_axi_gmem_x_RID        |   in|    1|       m_axi|          gmem_x|       pointer|
|m_axi_gmem_x_RUSER      |   in|    1|       m_axi|          gmem_x|       pointer|
|m_axi_gmem_x_RRESP      |   in|    2|       m_axi|          gmem_x|       pointer|
|m_axi_gmem_x_BVALID     |   in|    1|       m_axi|          gmem_x|       pointer|
|m_axi_gmem_x_BREADY     |  out|    1|       m_axi|          gmem_x|       pointer|
|m_axi_gmem_x_BRESP      |   in|    2|       m_axi|          gmem_x|       pointer|
|m_axi_gmem_x_BID        |   in|    1|       m_axi|          gmem_x|       pointer|
|m_axi_gmem_x_BUSER      |   in|    1|       m_axi|          gmem_x|       pointer|
|m_axi_gmem_y_AWVALID    |  out|    1|       m_axi|          gmem_y|       pointer|
|m_axi_gmem_y_AWREADY    |   in|    1|       m_axi|          gmem_y|       pointer|
|m_axi_gmem_y_AWADDR     |  out|   64|       m_axi|          gmem_y|       pointer|
|m_axi_gmem_y_AWID       |  out|    1|       m_axi|          gmem_y|       pointer|
|m_axi_gmem_y_AWLEN      |  out|    8|       m_axi|          gmem_y|       pointer|
|m_axi_gmem_y_AWSIZE     |  out|    3|       m_axi|          gmem_y|       pointer|
|m_axi_gmem_y_AWBURST    |  out|    2|       m_axi|          gmem_y|       pointer|
|m_axi_gmem_y_AWLOCK     |  out|    2|       m_axi|          gmem_y|       pointer|
|m_axi_gmem_y_AWCACHE    |  out|    4|       m_axi|          gmem_y|       pointer|
|m_axi_gmem_y_AWPROT     |  out|    3|       m_axi|          gmem_y|       pointer|
|m_axi_gmem_y_AWQOS      |  out|    4|       m_axi|          gmem_y|       pointer|
|m_axi_gmem_y_AWREGION   |  out|    4|       m_axi|          gmem_y|       pointer|
|m_axi_gmem_y_AWUSER     |  out|    1|       m_axi|          gmem_y|       pointer|
|m_axi_gmem_y_WVALID     |  out|    1|       m_axi|          gmem_y|       pointer|
|m_axi_gmem_y_WREADY     |   in|    1|       m_axi|          gmem_y|       pointer|
|m_axi_gmem_y_WDATA      |  out|   32|       m_axi|          gmem_y|       pointer|
|m_axi_gmem_y_WSTRB      |  out|    4|       m_axi|          gmem_y|       pointer|
|m_axi_gmem_y_WLAST      |  out|    1|       m_axi|          gmem_y|       pointer|
|m_axi_gmem_y_WID        |  out|    1|       m_axi|          gmem_y|       pointer|
|m_axi_gmem_y_WUSER      |  out|    1|       m_axi|          gmem_y|       pointer|
|m_axi_gmem_y_ARVALID    |  out|    1|       m_axi|          gmem_y|       pointer|
|m_axi_gmem_y_ARREADY    |   in|    1|       m_axi|          gmem_y|       pointer|
|m_axi_gmem_y_ARADDR     |  out|   64|       m_axi|          gmem_y|       pointer|
|m_axi_gmem_y_ARID       |  out|    1|       m_axi|          gmem_y|       pointer|
|m_axi_gmem_y_ARLEN      |  out|    8|       m_axi|          gmem_y|       pointer|
|m_axi_gmem_y_ARSIZE     |  out|    3|       m_axi|          gmem_y|       pointer|
|m_axi_gmem_y_ARBURST    |  out|    2|       m_axi|          gmem_y|       pointer|
|m_axi_gmem_y_ARLOCK     |  out|    2|       m_axi|          gmem_y|       pointer|
|m_axi_gmem_y_ARCACHE    |  out|    4|       m_axi|          gmem_y|       pointer|
|m_axi_gmem_y_ARPROT     |  out|    3|       m_axi|          gmem_y|       pointer|
|m_axi_gmem_y_ARQOS      |  out|    4|       m_axi|          gmem_y|       pointer|
|m_axi_gmem_y_ARREGION   |  out|    4|       m_axi|          gmem_y|       pointer|
|m_axi_gmem_y_ARUSER     |  out|    1|       m_axi|          gmem_y|       pointer|
|m_axi_gmem_y_RVALID     |   in|    1|       m_axi|          gmem_y|       pointer|
|m_axi_gmem_y_RREADY     |  out|    1|       m_axi|          gmem_y|       pointer|
|m_axi_gmem_y_RDATA      |   in|   32|       m_axi|          gmem_y|       pointer|
|m_axi_gmem_y_RLAST      |   in|    1|       m_axi|          gmem_y|       pointer|
|m_axi_gmem_y_RID        |   in|    1|       m_axi|          gmem_y|       pointer|
|m_axi_gmem_y_RUSER      |   in|    1|       m_axi|          gmem_y|       pointer|
|m_axi_gmem_y_RRESP      |   in|    2|       m_axi|          gmem_y|       pointer|
|m_axi_gmem_y_BVALID     |   in|    1|       m_axi|          gmem_y|       pointer|
|m_axi_gmem_y_BREADY     |  out|    1|       m_axi|          gmem_y|       pointer|
|m_axi_gmem_y_BRESP      |   in|    2|       m_axi|          gmem_y|       pointer|
|m_axi_gmem_y_BID        |   in|    1|       m_axi|          gmem_y|       pointer|
|m_axi_gmem_y_BUSER      |   in|    1|       m_axi|          gmem_y|       pointer|
+------------------------+-----+-----+------------+----------------+--------------+

