#-----------------------------------------------------------
# Vivado v2024.2 (64-bit)
# SW Build 5239630 on Fri Nov 08 22:34:34 MST 2024
# IP Build 5239520 on Sun Nov 10 16:12:51 MST 2024
# SharedData Build 5239561 on Fri Nov 08 14:39:27 MST 2024
# Start of session at: Thu Sep 24 16:42:01 2026
# Process ID         : 68556
# Current directory  : /home/zhiro/research/kv260-vlm-workers/RM02-B-hls-baseline
# Command line       : vivado -mode batch -source /home/zhiro/research/kv260-vlm-workers/RM02-B-hls-baseline/experiments/rm03_hls_mapping/source/run_vivado_ooc_impl.tcl -log /home/zhiro/research/kv260-vlm-workers/RM02-B-hls-baseline/experiments/rm03_hls_mapping/reports/vivado_ooc_rm03_k16.console.log
# Log file           : /home/zhiro/research/kv260-vlm-workers/RM02-B-hls-baseline/experiments/rm03_hls_mapping/reports/vivado_ooc_rm03_k16.console.log
# Journal file       : /home/zhiro/research/kv260-vlm-workers/RM02-B-hls-baseline/vivado.jou
# Running On         : zhiro-ThinkBook-16p-G5-IRX
# Platform           : Ubuntu
# Operating System   : Ubuntu 24.04.5 LTS
# Processor Detail   : Intel(R) Core(TM) i7-14650HX
# CPU Frequency      : 1688.837 MHz
# CPU Physical cores : 16
# CPU Logical cores  : 24
# Host memory        : 33337 MB
# Swap memory        : 8589 MB
# Total Virtual      : 41927 MB
# Available Virtual  : 32197 MB
#-----------------------------------------------------------
source /home/zhiro/research/kv260-vlm-workers/RM02-B-hls-baseline/experiments/rm03_hls_mapping/source/run_vivado_ooc_impl.tcl
# set rtl_dir $::env(RM03_RTL_DIR)
# set out_dir $::env(RM03_VIVADO_OUT)
# file mkdir $out_dir
# create_project -force rm03_ooc_feasibility [file join $out_dir project] -part xck26-sfvc784-2LV-c
# set rtl_files [glob -nocomplain [file join $rtl_dir *.v]]
# if {[llength $rtl_files] == 0} { error "No generated Verilog in $rtl_dir" }
# add_files -norecurse $rtl_files
# set_property top vision_gemm [current_fileset]
# foreach ip_tcl [glob -nocomplain [file join $rtl_dir *_ip.tcl]] {
#     source $ip_tcl
# }
## set vivado_ver [version -short]
## set fpo_ver 7.1
## if {[regexp -nocase {2015\.1.*} $vivado_ver match]} {
##     set fpo_ver 7.0
## }
## create_ip -name floating_point -version $fpo_ver -vendor xilinx.com -library ip -module_name vision_gemm_fmul_32ns_32ns_32_5_max_dsp_1_ip
INFO: [IP_Flow 19-234] Refreshing IP repositories
INFO: [IP_Flow 19-1704] No user IP repositories specified
INFO: [IP_Flow 19-2313] Loaded Vivado IP repository '/home/zhiro/research/kv260-vlm/tools/Xilinx/Vivado/2024.2/data/ip'.
## set_property -dict [list CONFIG.a_precision_type Single \
##                           CONFIG.a_tuser_width 1 \
##                           CONFIG.add_sub_value Both \
##                           CONFIG.b_tuser_width 1 \
##                           CONFIG.c_a_exponent_width 8 \
##                           CONFIG.c_a_fraction_width 24 \
##                           CONFIG.c_compare_operation Programmable \
##                           CONFIG.c_has_divide_by_zero false \
##                           CONFIG.c_has_invalid_op false \
##                           CONFIG.c_has_overflow false \
##                           CONFIG.c_has_underflow false \
##                           CONFIG.c_latency 3 \
##                           CONFIG.c_mult_usage Max_Usage \
##                           CONFIG.c_optimization Speed_Optimized \
##                           CONFIG.c_rate 1 \
##                           CONFIG.c_result_exponent_width 8 \
##                           CONFIG.c_result_fraction_width 24 \
##                           CONFIG.component_name vision_gemm_fmul_32ns_32ns_32_5_max_dsp_1_ip \
##                           CONFIG.flow_control NonBlocking \
##                           CONFIG.has_a_tlast false \
##                           CONFIG.has_a_tuser false \
##                           CONFIG.has_aclken true \
##                           CONFIG.has_aresetn false \
##                           CONFIG.has_b_tlast false \
##                           CONFIG.has_b_tuser false \
##                           CONFIG.has_operation_tlast false \
##                           CONFIG.has_operation_tuser false \
##                           CONFIG.has_result_tready false \
##                           CONFIG.maximum_latency false \
##                           CONFIG.operation_tuser_width 1 \
##                           CONFIG.operation_type Multiply \
##                           CONFIG.result_precision_type Single \
##                           CONFIG.result_tlast_behv Null] -objects [get_ips vision_gemm_fmul_32ns_32ns_32_5_max_dsp_1_ip] -quiet
## set_property generate_synth_checkpoint false [get_files vision_gemm_fmul_32ns_32ns_32_5_max_dsp_1_ip.xci]
## generate_target {synthesis simulation} [get_files vision_gemm_fmul_32ns_32ns_32_5_max_dsp_1_ip.xci]
INFO: [IP_Flow 19-1686] Generating 'Synthesis' target for IP 'vision_gemm_fmul_32ns_32ns_32_5_max_dsp_1_ip'...
INFO: [IP_Flow 19-1686] Generating 'Simulation' target for IP 'vision_gemm_fmul_32ns_32ns_32_5_max_dsp_1_ip'...
## set vivado_ver [version -short]
## set fpo_ver 7.1
## if {[regexp -nocase {2015\.1.*} $vivado_ver match]} {
##     set fpo_ver 7.0
## }
## create_ip -name floating_point -version $fpo_ver -vendor xilinx.com -library ip -module_name vision_gemm_fadd_32ns_32ns_32_8_full_dsp_1_ip
## set_property -dict [list CONFIG.a_precision_type Single \
##                           CONFIG.a_tuser_width 1 \
##                           CONFIG.add_sub_value Add \
##                           CONFIG.b_tuser_width 1 \
##                           CONFIG.c_a_exponent_width 8 \
##                           CONFIG.c_a_fraction_width 24 \
##                           CONFIG.c_compare_operation Programmable \
##                           CONFIG.c_has_divide_by_zero false \
##                           CONFIG.c_has_invalid_op false \
##                           CONFIG.c_has_overflow false \
##                           CONFIG.c_has_underflow false \
##                           CONFIG.c_latency 6 \
##                           CONFIG.c_mult_usage Full_Usage \
##                           CONFIG.c_optimization Speed_Optimized \
##                           CONFIG.c_rate 1 \
##                           CONFIG.c_result_exponent_width 8 \
##                           CONFIG.c_result_fraction_width 24 \
##                           CONFIG.component_name vision_gemm_fadd_32ns_32ns_32_8_full_dsp_1_ip \
##                           CONFIG.flow_control NonBlocking \
##                           CONFIG.has_a_tlast false \
##                           CONFIG.has_a_tuser false \
##                           CONFIG.has_aclken true \
##                           CONFIG.has_aresetn false \
##                           CONFIG.has_b_tlast false \
##                           CONFIG.has_b_tuser false \
##                           CONFIG.has_operation_tlast false \
##                           CONFIG.has_operation_tuser false \
##                           CONFIG.has_result_tready false \
##                           CONFIG.maximum_latency false \
##                           CONFIG.operation_tuser_width 1 \
##                           CONFIG.operation_type Add_Subtract \
##                           CONFIG.result_precision_type Single \
##                           CONFIG.result_tlast_behv Null] -objects [get_ips vision_gemm_fadd_32ns_32ns_32_8_full_dsp_1_ip] -quiet
## set_property generate_synth_checkpoint false [get_files vision_gemm_fadd_32ns_32ns_32_8_full_dsp_1_ip.xci]
## generate_target {synthesis simulation} [get_files vision_gemm_fadd_32ns_32ns_32_8_full_dsp_1_ip.xci]
INFO: [IP_Flow 19-1686] Generating 'Synthesis' target for IP 'vision_gemm_fadd_32ns_32ns_32_8_full_dsp_1_ip'...
INFO: [IP_Flow 19-1686] Generating 'Simulation' target for IP 'vision_gemm_fadd_32ns_32ns_32_8_full_dsp_1_ip'...
## set vivado_ver [version -short]
## set fpo_ver 7.1
## if {[regexp -nocase {2015\.1.*} $vivado_ver match]} {
##     set fpo_ver 7.0
## }
## create_ip -name floating_point -version $fpo_ver -vendor xilinx.com -library ip -module_name vision_gemm_fadd_32ns_32ns_32_6_no_dsp_1_ip
## set_property -dict [list CONFIG.a_precision_type Single \
##                           CONFIG.a_tuser_width 1 \
##                           CONFIG.add_sub_value Add \
##                           CONFIG.b_tuser_width 1 \
##                           CONFIG.c_a_exponent_width 8 \
##                           CONFIG.c_a_fraction_width 24 \
##                           CONFIG.c_compare_operation Programmable \
##                           CONFIG.c_has_divide_by_zero false \
##                           CONFIG.c_has_invalid_op false \
##                           CONFIG.c_has_overflow false \
##                           CONFIG.c_has_underflow false \
##                           CONFIG.c_latency 4 \
##                           CONFIG.c_mult_usage No_Usage \
##                           CONFIG.c_optimization Speed_Optimized \
##                           CONFIG.c_rate 1 \
##                           CONFIG.c_result_exponent_width 8 \
##                           CONFIG.c_result_fraction_width 24 \
##                           CONFIG.component_name vision_gemm_fadd_32ns_32ns_32_6_no_dsp_1_ip \
##                           CONFIG.flow_control NonBlocking \
##                           CONFIG.has_a_tlast false \
##                           CONFIG.has_a_tuser false \
##                           CONFIG.has_aclken true \
##                           CONFIG.has_aresetn false \
##                           CONFIG.has_b_tlast false \
##                           CONFIG.has_b_tuser false \
##                           CONFIG.has_operation_tlast false \
##                           CONFIG.has_operation_tuser false \
##                           CONFIG.has_result_tready false \
##                           CONFIG.maximum_latency false \
##                           CONFIG.operation_tuser_width 1 \
##                           CONFIG.operation_type Add_Subtract \
##                           CONFIG.result_precision_type Single \
##                           CONFIG.result_tlast_behv Null] -objects [get_ips vision_gemm_fadd_32ns_32ns_32_6_no_dsp_1_ip] -quiet
## set_property generate_synth_checkpoint false [get_files vision_gemm_fadd_32ns_32ns_32_6_no_dsp_1_ip.xci]
## generate_target {synthesis simulation} [get_files vision_gemm_fadd_32ns_32ns_32_6_no_dsp_1_ip.xci]
INFO: [IP_Flow 19-1686] Generating 'Synthesis' target for IP 'vision_gemm_fadd_32ns_32ns_32_6_no_dsp_1_ip'...
INFO: [IP_Flow 19-1686] Generating 'Simulation' target for IP 'vision_gemm_fadd_32ns_32ns_32_6_no_dsp_1_ip'...
# update_compile_order -fileset sources_1
# synth_design -mode out_of_context -top vision_gemm -part xck26-sfvc784-2LV-c -flatten_hierarchy none
Command: synth_design -mode out_of_context -top vision_gemm -part xck26-sfvc784-2LV-c -flatten_hierarchy none
Starting synth_design
Attempting to get a license for feature 'Synthesis' and/or device 'xck26'
INFO: [Common 17-349] Got license for feature 'Synthesis' and/or device 'xck26'
INFO: [Synth 8-7079] Multithreading enabled for synth_design using a maximum of 7 processes.
INFO: [Synth 8-7078] Launching helper process for spawning children vivado processes
INFO: [Synth 8-7075] Helper process launched with PID 68588
---------------------------------------------------------------------------------
Starting Synthesize : Time (s): cpu = 00:00:02 ; elapsed = 00:00:03 . Memory (MB): peak = 1895.371 ; gain = 374.859 ; free physical = 9178 ; free virtual = 29605
---------------------------------------------------------------------------------
INFO: [Synth 8-6157] synthesizing module 'vision_gemm' [/home/zhiro/research/kv260-vlm-workers/RM02-B-hls-baseline/experiments/rm03_hls_mapping/reports/rm03_pe4x4_k16_noflat/project/solution1/syn/verilog/vision_gemm.v:9]
INFO: [Synth 8-6157] synthesizing module 'vision_gemm_weight_tile_RAM_2P_URAM_1R1W' [/home/zhiro/research/kv260-vlm-workers/RM02-B-hls-baseline/experiments/rm03_hls_mapping/reports/rm03_pe4x4_k16_noflat/project/solution1/syn/verilog/vision_gemm_weight_tile_RAM_2P_URAM_1R1W.v:7]
	Parameter DataWidth bound to: 128 - type: integer 
	Parameter AddressWidth bound to: 12 - type: integer 
	Parameter AddressRange bound to: 2152 - type: integer 
INFO: [Synth 8-6155] done synthesizing module 'vision_gemm_weight_tile_RAM_2P_URAM_1R1W' (0#1) [/home/zhiro/research/kv260-vlm-workers/RM02-B-hls-baseline/experiments/rm03_hls_mapping/reports/rm03_pe4x4_k16_noflat/project/solution1/syn/verilog/vision_gemm_weight_tile_RAM_2P_URAM_1R1W.v:7]
INFO: [Synth 8-6157] synthesizing module 'vision_gemm_activation_tile_RAM_2P_URAM_1R1W' [/home/zhiro/research/kv260-vlm-workers/RM02-B-hls-baseline/experiments/rm03_hls_mapping/reports/rm03_pe4x4_k16_noflat/project/solution1/syn/verilog/vision_gemm_activation_tile_RAM_2P_URAM_1R1W.v:7]
	Parameter DataWidth bound to: 256 - type: integer 
	Parameter AddressWidth bound to: 13 - type: integer 
	Parameter AddressRange bound to: 4304 - type: integer 
INFO: [Synth 8-6155] done synthesizing module 'vision_gemm_activation_tile_RAM_2P_URAM_1R1W' (0#1) [/home/zhiro/research/kv260-vlm-workers/RM02-B-hls-baseline/experiments/rm03_hls_mapping/reports/rm03_pe4x4_k16_noflat/project/solution1/syn/verilog/vision_gemm_activation_tile_RAM_2P_URAM_1R1W.v:7]
INFO: [Synth 8-6157] synthesizing module 'vision_gemm_result_tile_RAM_2P_BRAM_1R1W' [/home/zhiro/research/kv260-vlm-workers/RM02-B-hls-baseline/experiments/rm03_hls_mapping/reports/rm03_pe4x4_k16_noflat/project/solution1/syn/verilog/vision_gemm_result_tile_RAM_2P_BRAM_1R1W.v:7]
	Parameter DataWidth bound to: 32 - type: integer 
	Parameter AddressWidth bound to: 5 - type: integer 
	Parameter AddressRange bound to: 32 - type: integer 
INFO: [Synth 8-6155] done synthesizing module 'vision_gemm_result_tile_RAM_2P_BRAM_1R1W' (0#1) [/home/zhiro/research/kv260-vlm-workers/RM02-B-hls-baseline/experiments/rm03_hls_mapping/reports/rm03_pe4x4_k16_noflat/project/solution1/syn/verilog/vision_gemm_result_tile_RAM_2P_BRAM_1R1W.v:7]
INFO: [Synth 8-6157] synthesizing module 'vision_gemm_vision_gemm_Pipeline_VITIS_LOOP_63_1_VITIS_LOOP_64_2' [/home/zhiro/research/kv260-vlm-workers/RM02-B-hls-baseline/experiments/rm03_hls_mapping/reports/rm03_pe4x4_k16_noflat/project/solution1/syn/verilog/vision_gemm_vision_gemm_Pipeline_VITIS_LOOP_63_1_VITIS_LOOP_64_2.v:9]
INFO: [Synth 8-6157] synthesizing module 'vision_gemm_mac_muladd_10ns_2ns_10ns_12_4_1' [/home/zhiro/research/kv260-vlm-workers/RM02-B-hls-baseline/experiments/rm03_hls_mapping/reports/rm03_pe4x4_k16_noflat/project/solution1/syn/verilog/vision_gemm_mac_muladd_10ns_2ns_10ns_12_4_1.v:54]
	Parameter ID bound to: 1 - type: integer 
	Parameter NUM_STAGE bound to: 4 - type: integer 
	Parameter din0_WIDTH bound to: 10 - type: integer 
	Parameter din1_WIDTH bound to: 2 - type: integer 
	Parameter din2_WIDTH bound to: 10 - type: integer 
	Parameter dout_WIDTH bound to: 12 - type: integer 
INFO: [Synth 8-6157] synthesizing module 'vision_gemm_mac_muladd_10ns_2ns_10ns_12_4_1_DSP48_0' [/home/zhiro/research/kv260-vlm-workers/RM02-B-hls-baseline/experiments/rm03_hls_mapping/reports/rm03_pe4x4_k16_noflat/project/solution1/syn/verilog/vision_gemm_mac_muladd_10ns_2ns_10ns_12_4_1.v:11]
INFO: [Synth 8-6155] done synthesizing module 'vision_gemm_mac_muladd_10ns_2ns_10ns_12_4_1_DSP48_0' (0#1) [/home/zhiro/research/kv260-vlm-workers/RM02-B-hls-baseline/experiments/rm03_hls_mapping/reports/rm03_pe4x4_k16_noflat/project/solution1/syn/verilog/vision_gemm_mac_muladd_10ns_2ns_10ns_12_4_1.v:11]
INFO: [Synth 8-6155] done synthesizing module 'vision_gemm_mac_muladd_10ns_2ns_10ns_12_4_1' (0#1) [/home/zhiro/research/kv260-vlm-workers/RM02-B-hls-baseline/experiments/rm03_hls_mapping/reports/rm03_pe4x4_k16_noflat/project/solution1/syn/verilog/vision_gemm_mac_muladd_10ns_2ns_10ns_12_4_1.v:54]
INFO: [Synth 8-6157] synthesizing module 'vision_gemm_flow_control_loop_pipe_sequential_init' [/home/zhiro/research/kv260-vlm-workers/RM02-B-hls-baseline/experiments/rm03_hls_mapping/reports/rm03_pe4x4_k16_noflat/project/solution1/syn/verilog/vision_gemm_flow_control_loop_pipe_sequential_init.v:11]
INFO: [Synth 8-6155] done synthesizing module 'vision_gemm_flow_control_loop_pipe_sequential_init' (0#1) [/home/zhiro/research/kv260-vlm-workers/RM02-B-hls-baseline/experiments/rm03_hls_mapping/reports/rm03_pe4x4_k16_noflat/project/solution1/syn/verilog/vision_gemm_flow_control_loop_pipe_sequential_init.v:11]
INFO: [Synth 8-6155] done synthesizing module 'vision_gemm_vision_gemm_Pipeline_VITIS_LOOP_63_1_VITIS_LOOP_64_2' (0#1) [/home/zhiro/research/kv260-vlm-workers/RM02-B-hls-baseline/experiments/rm03_hls_mapping/reports/rm03_pe4x4_k16_noflat/project/solution1/syn/verilog/vision_gemm_vision_gemm_Pipeline_VITIS_LOOP_63_1_VITIS_LOOP_64_2.v:9]
INFO: [Synth 8-6157] synthesizing module 'vision_gemm_vision_gemm_Pipeline_VITIS_LOOP_70_3_VITIS_LOOP_71_4' [/home/zhiro/research/kv260-vlm-workers/RM02-B-hls-baseline/experiments/rm03_hls_mapping/reports/rm03_pe4x4_k16_noflat/project/solution1/syn/verilog/vision_gemm_vision_gemm_Pipeline_VITIS_LOOP_70_3_VITIS_LOOP_71_4.v:9]
INFO: [Synth 8-6157] synthesizing module 'vision_gemm_mac_muladd_10ns_3ns_10ns_13_4_1' [/home/zhiro/research/kv260-vlm-workers/RM02-B-hls-baseline/experiments/rm03_hls_mapping/reports/rm03_pe4x4_k16_noflat/project/solution1/syn/verilog/vision_gemm_mac_muladd_10ns_3ns_10ns_13_4_1.v:54]
	Parameter ID bound to: 1 - type: integer 
	Parameter NUM_STAGE bound to: 4 - type: integer 
	Parameter din0_WIDTH bound to: 10 - type: integer 
	Parameter din1_WIDTH bound to: 3 - type: integer 
	Parameter din2_WIDTH bound to: 10 - type: integer 
	Parameter dout_WIDTH bound to: 13 - type: integer 
INFO: [Synth 8-6157] synthesizing module 'vision_gemm_mac_muladd_10ns_3ns_10ns_13_4_1_DSP48_0' [/home/zhiro/research/kv260-vlm-workers/RM02-B-hls-baseline/experiments/rm03_hls_mapping/reports/rm03_pe4x4_k16_noflat/project/solution1/syn/verilog/vision_gemm_mac_muladd_10ns_3ns_10ns_13_4_1.v:11]
INFO: [Synth 8-6155] done synthesizing module 'vision_gemm_mac_muladd_10ns_3ns_10ns_13_4_1_DSP48_0' (0#1) [/home/zhiro/research/kv260-vlm-workers/RM02-B-hls-baseline/experiments/rm03_hls_mapping/reports/rm03_pe4x4_k16_noflat/project/solution1/syn/verilog/vision_gemm_mac_muladd_10ns_3ns_10ns_13_4_1.v:11]
INFO: [Synth 8-6155] done synthesizing module 'vision_gemm_mac_muladd_10ns_3ns_10ns_13_4_1' (0#1) [/home/zhiro/research/kv260-vlm-workers/RM02-B-hls-baseline/experiments/rm03_hls_mapping/reports/rm03_pe4x4_k16_noflat/project/solution1/syn/verilog/vision_gemm_mac_muladd_10ns_3ns_10ns_13_4_1.v:54]
INFO: [Synth 8-6155] done synthesizing module 'vision_gemm_vision_gemm_Pipeline_VITIS_LOOP_70_3_VITIS_LOOP_71_4' (0#1) [/home/zhiro/research/kv260-vlm-workers/RM02-B-hls-baseline/experiments/rm03_hls_mapping/reports/rm03_pe4x4_k16_noflat/project/solution1/syn/verilog/vision_gemm_vision_gemm_Pipeline_VITIS_LOOP_70_3_VITIS_LOOP_71_4.v:9]
INFO: [Synth 8-6157] synthesizing module 'vision_gemm_vision_gemm_Pipeline_VITIS_LOOP_189_17_VITIS_LOOP_190_18' [/home/zhiro/research/kv260-vlm-workers/RM02-B-hls-baseline/experiments/rm03_hls_mapping/reports/rm03_pe4x4_k16_noflat/project/solution1/syn/verilog/vision_gemm_vision_gemm_Pipeline_VITIS_LOOP_189_17_VITIS_LOOP_190_18.v:9]
INFO: [Synth 8-6155] done synthesizing module 'vision_gemm_vision_gemm_Pipeline_VITIS_LOOP_189_17_VITIS_LOOP_190_18' (0#1) [/home/zhiro/research/kv260-vlm-workers/RM02-B-hls-baseline/experiments/rm03_hls_mapping/reports/rm03_pe4x4_k16_noflat/project/solution1/syn/verilog/vision_gemm_vision_gemm_Pipeline_VITIS_LOOP_189_17_VITIS_LOOP_190_18.v:9]
INFO: [Synth 8-6157] synthesizing module 'vision_gemm_vision_gemm_Pipeline_VITIS_LOOP_147_10' [/home/zhiro/research/kv260-vlm-workers/RM02-B-hls-baseline/experiments/rm03_hls_mapping/reports/rm03_pe4x4_k16_noflat/project/solution1/syn/verilog/vision_gemm_vision_gemm_Pipeline_VITIS_LOOP_147_10.v:9]
INFO: [Synth 8-6157] synthesizing module 'vision_gemm_fadd_32ns_32ns_32_6_no_dsp_1' [/home/zhiro/research/kv260-vlm-workers/RM02-B-hls-baseline/experiments/rm03_hls_mapping/reports/rm03_pe4x4_k16_noflat/project/solution1/syn/verilog/vision_gemm_fadd_32ns_32ns_32_6_no_dsp_1.v:9]
	Parameter ID bound to: 1 - type: integer 
	Parameter NUM_STAGE bound to: 6 - type: integer 
	Parameter din0_WIDTH bound to: 32 - type: integer 
	Parameter din1_WIDTH bound to: 32 - type: integer 
	Parameter dout_WIDTH bound to: 32 - type: integer 
INFO: [Synth 8-6157] synthesizing module 'vision_gemm_fadd_32ns_32ns_32_6_no_dsp_1_ip' [/home/zhiro/research/kv260-vlm-workers/RM02-B-hls-baseline/experiments/rm03_hls_mapping/reports/vivado_ooc_rm03_k16/project/rm03_ooc_feasibility.gen/sources_1/ip/vision_gemm_fadd_32ns_32ns_32_6_no_dsp_1_ip/synth/vision_gemm_fadd_32ns_32ns_32_6_no_dsp_1_ip.v:53]
INFO: [Synth 8-6157] synthesizing module 'LUT1' [/home/zhiro/research/kv260-vlm/tools/Xilinx/Vivado/2024.2/scripts/rt/data/unisim_comp.v:84087]
INFO: [Synth 8-6155] done synthesizing module 'LUT1' (0#1) [/home/zhiro/research/kv260-vlm/tools/Xilinx/Vivado/2024.2/scripts/rt/data/unisim_comp.v:84087]
INFO: [Synth 8-6155] done synthesizing module 'vision_gemm_fadd_32ns_32ns_32_6_no_dsp_1_ip' (0#1) [/home/zhiro/research/kv260-vlm-workers/RM02-B-hls-baseline/experiments/rm03_hls_mapping/reports/vivado_ooc_rm03_k16/project/rm03_ooc_feasibility.gen/sources_1/ip/vision_gemm_fadd_32ns_32ns_32_6_no_dsp_1_ip/synth/vision_gemm_fadd_32ns_32ns_32_6_no_dsp_1_ip.v:53]
INFO: [Synth 8-6155] done synthesizing module 'vision_gemm_fadd_32ns_32ns_32_6_no_dsp_1' (0#1) [/home/zhiro/research/kv260-vlm-workers/RM02-B-hls-baseline/experiments/rm03_hls_mapping/reports/rm03_pe4x4_k16_noflat/project/solution1/syn/verilog/vision_gemm_fadd_32ns_32ns_32_6_no_dsp_1.v:9]
INFO: [Synth 8-6157] synthesizing module 'vision_gemm_fmul_32ns_32ns_32_5_max_dsp_1' [/home/zhiro/research/kv260-vlm-workers/RM02-B-hls-baseline/experiments/rm03_hls_mapping/reports/rm03_pe4x4_k16_noflat/project/solution1/syn/verilog/vision_gemm_fmul_32ns_32ns_32_5_max_dsp_1.v:9]
	Parameter ID bound to: 1 - type: integer 
	Parameter NUM_STAGE bound to: 5 - type: integer 
	Parameter din0_WIDTH bound to: 32 - type: integer 
	Parameter din1_WIDTH bound to: 32 - type: integer 
	Parameter dout_WIDTH bound to: 32 - type: integer 
INFO: [Synth 8-6157] synthesizing module 'vision_gemm_fmul_32ns_32ns_32_5_max_dsp_1_ip' [/home/zhiro/research/kv260-vlm-workers/RM02-B-hls-baseline/experiments/rm03_hls_mapping/reports/vivado_ooc_rm03_k16/project/rm03_ooc_feasibility.gen/sources_1/ip/vision_gemm_fmul_32ns_32ns_32_5_max_dsp_1_ip/synth/vision_gemm_fmul_32ns_32ns_32_5_max_dsp_1_ip.v:53]
INFO: [Synth 8-6155] done synthesizing module 'vision_gemm_fmul_32ns_32ns_32_5_max_dsp_1_ip' (0#1) [/home/zhiro/research/kv260-vlm-workers/RM02-B-hls-baseline/experiments/rm03_hls_mapping/reports/vivado_ooc_rm03_k16/project/rm03_ooc_feasibility.gen/sources_1/ip/vision_gemm_fmul_32ns_32ns_32_5_max_dsp_1_ip/synth/vision_gemm_fmul_32ns_32ns_32_5_max_dsp_1_ip.v:53]
INFO: [Synth 8-6155] done synthesizing module 'vision_gemm_fmul_32ns_32ns_32_5_max_dsp_1' (0#1) [/home/zhiro/research/kv260-vlm-workers/RM02-B-hls-baseline/experiments/rm03_hls_mapping/reports/rm03_pe4x4_k16_noflat/project/solution1/syn/verilog/vision_gemm_fmul_32ns_32ns_32_5_max_dsp_1.v:9]
INFO: [Synth 8-6157] synthesizing module 'vision_gemm_sparsemux_9_3_32_1_1' [/home/zhiro/research/kv260-vlm-workers/RM02-B-hls-baseline/experiments/rm03_hls_mapping/reports/rm03_pe4x4_k16_noflat/project/solution1/syn/verilog/vision_gemm_sparsemux_9_3_32_1_1.v:9]
	Parameter din0_WIDTH bound to: 32 - type: integer 
	Parameter din1_WIDTH bound to: 32 - type: integer 
	Parameter din2_WIDTH bound to: 32 - type: integer 
	Parameter din3_WIDTH bound to: 32 - type: integer 
	Parameter def_WIDTH bound to: 32 - type: integer 
	Parameter sel_WIDTH bound to: 3 - type: integer 
	Parameter dout_WIDTH bound to: 32 - type: integer 
	Parameter CASE0 bound to: 3'b100 
	Parameter CASE1 bound to: 3'b010 
	Parameter CASE2 bound to: 3'b001 
	Parameter CASE3 bound to: 3'b000 
	Parameter ID bound to: 1 - type: integer 
	Parameter NUM_STAGE bound to: 1 - type: integer 
INFO: [Synth 8-6155] done synthesizing module 'vision_gemm_sparsemux_9_3_32_1_1' (0#1) [/home/zhiro/research/kv260-vlm-workers/RM02-B-hls-baseline/experiments/rm03_hls_mapping/reports/rm03_pe4x4_k16_noflat/project/solution1/syn/verilog/vision_gemm_sparsemux_9_3_32_1_1.v:9]
INFO: [Synth 8-6155] done synthesizing module 'vision_gemm_vision_gemm_Pipeline_VITIS_LOOP_147_10' (0#1) [/home/zhiro/research/kv260-vlm-workers/RM02-B-hls-baseline/experiments/rm03_hls_mapping/reports/rm03_pe4x4_k16_noflat/project/solution1/syn/verilog/vision_gemm_vision_gemm_Pipeline_VITIS_LOOP_147_10.v:9]
INFO: [Synth 8-6157] synthesizing module 'vision_gemm_control_s_axi' [/home/zhiro/research/kv260-vlm-workers/RM02-B-hls-baseline/experiments/rm03_hls_mapping/reports/rm03_pe4x4_k16_noflat/project/solution1/syn/verilog/vision_gemm_control_s_axi.v:9]
	Parameter C_S_AXI_ADDR_WIDTH bound to: 6 - type: integer 
	Parameter C_S_AXI_DATA_WIDTH bound to: 32 - type: integer 
INFO: [Synth 8-155] case statement is not full and has no default [/home/zhiro/research/kv260-vlm-workers/RM02-B-hls-baseline/experiments/rm03_hls_mapping/reports/rm03_pe4x4_k16_noflat/project/solution1/syn/verilog/vision_gemm_control_s_axi.v:227]
INFO: [Synth 8-6155] done synthesizing module 'vision_gemm_control_s_axi' (0#1) [/home/zhiro/research/kv260-vlm-workers/RM02-B-hls-baseline/experiments/rm03_hls_mapping/reports/rm03_pe4x4_k16_noflat/project/solution1/syn/verilog/vision_gemm_control_s_axi.v:9]
INFO: [Synth 8-6157] synthesizing module 'vision_gemm_gmem_w_m_axi' [/home/zhiro/research/kv260-vlm-workers/RM02-B-hls-baseline/experiments/rm03_hls_mapping/reports/rm03_pe4x4_k16_noflat/project/solution1/syn/verilog/vision_gemm_gmem_w_m_axi.v:12]
	Parameter CONSERVATIVE bound to: 1 - type: integer 
	Parameter MAX_READ_BURST_LENGTH bound to: 64 - type: integer 
	Parameter MAX_WRITE_BURST_LENGTH bound to: 16 - type: integer 
	Parameter C_M_AXI_ID_WIDTH bound to: 1 - type: integer 
	Parameter C_M_AXI_ADDR_WIDTH bound to: 64 - type: integer 
	Parameter C_M_AXI_DATA_WIDTH bound to: 128 - type: integer 
	Parameter C_M_AXI_AWUSER_WIDTH bound to: 1 - type: integer 
	Parameter C_M_AXI_ARUSER_WIDTH bound to: 1 - type: integer 
	Parameter C_M_AXI_WUSER_WIDTH bound to: 1 - type: integer 
	Parameter C_M_AXI_RUSER_WIDTH bound to: 1 - type: integer 
	Parameter C_M_AXI_BUSER_WIDTH bound to: 1 - type: integer 
	Parameter C_USER_VALUE bound to: 0 - type: integer 
	Parameter C_PROT_VALUE bound to: 0 - type: integer 
	Parameter C_CACHE_VALUE bound to: 3 - type: integer 
	Parameter NUM_READ_OUTSTANDING bound to: 16 - type: integer 
	Parameter NUM_WRITE_OUTSTANDING bound to: 0 - type: integer 
	Parameter USER_MAXREQS bound to: 7 - type: integer 
	Parameter CH0_USER_DW bound to: 128 - type: integer 
	Parameter CH0_USER_AW bound to: 64 - type: integer 
	Parameter CH0_USER_RFIFONUM_WIDTH bound to: 11 - type: integer 
INFO: [Synth 8-6157] synthesizing module 'vision_gemm_gmem_w_m_axi_load' [/home/zhiro/research/kv260-vlm-workers/RM02-B-hls-baseline/experiments/rm03_hls_mapping/reports/rm03_pe4x4_k16_noflat/project/solution1/syn/verilog/vision_gemm_gmem_w_m_axi.v:245]
	Parameter C_TARGET_ADDR bound to: 0 - type: integer 
	Parameter NUM_READ_OUTSTANDING bound to: 16 - type: integer 
	Parameter MAX_READ_BURST_LENGTH bound to: 64 - type: integer 
	Parameter BUS_ADDR_WIDTH bound to: 64 - type: integer 
	Parameter BUS_DATA_WIDTH bound to: 128 - type: integer 
	Parameter USER_DW bound to: 128 - type: integer 
	Parameter USER_AW bound to: 64 - type: integer 
	Parameter USER_MAXREQS bound to: 7 - type: integer 
	Parameter USER_RFIFONUM_WIDTH bound to: 11 - type: integer 
	Parameter BUFFER_IMPL bound to: block - type: string 
INFO: [Synth 8-6157] synthesizing module 'vision_gemm_gmem_w_m_axi_fifo' [/home/zhiro/research/kv260-vlm-workers/RM02-B-hls-baseline/experiments/rm03_hls_mapping/reports/rm03_pe4x4_k16_noflat/project/solution1/syn/verilog/vision_gemm_gmem_w_m_axi.v:2501]
	Parameter DATA_WIDTH bound to: 96 - type: integer 
	Parameter ADDR_WIDTH bound to: 3 - type: integer 
	Parameter DEPTH bound to: 7 - type: integer 
INFO: [Synth 8-6157] synthesizing module 'vision_gemm_gmem_w_m_axi_srl' [/home/zhiro/research/kv260-vlm-workers/RM02-B-hls-baseline/experiments/rm03_hls_mapping/reports/rm03_pe4x4_k16_noflat/project/solution1/syn/verilog/vision_gemm_gmem_w_m_axi.v:2679]
	Parameter DATA_WIDTH bound to: 96 - type: integer 
	Parameter ADDR_WIDTH bound to: 3 - type: integer 
	Parameter DEPTH bound to: 7 - type: integer 
INFO: [Synth 8-6155] done synthesizing module 'vision_gemm_gmem_w_m_axi_srl' (0#1) [/home/zhiro/research/kv260-vlm-workers/RM02-B-hls-baseline/experiments/rm03_hls_mapping/reports/rm03_pe4x4_k16_noflat/project/solution1/syn/verilog/vision_gemm_gmem_w_m_axi.v:2679]
INFO: [Synth 8-6155] done synthesizing module 'vision_gemm_gmem_w_m_axi_fifo' (0#1) [/home/zhiro/research/kv260-vlm-workers/RM02-B-hls-baseline/experiments/rm03_hls_mapping/reports/rm03_pe4x4_k16_noflat/project/solution1/syn/verilog/vision_gemm_gmem_w_m_axi.v:2501]
INFO: [Synth 8-6157] synthesizing module 'vision_gemm_gmem_w_m_axi_fifo__parameterized0' [/home/zhiro/research/kv260-vlm-workers/RM02-B-hls-baseline/experiments/rm03_hls_mapping/reports/rm03_pe4x4_k16_noflat/project/solution1/syn/verilog/vision_gemm_gmem_w_m_axi.v:2501]
	Parameter MEM_STYLE bound to: block - type: string 
	Parameter DATA_WIDTH bound to: 130 - type: integer 
	Parameter ADDR_WIDTH bound to: 10 - type: integer 
	Parameter DEPTH bound to: 1024 - type: integer 
INFO: [Synth 8-6157] synthesizing module 'vision_gemm_gmem_w_m_axi_mem' [/home/zhiro/research/kv260-vlm-workers/RM02-B-hls-baseline/experiments/rm03_hls_mapping/reports/rm03_pe4x4_k16_noflat/project/solution1/syn/verilog/vision_gemm_gmem_w_m_axi.v:2733]
	Parameter MEM_STYLE bound to: block - type: string 
	Parameter DATA_WIDTH bound to: 130 - type: integer 
	Parameter ADDR_WIDTH bound to: 10 - type: integer 
	Parameter DEPTH bound to: 1024 - type: integer 
INFO: [Synth 8-6155] done synthesizing module 'vision_gemm_gmem_w_m_axi_mem' (0#1) [/home/zhiro/research/kv260-vlm-workers/RM02-B-hls-baseline/experiments/rm03_hls_mapping/reports/rm03_pe4x4_k16_noflat/project/solution1/syn/verilog/vision_gemm_gmem_w_m_axi.v:2733]
INFO: [Synth 8-6155] done synthesizing module 'vision_gemm_gmem_w_m_axi_fifo__parameterized0' (0#1) [/home/zhiro/research/kv260-vlm-workers/RM02-B-hls-baseline/experiments/rm03_hls_mapping/reports/rm03_pe4x4_k16_noflat/project/solution1/syn/verilog/vision_gemm_gmem_w_m_axi.v:2501]
INFO: [Synth 8-6155] done synthesizing module 'vision_gemm_gmem_w_m_axi_load' (0#1) [/home/zhiro/research/kv260-vlm-workers/RM02-B-hls-baseline/experiments/rm03_hls_mapping/reports/rm03_pe4x4_k16_noflat/project/solution1/syn/verilog/vision_gemm_gmem_w_m_axi.v:245]
INFO: [Synth 8-6157] synthesizing module 'vision_gemm_gmem_w_m_axi_read' [/home/zhiro/research/kv260-vlm-workers/RM02-B-hls-baseline/experiments/rm03_hls_mapping/reports/rm03_pe4x4_k16_noflat/project/solution1/syn/verilog/vision_gemm_gmem_w_m_axi.v:1355]
	Parameter C_M_AXI_ID_WIDTH bound to: 1 - type: integer 
	Parameter C_M_AXI_ARUSER_WIDTH bound to: 1 - type: integer 
	Parameter C_M_AXI_RUSER_WIDTH bound to: 1 - type: integer 
	Parameter C_USER_VALUE bound to: 0 - type: integer 
	Parameter C_PROT_VALUE bound to: 0 - type: integer 
	Parameter C_CACHE_VALUE bound to: 3 - type: integer 
	Parameter BUS_ADDR_WIDTH bound to: 64 - type: integer 
	Parameter BUS_DATA_WIDTH bound to: 128 - type: integer 
	Parameter NUM_READ_OUTSTANDING bound to: 16 - type: integer 
	Parameter MAX_READ_BURST_LENGTH bound to: 64 - type: integer 
INFO: [Synth 8-6157] synthesizing module 'vision_gemm_gmem_w_m_axi_burst_converter' [/home/zhiro/research/kv260-vlm-workers/RM02-B-hls-baseline/experiments/rm03_hls_mapping/reports/rm03_pe4x4_k16_noflat/project/solution1/syn/verilog/vision_gemm_gmem_w_m_axi.v:1867]
	Parameter DATA_WIDTH bound to: 128 - type: integer 
	Parameter ADDR_WIDTH bound to: 64 - type: integer 
	Parameter MAX_BURST_LEN bound to: 64 - type: integer 
INFO: [Synth 8-6157] synthesizing module 'vision_gemm_gmem_w_m_axi_reg_slice' [/home/zhiro/research/kv260-vlm-workers/RM02-B-hls-baseline/experiments/rm03_hls_mapping/reports/rm03_pe4x4_k16_noflat/project/solution1/syn/verilog/vision_gemm_gmem_w_m_axi.v:2399]
	Parameter DATA_WIDTH bound to: 96 - type: integer 
INFO: [Synth 8-6155] done synthesizing module 'vision_gemm_gmem_w_m_axi_reg_slice' (0#1) [/home/zhiro/research/kv260-vlm-workers/RM02-B-hls-baseline/experiments/rm03_hls_mapping/reports/rm03_pe4x4_k16_noflat/project/solution1/syn/verilog/vision_gemm_gmem_w_m_axi.v:2399]
INFO: [Synth 8-6155] done synthesizing module 'vision_gemm_gmem_w_m_axi_burst_converter' (0#1) [/home/zhiro/research/kv260-vlm-workers/RM02-B-hls-baseline/experiments/rm03_hls_mapping/reports/rm03_pe4x4_k16_noflat/project/solution1/syn/verilog/vision_gemm_gmem_w_m_axi.v:1867]
INFO: [Synth 8-6157] synthesizing module 'vision_gemm_gmem_w_m_axi_reg_slice__parameterized0' [/home/zhiro/research/kv260-vlm-workers/RM02-B-hls-baseline/experiments/rm03_hls_mapping/reports/rm03_pe4x4_k16_noflat/project/solution1/syn/verilog/vision_gemm_gmem_w_m_axi.v:2399]
	Parameter DATA_WIDTH bound to: 129 - type: integer 
INFO: [Synth 8-6155] done synthesizing module 'vision_gemm_gmem_w_m_axi_reg_slice__parameterized0' (0#1) [/home/zhiro/research/kv260-vlm-workers/RM02-B-hls-baseline/experiments/rm03_hls_mapping/reports/rm03_pe4x4_k16_noflat/project/solution1/syn/verilog/vision_gemm_gmem_w_m_axi.v:2399]
INFO: [Synth 8-6157] synthesizing module 'vision_gemm_gmem_w_m_axi_fifo__parameterized1' [/home/zhiro/research/kv260-vlm-workers/RM02-B-hls-baseline/experiments/rm03_hls_mapping/reports/rm03_pe4x4_k16_noflat/project/solution1/syn/verilog/vision_gemm_gmem_w_m_axi.v:2501]
	Parameter DATA_WIDTH bound to: 1 - type: integer 
	Parameter ADDR_WIDTH bound to: 4 - type: integer 
	Parameter DEPTH bound to: 16 - type: integer 
INFO: [Synth 8-6157] synthesizing module 'vision_gemm_gmem_w_m_axi_srl__parameterized0' [/home/zhiro/research/kv260-vlm-workers/RM02-B-hls-baseline/experiments/rm03_hls_mapping/reports/rm03_pe4x4_k16_noflat/project/solution1/syn/verilog/vision_gemm_gmem_w_m_axi.v:2679]
	Parameter DATA_WIDTH bound to: 1 - type: integer 
	Parameter ADDR_WIDTH bound to: 4 - type: integer 
	Parameter DEPTH bound to: 16 - type: integer 
INFO: [Synth 8-6155] done synthesizing module 'vision_gemm_gmem_w_m_axi_srl__parameterized0' (0#1) [/home/zhiro/research/kv260-vlm-workers/RM02-B-hls-baseline/experiments/rm03_hls_mapping/reports/rm03_pe4x4_k16_noflat/project/solution1/syn/verilog/vision_gemm_gmem_w_m_axi.v:2679]
INFO: [Synth 8-6155] done synthesizing module 'vision_gemm_gmem_w_m_axi_fifo__parameterized1' (0#1) [/home/zhiro/research/kv260-vlm-workers/RM02-B-hls-baseline/experiments/rm03_hls_mapping/reports/rm03_pe4x4_k16_noflat/project/solution1/syn/verilog/vision_gemm_gmem_w_m_axi.v:2501]
WARNING: [Synth 8-589] replacing case/wildcard equality operator === with logical equality operator == [/home/zhiro/research/kv260-vlm-workers/RM02-B-hls-baseline/experiments/rm03_hls_mapping/reports/rm03_pe4x4_k16_noflat/project/solution1/syn/verilog/vision_gemm_gmem_w_m_axi.v:1539]
INFO: [Synth 8-6155] done synthesizing module 'vision_gemm_gmem_w_m_axi_read' (0#1) [/home/zhiro/research/kv260-vlm-workers/RM02-B-hls-baseline/experiments/rm03_hls_mapping/reports/rm03_pe4x4_k16_noflat/project/solution1/syn/verilog/vision_gemm_gmem_w_m_axi.v:1355]
INFO: [Synth 8-6155] done synthesizing module 'vision_gemm_gmem_w_m_axi' (0#1) [/home/zhiro/research/kv260-vlm-workers/RM02-B-hls-baseline/experiments/rm03_hls_mapping/reports/rm03_pe4x4_k16_noflat/project/solution1/syn/verilog/vision_gemm_gmem_w_m_axi.v:12]
INFO: [Synth 8-6157] synthesizing module 'vision_gemm_gmem_x_m_axi' [/home/zhiro/research/kv260-vlm-workers/RM02-B-hls-baseline/experiments/rm03_hls_mapping/reports/rm03_pe4x4_k16_noflat/project/solution1/syn/verilog/vision_gemm_gmem_x_m_axi.v:12]
	Parameter CONSERVATIVE bound to: 1 - type: integer 
	Parameter MAX_READ_BURST_LENGTH bound to: 64 - type: integer 
	Parameter MAX_WRITE_BURST_LENGTH bound to: 16 - type: integer 
	Parameter C_M_AXI_ID_WIDTH bound to: 1 - type: integer 
	Parameter C_M_AXI_ADDR_WIDTH bound to: 64 - type: integer 
	Parameter C_M_AXI_DATA_WIDTH bound to: 256 - type: integer 
	Parameter C_M_AXI_AWUSER_WIDTH bound to: 1 - type: integer 
	Parameter C_M_AXI_ARUSER_WIDTH bound to: 1 - type: integer 
	Parameter C_M_AXI_WUSER_WIDTH bound to: 1 - type: integer 
	Parameter C_M_AXI_RUSER_WIDTH bound to: 1 - type: integer 
	Parameter C_M_AXI_BUSER_WIDTH bound to: 1 - type: integer 
	Parameter C_USER_VALUE bound to: 0 - type: integer 
	Parameter C_PROT_VALUE bound to: 0 - type: integer 
	Parameter C_CACHE_VALUE bound to: 3 - type: integer 
	Parameter NUM_READ_OUTSTANDING bound to: 16 - type: integer 
	Parameter NUM_WRITE_OUTSTANDING bound to: 0 - type: integer 
	Parameter USER_MAXREQS bound to: 7 - type: integer 
	Parameter CH0_USER_DW bound to: 256 - type: integer 
	Parameter CH0_USER_AW bound to: 64 - type: integer 
	Parameter CH0_USER_RFIFONUM_WIDTH bound to: 11 - type: integer 
INFO: [Synth 8-6157] synthesizing module 'vision_gemm_gmem_x_m_axi_load' [/home/zhiro/research/kv260-vlm-workers/RM02-B-hls-baseline/experiments/rm03_hls_mapping/reports/rm03_pe4x4_k16_noflat/project/solution1/syn/verilog/vision_gemm_gmem_x_m_axi.v:245]
	Parameter C_TARGET_ADDR bound to: 0 - type: integer 
	Parameter NUM_READ_OUTSTANDING bound to: 16 - type: integer 
	Parameter MAX_READ_BURST_LENGTH bound to: 64 - type: integer 
	Parameter BUS_ADDR_WIDTH bound to: 64 - type: integer 
	Parameter BUS_DATA_WIDTH bound to: 256 - type: integer 
	Parameter USER_DW bound to: 256 - type: integer 
	Parameter USER_AW bound to: 64 - type: integer 
	Parameter USER_MAXREQS bound to: 7 - type: integer 
	Parameter USER_RFIFONUM_WIDTH bound to: 11 - type: integer 
	Parameter BUFFER_IMPL bound to: block - type: string 
INFO: [Synth 8-6157] synthesizing module 'vision_gemm_gmem_x_m_axi_fifo' [/home/zhiro/research/kv260-vlm-workers/RM02-B-hls-baseline/experiments/rm03_hls_mapping/reports/rm03_pe4x4_k16_noflat/project/solution1/syn/verilog/vision_gemm_gmem_x_m_axi.v:2501]
	Parameter DATA_WIDTH bound to: 96 - type: integer 
	Parameter ADDR_WIDTH bound to: 3 - type: integer 
	Parameter DEPTH bound to: 7 - type: integer 
INFO: [Synth 8-6157] synthesizing module 'vision_gemm_gmem_x_m_axi_srl' [/home/zhiro/research/kv260-vlm-workers/RM02-B-hls-baseline/experiments/rm03_hls_mapping/reports/rm03_pe4x4_k16_noflat/project/solution1/syn/verilog/vision_gemm_gmem_x_m_axi.v:2679]
	Parameter DATA_WIDTH bound to: 96 - type: integer 
	Parameter ADDR_WIDTH bound to: 3 - type: integer 
	Parameter DEPTH bound to: 7 - type: integer 
INFO: [Synth 8-6155] done synthesizing module 'vision_gemm_gmem_x_m_axi_srl' (0#1) [/home/zhiro/research/kv260-vlm-workers/RM02-B-hls-baseline/experiments/rm03_hls_mapping/reports/rm03_pe4x4_k16_noflat/project/solution1/syn/verilog/vision_gemm_gmem_x_m_axi.v:2679]
INFO: [Synth 8-6155] done synthesizing module 'vision_gemm_gmem_x_m_axi_fifo' (0#1) [/home/zhiro/research/kv260-vlm-workers/RM02-B-hls-baseline/experiments/rm03_hls_mapping/reports/rm03_pe4x4_k16_noflat/project/solution1/syn/verilog/vision_gemm_gmem_x_m_axi.v:2501]
INFO: [Synth 8-6157] synthesizing module 'vision_gemm_gmem_x_m_axi_fifo__parameterized0' [/home/zhiro/research/kv260-vlm-workers/RM02-B-hls-baseline/experiments/rm03_hls_mapping/reports/rm03_pe4x4_k16_noflat/project/solution1/syn/verilog/vision_gemm_gmem_x_m_axi.v:2501]
	Parameter MEM_STYLE bound to: block - type: string 
	Parameter DATA_WIDTH bound to: 258 - type: integer 
	Parameter ADDR_WIDTH bound to: 10 - type: integer 
	Parameter DEPTH bound to: 1024 - type: integer 
INFO: [Synth 8-6157] synthesizing module 'vision_gemm_gmem_x_m_axi_mem' [/home/zhiro/research/kv260-vlm-workers/RM02-B-hls-baseline/experiments/rm03_hls_mapping/reports/rm03_pe4x4_k16_noflat/project/solution1/syn/verilog/vision_gemm_gmem_x_m_axi.v:2733]
	Parameter MEM_STYLE bound to: block - type: string 
	Parameter DATA_WIDTH bound to: 258 - type: integer 
	Parameter ADDR_WIDTH bound to: 10 - type: integer 
	Parameter DEPTH bound to: 1024 - type: integer 
INFO: [Synth 8-6155] done synthesizing module 'vision_gemm_gmem_x_m_axi_mem' (0#1) [/home/zhiro/research/kv260-vlm-workers/RM02-B-hls-baseline/experiments/rm03_hls_mapping/reports/rm03_pe4x4_k16_noflat/project/solution1/syn/verilog/vision_gemm_gmem_x_m_axi.v:2733]
INFO: [Synth 8-6155] done synthesizing module 'vision_gemm_gmem_x_m_axi_fifo__parameterized0' (0#1) [/home/zhiro/research/kv260-vlm-workers/RM02-B-hls-baseline/experiments/rm03_hls_mapping/reports/rm03_pe4x4_k16_noflat/project/solution1/syn/verilog/vision_gemm_gmem_x_m_axi.v:2501]
INFO: [Synth 8-6155] done synthesizing module 'vision_gemm_gmem_x_m_axi_load' (0#1) [/home/zhiro/research/kv260-vlm-workers/RM02-B-hls-baseline/experiments/rm03_hls_mapping/reports/rm03_pe4x4_k16_noflat/project/solution1/syn/verilog/vision_gemm_gmem_x_m_axi.v:245]
INFO: [Synth 8-6157] synthesizing module 'vision_gemm_gmem_x_m_axi_read' [/home/zhiro/research/kv260-vlm-workers/RM02-B-hls-baseline/experiments/rm03_hls_mapping/reports/rm03_pe4x4_k16_noflat/project/solution1/syn/verilog/vision_gemm_gmem_x_m_axi.v:1355]
	Parameter C_M_AXI_ID_WIDTH bound to: 1 - type: integer 
	Parameter C_M_AXI_ARUSER_WIDTH bound to: 1 - type: integer 
	Parameter C_M_AXI_RUSER_WIDTH bound to: 1 - type: integer 
	Parameter C_USER_VALUE bound to: 0 - type: integer 
	Parameter C_PROT_VALUE bound to: 0 - type: integer 
	Parameter C_CACHE_VALUE bound to: 3 - type: integer 
	Parameter BUS_ADDR_WIDTH bound to: 64 - type: integer 
	Parameter BUS_DATA_WIDTH bound to: 256 - type: integer 
	Parameter NUM_READ_OUTSTANDING bound to: 16 - type: integer 
	Parameter MAX_READ_BURST_LENGTH bound to: 64 - type: integer 
INFO: [Synth 8-6157] synthesizing module 'vision_gemm_gmem_x_m_axi_burst_converter' [/home/zhiro/research/kv260-vlm-workers/RM02-B-hls-baseline/experiments/rm03_hls_mapping/reports/rm03_pe4x4_k16_noflat/project/solution1/syn/verilog/vision_gemm_gmem_x_m_axi.v:1867]
	Parameter DATA_WIDTH bound to: 256 - type: integer 
	Parameter ADDR_WIDTH bound to: 64 - type: integer 
	Parameter MAX_BURST_LEN bound to: 64 - type: integer 
INFO: [Synth 8-6157] synthesizing module 'vision_gemm_gmem_x_m_axi_reg_slice' [/home/zhiro/research/kv260-vlm-workers/RM02-B-hls-baseline/experiments/rm03_hls_mapping/reports/rm03_pe4x4_k16_noflat/project/solution1/syn/verilog/vision_gemm_gmem_x_m_axi.v:2399]
	Parameter DATA_WIDTH bound to: 96 - type: integer 
INFO: [Synth 8-6155] done synthesizing module 'vision_gemm_gmem_x_m_axi_reg_slice' (0#1) [/home/zhiro/research/kv260-vlm-workers/RM02-B-hls-baseline/experiments/rm03_hls_mapping/reports/rm03_pe4x4_k16_noflat/project/solution1/syn/verilog/vision_gemm_gmem_x_m_axi.v:2399]
INFO: [Synth 8-6155] done synthesizing module 'vision_gemm_gmem_x_m_axi_burst_converter' (0#1) [/home/zhiro/research/kv260-vlm-workers/RM02-B-hls-baseline/experiments/rm03_hls_mapping/reports/rm03_pe4x4_k16_noflat/project/solution1/syn/verilog/vision_gemm_gmem_x_m_axi.v:1867]
INFO: [Synth 8-6157] synthesizing module 'vision_gemm_gmem_x_m_axi_reg_slice__parameterized0' [/home/zhiro/research/kv260-vlm-workers/RM02-B-hls-baseline/experiments/rm03_hls_mapping/reports/rm03_pe4x4_k16_noflat/project/solution1/syn/verilog/vision_gemm_gmem_x_m_axi.v:2399]
	Parameter DATA_WIDTH bound to: 257 - type: integer 
INFO: [Synth 8-6155] done synthesizing module 'vision_gemm_gmem_x_m_axi_reg_slice__parameterized0' (0#1) [/home/zhiro/research/kv260-vlm-workers/RM02-B-hls-baseline/experiments/rm03_hls_mapping/reports/rm03_pe4x4_k16_noflat/project/solution1/syn/verilog/vision_gemm_gmem_x_m_axi.v:2399]
INFO: [Synth 8-6157] synthesizing module 'vision_gemm_gmem_x_m_axi_fifo__parameterized1' [/home/zhiro/research/kv260-vlm-workers/RM02-B-hls-baseline/experiments/rm03_hls_mapping/reports/rm03_pe4x4_k16_noflat/project/solution1/syn/verilog/vision_gemm_gmem_x_m_axi.v:2501]
	Parameter DATA_WIDTH bound to: 1 - type: integer 
	Parameter ADDR_WIDTH bound to: 4 - type: integer 
	Parameter DEPTH bound to: 16 - type: integer 
INFO: [Synth 8-6157] synthesizing module 'vision_gemm_gmem_x_m_axi_srl__parameterized0' [/home/zhiro/research/kv260-vlm-workers/RM02-B-hls-baseline/experiments/rm03_hls_mapping/reports/rm03_pe4x4_k16_noflat/project/solution1/syn/verilog/vision_gemm_gmem_x_m_axi.v:2679]
	Parameter DATA_WIDTH bound to: 1 - type: integer 
	Parameter ADDR_WIDTH bound to: 4 - type: integer 
	Parameter DEPTH bound to: 16 - type: integer 
INFO: [Synth 8-6155] done synthesizing module 'vision_gemm_gmem_x_m_axi_srl__parameterized0' (0#1) [/home/zhiro/research/kv260-vlm-workers/RM02-B-hls-baseline/experiments/rm03_hls_mapping/reports/rm03_pe4x4_k16_noflat/project/solution1/syn/verilog/vision_gemm_gmem_x_m_axi.v:2679]
INFO: [Synth 8-6155] done synthesizing module 'vision_gemm_gmem_x_m_axi_fifo__parameterized1' (0#1) [/home/zhiro/research/kv260-vlm-workers/RM02-B-hls-baseline/experiments/rm03_hls_mapping/reports/rm03_pe4x4_k16_noflat/project/solution1/syn/verilog/vision_gemm_gmem_x_m_axi.v:2501]
WARNING: [Synth 8-589] replacing case/wildcard equality operator === with logical equality operator == [/home/zhiro/research/kv260-vlm-workers/RM02-B-hls-baseline/experiments/rm03_hls_mapping/reports/rm03_pe4x4_k16_noflat/project/solution1/syn/verilog/vision_gemm_gmem_x_m_axi.v:1539]
INFO: [Synth 8-6155] done synthesizing module 'vision_gemm_gmem_x_m_axi_read' (0#1) [/home/zhiro/research/kv260-vlm-workers/RM02-B-hls-baseline/experiments/rm03_hls_mapping/reports/rm03_pe4x4_k16_noflat/project/solution1/syn/verilog/vision_gemm_gmem_x_m_axi.v:1355]
INFO: [Synth 8-6155] done synthesizing module 'vision_gemm_gmem_x_m_axi' (0#1) [/home/zhiro/research/kv260-vlm-workers/RM02-B-hls-baseline/experiments/rm03_hls_mapping/reports/rm03_pe4x4_k16_noflat/project/solution1/syn/verilog/vision_gemm_gmem_x_m_axi.v:12]
INFO: [Synth 8-6157] synthesizing module 'vision_gemm_gmem_y_m_axi' [/home/zhiro/research/kv260-vlm-workers/RM02-B-hls-baseline/experiments/rm03_hls_mapping/reports/rm03_pe4x4_k16_noflat/project/solution1/syn/verilog/vision_gemm_gmem_y_m_axi.v:12]
	Parameter CONSERVATIVE bound to: 1 - type: integer 
	Parameter MAX_READ_BURST_LENGTH bound to: 16 - type: integer 
	Parameter MAX_WRITE_BURST_LENGTH bound to: 64 - type: integer 
	Parameter C_M_AXI_ID_WIDTH bound to: 1 - type: integer 
	Parameter C_M_AXI_ADDR_WIDTH bound to: 64 - type: integer 
	Parameter C_M_AXI_DATA_WIDTH bound to: 256 - type: integer 
	Parameter C_M_AXI_AWUSER_WIDTH bound to: 1 - type: integer 
	Parameter C_M_AXI_ARUSER_WIDTH bound to: 1 - type: integer 
	Parameter C_M_AXI_WUSER_WIDTH bound to: 1 - type: integer 
	Parameter C_M_AXI_RUSER_WIDTH bound to: 1 - type: integer 
	Parameter C_M_AXI_BUSER_WIDTH bound to: 1 - type: integer 
	Parameter C_USER_VALUE bound to: 0 - type: integer 
	Parameter C_PROT_VALUE bound to: 0 - type: integer 
	Parameter C_CACHE_VALUE bound to: 3 - type: integer 
	Parameter NUM_READ_OUTSTANDING bound to: 0 - type: integer 
	Parameter NUM_WRITE_OUTSTANDING bound to: 16 - type: integer 
	Parameter USER_MAXREQS bound to: 4 - type: integer 
	Parameter CH0_USER_DW bound to: 256 - type: integer 
	Parameter CH0_USER_AW bound to: 64 - type: integer 
	Parameter CH0_USER_RFIFONUM_WIDTH bound to: 9 - type: integer 
INFO: [Synth 8-6157] synthesizing module 'vision_gemm_gmem_y_m_axi_store' [/home/zhiro/research/kv260-vlm-workers/RM02-B-hls-baseline/experiments/rm03_hls_mapping/reports/rm03_pe4x4_k16_noflat/project/solution1/syn/verilog/vision_gemm_gmem_y_m_axi.v:743]
	Parameter C_TARGET_ADDR bound to: 0 - type: integer 
	Parameter NUM_WRITE_OUTSTANDING bound to: 16 - type: integer 
	Parameter MAX_WRITE_BURST_LENGTH bound to: 64 - type: integer 
	Parameter BUS_ADDR_WIDTH bound to: 64 - type: integer 
	Parameter BUS_DATA_WIDTH bound to: 256 - type: integer 
	Parameter USER_DW bound to: 256 - type: integer 
	Parameter USER_AW bound to: 64 - type: integer 
	Parameter USER_MAXREQS bound to: 4 - type: integer 
	Parameter BUFFER_IMPL bound to: block - type: string 
INFO: [Synth 8-6157] synthesizing module 'vision_gemm_gmem_y_m_axi_fifo' [/home/zhiro/research/kv260-vlm-workers/RM02-B-hls-baseline/experiments/rm03_hls_mapping/reports/rm03_pe4x4_k16_noflat/project/solution1/syn/verilog/vision_gemm_gmem_y_m_axi.v:2507]
	Parameter DATA_WIDTH bound to: 96 - type: integer 
	Parameter ADDR_WIDTH bound to: 2 - type: integer 
	Parameter DEPTH bound to: 4 - type: integer 
INFO: [Synth 8-6157] synthesizing module 'vision_gemm_gmem_y_m_axi_srl' [/home/zhiro/research/kv260-vlm-workers/RM02-B-hls-baseline/experiments/rm03_hls_mapping/reports/rm03_pe4x4_k16_noflat/project/solution1/syn/verilog/vision_gemm_gmem_y_m_axi.v:2685]
	Parameter DATA_WIDTH bound to: 96 - type: integer 
	Parameter ADDR_WIDTH bound to: 2 - type: integer 
	Parameter DEPTH bound to: 4 - type: integer 
INFO: [Synth 8-6155] done synthesizing module 'vision_gemm_gmem_y_m_axi_srl' (0#1) [/home/zhiro/research/kv260-vlm-workers/RM02-B-hls-baseline/experiments/rm03_hls_mapping/reports/rm03_pe4x4_k16_noflat/project/solution1/syn/verilog/vision_gemm_gmem_y_m_axi.v:2685]
INFO: [Synth 8-6155] done synthesizing module 'vision_gemm_gmem_y_m_axi_fifo' (0#1) [/home/zhiro/research/kv260-vlm-workers/RM02-B-hls-baseline/experiments/rm03_hls_mapping/reports/rm03_pe4x4_k16_noflat/project/solution1/syn/verilog/vision_gemm_gmem_y_m_axi.v:2507]
INFO: [Synth 8-6157] synthesizing module 'vision_gemm_gmem_y_m_axi_fifo__parameterized0' [/home/zhiro/research/kv260-vlm-workers/RM02-B-hls-baseline/experiments/rm03_hls_mapping/reports/rm03_pe4x4_k16_noflat/project/solution1/syn/verilog/vision_gemm_gmem_y_m_axi.v:2507]
	Parameter MEM_STYLE bound to: block - type: string 
	Parameter DATA_WIDTH bound to: 288 - type: integer 
	Parameter ADDR_WIDTH bound to: 6 - type: integer 
	Parameter DEPTH bound to: 64 - type: integer 
INFO: [Synth 8-6157] synthesizing module 'vision_gemm_gmem_y_m_axi_mem' [/home/zhiro/research/kv260-vlm-workers/RM02-B-hls-baseline/experiments/rm03_hls_mapping/reports/rm03_pe4x4_k16_noflat/project/solution1/syn/verilog/vision_gemm_gmem_y_m_axi.v:2739]
	Parameter MEM_STYLE bound to: block - type: string 
	Parameter DATA_WIDTH bound to: 288 - type: integer 
	Parameter ADDR_WIDTH bound to: 6 - type: integer 
	Parameter DEPTH bound to: 64 - type: integer 
INFO: [Synth 8-6155] done synthesizing module 'vision_gemm_gmem_y_m_axi_mem' (0#1) [/home/zhiro/research/kv260-vlm-workers/RM02-B-hls-baseline/experiments/rm03_hls_mapping/reports/rm03_pe4x4_k16_noflat/project/solution1/syn/verilog/vision_gemm_gmem_y_m_axi.v:2739]
INFO: [Synth 8-6155] done synthesizing module 'vision_gemm_gmem_y_m_axi_fifo__parameterized0' (0#1) [/home/zhiro/research/kv260-vlm-workers/RM02-B-hls-baseline/experiments/rm03_hls_mapping/reports/rm03_pe4x4_k16_noflat/project/solution1/syn/verilog/vision_gemm_gmem_y_m_axi.v:2507]
INFO: [Synth 8-6157] synthesizing module 'vision_gemm_gmem_y_m_axi_fifo__parameterized1' [/home/zhiro/research/kv260-vlm-workers/RM02-B-hls-baseline/experiments/rm03_hls_mapping/reports/rm03_pe4x4_k16_noflat/project/solution1/syn/verilog/vision_gemm_gmem_y_m_axi.v:2507]
	Parameter DATA_WIDTH bound to: 1 - type: integer 
	Parameter ADDR_WIDTH bound to: 4 - type: integer 
	Parameter DEPTH bound to: 16 - type: integer 
INFO: [Synth 8-6157] synthesizing module 'vision_gemm_gmem_y_m_axi_srl__parameterized0' [/home/zhiro/research/kv260-vlm-workers/RM02-B-hls-baseline/experiments/rm03_hls_mapping/reports/rm03_pe4x4_k16_noflat/project/solution1/syn/verilog/vision_gemm_gmem_y_m_axi.v:2685]
	Parameter DATA_WIDTH bound to: 1 - type: integer 
	Parameter ADDR_WIDTH bound to: 4 - type: integer 
	Parameter DEPTH bound to: 16 - type: integer 
INFO: [Synth 8-6155] done synthesizing module 'vision_gemm_gmem_y_m_axi_srl__parameterized0' (0#1) [/home/zhiro/research/kv260-vlm-workers/RM02-B-hls-baseline/experiments/rm03_hls_mapping/reports/rm03_pe4x4_k16_noflat/project/solution1/syn/verilog/vision_gemm_gmem_y_m_axi.v:2685]
INFO: [Synth 8-6155] done synthesizing module 'vision_gemm_gmem_y_m_axi_fifo__parameterized1' (0#1) [/home/zhiro/research/kv260-vlm-workers/RM02-B-hls-baseline/experiments/rm03_hls_mapping/reports/rm03_pe4x4_k16_noflat/project/solution1/syn/verilog/vision_gemm_gmem_y_m_axi.v:2507]
INFO: [Synth 8-6157] synthesizing module 'vision_gemm_gmem_y_m_axi_fifo__parameterized2' [/home/zhiro/research/kv260-vlm-workers/RM02-B-hls-baseline/experiments/rm03_hls_mapping/reports/rm03_pe4x4_k16_noflat/project/solution1/syn/verilog/vision_gemm_gmem_y_m_axi.v:2507]
	Parameter DATA_WIDTH bound to: 1 - type: integer 
	Parameter ADDR_WIDTH bound to: 2 - type: integer 
	Parameter DEPTH bound to: 4 - type: integer 
INFO: [Synth 8-6157] synthesizing module 'vision_gemm_gmem_y_m_axi_srl__parameterized1' [/home/zhiro/research/kv260-vlm-workers/RM02-B-hls-baseline/experiments/rm03_hls_mapping/reports/rm03_pe4x4_k16_noflat/project/solution1/syn/verilog/vision_gemm_gmem_y_m_axi.v:2685]
	Parameter DATA_WIDTH bound to: 1 - type: integer 
	Parameter ADDR_WIDTH bound to: 2 - type: integer 
	Parameter DEPTH bound to: 4 - type: integer 
INFO: [Synth 8-6155] done synthesizing module 'vision_gemm_gmem_y_m_axi_srl__parameterized1' (0#1) [/home/zhiro/research/kv260-vlm-workers/RM02-B-hls-baseline/experiments/rm03_hls_mapping/reports/rm03_pe4x4_k16_noflat/project/solution1/syn/verilog/vision_gemm_gmem_y_m_axi.v:2685]
INFO: [Synth 8-6155] done synthesizing module 'vision_gemm_gmem_y_m_axi_fifo__parameterized2' (0#1) [/home/zhiro/research/kv260-vlm-workers/RM02-B-hls-baseline/experiments/rm03_hls_mapping/reports/rm03_pe4x4_k16_noflat/project/solution1/syn/verilog/vision_gemm_gmem_y_m_axi.v:2507]
INFO: [Synth 8-6155] done synthesizing module 'vision_gemm_gmem_y_m_axi_store' (0#1) [/home/zhiro/research/kv260-vlm-workers/RM02-B-hls-baseline/experiments/rm03_hls_mapping/reports/rm03_pe4x4_k16_noflat/project/solution1/syn/verilog/vision_gemm_gmem_y_m_axi.v:743]
INFO: [Synth 8-6157] synthesizing module 'vision_gemm_gmem_y_m_axi_write' [/home/zhiro/research/kv260-vlm-workers/RM02-B-hls-baseline/experiments/rm03_hls_mapping/reports/rm03_pe4x4_k16_noflat/project/solution1/syn/verilog/vision_gemm_gmem_y_m_axi.v:1553]
	Parameter CONSERVATIVE bound to: 1 - type: integer 
	Parameter C_M_AXI_ID_WIDTH bound to: 1 - type: integer 
	Parameter C_M_AXI_AWUSER_WIDTH bound to: 1 - type: integer 
	Parameter C_M_AXI_WUSER_WIDTH bound to: 1 - type: integer 
	Parameter C_M_AXI_BUSER_WIDTH bound to: 1 - type: integer 
	Parameter C_USER_VALUE bound to: 0 - type: integer 
	Parameter C_PROT_VALUE bound to: 0 - type: integer 
	Parameter C_CACHE_VALUE bound to: 3 - type: integer 
	Parameter BUS_ADDR_WIDTH bound to: 64 - type: integer 
	Parameter BUS_DATA_WIDTH bound to: 256 - type: integer 
	Parameter NUM_WRITE_OUTSTANDING bound to: 16 - type: integer 
	Parameter MAX_WRITE_BURST_LENGTH bound to: 64 - type: integer 
INFO: [Synth 8-6157] synthesizing module 'vision_gemm_gmem_y_m_axi_burst_converter' [/home/zhiro/research/kv260-vlm-workers/RM02-B-hls-baseline/experiments/rm03_hls_mapping/reports/rm03_pe4x4_k16_noflat/project/solution1/syn/verilog/vision_gemm_gmem_y_m_axi.v:1873]
	Parameter DATA_WIDTH bound to: 256 - type: integer 
	Parameter ADDR_WIDTH bound to: 64 - type: integer 
	Parameter MAX_BURST_LEN bound to: 64 - type: integer 
INFO: [Synth 8-6157] synthesizing module 'vision_gemm_gmem_y_m_axi_reg_slice' [/home/zhiro/research/kv260-vlm-workers/RM02-B-hls-baseline/experiments/rm03_hls_mapping/reports/rm03_pe4x4_k16_noflat/project/solution1/syn/verilog/vision_gemm_gmem_y_m_axi.v:2405]
	Parameter DATA_WIDTH bound to: 96 - type: integer 
INFO: [Synth 8-6155] done synthesizing module 'vision_gemm_gmem_y_m_axi_reg_slice' (0#1) [/home/zhiro/research/kv260-vlm-workers/RM02-B-hls-baseline/experiments/rm03_hls_mapping/reports/rm03_pe4x4_k16_noflat/project/solution1/syn/verilog/vision_gemm_gmem_y_m_axi.v:2405]
INFO: [Synth 8-6155] done synthesizing module 'vision_gemm_gmem_y_m_axi_burst_converter' (0#1) [/home/zhiro/research/kv260-vlm-workers/RM02-B-hls-baseline/experiments/rm03_hls_mapping/reports/rm03_pe4x4_k16_noflat/project/solution1/syn/verilog/vision_gemm_gmem_y_m_axi.v:1873]
INFO: [Synth 8-6157] synthesizing module 'vision_gemm_gmem_y_m_axi_fifo__parameterized3' [/home/zhiro/research/kv260-vlm-workers/RM02-B-hls-baseline/experiments/rm03_hls_mapping/reports/rm03_pe4x4_k16_noflat/project/solution1/syn/verilog/vision_gemm_gmem_y_m_axi.v:2507]
	Parameter DATA_WIDTH bound to: 8 - type: integer 
	Parameter ADDR_WIDTH bound to: 4 - type: integer 
	Parameter DEPTH bound to: 16 - type: integer 
INFO: [Synth 8-6157] synthesizing module 'vision_gemm_gmem_y_m_axi_srl__parameterized2' [/home/zhiro/research/kv260-vlm-workers/RM02-B-hls-baseline/experiments/rm03_hls_mapping/reports/rm03_pe4x4_k16_noflat/project/solution1/syn/verilog/vision_gemm_gmem_y_m_axi.v:2685]
	Parameter DATA_WIDTH bound to: 8 - type: integer 
	Parameter ADDR_WIDTH bound to: 4 - type: integer 
	Parameter DEPTH bound to: 16 - type: integer 
INFO: [Synth 8-6155] done synthesizing module 'vision_gemm_gmem_y_m_axi_srl__parameterized2' (0#1) [/home/zhiro/research/kv260-vlm-workers/RM02-B-hls-baseline/experiments/rm03_hls_mapping/reports/rm03_pe4x4_k16_noflat/project/solution1/syn/verilog/vision_gemm_gmem_y_m_axi.v:2685]
INFO: [Synth 8-6155] done synthesizing module 'vision_gemm_gmem_y_m_axi_fifo__parameterized3' (0#1) [/home/zhiro/research/kv260-vlm-workers/RM02-B-hls-baseline/experiments/rm03_hls_mapping/reports/rm03_pe4x4_k16_noflat/project/solution1/syn/verilog/vision_gemm_gmem_y_m_axi.v:2507]
INFO: [Synth 8-6157] synthesizing module 'vision_gemm_gmem_y_m_axi_throttle' [/home/zhiro/research/kv260-vlm-workers/RM02-B-hls-baseline/experiments/rm03_hls_mapping/reports/rm03_pe4x4_k16_noflat/project/solution1/syn/verilog/vision_gemm_gmem_y_m_axi.v:2179]
	Parameter CONSERVATIVE bound to: 1 - type: integer 
	Parameter USED_FIX bound to: 0 - type: integer 
	Parameter ADDR_WIDTH bound to: 64 - type: integer 
	Parameter DATA_WIDTH bound to: 256 - type: integer 
	Parameter DEPTH bound to: 64 - type: integer 
	Parameter MAXREQS bound to: 16 - type: integer 
	Parameter AVERAGE_MODE bound to: 0 - type: integer 
INFO: [Synth 8-6157] synthesizing module 'vision_gemm_gmem_y_m_axi_reg_slice__parameterized0' [/home/zhiro/research/kv260-vlm-workers/RM02-B-hls-baseline/experiments/rm03_hls_mapping/reports/rm03_pe4x4_k16_noflat/project/solution1/syn/verilog/vision_gemm_gmem_y_m_axi.v:2405]
	Parameter DATA_WIDTH bound to: 72 - type: integer 
INFO: [Synth 8-6155] done synthesizing module 'vision_gemm_gmem_y_m_axi_reg_slice__parameterized0' (0#1) [/home/zhiro/research/kv260-vlm-workers/RM02-B-hls-baseline/experiments/rm03_hls_mapping/reports/rm03_pe4x4_k16_noflat/project/solution1/syn/verilog/vision_gemm_gmem_y_m_axi.v:2405]
INFO: [Synth 8-6157] synthesizing module 'vision_gemm_gmem_y_m_axi_fifo__parameterized4' [/home/zhiro/research/kv260-vlm-workers/RM02-B-hls-baseline/experiments/rm03_hls_mapping/reports/rm03_pe4x4_k16_noflat/project/solution1/syn/verilog/vision_gemm_gmem_y_m_axi.v:2507]
	Parameter DATA_WIDTH bound to: 72 - type: integer 
	Parameter ADDR_WIDTH bound to: 4 - type: integer 
	Parameter DEPTH bound to: 16 - type: integer 
INFO: [Synth 8-6157] synthesizing module 'vision_gemm_gmem_y_m_axi_srl__parameterized3' [/home/zhiro/research/kv260-vlm-workers/RM02-B-hls-baseline/experiments/rm03_hls_mapping/reports/rm03_pe4x4_k16_noflat/project/solution1/syn/verilog/vision_gemm_gmem_y_m_axi.v:2685]
	Parameter DATA_WIDTH bound to: 72 - type: integer 
	Parameter ADDR_WIDTH bound to: 4 - type: integer 
	Parameter DEPTH bound to: 16 - type: integer 
INFO: [Synth 8-6155] done synthesizing module 'vision_gemm_gmem_y_m_axi_srl__parameterized3' (0#1) [/home/zhiro/research/kv260-vlm-workers/RM02-B-hls-baseline/experiments/rm03_hls_mapping/reports/rm03_pe4x4_k16_noflat/project/solution1/syn/verilog/vision_gemm_gmem_y_m_axi.v:2685]
INFO: [Synth 8-6155] done synthesizing module 'vision_gemm_gmem_y_m_axi_fifo__parameterized4' (0#1) [/home/zhiro/research/kv260-vlm-workers/RM02-B-hls-baseline/experiments/rm03_hls_mapping/reports/rm03_pe4x4_k16_noflat/project/solution1/syn/verilog/vision_gemm_gmem_y_m_axi.v:2507]
INFO: [Synth 8-6157] synthesizing module 'vision_gemm_gmem_y_m_axi_fifo__parameterized5' [/home/zhiro/research/kv260-vlm-workers/RM02-B-hls-baseline/experiments/rm03_hls_mapping/reports/rm03_pe4x4_k16_noflat/project/solution1/syn/verilog/vision_gemm_gmem_y_m_axi.v:2507]
	Parameter DATA_WIDTH bound to: 289 - type: integer 
	Parameter ADDR_WIDTH bound to: 6 - type: integer 
	Parameter DEPTH bound to: 64 - type: integer 
INFO: [Synth 8-6157] synthesizing module 'vision_gemm_gmem_y_m_axi_srl__parameterized4' [/home/zhiro/research/kv260-vlm-workers/RM02-B-hls-baseline/experiments/rm03_hls_mapping/reports/rm03_pe4x4_k16_noflat/project/solution1/syn/verilog/vision_gemm_gmem_y_m_axi.v:2685]
	Parameter DATA_WIDTH bound to: 289 - type: integer 
	Parameter ADDR_WIDTH bound to: 6 - type: integer 
	Parameter DEPTH bound to: 64 - type: integer 
INFO: [Synth 8-6155] done synthesizing module 'vision_gemm_gmem_y_m_axi_srl__parameterized4' (0#1) [/home/zhiro/research/kv260-vlm-workers/RM02-B-hls-baseline/experiments/rm03_hls_mapping/reports/rm03_pe4x4_k16_noflat/project/solution1/syn/verilog/vision_gemm_gmem_y_m_axi.v:2685]
INFO: [Synth 8-6155] done synthesizing module 'vision_gemm_gmem_y_m_axi_fifo__parameterized5' (0#1) [/home/zhiro/research/kv260-vlm-workers/RM02-B-hls-baseline/experiments/rm03_hls_mapping/reports/rm03_pe4x4_k16_noflat/project/solution1/syn/verilog/vision_gemm_gmem_y_m_axi.v:2507]
INFO: [Synth 8-6155] done synthesizing module 'vision_gemm_gmem_y_m_axi_throttle' (0#1) [/home/zhiro/research/kv260-vlm-workers/RM02-B-hls-baseline/experiments/rm03_hls_mapping/reports/rm03_pe4x4_k16_noflat/project/solution1/syn/verilog/vision_gemm_gmem_y_m_axi.v:2179]
INFO: [Synth 8-6157] synthesizing module 'vision_gemm_gmem_y_m_axi_reg_slice__parameterized1' [/home/zhiro/research/kv260-vlm-workers/RM02-B-hls-baseline/experiments/rm03_hls_mapping/reports/rm03_pe4x4_k16_noflat/project/solution1/syn/verilog/vision_gemm_gmem_y_m_axi.v:2405]
	Parameter DATA_WIDTH bound to: 1 - type: integer 
INFO: [Synth 8-6155] done synthesizing module 'vision_gemm_gmem_y_m_axi_reg_slice__parameterized1' (0#1) [/home/zhiro/research/kv260-vlm-workers/RM02-B-hls-baseline/experiments/rm03_hls_mapping/reports/rm03_pe4x4_k16_noflat/project/solution1/syn/verilog/vision_gemm_gmem_y_m_axi.v:2405]
WARNING: [Synth 8-589] replacing case/wildcard equality operator === with logical equality operator == [/home/zhiro/research/kv260-vlm-workers/RM02-B-hls-baseline/experiments/rm03_hls_mapping/reports/rm03_pe4x4_k16_noflat/project/solution1/syn/verilog/vision_gemm_gmem_y_m_axi.v:1864]
WARNING: [Synth 8-589] replacing case/wildcard equality operator === with logical equality operator == [/home/zhiro/research/kv260-vlm-workers/RM02-B-hls-baseline/experiments/rm03_hls_mapping/reports/rm03_pe4x4_k16_noflat/project/solution1/syn/verilog/vision_gemm_gmem_y_m_axi.v:1867]
INFO: [Synth 8-6155] done synthesizing module 'vision_gemm_gmem_y_m_axi_write' (0#1) [/home/zhiro/research/kv260-vlm-workers/RM02-B-hls-baseline/experiments/rm03_hls_mapping/reports/rm03_pe4x4_k16_noflat/project/solution1/syn/verilog/vision_gemm_gmem_y_m_axi.v:1553]
INFO: [Synth 8-6155] done synthesizing module 'vision_gemm_gmem_y_m_axi' (0#1) [/home/zhiro/research/kv260-vlm-workers/RM02-B-hls-baseline/experiments/rm03_hls_mapping/reports/rm03_pe4x4_k16_noflat/project/solution1/syn/verilog/vision_gemm_gmem_y_m_axi.v:12]
INFO: [Synth 8-6157] synthesizing module 'vision_gemm_fadd_32ns_32ns_32_8_full_dsp_1' [/home/zhiro/research/kv260-vlm-workers/RM02-B-hls-baseline/experiments/rm03_hls_mapping/reports/rm03_pe4x4_k16_noflat/project/solution1/syn/verilog/vision_gemm_fadd_32ns_32ns_32_8_full_dsp_1.v:9]
	Parameter ID bound to: 1 - type: integer 
	Parameter NUM_STAGE bound to: 8 - type: integer 
	Parameter din0_WIDTH bound to: 32 - type: integer 
	Parameter din1_WIDTH bound to: 32 - type: integer 
	Parameter dout_WIDTH bound to: 32 - type: integer 
INFO: [Synth 8-6157] synthesizing module 'vision_gemm_fadd_32ns_32ns_32_8_full_dsp_1_ip' [/home/zhiro/research/kv260-vlm-workers/RM02-B-hls-baseline/experiments/rm03_hls_mapping/reports/vivado_ooc_rm03_k16/project/rm03_ooc_feasibility.gen/sources_1/ip/vision_gemm_fadd_32ns_32ns_32_8_full_dsp_1_ip/synth/vision_gemm_fadd_32ns_32ns_32_8_full_dsp_1_ip.v:53]
INFO: [Synth 8-6155] done synthesizing module 'vision_gemm_fadd_32ns_32ns_32_8_full_dsp_1_ip' (0#1) [/home/zhiro/research/kv260-vlm-workers/RM02-B-hls-baseline/experiments/rm03_hls_mapping/reports/vivado_ooc_rm03_k16/project/rm03_ooc_feasibility.gen/sources_1/ip/vision_gemm_fadd_32ns_32ns_32_8_full_dsp_1_ip/synth/vision_gemm_fadd_32ns_32ns_32_8_full_dsp_1_ip.v:53]
INFO: [Synth 8-6155] done synthesizing module 'vision_gemm_fadd_32ns_32ns_32_8_full_dsp_1' (0#1) [/home/zhiro/research/kv260-vlm-workers/RM02-B-hls-baseline/experiments/rm03_hls_mapping/reports/rm03_pe4x4_k16_noflat/project/solution1/syn/verilog/vision_gemm_fadd_32ns_32ns_32_8_full_dsp_1.v:9]
INFO: [Synth 8-6157] synthesizing module 'vision_gemm_mul_2ns_11ns_11_1_1' [/home/zhiro/research/kv260-vlm-workers/RM02-B-hls-baseline/experiments/rm03_hls_mapping/reports/rm03_pe4x4_k16_noflat/project/solution1/syn/verilog/vision_gemm_mul_2ns_11ns_11_1_1.v:5]
	Parameter ID bound to: 1 - type: integer 
	Parameter NUM_STAGE bound to: 1 - type: integer 
	Parameter din0_WIDTH bound to: 2 - type: integer 
	Parameter din1_WIDTH bound to: 11 - type: integer 
	Parameter dout_WIDTH bound to: 11 - type: integer 
INFO: [Synth 8-6155] done synthesizing module 'vision_gemm_mul_2ns_11ns_11_1_1' (0#1) [/home/zhiro/research/kv260-vlm-workers/RM02-B-hls-baseline/experiments/rm03_hls_mapping/reports/rm03_pe4x4_k16_noflat/project/solution1/syn/verilog/vision_gemm_mul_2ns_11ns_11_1_1.v:5]
INFO: [Synth 8-6157] synthesizing module 'vision_gemm_mul_3ns_11ns_12_1_1' [/home/zhiro/research/kv260-vlm-workers/RM02-B-hls-baseline/experiments/rm03_hls_mapping/reports/rm03_pe4x4_k16_noflat/project/solution1/syn/verilog/vision_gemm_mul_3ns_11ns_12_1_1.v:5]
	Parameter ID bound to: 1 - type: integer 
	Parameter NUM_STAGE bound to: 1 - type: integer 
	Parameter din0_WIDTH bound to: 3 - type: integer 
	Parameter din1_WIDTH bound to: 11 - type: integer 
	Parameter dout_WIDTH bound to: 12 - type: integer 
INFO: [Synth 8-6155] done synthesizing module 'vision_gemm_mul_3ns_11ns_12_1_1' (0#1) [/home/zhiro/research/kv260-vlm-workers/RM02-B-hls-baseline/experiments/rm03_hls_mapping/reports/rm03_pe4x4_k16_noflat/project/solution1/syn/verilog/vision_gemm_mul_3ns_11ns_12_1_1.v:5]
INFO: [Synth 8-6155] done synthesizing module 'vision_gemm' (0#1) [/home/zhiro/research/kv260-vlm-workers/RM02-B-hls-baseline/experiments/rm03_hls_mapping/reports/rm03_pe4x4_k16_noflat/project/solution1/syn/verilog/vision_gemm.v:9]
INFO: [Synth 8-4490] FSM extraction disabled for register 'ap_CS_fsm_reg' through user attribute
WARNING: [Synth 8-6014] Unused sequential element int_ap_done_reg was removed.  [/home/zhiro/research/kv260-vlm-workers/RM02-B-hls-baseline/experiments/rm03_hls_mapping/reports/rm03_pe4x4_k16_noflat/project/solution1/syn/verilog/vision_gemm_control_s_axi.v:305]
INFO: [Synth 8-4490] FSM extraction disabled for register 'ap_CS_fsm_reg' through user attribute
WARNING: [Synth 8-7129] Port CLK in module xbip_pipe_v3_0_10_viv__parameterized3 is either unconnected or has no load
WARNING: [Synth 8-7129] Port CE in module xbip_pipe_v3_0_10_viv__parameterized3 is either unconnected or has no load
WARNING: [Synth 8-7129] Port SCLR in module xbip_pipe_v3_0_10_viv__parameterized3 is either unconnected or has no load
WARNING: [Synth 8-7129] Port SSET in module xbip_pipe_v3_0_10_viv__parameterized3 is either unconnected or has no load
WARNING: [Synth 8-7129] Port SINIT in module xbip_pipe_v3_0_10_viv__parameterized3 is either unconnected or has no load
WARNING: [Synth 8-7129] Port CLK in module xbip_pipe_v3_0_10_viv__parameterized69 is either unconnected or has no load
WARNING: [Synth 8-7129] Port CE in module xbip_pipe_v3_0_10_viv__parameterized69 is either unconnected or has no load
WARNING: [Synth 8-7129] Port SCLR in module xbip_pipe_v3_0_10_viv__parameterized69 is either unconnected or has no load
WARNING: [Synth 8-7129] Port SSET in module xbip_pipe_v3_0_10_viv__parameterized69 is either unconnected or has no load
WARNING: [Synth 8-7129] Port SINIT in module xbip_pipe_v3_0_10_viv__parameterized69 is either unconnected or has no load
WARNING: [Synth 8-7129] Port SCLR in module xbip_pipe_v3_0_10_viv__parameterized5 is either unconnected or has no load
WARNING: [Synth 8-7129] Port SSET in module xbip_pipe_v3_0_10_viv__parameterized5 is either unconnected or has no load
WARNING: [Synth 8-7129] Port SINIT in module xbip_pipe_v3_0_10_viv__parameterized5 is either unconnected or has no load
WARNING: [Synth 8-7129] Port DEC_OP_STATE[11] in module flt_dec_op__parameterized0 is either unconnected or has no load
WARNING: [Synth 8-7129] Port DEC_OP_STATE[10] in module flt_dec_op__parameterized0 is either unconnected or has no load
WARNING: [Synth 8-7129] Port DEC_OP_STATE[9] in module flt_dec_op__parameterized0 is either unconnected or has no load
WARNING: [Synth 8-7129] Port DEC_OP_STATE[8] in module flt_dec_op__parameterized0 is either unconnected or has no load
WARNING: [Synth 8-7129] Port DIVIDE_BY_ZERO_IN in module flt_dec_op__parameterized0 is either unconnected or has no load
WARNING: [Synth 8-7129] Port SCLR in module xbip_pipe_v3_0_10_viv__parameterized65 is either unconnected or has no load
WARNING: [Synth 8-7129] Port SSET in module xbip_pipe_v3_0_10_viv__parameterized65 is either unconnected or has no load
WARNING: [Synth 8-7129] Port SINIT in module xbip_pipe_v3_0_10_viv__parameterized65 is either unconnected or has no load
WARNING: [Synth 8-7129] Port CLK in module xbip_pipe_v3_0_10_viv__parameterized57 is either unconnected or has no load
WARNING: [Synth 8-7129] Port CE in module xbip_pipe_v3_0_10_viv__parameterized57 is either unconnected or has no load
WARNING: [Synth 8-7129] Port SCLR in module xbip_pipe_v3_0_10_viv__parameterized57 is either unconnected or has no load
WARNING: [Synth 8-7129] Port SSET in module xbip_pipe_v3_0_10_viv__parameterized57 is either unconnected or has no load
WARNING: [Synth 8-7129] Port SINIT in module xbip_pipe_v3_0_10_viv__parameterized57 is either unconnected or has no load
WARNING: [Synth 8-7129] Port B[8] in module carry_chain__parameterized10 is either unconnected or has no load
WARNING: [Synth 8-7129] Port CLK in module xbip_pipe_v3_0_10_viv__parameterized53 is either unconnected or has no load
WARNING: [Synth 8-7129] Port CE in module xbip_pipe_v3_0_10_viv__parameterized53 is either unconnected or has no load
WARNING: [Synth 8-7129] Port SCLR in module xbip_pipe_v3_0_10_viv__parameterized53 is either unconnected or has no load
WARNING: [Synth 8-7129] Port SSET in module xbip_pipe_v3_0_10_viv__parameterized53 is either unconnected or has no load
WARNING: [Synth 8-7129] Port SINIT in module xbip_pipe_v3_0_10_viv__parameterized53 is either unconnected or has no load
WARNING: [Synth 8-7129] Port CLK in module xbip_pipe_v3_0_10_viv__parameterized31 is either unconnected or has no load
WARNING: [Synth 8-7129] Port CE in module xbip_pipe_v3_0_10_viv__parameterized31 is either unconnected or has no load
WARNING: [Synth 8-7129] Port SCLR in module xbip_pipe_v3_0_10_viv__parameterized31 is either unconnected or has no load
WARNING: [Synth 8-7129] Port SSET in module xbip_pipe_v3_0_10_viv__parameterized31 is either unconnected or has no load
WARNING: [Synth 8-7129] Port SINIT in module xbip_pipe_v3_0_10_viv__parameterized31 is either unconnected or has no load
WARNING: [Synth 8-7129] Port CLK in module xbip_pipe_v3_0_10_viv__parameterized51 is either unconnected or has no load
WARNING: [Synth 8-7129] Port CE in module xbip_pipe_v3_0_10_viv__parameterized51 is either unconnected or has no load
WARNING: [Synth 8-7129] Port SCLR in module xbip_pipe_v3_0_10_viv__parameterized51 is either unconnected or has no load
WARNING: [Synth 8-7129] Port SSET in module xbip_pipe_v3_0_10_viv__parameterized51 is either unconnected or has no load
WARNING: [Synth 8-7129] Port SINIT in module xbip_pipe_v3_0_10_viv__parameterized51 is either unconnected or has no load
WARNING: [Synth 8-7129] Port CLK in module xbip_pipe_v3_0_10_viv__parameterized27 is either unconnected or has no load
WARNING: [Synth 8-7129] Port CE in module xbip_pipe_v3_0_10_viv__parameterized27 is either unconnected or has no load
WARNING: [Synth 8-7129] Port SCLR in module xbip_pipe_v3_0_10_viv__parameterized27 is either unconnected or has no load
WARNING: [Synth 8-7129] Port SSET in module xbip_pipe_v3_0_10_viv__parameterized27 is either unconnected or has no load
WARNING: [Synth 8-7129] Port SINIT in module xbip_pipe_v3_0_10_viv__parameterized27 is either unconnected or has no load
WARNING: [Synth 8-7129] Port CLK in module xbip_pipe_v3_0_10_viv__parameterized43 is either unconnected or has no load
WARNING: [Synth 8-7129] Port CE in module xbip_pipe_v3_0_10_viv__parameterized43 is either unconnected or has no load
WARNING: [Synth 8-7129] Port SCLR in module xbip_pipe_v3_0_10_viv__parameterized43 is either unconnected or has no load
WARNING: [Synth 8-7129] Port SSET in module xbip_pipe_v3_0_10_viv__parameterized43 is either unconnected or has no load
WARNING: [Synth 8-7129] Port SINIT in module xbip_pipe_v3_0_10_viv__parameterized43 is either unconnected or has no load
WARNING: [Synth 8-7129] Port SCLR in module xbip_pipe_v3_0_10_viv__parameterized111 is either unconnected or has no load
WARNING: [Synth 8-7129] Port SSET in module xbip_pipe_v3_0_10_viv__parameterized111 is either unconnected or has no load
WARNING: [Synth 8-7129] Port SINIT in module xbip_pipe_v3_0_10_viv__parameterized111 is either unconnected or has no load
WARNING: [Synth 8-7129] Port SCLR in module xbip_pipe_v3_0_10_viv__parameterized84 is either unconnected or has no load
WARNING: [Synth 8-7129] Port SSET in module xbip_pipe_v3_0_10_viv__parameterized84 is either unconnected or has no load
WARNING: [Synth 8-7129] Port SINIT in module xbip_pipe_v3_0_10_viv__parameterized84 is either unconnected or has no load
WARNING: [Synth 8-7129] Port CLK in module xbip_pipe_v3_0_10_viv__parameterized109 is either unconnected or has no load
WARNING: [Synth 8-7129] Port CE in module xbip_pipe_v3_0_10_viv__parameterized109 is either unconnected or has no load
WARNING: [Synth 8-7129] Port SCLR in module xbip_pipe_v3_0_10_viv__parameterized109 is either unconnected or has no load
WARNING: [Synth 8-7129] Port SSET in module xbip_pipe_v3_0_10_viv__parameterized109 is either unconnected or has no load
WARNING: [Synth 8-7129] Port SINIT in module xbip_pipe_v3_0_10_viv__parameterized109 is either unconnected or has no load
WARNING: [Synth 8-7129] Port SCLR in module xbip_pipe_v3_0_10_viv__parameterized107 is either unconnected or has no load
WARNING: [Synth 8-7129] Port SSET in module xbip_pipe_v3_0_10_viv__parameterized107 is either unconnected or has no load
WARNING: [Synth 8-7129] Port SINIT in module xbip_pipe_v3_0_10_viv__parameterized107 is either unconnected or has no load
WARNING: [Synth 8-7129] Port SCLR in module xbip_pipe_v3_0_10_viv__parameterized105 is either unconnected or has no load
WARNING: [Synth 8-7129] Port SSET in module xbip_pipe_v3_0_10_viv__parameterized105 is either unconnected or has no load
WARNING: [Synth 8-7129] Port SINIT in module xbip_pipe_v3_0_10_viv__parameterized105 is either unconnected or has no load
WARNING: [Synth 8-7129] Port SCLR in module xbip_pipe_v3_0_10_viv__parameterized103 is either unconnected or has no load
WARNING: [Synth 8-7129] Port SSET in module xbip_pipe_v3_0_10_viv__parameterized103 is either unconnected or has no load
WARNING: [Synth 8-7129] Port SINIT in module xbip_pipe_v3_0_10_viv__parameterized103 is either unconnected or has no load
WARNING: [Synth 8-7129] Port SCLR in module xbip_pipe_v3_0_10_viv__parameterized101 is either unconnected or has no load
WARNING: [Synth 8-7129] Port SSET in module xbip_pipe_v3_0_10_viv__parameterized101 is either unconnected or has no load
WARNING: [Synth 8-7129] Port SINIT in module xbip_pipe_v3_0_10_viv__parameterized101 is either unconnected or has no load
WARNING: [Synth 8-7129] Port CLK in module xbip_pipe_v3_0_10_viv__parameterized21 is either unconnected or has no load
WARNING: [Synth 8-7129] Port CE in module xbip_pipe_v3_0_10_viv__parameterized21 is either unconnected or has no load
WARNING: [Synth 8-7129] Port SCLR in module xbip_pipe_v3_0_10_viv__parameterized21 is either unconnected or has no load
WARNING: [Synth 8-7129] Port SSET in module xbip_pipe_v3_0_10_viv__parameterized21 is either unconnected or has no load
WARNING: [Synth 8-7129] Port SINIT in module xbip_pipe_v3_0_10_viv__parameterized21 is either unconnected or has no load
WARNING: [Synth 8-7129] Port CARRYS_OUT[14] in module carry_chain__parameterized15 is either unconnected or has no load
WARNING: [Synth 8-7129] Port CARRYS_OUT[13] in module carry_chain__parameterized15 is either unconnected or has no load
WARNING: [Synth 8-7129] Port CARRYS_OUT[12] in module carry_chain__parameterized15 is either unconnected or has no load
WARNING: [Synth 8-7129] Port CARRYS_OUT[11] in module carry_chain__parameterized15 is either unconnected or has no load
WARNING: [Synth 8-7129] Port CARRYS_OUT[10] in module carry_chain__parameterized15 is either unconnected or has no load
WARNING: [Synth 8-7129] Port CARRYS_OUT[9] in module carry_chain__parameterized15 is either unconnected or has no load
WARNING: [Synth 8-7129] Port CARRYS_OUT[8] in module carry_chain__parameterized15 is either unconnected or has no load
WARNING: [Synth 8-7129] Port CARRYS_OUT[7] in module carry_chain__parameterized15 is either unconnected or has no load
WARNING: [Synth 8-7129] Port CARRYS_OUT[6] in module carry_chain__parameterized15 is either unconnected or has no load
WARNING: [Synth 8-7129] Port CARRYS_OUT[5] in module carry_chain__parameterized15 is either unconnected or has no load
WARNING: [Synth 8-7129] Port CARRYS_OUT[4] in module carry_chain__parameterized15 is either unconnected or has no load
WARNING: [Synth 8-7129] Port CARRYS_OUT[3] in module carry_chain__parameterized15 is either unconnected or has no load
WARNING: [Synth 8-7129] Port CARRYS_OUT[2] in module carry_chain__parameterized15 is either unconnected or has no load
WARNING: [Synth 8-7129] Port CARRYS_OUT[1] in module carry_chain__parameterized15 is either unconnected or has no load
WARNING: [Synth 8-7129] Port CARRYS_OUT[0] in module carry_chain__parameterized15 is either unconnected or has no load
WARNING: [Synth 8-7129] Port SCLR in module xbip_pipe_v3_0_10_viv__parameterized13 is either unconnected or has no load
WARNING: [Synth 8-7129] Port SSET in module xbip_pipe_v3_0_10_viv__parameterized13 is either unconnected or has no load
WARNING: [Synth 8-7129] Port SINIT in module xbip_pipe_v3_0_10_viv__parameterized13 is either unconnected or has no load
WARNING: [Synth 8-7129] Port CLK in module xbip_pipe_v3_0_10_viv__parameterized55 is either unconnected or has no load
WARNING: [Synth 8-7129] Port CE in module xbip_pipe_v3_0_10_viv__parameterized55 is either unconnected or has no load
INFO: [Common 17-14] Message 'Synth 8-7129' appears 100 times and further instances of the messages will be disabled. Use the Tcl command set_msg_config to change the current settings.
---------------------------------------------------------------------------------
Finished Synthesize : Time (s): cpu = 00:00:08 ; elapsed = 00:00:08 . Memory (MB): peak = 2257.934 ; gain = 737.422 ; free physical = 8836 ; free virtual = 29261
---------------------------------------------------------------------------------
---------------------------------------------------------------------------------
Finished Constraint Validation : Time (s): cpu = 00:00:08 ; elapsed = 00:00:09 . Memory (MB): peak = 2257.934 ; gain = 737.422 ; free physical = 8842 ; free virtual = 29267
---------------------------------------------------------------------------------
---------------------------------------------------------------------------------
Start Loading Part and Timing Information
---------------------------------------------------------------------------------
Loading part: xck26-sfvc784-2LV-c
INFO: [Device 21-403] Loading part xck26-sfvc784-2LV-c
INFO: [Synth 8-6742] Reading net delay rules and data
---------------------------------------------------------------------------------
Finished Loading Part and Timing Information : Time (s): cpu = 00:00:08 ; elapsed = 00:00:09 . Memory (MB): peak = 2257.934 ; gain = 737.422 ; free physical = 8842 ; free virtual = 29266
---------------------------------------------------------------------------------
INFO: [Synth 8-4490] FSM extraction disabled for register 'ap_CS_fsm_reg' through user attribute
INFO: [Synth 8-4490] FSM extraction disabled for register 'ap_CS_fsm_reg' through user attribute
INFO: [Synth 8-4490] FSM extraction disabled for register 'ap_CS_fsm_reg' through user attribute
INFO: [Synth 8-802] inferred FSM for state register 'wstate_reg' in module 'vision_gemm_control_s_axi'
INFO: [Synth 8-802] inferred FSM for state register 'rstate_reg' in module 'vision_gemm_control_s_axi'
INFO: [Synth 8-802] inferred FSM for state register 'state_reg' in module 'vision_gemm_gmem_w_m_axi_reg_slice'
INFO: [Synth 8-802] inferred FSM for state register 'state_reg' in module 'vision_gemm_gmem_w_m_axi_reg_slice__parameterized0'
INFO: [Synth 8-802] inferred FSM for state register 'state_reg' in module 'vision_gemm_gmem_x_m_axi_reg_slice'
INFO: [Synth 8-802] inferred FSM for state register 'state_reg' in module 'vision_gemm_gmem_x_m_axi_reg_slice__parameterized0'
INFO: [Synth 8-802] inferred FSM for state register 'state_reg' in module 'vision_gemm_gmem_y_m_axi_reg_slice'
INFO: [Synth 8-802] inferred FSM for state register 'state_reg' in module 'vision_gemm_gmem_y_m_axi_reg_slice__parameterized0'
INFO: [Synth 8-802] inferred FSM for state register 'state_reg' in module 'vision_gemm_gmem_y_m_axi_reg_slice__parameterized1'
INFO: [Synth 8-4490] FSM extraction disabled for register 'ap_CS_fsm_reg' through user attribute
INFO: [Synth 8-4490] FSM extraction disabled for register 'ap_CS_fsm_reg' through user attribute
INFO: [Synth 8-5759] Cascade height of 1 specified for RAM '"vision_gemm_weight_tile_RAM_2P_URAM_1R1W:/ram_reg"'. This RAM won't be implemented using URAM cascade chain
INFO: [Synth 8-6833] Ram_style="hls_ultra" specified on RAM ("vision_gemm_weight_tile_RAM_2P_URAM_1R1W:/ram_reg"). This will be implemented using Non-Cascaded URAMs that could result in higher LUTs an MUX utilization. 
INFO: [Synth 8-5782] User specified cascade height of 1 will be used for URAM '"vision_gemm_weight_tile_RAM_2P_URAM_1R1W:/ram_reg"'.
INFO: [Synth 8-5759] Cascade height of 1 specified for RAM '"vision_gemm_activation_tile_RAM_2P_URAM_1R1W:/ram_reg"'. This RAM won't be implemented using URAM cascade chain
INFO: [Synth 8-6833] Ram_style="hls_ultra" specified on RAM ("vision_gemm_activation_tile_RAM_2P_URAM_1R1W:/ram_reg"). This will be implemented using Non-Cascaded URAMs that could result in higher LUTs an MUX utilization. 
INFO: [Synth 8-5782] User specified cascade height of 1 will be used for URAM '"vision_gemm_activation_tile_RAM_2P_URAM_1R1W:/ram_reg"'.
---------------------------------------------------------------------------------------------------
                   State |                     New Encoding |                Previous Encoding 
---------------------------------------------------------------------------------------------------
                  iSTATE |                             0001 |                               11
*
                  WRIDLE |                             0010 |                               00
                  WRDATA |                             0100 |                               01
                  WRRESP |                             1000 |                               10
---------------------------------------------------------------------------------------------------
INFO: [Synth 8-3354] encoded FSM with state register 'wstate_reg' using encoding 'one-hot' in module 'vision_gemm_control_s_axi'
---------------------------------------------------------------------------------------------------
                   State |                     New Encoding |                Previous Encoding 
---------------------------------------------------------------------------------------------------
                  iSTATE |                              001 |                               10
*
                  RDIDLE |                              010 |                               00
                  RDDATA |                              100 |                               01
---------------------------------------------------------------------------------------------------
INFO: [Synth 8-3354] encoded FSM with state register 'rstate_reg' using encoding 'one-hot' in module 'vision_gemm_control_s_axi'
---------------------------------------------------------------------------------------------------
                   State |                     New Encoding |                Previous Encoding 
---------------------------------------------------------------------------------------------------
                    ZERO |                               00 |                               10
                     ONE |                               10 |                               11
                     TWO |                               01 |                               01
---------------------------------------------------------------------------------------------------
INFO: [Synth 8-3354] encoded FSM with state register 'state_reg' using encoding 'sequential' in module 'vision_gemm_gmem_w_m_axi_reg_slice'
---------------------------------------------------------------------------------------------------
                   State |                     New Encoding |                Previous Encoding 
---------------------------------------------------------------------------------------------------
                    ZERO |                               00 |                               10
                     ONE |                               10 |                               11
                     TWO |                               01 |                               01
---------------------------------------------------------------------------------------------------
INFO: [Synth 8-3354] encoded FSM with state register 'state_reg' using encoding 'sequential' in module 'vision_gemm_gmem_w_m_axi_reg_slice__parameterized0'
---------------------------------------------------------------------------------------------------
                   State |                     New Encoding |                Previous Encoding 
---------------------------------------------------------------------------------------------------
                    ZERO |                               00 |                               10
                     ONE |                               10 |                               11
                     TWO |                               01 |                               01
---------------------------------------------------------------------------------------------------
INFO: [Synth 8-3354] encoded FSM with state register 'state_reg' using encoding 'sequential' in module 'vision_gemm_gmem_x_m_axi_reg_slice'
---------------------------------------------------------------------------------------------------
                   State |                     New Encoding |                Previous Encoding 
---------------------------------------------------------------------------------------------------
                    ZERO |                               00 |                               10
                     ONE |                               10 |                               11
                     TWO |                               01 |                               01
---------------------------------------------------------------------------------------------------
INFO: [Synth 8-3354] encoded FSM with state register 'state_reg' using encoding 'sequential' in module 'vision_gemm_gmem_x_m_axi_reg_slice__parameterized0'
---------------------------------------------------------------------------------------------------
                   State |                     New Encoding |                Previous Encoding 
---------------------------------------------------------------------------------------------------
                    ZERO |                               00 |                               10
                     ONE |                               10 |                               11
                     TWO |                               01 |                               01
---------------------------------------------------------------------------------------------------
INFO: [Synth 8-3354] encoded FSM with state register 'state_reg' using encoding 'sequential' in module 'vision_gemm_gmem_y_m_axi_reg_slice'
---------------------------------------------------------------------------------------------------
                   State |                     New Encoding |                Previous Encoding 
---------------------------------------------------------------------------------------------------
                    ZERO |                               00 |                               10
                     ONE |                               10 |                               11
                     TWO |                               01 |                               01
---------------------------------------------------------------------------------------------------
INFO: [Synth 8-3354] encoded FSM with state register 'state_reg' using encoding 'sequential' in module 'vision_gemm_gmem_y_m_axi_reg_slice__parameterized0'
---------------------------------------------------------------------------------------------------
                   State |                     New Encoding |                Previous Encoding 
---------------------------------------------------------------------------------------------------
                    ZERO |                               00 |                               10
                     ONE |                               10 |                               11
                     TWO |                               01 |                               01
---------------------------------------------------------------------------------------------------
INFO: [Synth 8-3354] encoded FSM with state register 'state_reg' using encoding 'sequential' in module 'vision_gemm_gmem_y_m_axi_reg_slice__parameterized1'
---------------------------------------------------------------------------------
Finished RTL Optimization Phase 2 : Time (s): cpu = 00:00:16 ; elapsed = 00:00:15 . Memory (MB): peak = 2921.387 ; gain = 1400.875 ; free physical = 8256 ; free virtual = 28624
---------------------------------------------------------------------------------
INFO: [Synth 8-223] decloning instance 'vision_gemm_fadd_32ns_32ns_32_6_no_dsp_1:/vision_gemm_fadd_32ns_32ns_32_6_no_dsp_1_ip_u/inst/i_synth/ADDSUB_OP.ADDSUB/LOGIC_SPEED.OP/NORM/ROUND/EXTRA_LSB_BIT_DEL' (delay__parameterized0) to 'vision_gemm_fadd_32ns_32ns_32_6_no_dsp_1:/vision_gemm_fadd_32ns_32ns_32_6_no_dsp_1_ip_u/inst/i_synth/ADDSUB_OP.ADDSUB/LOGIC_SPEED.OP/NORM/ROUND/EXTRA_LSB_RND1_DEL'
INFO: [Synth 8-223] decloning instance 'vision_gemm_fadd_32ns_32ns_32_6_no_dsp_1:/vision_gemm_fadd_32ns_32ns_32_6_no_dsp_1_ip_u/inst/i_synth/ADDSUB_OP.ADDSUB/LOGIC_SPEED.OP/NORM/ROUND/EXP_INC_DELAY' (delay__parameterized0) to 'vision_gemm_fadd_32ns_32ns_32_6_no_dsp_1:/vision_gemm_fadd_32ns_32ns_32_6_no_dsp_1_ip_u/inst/i_synth/ADDSUB_OP.ADDSUB/LOGIC_SPEED.OP/NORM/ROUND/EXP_INC_RND1_DELAY'
INFO: [Synth 8-223] decloning instance 'vision_gemm_fadd_32ns_32ns_32_6_no_dsp_1:/vision_gemm_fadd_32ns_32ns_32_6_no_dsp_1_ip_u/inst/i_synth/DELAY_DIVIDE_BY_ZERO' (delay__parameterized0) to 'vision_gemm_fadd_32ns_32ns_32_6_no_dsp_1:/vision_gemm_fadd_32ns_32ns_32_6_no_dsp_1_ip_u/inst/i_synth/DELAY_ACCUM_OVERFLOW'
INFO: [Synth 8-223] decloning instance 'vision_gemm_fadd_32ns_32ns_32_6_no_dsp_1:/vision_gemm_fadd_32ns_32ns_32_6_no_dsp_1_ip_u/inst/i_synth/DELAY_DIVIDE_BY_ZERO' (delay__parameterized0) to 'vision_gemm_fadd_32ns_32ns_32_6_no_dsp_1:/vision_gemm_fadd_32ns_32ns_32_6_no_dsp_1_ip_u/inst/i_synth/DELAY_ACCUM_INPUT_OVERFLOW'
INFO: [Synth 8-223] decloning instance 'vision_gemm_fmul_32ns_32ns_32_5_max_dsp_1:/vision_gemm_fmul_32ns_32ns_32_5_max_dsp_1_ip_u/inst/i_synth/DELAY_DIVIDE_BY_ZERO' (delay__parameterized0) to 'vision_gemm_fmul_32ns_32ns_32_5_max_dsp_1:/vision_gemm_fmul_32ns_32ns_32_5_max_dsp_1_ip_u/inst/i_synth/DELAY_ACCUM_OVERFLOW'
INFO: [Synth 8-223] decloning instance 'vision_gemm_fmul_32ns_32ns_32_5_max_dsp_1:/vision_gemm_fmul_32ns_32ns_32_5_max_dsp_1_ip_u/inst/i_synth/DELAY_DIVIDE_BY_ZERO' (delay__parameterized0) to 'vision_gemm_fmul_32ns_32ns_32_5_max_dsp_1:/vision_gemm_fmul_32ns_32ns_32_5_max_dsp_1_ip_u/inst/i_synth/DELAY_ACCUM_INPUT_OVERFLOW'
INFO: [Synth 8-223] decloning instance 'vision_gemm_fadd_32ns_32ns_32_8_full_dsp_1:/vision_gemm_fadd_32ns_32ns_32_8_full_dsp_1_ip_u/inst/i_synth/ADDSUB_OP.ADDSUB/DSP.OP/DSP48E1_BODY.ALIGN_ADD/SUB_DELAY' (delay__parameterized0) to 'vision_gemm_fadd_32ns_32ns_32_8_full_dsp_1:/vision_gemm_fadd_32ns_32ns_32_8_full_dsp_1_ip_u/inst/i_synth/ADDSUB_OP.ADDSUB/DSP.OP/DSP48E1_BODY.ALIGN_ADD/SUB_ADD_IP_DELAY'
INFO: [Synth 8-223] decloning instance 'vision_gemm_fadd_32ns_32ns_32_8_full_dsp_1:/vision_gemm_fadd_32ns_32ns_32_8_full_dsp_1_ip_u/inst/i_synth/DELAY_DIVIDE_BY_ZERO' (delay__parameterized0) to 'vision_gemm_fadd_32ns_32ns_32_8_full_dsp_1:/vision_gemm_fadd_32ns_32ns_32_8_full_dsp_1_ip_u/inst/i_synth/DELAY_ACCUM_OVERFLOW'
INFO: [Synth 8-223] decloning instance 'vision_gemm_fadd_32ns_32ns_32_8_full_dsp_1:/vision_gemm_fadd_32ns_32ns_32_8_full_dsp_1_ip_u/inst/i_synth/DELAY_DIVIDE_BY_ZERO' (delay__parameterized0) to 'vision_gemm_fadd_32ns_32ns_32_8_full_dsp_1:/vision_gemm_fadd_32ns_32ns_32_8_full_dsp_1_ip_u/inst/i_synth/DELAY_ACCUM_INPUT_OVERFLOW'
No constraint files found.
---------------------------------------------------------------------------------
Start RTL Component Statistics 
---------------------------------------------------------------------------------
---------------------------------------------------------------------------------
Finished RTL Component Statistics 
---------------------------------------------------------------------------------
---------------------------------------------------------------------------------
Start Part Resource Summary
---------------------------------------------------------------------------------
Part Resources:
DSPs: 1248 (col length:96)
BRAMs: 288 (col length: RAMB18 96 RAMB36 48)
---------------------------------------------------------------------------------
Finished Part Resource Summary
---------------------------------------------------------------------------------
No constraint files found.
---------------------------------------------------------------------------------
Start Cross Boundary and Area Optimization
---------------------------------------------------------------------------------
INFO: [Common 17-14] Message 'Synth 8-7129' appears 100 times and further instances of the messages will be disabled. Use the Tcl command set_msg_config to change the current settings.
INFO: [Synth 8-3886] merging instance 'trunc_ln21_65_reg_50226_reg[0]' (FDE) to 'frac_56_reg_50196_reg[0]'
INFO: [Synth 8-3886] merging instance 'trunc_ln21_65_reg_50226_reg[1]' (FDE) to 'frac_56_reg_50196_reg[1]'
INFO: [Synth 8-3886] merging instance 'trunc_ln21_65_reg_50226_reg[2]' (FDE) to 'frac_56_reg_50196_reg[2]'
INFO: [Synth 8-3886] merging instance 'trunc_ln21_65_reg_50226_reg[3]' (FDE) to 'frac_56_reg_50196_reg[3]'
INFO: [Synth 8-3886] merging instance 'trunc_ln21_65_reg_50226_reg[4]' (FDE) to 'frac_56_reg_50196_reg[4]'
INFO: [Synth 8-3886] merging instance 'trunc_ln21_65_reg_50226_reg[5]' (FDE) to 'frac_56_reg_50196_reg[5]'
INFO: [Synth 8-3886] merging instance 'trunc_ln21_65_reg_50226_reg[6]' (FDE) to 'frac_56_reg_50196_reg[6]'
INFO: [Synth 8-3886] merging instance 'trunc_ln21_65_reg_50226_reg[7]' (FDE) to 'frac_56_reg_50196_reg[7]'
INFO: [Synth 8-3886] merging instance 'trunc_ln21_65_reg_50226_reg[8]' (FDE) to 'frac_56_reg_50196_reg[8]'
INFO: [Synth 8-3886] merging instance 'tmp_861_reg_50219_reg[0]' (FDE) to 'frac_56_reg_50196_reg[9]'
INFO: [Synth 8-3886] merging instance 'tmp_838_reg_50146_reg[0]' (FDE) to 'frac_54_reg_50116_reg[0]'
INFO: [Synth 8-3886] merging instance 'tmp_838_reg_50146_reg[1]' (FDE) to 'frac_54_reg_50116_reg[1]'
INFO: [Synth 8-3886] merging instance 'tmp_838_reg_50146_reg[2]' (FDE) to 'frac_54_reg_50116_reg[2]'
INFO: [Synth 8-3886] merging instance 'tmp_838_reg_50146_reg[3]' (FDE) to 'frac_54_reg_50116_reg[3]'
INFO: [Synth 8-3886] merging instance 'tmp_838_reg_50146_reg[4]' (FDE) to 'frac_54_reg_50116_reg[4]'
INFO: [Synth 8-3886] merging instance 'tmp_838_reg_50146_reg[5]' (FDE) to 'frac_54_reg_50116_reg[5]'
INFO: [Synth 8-3886] merging instance 'tmp_838_reg_50146_reg[6]' (FDE) to 'frac_54_reg_50116_reg[6]'
INFO: [Synth 8-3886] merging instance 'tmp_838_reg_50146_reg[7]' (FDE) to 'frac_54_reg_50116_reg[7]'
INFO: [Synth 8-3886] merging instance 'tmp_838_reg_50146_reg[8]' (FDE) to 'frac_54_reg_50116_reg[8]'
INFO: [Synth 8-3886] merging instance 'tmp_837_reg_50139_reg[0]' (FDE) to 'frac_54_reg_50116_reg[9]'
INFO: [Synth 8-3886] merging instance 'tmp_850_reg_50186_reg[0]' (FDE) to 'frac_55_reg_50156_reg[0]'
INFO: [Synth 8-3886] merging instance 'tmp_850_reg_50186_reg[1]' (FDE) to 'frac_55_reg_50156_reg[1]'
INFO: [Synth 8-3886] merging instance 'tmp_850_reg_50186_reg[2]' (FDE) to 'frac_55_reg_50156_reg[2]'
INFO: [Synth 8-3886] merging instance 'tmp_850_reg_50186_reg[3]' (FDE) to 'frac_55_reg_50156_reg[3]'
INFO: [Synth 8-3886] merging instance 'tmp_850_reg_50186_reg[4]' (FDE) to 'frac_55_reg_50156_reg[4]'
INFO: [Synth 8-3886] merging instance 'tmp_850_reg_50186_reg[5]' (FDE) to 'frac_55_reg_50156_reg[5]'
INFO: [Synth 8-3886] merging instance 'tmp_850_reg_50186_reg[6]' (FDE) to 'frac_55_reg_50156_reg[6]'
INFO: [Synth 8-3886] merging instance 'tmp_850_reg_50186_reg[7]' (FDE) to 'frac_55_reg_50156_reg[7]'
INFO: [Synth 8-3886] merging instance 'tmp_850_reg_50186_reg[8]' (FDE) to 'frac_55_reg_50156_reg[8]'
INFO: [Synth 8-3886] merging instance 'tmp_849_reg_50179_reg[0]' (FDE) to 'frac_55_reg_50156_reg[9]'
INFO: [Synth 8-3886] merging instance 'tmp_885_reg_50306_reg[0]' (FDE) to 'frac_58_reg_50276_reg[0]'
INFO: [Synth 8-3886] merging instance 'tmp_885_reg_50306_reg[1]' (FDE) to 'frac_58_reg_50276_reg[1]'
INFO: [Synth 8-3886] merging instance 'tmp_885_reg_50306_reg[2]' (FDE) to 'frac_58_reg_50276_reg[2]'
INFO: [Synth 8-3886] merging instance 'tmp_885_reg_50306_reg[3]' (FDE) to 'frac_58_reg_50276_reg[3]'
INFO: [Synth 8-3886] merging instance 'tmp_885_reg_50306_reg[4]' (FDE) to 'frac_58_reg_50276_reg[4]'
INFO: [Synth 8-3886] merging instance 'tmp_885_reg_50306_reg[5]' (FDE) to 'frac_58_reg_50276_reg[5]'
INFO: [Synth 8-3886] merging instance 'tmp_885_reg_50306_reg[6]' (FDE) to 'frac_58_reg_50276_reg[6]'
INFO: [Synth 8-3886] merging instance 'tmp_885_reg_50306_reg[7]' (FDE) to 'frac_58_reg_50276_reg[7]'
INFO: [Synth 8-3886] merging instance 'tmp_885_reg_50306_reg[8]' (FDE) to 'frac_58_reg_50276_reg[8]'
INFO: [Synth 8-3886] merging instance 'tmp_884_reg_50299_reg[0]' (FDE) to 'frac_58_reg_50276_reg[9]'
INFO: [Synth 8-3886] merging instance 'tmp_897_reg_50346_reg[0]' (FDE) to 'frac_59_reg_50316_reg[0]'
INFO: [Synth 8-3886] merging instance 'tmp_897_reg_50346_reg[1]' (FDE) to 'frac_59_reg_50316_reg[1]'
INFO: [Synth 8-3886] merging instance 'tmp_897_reg_50346_reg[2]' (FDE) to 'frac_59_reg_50316_reg[2]'
INFO: [Synth 8-3886] merging instance 'tmp_897_reg_50346_reg[3]' (FDE) to 'frac_59_reg_50316_reg[3]'
INFO: [Synth 8-3886] merging instance 'tmp_897_reg_50346_reg[4]' (FDE) to 'frac_59_reg_50316_reg[4]'
INFO: [Synth 8-3886] merging instance 'tmp_897_reg_50346_reg[5]' (FDE) to 'frac_59_reg_50316_reg[5]'
INFO: [Synth 8-3886] merging instance 'tmp_897_reg_50346_reg[6]' (FDE) to 'frac_59_reg_50316_reg[6]'
INFO: [Synth 8-3886] merging instance 'tmp_897_reg_50346_reg[7]' (FDE) to 'frac_59_reg_50316_reg[7]'
INFO: [Synth 8-3886] merging instance 'tmp_897_reg_50346_reg[8]' (FDE) to 'frac_59_reg_50316_reg[8]'
INFO: [Synth 8-3886] merging instance 'tmp_896_reg_50339_reg[0]' (FDE) to 'frac_59_reg_50316_reg[9]'
INFO: [Synth 8-3886] merging instance 'tmp_802_reg_50026_reg[0]' (FDE) to 'frac_51_reg_49996_reg[0]'
INFO: [Synth 8-3886] merging instance 'tmp_755_reg_49866_reg[0]' (FDE) to 'frac_47_reg_49836_reg[0]'
INFO: [Synth 8-3886] merging instance 'tmp_802_reg_50026_reg[1]' (FDE) to 'frac_51_reg_49996_reg[1]'
INFO: [Synth 8-3886] merging instance 'tmp_802_reg_50026_reg[2]' (FDE) to 'frac_51_reg_49996_reg[2]'
INFO: [Synth 8-3886] merging instance 'tmp_802_reg_50026_reg[3]' (FDE) to 'frac_51_reg_49996_reg[3]'
INFO: [Synth 8-3886] merging instance 'tmp_802_reg_50026_reg[4]' (FDE) to 'frac_51_reg_49996_reg[4]'
INFO: [Synth 8-3886] merging instance 'tmp_802_reg_50026_reg[5]' (FDE) to 'frac_51_reg_49996_reg[5]'
INFO: [Synth 8-3886] merging instance 'tmp_802_reg_50026_reg[6]' (FDE) to 'frac_51_reg_49996_reg[6]'
INFO: [Synth 8-3886] merging instance 'tmp_802_reg_50026_reg[7]' (FDE) to 'frac_51_reg_49996_reg[7]'
INFO: [Synth 8-3886] merging instance 'tmp_802_reg_50026_reg[8]' (FDE) to 'frac_51_reg_49996_reg[8]'
INFO: [Synth 8-3886] merging instance 'tmp_801_reg_50019_reg[0]' (FDE) to 'frac_51_reg_49996_reg[9]'
INFO: [Synth 8-3886] merging instance 'tmp_755_reg_49866_reg[1]' (FDE) to 'frac_47_reg_49836_reg[1]'
INFO: [Synth 8-3886] merging instance 'tmp_755_reg_49866_reg[2]' (FDE) to 'frac_47_reg_49836_reg[2]'
INFO: [Synth 8-3886] merging instance 'tmp_755_reg_49866_reg[3]' (FDE) to 'frac_47_reg_49836_reg[3]'
INFO: [Synth 8-3886] merging instance 'tmp_755_reg_49866_reg[4]' (FDE) to 'frac_47_reg_49836_reg[4]'
INFO: [Synth 8-3886] merging instance 'tmp_755_reg_49866_reg[5]' (FDE) to 'frac_47_reg_49836_reg[5]'
INFO: [Synth 8-3886] merging instance 'tmp_755_reg_49866_reg[6]' (FDE) to 'frac_47_reg_49836_reg[6]'
INFO: [Synth 8-3886] merging instance 'tmp_755_reg_49866_reg[7]' (FDE) to 'frac_47_reg_49836_reg[7]'
INFO: [Synth 8-3886] merging instance 'tmp_755_reg_49866_reg[8]' (FDE) to 'frac_47_reg_49836_reg[8]'
INFO: [Synth 8-3886] merging instance 'tmp_754_reg_49859_reg[0]' (FDE) to 'frac_47_reg_49836_reg[9]'
INFO: [Synth 8-3886] merging instance 'tmp_814_reg_50066_reg[0]' (FDE) to 'frac_52_reg_50036_reg[0]'
INFO: [Synth 8-3886] merging instance 'tmp_814_reg_50066_reg[1]' (FDE) to 'frac_52_reg_50036_reg[1]'
INFO: [Synth 8-3886] merging instance 'tmp_814_reg_50066_reg[2]' (FDE) to 'frac_52_reg_50036_reg[2]'
INFO: [Synth 8-3886] merging instance 'tmp_814_reg_50066_reg[3]' (FDE) to 'frac_52_reg_50036_reg[3]'
INFO: [Synth 8-3886] merging instance 'tmp_814_reg_50066_reg[4]' (FDE) to 'frac_52_reg_50036_reg[4]'
INFO: [Synth 8-3886] merging instance 'tmp_814_reg_50066_reg[5]' (FDE) to 'frac_52_reg_50036_reg[5]'
INFO: [Synth 8-3886] merging instance 'tmp_814_reg_50066_reg[6]' (FDE) to 'frac_52_reg_50036_reg[6]'
INFO: [Synth 8-3886] merging instance 'tmp_814_reg_50066_reg[7]' (FDE) to 'frac_52_reg_50036_reg[7]'
INFO: [Synth 8-3886] merging instance 'tmp_814_reg_50066_reg[8]' (FDE) to 'frac_52_reg_50036_reg[8]'
INFO: [Synth 8-3886] merging instance 'tmp_813_reg_50059_reg[0]' (FDE) to 'frac_52_reg_50036_reg[9]'
INFO: [Synth 8-3886] merging instance 'tmp_660_reg_49546_reg[0]' (FDE) to 'frac_39_reg_49516_reg[0]'
INFO: [Synth 8-3886] merging instance 'tmp_330_reg_48746_reg[0]' (FDE) to 'frac_19_reg_48716_reg[0]'
INFO: [Synth 8-3886] merging instance 'tmp_660_reg_49546_reg[1]' (FDE) to 'frac_39_reg_49516_reg[1]'
INFO: [Synth 8-3886] merging instance 'tmp_660_reg_49546_reg[2]' (FDE) to 'frac_39_reg_49516_reg[2]'
INFO: [Synth 8-3886] merging instance 'tmp_660_reg_49546_reg[3]' (FDE) to 'frac_39_reg_49516_reg[3]'
INFO: [Synth 8-3886] merging instance 'tmp_660_reg_49546_reg[4]' (FDE) to 'frac_39_reg_49516_reg[4]'
INFO: [Synth 8-3886] merging instance 'tmp_660_reg_49546_reg[5]' (FDE) to 'frac_39_reg_49516_reg[5]'
INFO: [Synth 8-3886] merging instance 'tmp_660_reg_49546_reg[6]' (FDE) to 'frac_39_reg_49516_reg[6]'
INFO: [Synth 8-3886] merging instance 'tmp_660_reg_49546_reg[7]' (FDE) to 'frac_39_reg_49516_reg[7]'
INFO: [Synth 8-3886] merging instance 'tmp_660_reg_49546_reg[8]' (FDE) to 'frac_39_reg_49516_reg[8]'
INFO: [Synth 8-3886] merging instance 'tmp_659_reg_49539_reg[0]' (FDE) to 'frac_39_reg_49516_reg[9]'
INFO: [Synth 8-3886] merging instance 'tmp_330_reg_48746_reg[1]' (FDE) to 'frac_19_reg_48716_reg[1]'
INFO: [Synth 8-3886] merging instance 'tmp_330_reg_48746_reg[2]' (FDE) to 'frac_19_reg_48716_reg[2]'
INFO: [Synth 8-3886] merging instance 'tmp_330_reg_48746_reg[3]' (FDE) to 'frac_19_reg_48716_reg[3]'
INFO: [Synth 8-3886] merging instance 'tmp_330_reg_48746_reg[4]' (FDE) to 'frac_19_reg_48716_reg[4]'
INFO: [Synth 8-3886] merging instance 'tmp_330_reg_48746_reg[5]' (FDE) to 'frac_19_reg_48716_reg[5]'
INFO: [Synth 8-3886] merging instance 'tmp_330_reg_48746_reg[6]' (FDE) to 'frac_19_reg_48716_reg[6]'
INFO: [Synth 8-3886] merging instance 'tmp_330_reg_48746_reg[7]' (FDE) to 'frac_19_reg_48716_reg[7]'
INFO: [Synth 8-3886] merging instance 'tmp_330_reg_48746_reg[8]' (FDE) to 'frac_19_reg_48716_reg[8]'
INFO: [Synth 8-3886] merging instance 'tmp_329_reg_48739_reg[0]' (FDE) to 'frac_19_reg_48716_reg[9]'
INFO: [Common 17-14] Message 'Synth 8-3886' appears 100 times and further instances of the messages will be disabled. Use the Tcl command set_msg_config to change the current settings.
INFO: [Common 17-14] Message 'Synth 8-3886' appears 100 times and further instances of the messages will be disabled. Use the Tcl command set_msg_config to change the current settings.
INFO: [Synth 8-3333] propagating constant 0 across sequential element (\normalized_502_reg_50960_reg[0] )
INFO: [Synth 8-3333] propagating constant 0 across sequential element (ap_done_reg_reg)
INFO: [Synth 8-3333] propagating constant 1 across sequential element (fmul_32ns_32ns_32_5_max_dsp_1_U114/ce_r_reg)
INFO: [Synth 8-3333] propagating constant 1 across sequential element (fmul_32ns_32ns_32_5_max_dsp_1_U113/ce_r_reg)
INFO: [Synth 8-3333] propagating constant 1 across sequential element (fmul_32ns_32ns_32_5_max_dsp_1_U111/ce_r_reg)
INFO: [Synth 8-3333] propagating constant 1 across sequential element (fmul_32ns_32ns_32_5_max_dsp_1_U84/ce_r_reg)
INFO: [Synth 8-3333] propagating constant 0 across sequential element (\ap_phi_reg_pp0_iter0_bits_267_reg_3822_reg[0] )
INFO: [Synth 8-3333] propagating constant 0 across sequential element (\ap_phi_reg_pp0_iter0_bits_267_reg_3822_reg[1] )
INFO: [Synth 8-3333] propagating constant 0 across sequential element (\ap_phi_reg_pp0_iter0_bits_267_reg_3822_reg[2] )
INFO: [Synth 8-3333] propagating constant 0 across sequential element (\ap_phi_reg_pp0_iter0_bits_267_reg_3822_reg[3] )
INFO: [Synth 8-3333] propagating constant 0 across sequential element (\ap_phi_reg_pp0_iter0_bits_267_reg_3822_reg[4] )
INFO: [Synth 8-3333] propagating constant 0 across sequential element (\ap_phi_reg_pp0_iter0_bits_267_reg_3822_reg[5] )
INFO: [Synth 8-3333] propagating constant 0 across sequential element (\ap_phi_reg_pp0_iter0_bits_267_reg_3822_reg[6] )
INFO: [Synth 8-3333] propagating constant 0 across sequential element (\ap_phi_reg_pp0_iter0_bits_267_reg_3822_reg[7] )
INFO: [Synth 8-3333] propagating constant 0 across sequential element (\ap_phi_reg_pp0_iter0_bits_267_reg_3822_reg[8] )
INFO: [Synth 8-3333] propagating constant 0 across sequential element (\ap_phi_reg_pp0_iter0_bits_267_reg_3822_reg[9] )
INFO: [Synth 8-3333] propagating constant 0 across sequential element (\ap_phi_reg_pp0_iter0_bits_267_reg_3822_reg[10] )
INFO: [Synth 8-3333] propagating constant 0 across sequential element (\ap_phi_reg_pp0_iter0_bits_267_reg_3822_reg[11] )
INFO: [Synth 8-3333] propagating constant 0 across sequential element (\ap_phi_reg_pp0_iter0_bits_267_reg_3822_reg[12] )
INFO: [Synth 8-3333] propagating constant 0 across sequential element (\bits_308_reg_53129_reg[12] )
INFO: [Synth 8-3333] propagating constant 0 across sequential element (\bits_328_reg_53613_reg[12] )
INFO: [Synth 8-3333] propagating constant 0 across sequential element (\bits_283_reg_51176_reg[12] )
INFO: [Synth 8-3333] propagating constant 0 across sequential element (\select_ln20_819_reg_51336_reg[0] )
INFO: [Synth 8-3333] propagating constant 0 across sequential element (\normalized_32_reg_50533_reg[0] )
INFO: [Synth 8-3333] propagating constant 0 across sequential element (\wvalue_6_reg_51802_reg[12] )
INFO: [Synth 8-3333] propagating constant 0 across sequential element (fmul_32ns_32ns_32_5_max_dsp_1_U113/\din0_buf1_reg[12] )
INFO: [Synth 8-3333] propagating constant 0 across sequential element (fmul_32ns_32ns_32_5_max_dsp_1_U111/\din0_buf1_reg[12] )
INFO: [Synth 8-3333] propagating constant 0 across sequential element (\wvalue_21_reg_52993_reg[12] )
INFO: [Synth 8-3333] propagating constant 0 across sequential element (fmul_32ns_32ns_32_5_max_dsp_1_U84/\din0_buf1_reg[12] )
INFO: [Synth 8-3333] propagating constant 0 across sequential element (fadd_32ns_32ns_32_6_no_dsp_1_U61/vision_gemm_fadd_32ns_32ns_32_6_no_dsp_1_ip_u/inst/i_synth/\ADDSUB_OP.ADDSUB /\LOGIC_SPEED.OP /ALIGN_BLK/ALIGN_SHIFT/ALIGN_Z_D/\MUX_LOOP[2].SKEW_DIST_DEL.DEL_DIST /i_pipe/\opt_has_pipe.first_q_reg[1] )
INFO: [Common 17-14] Message 'Synth 8-3886' appears 100 times and further instances of the messages will be disabled. Use the Tcl command set_msg_config to change the current settings.
INFO: [Synth 8-3333] propagating constant 0 across sequential element (\normalized_426_reg_50891_reg[0] )
INFO: [Synth 8-3333] propagating constant 1 across sequential element (fadd_32ns_32ns_32_6_no_dsp_1_U61/ce_r_reg)
INFO: [Synth 8-3333] propagating constant 1 across sequential element (fmul_32ns_32ns_32_5_max_dsp_1_U98/ce_r_reg)
INFO: [Synth 8-3333] propagating constant 1 across sequential element (fmul_32ns_32ns_32_5_max_dsp_1_U119/ce_r_reg)
INFO: [Synth 8-3333] propagating constant 1 across sequential element (fmul_32ns_32ns_32_5_max_dsp_1_U120/ce_r_reg)
INFO: [Synth 8-3333] propagating constant 0 across sequential element (\bits_325_reg_53598_reg[12] )
INFO: [Synth 8-3333] propagating constant 0 across sequential element (\bits_305_reg_53114_reg[12] )
INFO: [Synth 8-3333] propagating constant 0 across sequential element (\bits_280_reg_51161_reg[12] )
INFO: [Synth 8-3333] propagating constant 0 across sequential element (\bits_289_reg_52282_reg[12] )
INFO: [Synth 8-3333] propagating constant 0 across sequential element (\select_ln20_927_reg_52428_reg[0] )
INFO: [Synth 8-3333] propagating constant 0 across sequential element (\select_ln20_783_reg_51272_reg[0] )
INFO: [Synth 8-3333] propagating constant 0 across sequential element (\bits_305_reg_53114_reg[12] )
INFO: [Synth 8-3333] propagating constant 0 across sequential element (\normalized_426_reg_50891_reg[0] )
INFO: [Synth 8-3333] propagating constant 0 across sequential element (\bits_325_reg_53598_reg[12] )
INFO: [Synth 8-3333] propagating constant 1 across sequential element (fmul_32ns_32ns_32_5_max_dsp_1_U93/ce_r_reg)
INFO: [Synth 8-3333] propagating constant 1 across sequential element (fmul_32ns_32ns_32_5_max_dsp_1_U89/ce_r_reg)
INFO: [Synth 8-3333] propagating constant 1 across sequential element (fmul_32ns_32ns_32_5_max_dsp_1_U77/ce_r_reg)
INFO: [Synth 8-3333] propagating constant 0 across sequential element (fadd_32ns_32ns_32_6_no_dsp_1_U59/vision_gemm_fadd_32ns_32ns_32_6_no_dsp_1_ip_u/inst/i_synth/\ADDSUB_OP.ADDSUB /\LOGIC_SPEED.OP /ALIGN_BLK/ALIGN_SHIFT/ALIGN_Z_D/\MUX_LOOP[2].SKEW_DIST_DEL.DEL_DIST /i_pipe/\opt_has_pipe.first_q_reg[1] )
INFO: [Synth 8-3333] propagating constant 0 across sequential element (fadd_32ns_32ns_32_6_no_dsp_1_U41/vision_gemm_fadd_32ns_32ns_32_6_no_dsp_1_ip_u/inst/i_synth/\ADDSUB_OP.ADDSUB /\LOGIC_SPEED.OP /ALIGN_BLK/ALIGN_SHIFT/ALIGN_Z_D/\MUX_LOOP[2].SKEW_DIST_DEL.DEL_DIST /i_pipe/\opt_has_pipe.first_q_reg[1] )
INFO: [Synth 8-3333] propagating constant 0 across sequential element (fadd_32ns_32ns_32_6_no_dsp_1_U37/vision_gemm_fadd_32ns_32ns_32_6_no_dsp_1_ip_u/inst/i_synth/\ADDSUB_OP.ADDSUB /\LOGIC_SPEED.OP /ALIGN_BLK/ALIGN_SHIFT/ALIGN_Z_D/\MUX_LOOP[2].SKEW_DIST_DEL.DEL_DIST /i_pipe/\opt_has_pipe.first_q_reg[1] )
INFO: [Synth 8-3333] propagating constant 0 across sequential element (fadd_32ns_32ns_32_6_no_dsp_1_U35/vision_gemm_fadd_32ns_32ns_32_6_no_dsp_1_ip_u/inst/i_synth/\ADDSUB_OP.ADDSUB /\LOGIC_SPEED.OP /ALIGN_BLK/ALIGN_SHIFT/ALIGN_Z_D/\MUX_LOOP[2].SKEW_DIST_DEL.DEL_DIST /i_pipe/\opt_has_pipe.first_q_reg[1] )
INFO: [Synth 8-3333] propagating constant 0 across sequential element (fadd_32ns_32ns_32_6_no_dsp_1_U32/vision_gemm_fadd_32ns_32ns_32_6_no_dsp_1_ip_u/inst/i_synth/\ADDSUB_OP.ADDSUB /\LOGIC_SPEED.OP /ALIGN_BLK/ALIGN_SHIFT/ALIGN_Z_D/\MUX_LOOP[2].SKEW_DIST_DEL.DEL_DIST /i_pipe/\opt_has_pipe.first_q_reg[1] )
INFO: [Synth 8-3333] propagating constant 0 across sequential element (fadd_32ns_32ns_32_6_no_dsp_1_U25/vision_gemm_fadd_32ns_32ns_32_6_no_dsp_1_ip_u/inst/i_synth/\ADDSUB_OP.ADDSUB /\LOGIC_SPEED.OP /ALIGN_BLK/ALIGN_SHIFT/ALIGN_Z_D/\MUX_LOOP[2].SKEW_DIST_DEL.DEL_DIST /i_pipe/\opt_has_pipe.first_q_reg[1] )
INFO: [Synth 8-3333] propagating constant 1 across sequential element (fadd_32ns_32ns_32_6_no_dsp_1_U59/ce_r_reg)
INFO: [Synth 8-3333] propagating constant 1 across sequential element (fadd_32ns_32ns_32_6_no_dsp_1_U41/ce_r_reg)
INFO: [Synth 8-3333] propagating constant 1 across sequential element (fadd_32ns_32ns_32_6_no_dsp_1_U37/ce_r_reg)
INFO: [Synth 8-3333] propagating constant 1 across sequential element (fadd_32ns_32ns_32_6_no_dsp_1_U35/ce_r_reg)
INFO: [Synth 8-3333] propagating constant 1 across sequential element (fadd_32ns_32ns_32_6_no_dsp_1_U32/ce_r_reg)
INFO: [Synth 8-3333] propagating constant 1 across sequential element (fadd_32ns_32ns_32_6_no_dsp_1_U25/ce_r_reg)
INFO: [Synth 8-3333] propagating constant 1 across sequential element (fmul_32ns_32ns_32_5_max_dsp_1_U100/ce_r_reg)
INFO: [Synth 8-3333] propagating constant 1 across sequential element (fmul_32ns_32ns_32_5_max_dsp_1_U112/ce_r_reg)
INFO: [Common 17-14] Message 'Synth 8-7129' appears 100 times and further instances of the messages will be disabled. Use the Tcl command set_msg_config to change the current settings.
INFO: [Synth 8-3333] propagating constant 1 across sequential element (fmul_32ns_32ns_32_5_max_dsp_1_U115/ce_r_reg)
INFO: [Synth 8-3333] propagating constant 1 across sequential element (fmul_32ns_32ns_32_5_max_dsp_1_U105/ce_r_reg)
INFO: [Synth 8-3333] propagating constant 1 across sequential element (fmul_32ns_32ns_32_5_max_dsp_1_U99/ce_r_reg)
INFO: [Synth 8-3333] propagating constant 1 across sequential element (fmul_32ns_32ns_32_5_max_dsp_1_U96/ce_r_reg)
INFO: [Synth 8-3333] propagating constant 1 across sequential element (fmul_32ns_32ns_32_5_max_dsp_1_U81/ce_r_reg)
INFO: [Synth 8-3333] propagating constant 0 across sequential element (fadd_32ns_32ns_32_6_no_dsp_1_U63/vision_gemm_fadd_32ns_32ns_32_6_no_dsp_1_ip_u/inst/i_synth/\ADDSUB_OP.ADDSUB /\LOGIC_SPEED.OP /ALIGN_BLK/ALIGN_SHIFT/ALIGN_Z_D/\MUX_LOOP[2].SKEW_DIST_DEL.DEL_DIST /i_pipe/\opt_has_pipe.first_q_reg[1] )
INFO: [Synth 8-3333] propagating constant 0 across sequential element (fadd_32ns_32ns_32_6_no_dsp_1_U53/vision_gemm_fadd_32ns_32ns_32_6_no_dsp_1_ip_u/inst/i_synth/\ADDSUB_OP.ADDSUB /\LOGIC_SPEED.OP /ALIGN_BLK/ALIGN_SHIFT/ALIGN_Z_D/\MUX_LOOP[2].SKEW_DIST_DEL.DEL_DIST /i_pipe/\opt_has_pipe.first_q_reg[1] )
INFO: [Synth 8-3333] propagating constant 0 across sequential element (fadd_32ns_32ns_32_6_no_dsp_1_U47/vision_gemm_fadd_32ns_32ns_32_6_no_dsp_1_ip_u/inst/i_synth/\ADDSUB_OP.ADDSUB /\LOGIC_SPEED.OP /ALIGN_BLK/ALIGN_SHIFT/ALIGN_Z_D/\MUX_LOOP[2].SKEW_DIST_DEL.DEL_DIST /i_pipe/\opt_has_pipe.first_q_reg[1] )
INFO: [Synth 8-3333] propagating constant 0 across sequential element (fadd_32ns_32ns_32_6_no_dsp_1_U44/vision_gemm_fadd_32ns_32ns_32_6_no_dsp_1_ip_u/inst/i_synth/\ADDSUB_OP.ADDSUB /\LOGIC_SPEED.OP /ALIGN_BLK/ALIGN_SHIFT/ALIGN_Z_D/\MUX_LOOP[2].SKEW_DIST_DEL.DEL_DIST /i_pipe/\opt_has_pipe.first_q_reg[1] )
INFO: [Synth 8-3333] propagating constant 0 across sequential element (fadd_32ns_32ns_32_6_no_dsp_1_U29/vision_gemm_fadd_32ns_32ns_32_6_no_dsp_1_ip_u/inst/i_synth/\ADDSUB_OP.ADDSUB /\LOGIC_SPEED.OP /ALIGN_BLK/ALIGN_SHIFT/ALIGN_Z_D/\MUX_LOOP[2].SKEW_DIST_DEL.DEL_DIST /i_pipe/\opt_has_pipe.first_q_reg[1] )
INFO: [Synth 8-3333] propagating constant 1 across sequential element (fadd_32ns_32ns_32_6_no_dsp_1_U63/ce_r_reg)
INFO: [Synth 8-3333] propagating constant 1 across sequential element (fadd_32ns_32ns_32_6_no_dsp_1_U53/ce_r_reg)
INFO: [Synth 8-3333] propagating constant 1 across sequential element (fadd_32ns_32ns_32_6_no_dsp_1_U47/ce_r_reg)
INFO: [Synth 8-3333] propagating constant 1 across sequential element (fadd_32ns_32ns_32_6_no_dsp_1_U44/ce_r_reg)
INFO: [Synth 8-3333] propagating constant 1 across sequential element (fmul_32ns_32ns_32_5_max_dsp_1_U87/ce_r_reg)
INFO: [Synth 8-3333] propagating constant 1 across sequential element (fadd_32ns_32ns_32_6_no_dsp_1_U29/ce_r_reg)
INFO: [Synth 8-3333] propagating constant 1 across sequential element (fmul_32ns_32ns_32_5_max_dsp_1_U104/ce_r_reg)
INFO: [Synth 8-3333] propagating constant 1 across sequential element (fmul_32ns_32ns_32_5_max_dsp_1_U108/ce_r_reg)
INFO: [Synth 8-3333] propagating constant 1 across sequential element (fmul_32ns_32ns_32_5_max_dsp_1_U110/ce_r_reg)
INFO: [Common 17-14] Message 'Synth 8-7129' appears 100 times and further instances of the messages will be disabled. Use the Tcl command set_msg_config to change the current settings.
INFO: [Synth 8-3333] propagating constant 1 across sequential element (fmul_32ns_32ns_32_5_max_dsp_1_U107/ce_r_reg)
INFO: [Synth 8-3333] propagating constant 1 across sequential element (fmul_32ns_32ns_32_5_max_dsp_1_U101/ce_r_reg)
INFO: [Synth 8-3333] propagating constant 1 across sequential element (fmul_32ns_32ns_32_5_max_dsp_1_U94/ce_r_reg)
INFO: [Synth 8-3333] propagating constant 1 across sequential element (fmul_32ns_32ns_32_5_max_dsp_1_U83/ce_r_reg)
INFO: [Synth 8-3333] propagating constant 1 across sequential element (fmul_32ns_32ns_32_5_max_dsp_1_U76/ce_r_reg)
INFO: [Synth 8-3333] propagating constant 1 across sequential element (fmul_32ns_32ns_32_5_max_dsp_1_U75/ce_r_reg)
INFO: [Synth 8-3333] propagating constant 1 across sequential element (fmul_32ns_32ns_32_5_max_dsp_1_U71/ce_r_reg)
INFO: [Synth 8-3333] propagating constant 0 across sequential element (fadd_32ns_32ns_32_6_no_dsp_1_U55/vision_gemm_fadd_32ns_32ns_32_6_no_dsp_1_ip_u/inst/i_synth/\ADDSUB_OP.ADDSUB /\LOGIC_SPEED.OP /ALIGN_BLK/ALIGN_SHIFT/ALIGN_Z_D/\MUX_LOOP[2].SKEW_DIST_DEL.DEL_DIST /i_pipe/\opt_has_pipe.first_q_reg[1] )
INFO: [Synth 8-3333] propagating constant 0 across sequential element (fadd_32ns_32ns_32_6_no_dsp_1_U49/vision_gemm_fadd_32ns_32ns_32_6_no_dsp_1_ip_u/inst/i_synth/\ADDSUB_OP.ADDSUB /\LOGIC_SPEED.OP /ALIGN_BLK/ALIGN_SHIFT/ALIGN_Z_D/\MUX_LOOP[2].SKEW_DIST_DEL.DEL_DIST /i_pipe/\opt_has_pipe.first_q_reg[1] )
INFO: [Synth 8-3333] propagating constant 0 across sequential element (fadd_32ns_32ns_32_6_no_dsp_1_U42/vision_gemm_fadd_32ns_32ns_32_6_no_dsp_1_ip_u/inst/i_synth/\ADDSUB_OP.ADDSUB /\LOGIC_SPEED.OP /ALIGN_BLK/ALIGN_SHIFT/ALIGN_Z_D/\MUX_LOOP[2].SKEW_DIST_DEL.DEL_DIST /i_pipe/\opt_has_pipe.first_q_reg[1] )
INFO: [Synth 8-3333] propagating constant 0 across sequential element (fadd_32ns_32ns_32_6_no_dsp_1_U31/vision_gemm_fadd_32ns_32ns_32_6_no_dsp_1_ip_u/inst/i_synth/\ADDSUB_OP.ADDSUB /\LOGIC_SPEED.OP /ALIGN_BLK/ALIGN_SHIFT/ALIGN_Z_D/\MUX_LOOP[2].SKEW_DIST_DEL.DEL_DIST /i_pipe/\opt_has_pipe.first_q_reg[1] )
INFO: [Synth 8-3333] propagating constant 0 across sequential element (fadd_32ns_32ns_32_6_no_dsp_1_U24/vision_gemm_fadd_32ns_32ns_32_6_no_dsp_1_ip_u/inst/i_synth/\ADDSUB_OP.ADDSUB /\LOGIC_SPEED.OP /ALIGN_BLK/ALIGN_SHIFT/ALIGN_Z_D/\MUX_LOOP[2].SKEW_DIST_DEL.DEL_DIST /i_pipe/\opt_has_pipe.first_q_reg[1] )
INFO: [Synth 8-3333] propagating constant 0 across sequential element (fadd_32ns_32ns_32_6_no_dsp_1_U23/vision_gemm_fadd_32ns_32ns_32_6_no_dsp_1_ip_u/inst/i_synth/\ADDSUB_OP.ADDSUB /\LOGIC_SPEED.OP /ALIGN_BLK/ALIGN_SHIFT/ALIGN_Z_D/\MUX_LOOP[2].SKEW_DIST_DEL.DEL_DIST /i_pipe/\opt_has_pipe.first_q_reg[1] )
INFO: [Synth 8-3333] propagating constant 0 across sequential element (fadd_32ns_32ns_32_6_no_dsp_1_U19/vision_gemm_fadd_32ns_32ns_32_6_no_dsp_1_ip_u/inst/i_synth/\ADDSUB_OP.ADDSUB /\LOGIC_SPEED.OP /ALIGN_BLK/ALIGN_SHIFT/ALIGN_Z_D/\MUX_LOOP[2].SKEW_DIST_DEL.DEL_DIST /i_pipe/\opt_has_pipe.first_q_reg[1] )
INFO: [Synth 8-3333] propagating constant 1 across sequential element (fadd_32ns_32ns_32_6_no_dsp_1_U55/ce_r_reg)
INFO: [Synth 8-3333] propagating constant 1 across sequential element (fadd_32ns_32ns_32_6_no_dsp_1_U49/ce_r_reg)
INFO: [Synth 8-3333] propagating constant 1 across sequential element (fadd_32ns_32ns_32_6_no_dsp_1_U42/ce_r_reg)
INFO: [Synth 8-3333] propagating constant 1 across sequential element (fadd_32ns_32ns_32_6_no_dsp_1_U31/ce_r_reg)
INFO: [Synth 8-3333] propagating constant 1 across sequential element (fadd_32ns_32ns_32_6_no_dsp_1_U24/ce_r_reg)
INFO: [Synth 8-3333] propagating constant 1 across sequential element (fadd_32ns_32ns_32_6_no_dsp_1_U23/ce_r_reg)
INFO: [Common 17-14] Message 'Synth 8-3333' appears 100 times and further instances of the messages will be disabled. Use the Tcl command set_msg_config to change the current settings.
INFO: [Common 17-14] Message 'Synth 8-7129' appears 100 times and further instances of the messages will be disabled. Use the Tcl command set_msg_config to change the current settings.
INFO: [Common 17-14] Message 'Synth 8-7129' appears 100 times and further instances of the messages will be disabled. Use the Tcl command set_msg_config to change the current settings.
INFO: [Common 17-14] Message 'Synth 8-7129' appears 100 times and further instances of the messages will be disabled. Use the Tcl command set_msg_config to change the current settings.
INFO: [Common 17-14] Message 'Synth 8-7129' appears 100 times and further instances of the messages will be disabled. Use the Tcl command set_msg_config to change the current settings.
INFO: [Synth 8-5546] ROM "SHIFT_TABLE[0]" won't be mapped to RAM because it is too sparse
INFO: [Synth 8-5546] ROM "SHIFT_TABLE[0]" won't be mapped to RAM because it is too sparse
INFO: [Synth 8-5546] ROM "SHIFT_TABLE[0]" won't be mapped to RAM because it is too sparse
INFO: [Synth 8-5546] ROM "SHIFT_TABLE[0]" won't be mapped to RAM because it is too sparse
INFO: [Common 17-14] Message 'Synth 8-3886' appears 100 times and further instances of the messages will be disabled. Use the Tcl command set_msg_config to change the current settings.
INFO: [Synth 8-3332] Sequential element (dist_norm_reg[1]) is unused and will be removed from module lead_zero_encode_shift__1.
INFO: [Synth 8-3332] Sequential element (dist_norm_reg[0]) is unused and will be removed from module lead_zero_encode_shift__1.
INFO: [Synth 8-3332] Sequential element (dist_norm_reg[1]) is unused and will be removed from module lead_zero_encode_shift__2.
INFO: [Synth 8-3332] Sequential element (dist_norm_reg[0]) is unused and will be removed from module lead_zero_encode_shift__2.
INFO: [Synth 8-3332] Sequential element (dist_norm_reg[1]) is unused and will be removed from module lead_zero_encode_shift__3.
INFO: [Synth 8-3332] Sequential element (dist_norm_reg[0]) is unused and will be removed from module lead_zero_encode_shift__3.
INFO: [Synth 8-3332] Sequential element (dist_norm_reg[1]) is unused and will be removed from module lead_zero_encode_shift__4.
INFO: [Synth 8-3332] Sequential element (dist_norm_reg[0]) is unused and will be removed from module lead_zero_encode_shift__4.
INFO: [Synth 8-5546] ROM "SHIFT_TABLE[0]" won't be mapped to RAM because it is too sparse
INFO: [Synth 8-5546] ROM "SHIFT_TABLE[0]" won't be mapped to RAM because it is too sparse
INFO: [Synth 8-5546] ROM "SHIFT_TABLE[0]" won't be mapped to RAM because it is too sparse
INFO: [Synth 8-5546] ROM "SHIFT_TABLE[0]" won't be mapped to RAM because it is too sparse
INFO: [Synth 8-5546] ROM "SHIFT_TABLE[0]" won't be mapped to RAM because it is too sparse
INFO: [Synth 8-5546] ROM "SHIFT_TABLE[0]" won't be mapped to RAM because it is too sparse
INFO: [Synth 8-5546] ROM "SHIFT_TABLE[0]" won't be mapped to RAM because it is too sparse
INFO: [Synth 8-5546] ROM "SHIFT_TABLE[0]" won't be mapped to RAM because it is too sparse
INFO: [Synth 8-3332] Sequential element (dist_norm_reg[1]) is unused and will be removed from module lead_zero_encode_shift__5.
INFO: [Synth 8-3332] Sequential element (dist_norm_reg[0]) is unused and will be removed from module lead_zero_encode_shift__5.
INFO: [Synth 8-3332] Sequential element (dist_norm_reg[1]) is unused and will be removed from module lead_zero_encode_shift__6.
INFO: [Synth 8-3332] Sequential element (dist_norm_reg[0]) is unused and will be removed from module lead_zero_encode_shift__6.
INFO: [Synth 8-3332] Sequential element (dist_norm_reg[1]) is unused and will be removed from module lead_zero_encode_shift__7.
INFO: [Synth 8-3332] Sequential element (dist_norm_reg[0]) is unused and will be removed from module lead_zero_encode_shift__7.
INFO: [Synth 8-3332] Sequential element (dist_norm_reg[1]) is unused and will be removed from module lead_zero_encode_shift__8.
INFO: [Synth 8-3332] Sequential element (dist_norm_reg[0]) is unused and will be removed from module lead_zero_encode_shift__8.
INFO: [Synth 8-3332] Sequential element (dist_norm_reg[1]) is unused and will be removed from module lead_zero_encode_shift__9.
INFO: [Synth 8-3332] Sequential element (dist_norm_reg[0]) is unused and will be removed from module lead_zero_encode_shift__9.
INFO: [Synth 8-3332] Sequential element (dist_norm_reg[1]) is unused and will be removed from module lead_zero_encode_shift__10.
INFO: [Synth 8-3332] Sequential element (dist_norm_reg[0]) is unused and will be removed from module lead_zero_encode_shift__10.
INFO: [Synth 8-3332] Sequential element (dist_norm_reg[1]) is unused and will be removed from module lead_zero_encode_shift__11.
INFO: [Synth 8-3332] Sequential element (dist_norm_reg[0]) is unused and will be removed from module lead_zero_encode_shift__11.
INFO: [Synth 8-3332] Sequential element (dist_norm_reg[1]) is unused and will be removed from module lead_zero_encode_shift.
INFO: [Synth 8-3332] Sequential element (dist_norm_reg[0]) is unused and will be removed from module lead_zero_encode_shift.
WARNING: [Synth 8-3936] Found unconnected internal register 'p_reg_reg' and it is trimmed from '46' to '13' bits. [/home/zhiro/research/kv260-vlm-workers/RM02-B-hls-baseline/experiments/rm03_hls_mapping/reports/rm03_pe4x4_k16_noflat/project/solution1/syn/verilog/vision_gemm_mac_muladd_10ns_3ns_10ns_13_4_1.v:44]
WARNING: [Synth 8-3936] Found unconnected internal register 'm_reg_reg' and it is trimmed from '45' to '13' bits. [/home/zhiro/research/kv260-vlm-workers/RM02-B-hls-baseline/experiments/rm03_hls_mapping/reports/rm03_pe4x4_k16_noflat/project/solution1/syn/verilog/vision_gemm_mac_muladd_10ns_3ns_10ns_13_4_1.v:36]
WARNING: [Synth 8-3936] Found unconnected internal register 'a_reg_reg' and it is trimmed from '27' to '13' bits. [/home/zhiro/research/kv260-vlm-workers/RM02-B-hls-baseline/experiments/rm03_hls_mapping/reports/rm03_pe4x4_k16_noflat/project/solution1/syn/verilog/vision_gemm_mac_muladd_10ns_3ns_10ns_13_4_1.v:34]
WARNING: [Synth 8-3936] Found unconnected internal register 'b_reg_reg' and it is trimmed from '18' to '13' bits. [/home/zhiro/research/kv260-vlm-workers/RM02-B-hls-baseline/experiments/rm03_hls_mapping/reports/rm03_pe4x4_k16_noflat/project/solution1/syn/verilog/vision_gemm_mac_muladd_10ns_3ns_10ns_13_4_1.v:34]
DSP Report: Generating DSP p_reg_reg, operation Mode is: (C+(A2*B2)')'.
DSP Report: register b_reg_reg is absorbed into DSP p_reg_reg.
DSP Report: register a_reg_reg is absorbed into DSP p_reg_reg.
DSP Report: register p_reg_reg is absorbed into DSP p_reg_reg.
DSP Report: register m_reg_reg is absorbed into DSP p_reg_reg.
DSP Report: operator p is absorbed into DSP p_reg_reg.
DSP Report: operator m is absorbed into DSP p_reg_reg.
WARNING: [Synth 8-3936] Found unconnected internal register 'p_reg_reg' and it is trimmed from '46' to '12' bits. [/home/zhiro/research/kv260-vlm-workers/RM02-B-hls-baseline/experiments/rm03_hls_mapping/reports/rm03_pe4x4_k16_noflat/project/solution1/syn/verilog/vision_gemm_mac_muladd_10ns_2ns_10ns_12_4_1.v:44]
WARNING: [Synth 8-3936] Found unconnected internal register 'm_reg_reg' and it is trimmed from '45' to '12' bits. [/home/zhiro/research/kv260-vlm-workers/RM02-B-hls-baseline/experiments/rm03_hls_mapping/reports/rm03_pe4x4_k16_noflat/project/solution1/syn/verilog/vision_gemm_mac_muladd_10ns_2ns_10ns_12_4_1.v:36]
WARNING: [Synth 8-3936] Found unconnected internal register 'a_reg_reg' and it is trimmed from '27' to '12' bits. [/home/zhiro/research/kv260-vlm-workers/RM02-B-hls-baseline/experiments/rm03_hls_mapping/reports/rm03_pe4x4_k16_noflat/project/solution1/syn/verilog/vision_gemm_mac_muladd_10ns_2ns_10ns_12_4_1.v:34]
WARNING: [Synth 8-3936] Found unconnected internal register 'b_reg_reg' and it is trimmed from '18' to '12' bits. [/home/zhiro/research/kv260-vlm-workers/RM02-B-hls-baseline/experiments/rm03_hls_mapping/reports/rm03_pe4x4_k16_noflat/project/solution1/syn/verilog/vision_gemm_mac_muladd_10ns_2ns_10ns_12_4_1.v:34]
DSP Report: Generating DSP p_reg_reg, operation Mode is: (C+(A2*B2)')'.
DSP Report: register b_reg_reg is absorbed into DSP p_reg_reg.
DSP Report: register a_reg_reg is absorbed into DSP p_reg_reg.
DSP Report: register p_reg_reg is absorbed into DSP p_reg_reg.
DSP Report: register m_reg_reg is absorbed into DSP p_reg_reg.
DSP Report: operator p is absorbed into DSP p_reg_reg.
DSP Report: operator m is absorbed into DSP p_reg_reg.
INFO: [Synth 8-5759] Cascade height of 1 specified for RAM '"activation_tile_3_U/ram_reg"'. This RAM won't be implemented using URAM cascade chain
INFO: [Synth 8-6833] Ram_style="hls_ultra" specified on RAM ("activation_tile_3_U/ram_reg"). This will be implemented using Non-Cascaded URAMs that could result in higher LUTs an MUX utilization. 
INFO: [Synth 8-5782] User specified cascade height of 1 will be used for URAM '"activation_tile_3_U/ram_reg"'.
INFO: [Synth 8-5759] Cascade height of 1 specified for RAM '"activation_tile_2_U/ram_reg"'. This RAM won't be implemented using URAM cascade chain
INFO: [Synth 8-6833] Ram_style="hls_ultra" specified on RAM ("activation_tile_2_U/ram_reg"). This will be implemented using Non-Cascaded URAMs that could result in higher LUTs an MUX utilization. 
INFO: [Synth 8-5782] User specified cascade height of 1 will be used for URAM '"activation_tile_2_U/ram_reg"'.
INFO: [Synth 8-5759] Cascade height of 1 specified for RAM '"activation_tile_1_U/ram_reg"'. This RAM won't be implemented using URAM cascade chain
INFO: [Synth 8-6833] Ram_style="hls_ultra" specified on RAM ("activation_tile_1_U/ram_reg"). This will be implemented using Non-Cascaded URAMs that could result in higher LUTs an MUX utilization. 
INFO: [Synth 8-5782] User specified cascade height of 1 will be used for URAM '"activation_tile_1_U/ram_reg"'.
INFO: [Synth 8-5759] Cascade height of 1 specified for RAM '"activation_tile_U/ram_reg"'. This RAM won't be implemented using URAM cascade chain
INFO: [Synth 8-6833] Ram_style="hls_ultra" specified on RAM ("activation_tile_U/ram_reg"). This will be implemented using Non-Cascaded URAMs that could result in higher LUTs an MUX utilization. 
INFO: [Synth 8-5782] User specified cascade height of 1 will be used for URAM '"activation_tile_U/ram_reg"'.
INFO: [Synth 8-5759] Cascade height of 1 specified for RAM '"weight_tile_3_U/ram_reg"'. This RAM won't be implemented using URAM cascade chain
INFO: [Synth 8-6833] Ram_style="hls_ultra" specified on RAM ("weight_tile_3_U/ram_reg"). This will be implemented using Non-Cascaded URAMs that could result in higher LUTs an MUX utilization. 
INFO: [Synth 8-5782] User specified cascade height of 1 will be used for URAM '"weight_tile_3_U/ram_reg"'.
INFO: [Synth 8-5759] Cascade height of 1 specified for RAM '"weight_tile_2_U/ram_reg"'. This RAM won't be implemented using URAM cascade chain
INFO: [Synth 8-6833] Ram_style="hls_ultra" specified on RAM ("weight_tile_2_U/ram_reg"). This will be implemented using Non-Cascaded URAMs that could result in higher LUTs an MUX utilization. 
INFO: [Synth 8-5782] User specified cascade height of 1 will be used for URAM '"weight_tile_2_U/ram_reg"'.
INFO: [Synth 8-5759] Cascade height of 1 specified for RAM '"weight_tile_1_U/ram_reg"'. This RAM won't be implemented using URAM cascade chain
INFO: [Synth 8-6833] Ram_style="hls_ultra" specified on RAM ("weight_tile_1_U/ram_reg"). This will be implemented using Non-Cascaded URAMs that could result in higher LUTs an MUX utilization. 
INFO: [Synth 8-5782] User specified cascade height of 1 will be used for URAM '"weight_tile_1_U/ram_reg"'.
INFO: [Synth 8-5759] Cascade height of 1 specified for RAM '"weight_tile_U/ram_reg"'. This RAM won't be implemented using URAM cascade chain
INFO: [Synth 8-6833] Ram_style="hls_ultra" specified on RAM ("weight_tile_U/ram_reg"). This will be implemented using Non-Cascaded URAMs that could result in higher LUTs an MUX utilization. 
INFO: [Synth 8-5782] User specified cascade height of 1 will be used for URAM '"weight_tile_U/ram_reg"'.
INFO: [Synth 8-5759] Cascade height of 1 specified for RAM '"activation_tile_3_U/ram_reg"'. This RAM won't be implemented using URAM cascade chain
INFO: [Synth 8-6833] Ram_style="hls_ultra" specified on RAM ("activation_tile_3_U/ram_reg"). This will be implemented using Non-Cascaded URAMs that could result in higher LUTs an MUX utilization. 
INFO: [Synth 8-5782] User specified cascade height of 1 will be used for URAM '"activation_tile_3_U/ram_reg"'.
INFO: [Synth 8-5759] Cascade height of 1 specified for RAM '"activation_tile_2_U/ram_reg"'. This RAM won't be implemented using URAM cascade chain
INFO: [Synth 8-6833] Ram_style="hls_ultra" specified on RAM ("activation_tile_2_U/ram_reg"). This will be implemented using Non-Cascaded URAMs that could result in higher LUTs an MUX utilization. 
INFO: [Synth 8-5782] User specified cascade height of 1 will be used for URAM '"activation_tile_2_U/ram_reg"'.
INFO: [Synth 8-5759] Cascade height of 1 specified for RAM '"activation_tile_1_U/ram_reg"'. This RAM won't be implemented using URAM cascade chain
INFO: [Synth 8-6833] Ram_style="hls_ultra" specified on RAM ("activation_tile_1_U/ram_reg"). This will be implemented using Non-Cascaded URAMs that could result in higher LUTs an MUX utilization. 
INFO: [Synth 8-5782] User specified cascade height of 1 will be used for URAM '"activation_tile_1_U/ram_reg"'.
INFO: [Synth 8-5759] Cascade height of 1 specified for RAM '"activation_tile_U/ram_reg"'. This RAM won't be implemented using URAM cascade chain
INFO: [Synth 8-6833] Ram_style="hls_ultra" specified on RAM ("activation_tile_U/ram_reg"). This will be implemented using Non-Cascaded URAMs that could result in higher LUTs an MUX utilization. 
INFO: [Synth 8-5782] User specified cascade height of 1 will be used for URAM '"activation_tile_U/ram_reg"'.
INFO: [Synth 8-5759] Cascade height of 1 specified for RAM '"weight_tile_3_U/ram_reg"'. This RAM won't be implemented using URAM cascade chain
INFO: [Synth 8-6833] Ram_style="hls_ultra" specified on RAM ("weight_tile_3_U/ram_reg"). This will be implemented using Non-Cascaded URAMs that could result in higher LUTs an MUX utilization. 
INFO: [Synth 8-5782] User specified cascade height of 1 will be used for URAM '"weight_tile_3_U/ram_reg"'.
INFO: [Synth 8-5759] Cascade height of 1 specified for RAM '"weight_tile_2_U/ram_reg"'. This RAM won't be implemented using URAM cascade chain
INFO: [Synth 8-6833] Ram_style="hls_ultra" specified on RAM ("weight_tile_2_U/ram_reg"). This will be implemented using Non-Cascaded URAMs that could result in higher LUTs an MUX utilization. 
INFO: [Synth 8-5782] User specified cascade height of 1 will be used for URAM '"weight_tile_2_U/ram_reg"'.
INFO: [Synth 8-5759] Cascade height of 1 specified for RAM '"weight_tile_1_U/ram_reg"'. This RAM won't be implemented using URAM cascade chain
INFO: [Synth 8-6833] Ram_style="hls_ultra" specified on RAM ("weight_tile_1_U/ram_reg"). This will be implemented using Non-Cascaded URAMs that could result in higher LUTs an MUX utilization. 
INFO: [Synth 8-5782] User specified cascade height of 1 will be used for URAM '"weight_tile_1_U/ram_reg"'.
INFO: [Synth 8-5759] Cascade height of 1 specified for RAM '"weight_tile_U/ram_reg"'. This RAM won't be implemented using URAM cascade chain
INFO: [Synth 8-6833] Ram_style="hls_ultra" specified on RAM ("weight_tile_U/ram_reg"). This will be implemented using Non-Cascaded URAMs that could result in higher LUTs an MUX utilization. 
INFO: [Synth 8-5782] User specified cascade height of 1 will be used for URAM '"weight_tile_U/ram_reg"'.
INFO: [Common 17-14] Message 'Synth 8-3886' appears 100 times and further instances of the messages will be disabled. Use the Tcl command set_msg_config to change the current settings.
WARNING: [Synth 8-3332] Sequential element (FSM_onehot_wstate_reg[0]) is unused and will be removed from module vision_gemm_control_s_axi.
WARNING: [Synth 8-3332] Sequential element (FSM_onehot_rstate_reg[0]) is unused and will be removed from module vision_gemm_control_s_axi.
---------------------------------------------------------------------------------
Finished Cross Boundary and Area Optimization : Time (s): cpu = 00:00:42 ; elapsed = 00:00:57 . Memory (MB): peak = 3160.934 ; gain = 1640.422 ; free physical = 1659 ; free virtual = 22051
---------------------------------------------------------------------------------
 Sort Area is vision_gemm__GCB3 p_reg_reg_0 : 0 0 : 1357 1357 : Used 1 time 0
 Sort Area is vision_gemm__GCB3 p_reg_reg_2 : 0 0 : 1135 1135 : Used 1 time 0
No constraint files found.
---------------------------------------------------------------------------------
Start Timing Optimization
---------------------------------------------------------------------------------
---------------------------------------------------------------------------------
Finished Timing Optimization : Time (s): cpu = 00:01:50 ; elapsed = 00:01:05 . Memory (MB): peak = 3160.934 ; gain = 1640.422 ; free physical = 982 ; free virtual = 21342
---------------------------------------------------------------------------------
---------------------------------------------------------------------------------
Start Technology Mapping
---------------------------------------------------------------------------------
INFO: [Synth 8-7052] The timing for the instance i_1/result_tile_2_U/ram_reg (implemented as a Block RAM) might be sub-optimal as no optional output register could be merged into the ram block. Providing additional output register may help in improving timing.
INFO: [Synth 8-7052] The timing for the instance i_1/result_tile_3_U/ram_reg (implemented as a Block RAM) might be sub-optimal as no optional output register could be merged into the ram block. Providing additional output register may help in improving timing.
INFO: [Synth 8-7052] The timing for the instance i_1/result_tile_6_U/ram_reg (implemented as a Block RAM) might be sub-optimal as no optional output register could be merged into the ram block. Providing additional output register may help in improving timing.
INFO: [Synth 8-7052] The timing for the instance i_1/result_tile_7_U/ram_reg (implemented as a Block RAM) might be sub-optimal as no optional output register could be merged into the ram block. Providing additional output register may help in improving timing.
INFO: [Synth 8-7052] The timing for the instance i_1/result_tile_10_U/ram_reg (implemented as a Block RAM) might be sub-optimal as no optional output register could be merged into the ram block. Providing additional output register may help in improving timing.
INFO: [Synth 8-7052] The timing for the instance i_1/result_tile_11_U/ram_reg (implemented as a Block RAM) might be sub-optimal as no optional output register could be merged into the ram block. Providing additional output register may help in improving timing.
INFO: [Synth 8-7052] The timing for the instance i_1/result_tile_14_U/ram_reg (implemented as a Block RAM) might be sub-optimal as no optional output register could be merged into the ram block. Providing additional output register may help in improving timing.
INFO: [Synth 8-7052] The timing for the instance i_1/result_tile_15_U/ram_reg (implemented as a Block RAM) might be sub-optimal as no optional output register could be merged into the ram block. Providing additional output register may help in improving timing.
INFO: [Synth 8-7052] The timing for the instance i_1/gmem_y_m_axi_U/store_unit_0/buff_wdata/U_fifo_mem/mem_reg_0 (implemented as a Block RAM) might be sub-optimal as no optional output register could be merged into the ram block. Providing additional output register may help in improving timing.
INFO: [Synth 8-7052] The timing for the instance i_1/gmem_y_m_axi_U/store_unit_0/buff_wdata/U_fifo_mem/mem_reg_1 (implemented as a Block RAM) might be sub-optimal as no optional output register could be merged into the ram block. Providing additional output register may help in improving timing.
INFO: [Synth 8-7052] The timing for the instance i_1/gmem_y_m_axi_U/store_unit_0/buff_wdata/U_fifo_mem/mem_reg_2 (implemented as a Block RAM) might be sub-optimal as no optional output register could be merged into the ram block. Providing additional output register may help in improving timing.
INFO: [Synth 8-7052] The timing for the instance i_1/gmem_y_m_axi_U/store_unit_0/buff_wdata/U_fifo_mem/mem_reg_3 (implemented as a Block RAM) might be sub-optimal as no optional output register could be merged into the ram block. Providing additional output register may help in improving timing.
INFO: [Synth 8-7052] The timing for the instance i_2/result_tile_13_U/ram_reg (implemented as a Block RAM) might be sub-optimal as no optional output register could be merged into the ram block. Providing additional output register may help in improving timing.
INFO: [Synth 8-7052] The timing for the instance i_2/result_tile_12_U/ram_reg (implemented as a Block RAM) might be sub-optimal as no optional output register could be merged into the ram block. Providing additional output register may help in improving timing.
INFO: [Synth 8-7052] The timing for the instance i_2/result_tile_9_U/ram_reg (implemented as a Block RAM) might be sub-optimal as no optional output register could be merged into the ram block. Providing additional output register may help in improving timing.
INFO: [Synth 8-7052] The timing for the instance i_2/result_tile_8_U/ram_reg (implemented as a Block RAM) might be sub-optimal as no optional output register could be merged into the ram block. Providing additional output register may help in improving timing.
INFO: [Synth 8-7052] The timing for the instance i_2/result_tile_5_U/ram_reg (implemented as a Block RAM) might be sub-optimal as no optional output register could be merged into the ram block. Providing additional output register may help in improving timing.
INFO: [Synth 8-7052] The timing for the instance i_2/result_tile_4_U/ram_reg (implemented as a Block RAM) might be sub-optimal as no optional output register could be merged into the ram block. Providing additional output register may help in improving timing.
INFO: [Synth 8-7052] The timing for the instance i_2/result_tile_1_U/ram_reg (implemented as a Block RAM) might be sub-optimal as no optional output register could be merged into the ram block. Providing additional output register may help in improving timing.
INFO: [Synth 8-7052] The timing for the instance i_2/result_tile_U/ram_reg (implemented as a Block RAM) might be sub-optimal as no optional output register could be merged into the ram block. Providing additional output register may help in improving timing.
INFO: [Synth 8-7052] The timing for the instance i_3/gmem_x_m_axi_U/load_unit_0/buff_rdata/U_fifo_mem/mem_reg_bram_0 (implemented as a Block RAM) might be sub-optimal as no optional output register could be merged into the ram block. Providing additional output register may help in improving timing.
INFO: [Synth 8-7052] The timing for the instance i_3/gmem_x_m_axi_U/load_unit_0/buff_rdata/U_fifo_mem/mem_reg_bram_1 (implemented as a Block RAM) might be sub-optimal as no optional output register could be merged into the ram block. Providing additional output register may help in improving timing.
INFO: [Synth 8-7052] The timing for the instance i_3/gmem_x_m_axi_U/load_unit_0/buff_rdata/U_fifo_mem/mem_reg_bram_2 (implemented as a Block RAM) might be sub-optimal as no optional output register could be merged into the ram block. Providing additional output register may help in improving timing.
INFO: [Synth 8-7052] The timing for the instance i_3/gmem_x_m_axi_U/load_unit_0/buff_rdata/U_fifo_mem/mem_reg_bram_3 (implemented as a Block RAM) might be sub-optimal as no optional output register could be merged into the ram block. Providing additional output register may help in improving timing.
INFO: [Synth 8-7052] The timing for the instance i_3/gmem_x_m_axi_U/load_unit_0/buff_rdata/U_fifo_mem/mem_reg_bram_4 (implemented as a Block RAM) might be sub-optimal as no optional output register could be merged into the ram block. Providing additional output register may help in improving timing.
INFO: [Synth 8-7052] The timing for the instance i_3/gmem_x_m_axi_U/load_unit_0/buff_rdata/U_fifo_mem/mem_reg_bram_5 (implemented as a Block RAM) might be sub-optimal as no optional output register could be merged into the ram block. Providing additional output register may help in improving timing.
INFO: [Synth 8-7052] The timing for the instance i_3/gmem_x_m_axi_U/load_unit_0/buff_rdata/U_fifo_mem/mem_reg_bram_6 (implemented as a Block RAM) might be sub-optimal as no optional output register could be merged into the ram block. Providing additional output register may help in improving timing.
INFO: [Synth 8-7052] The timing for the instance i_3/gmem_x_m_axi_U/load_unit_0/buff_rdata/U_fifo_mem/mem_reg_bram_7 (implemented as a Block RAM) might be sub-optimal as no optional output register could be merged into the ram block. Providing additional output register may help in improving timing.
INFO: [Synth 8-7052] The timing for the instance i_3/gmem_w_m_axi_U/load_unit_0/buff_rdata/U_fifo_mem/mem_reg_bram_0 (implemented as a Block RAM) might be sub-optimal as no optional output register could be merged into the ram block. Providing additional output register may help in improving timing.
INFO: [Synth 8-7052] The timing for the instance i_3/gmem_w_m_axi_U/load_unit_0/buff_rdata/U_fifo_mem/mem_reg_bram_1 (implemented as a Block RAM) might be sub-optimal as no optional output register could be merged into the ram block. Providing additional output register may help in improving timing.
INFO: [Synth 8-7052] The timing for the instance i_3/gmem_w_m_axi_U/load_unit_0/buff_rdata/U_fifo_mem/mem_reg_bram_2 (implemented as a Block RAM) might be sub-optimal as no optional output register could be merged into the ram block. Providing additional output register may help in improving timing.
INFO: [Synth 8-7052] The timing for the instance i_3/gmem_w_m_axi_U/load_unit_0/buff_rdata/U_fifo_mem/mem_reg_bram_3 (implemented as a Block RAM) might be sub-optimal as no optional output register could be merged into the ram block. Providing additional output register may help in improving timing.
INFO: [Synth 8-7052] The timing for the instance i_3/activation_tile_3_U/ram_reg_uram_2 (implemented as a Ultra RAM) might be sub-optimal as no optional output register could be merged into the ram block. Providing additional output register may help in improving timing.
INFO: [Synth 8-7052] The timing for the instance i_3/activation_tile_3_U/ram_reg_uram_2 (implemented as a Ultra RAM) might be sub-optimal as no optional output register could be merged into the ram block. Providing additional output register may help in improving timing.
INFO: [Synth 8-7052] The timing for the instance i_3/activation_tile_3_U/ram_reg_uram_3 (implemented as a Ultra RAM) might be sub-optimal as no optional output register could be merged into the ram block. Providing additional output register may help in improving timing.
INFO: [Synth 8-7052] The timing for the instance i_3/activation_tile_3_U/ram_reg_uram_3 (implemented as a Ultra RAM) might be sub-optimal as no optional output register could be merged into the ram block. Providing additional output register may help in improving timing.
INFO: [Synth 8-7052] The timing for the instance i_3/activation_tile_3_U/ram_reg_uram_6 (implemented as a Ultra RAM) might be sub-optimal as no optional output register could be merged into the ram block. Providing additional output register may help in improving timing.
INFO: [Synth 8-7052] The timing for the instance i_3/activation_tile_3_U/ram_reg_uram_6 (implemented as a Ultra RAM) might be sub-optimal as no optional output register could be merged into the ram block. Providing additional output register may help in improving timing.
INFO: [Synth 8-7052] The timing for the instance i_3/activation_tile_3_U/ram_reg_uram_7 (implemented as a Ultra RAM) might be sub-optimal as no optional output register could be merged into the ram block. Providing additional output register may help in improving timing.
INFO: [Synth 8-7052] The timing for the instance i_3/activation_tile_3_U/ram_reg_uram_7 (implemented as a Ultra RAM) might be sub-optimal as no optional output register could be merged into the ram block. Providing additional output register may help in improving timing.
INFO: [Synth 8-7052] The timing for the instance i_3/activation_tile_3_U/ram_reg_uram_10 (implemented as a Ultra RAM) might be sub-optimal as no optional output register could be merged into the ram block. Providing additional output register may help in improving timing.
INFO: [Synth 8-7052] The timing for the instance i_3/activation_tile_3_U/ram_reg_uram_10 (implemented as a Ultra RAM) might be sub-optimal as no optional output register could be merged into the ram block. Providing additional output register may help in improving timing.
INFO: [Synth 8-7052] The timing for the instance i_3/activation_tile_3_U/ram_reg_uram_11 (implemented as a Ultra RAM) might be sub-optimal as no optional output register could be merged into the ram block. Providing additional output register may help in improving timing.
INFO: [Synth 8-7052] The timing for the instance i_3/activation_tile_3_U/ram_reg_uram_11 (implemented as a Ultra RAM) might be sub-optimal as no optional output register could be merged into the ram block. Providing additional output register may help in improving timing.
INFO: [Synth 8-7052] The timing for the instance i_3/activation_tile_3_U/ram_reg_uram_14 (implemented as a Ultra RAM) might be sub-optimal as no optional output register could be merged into the ram block. Providing additional output register may help in improving timing.
INFO: [Synth 8-7052] The timing for the instance i_3/activation_tile_3_U/ram_reg_uram_14 (implemented as a Ultra RAM) might be sub-optimal as no optional output register could be merged into the ram block. Providing additional output register may help in improving timing.
INFO: [Synth 8-7052] The timing for the instance i_3/activation_tile_3_U/ram_reg_uram_15 (implemented as a Ultra RAM) might be sub-optimal as no optional output register could be merged into the ram block. Providing additional output register may help in improving timing.
INFO: [Synth 8-7052] The timing for the instance i_3/activation_tile_3_U/ram_reg_uram_15 (implemented as a Ultra RAM) might be sub-optimal as no optional output register could be merged into the ram block. Providing additional output register may help in improving timing.
INFO: [Synth 8-7052] The timing for the instance i_3/activation_tile_2_U/ram_reg_uram_2 (implemented as a Ultra RAM) might be sub-optimal as no optional output register could be merged into the ram block. Providing additional output register may help in improving timing.
INFO: [Synth 8-7052] The timing for the instance i_3/activation_tile_2_U/ram_reg_uram_2 (implemented as a Ultra RAM) might be sub-optimal as no optional output register could be merged into the ram block. Providing additional output register may help in improving timing.
INFO: [Synth 8-7052] The timing for the instance i_3/activation_tile_2_U/ram_reg_uram_3 (implemented as a Ultra RAM) might be sub-optimal as no optional output register could be merged into the ram block. Providing additional output register may help in improving timing.
INFO: [Synth 8-7052] The timing for the instance i_3/activation_tile_2_U/ram_reg_uram_3 (implemented as a Ultra RAM) might be sub-optimal as no optional output register could be merged into the ram block. Providing additional output register may help in improving timing.
INFO: [Synth 8-7052] The timing for the instance i_3/activation_tile_2_U/ram_reg_uram_6 (implemented as a Ultra RAM) might be sub-optimal as no optional output register could be merged into the ram block. Providing additional output register may help in improving timing.
INFO: [Synth 8-7052] The timing for the instance i_3/activation_tile_2_U/ram_reg_uram_6 (implemented as a Ultra RAM) might be sub-optimal as no optional output register could be merged into the ram block. Providing additional output register may help in improving timing.
INFO: [Synth 8-7052] The timing for the instance i_3/activation_tile_2_U/ram_reg_uram_7 (implemented as a Ultra RAM) might be sub-optimal as no optional output register could be merged into the ram block. Providing additional output register may help in improving timing.
INFO: [Synth 8-7052] The timing for the instance i_3/activation_tile_2_U/ram_reg_uram_7 (implemented as a Ultra RAM) might be sub-optimal as no optional output register could be merged into the ram block. Providing additional output register may help in improving timing.
INFO: [Synth 8-7052] The timing for the instance i_3/activation_tile_2_U/ram_reg_uram_10 (implemented as a Ultra RAM) might be sub-optimal as no optional output register could be merged into the ram block. Providing additional output register may help in improving timing.
INFO: [Synth 8-7052] The timing for the instance i_3/activation_tile_2_U/ram_reg_uram_10 (implemented as a Ultra RAM) might be sub-optimal as no optional output register could be merged into the ram block. Providing additional output register may help in improving timing.
INFO: [Synth 8-7052] The timing for the instance i_3/activation_tile_2_U/ram_reg_uram_11 (implemented as a Ultra RAM) might be sub-optimal as no optional output register could be merged into the ram block. Providing additional output register may help in improving timing.
INFO: [Synth 8-7052] The timing for the instance i_3/activation_tile_2_U/ram_reg_uram_11 (implemented as a Ultra RAM) might be sub-optimal as no optional output register could be merged into the ram block. Providing additional output register may help in improving timing.
INFO: [Synth 8-7052] The timing for the instance i_3/activation_tile_2_U/ram_reg_uram_14 (implemented as a Ultra RAM) might be sub-optimal as no optional output register could be merged into the ram block. Providing additional output register may help in improving timing.
INFO: [Synth 8-7052] The timing for the instance i_3/activation_tile_2_U/ram_reg_uram_14 (implemented as a Ultra RAM) might be sub-optimal as no optional output register could be merged into the ram block. Providing additional output register may help in improving timing.
INFO: [Synth 8-7052] The timing for the instance i_3/activation_tile_2_U/ram_reg_uram_15 (implemented as a Ultra RAM) might be sub-optimal as no optional output register could be merged into the ram block. Providing additional output register may help in improving timing.
INFO: [Synth 8-7052] The timing for the instance i_3/activation_tile_2_U/ram_reg_uram_15 (implemented as a Ultra RAM) might be sub-optimal as no optional output register could be merged into the ram block. Providing additional output register may help in improving timing.
INFO: [Synth 8-7052] The timing for the instance i_3/activation_tile_1_U/ram_reg_uram_2 (implemented as a Ultra RAM) might be sub-optimal as no optional output register could be merged into the ram block. Providing additional output register may help in improving timing.
INFO: [Synth 8-7052] The timing for the instance i_3/activation_tile_1_U/ram_reg_uram_2 (implemented as a Ultra RAM) might be sub-optimal as no optional output register could be merged into the ram block. Providing additional output register may help in improving timing.
INFO: [Synth 8-7052] The timing for the instance i_3/activation_tile_1_U/ram_reg_uram_3 (implemented as a Ultra RAM) might be sub-optimal as no optional output register could be merged into the ram block. Providing additional output register may help in improving timing.
INFO: [Synth 8-7052] The timing for the instance i_3/activation_tile_1_U/ram_reg_uram_3 (implemented as a Ultra RAM) might be sub-optimal as no optional output register could be merged into the ram block. Providing additional output register may help in improving timing.
INFO: [Synth 8-7052] The timing for the instance i_3/activation_tile_1_U/ram_reg_uram_6 (implemented as a Ultra RAM) might be sub-optimal as no optional output register could be merged into the ram block. Providing additional output register may help in improving timing.
INFO: [Synth 8-7052] The timing for the instance i_3/activation_tile_1_U/ram_reg_uram_6 (implemented as a Ultra RAM) might be sub-optimal as no optional output register could be merged into the ram block. Providing additional output register may help in improving timing.
INFO: [Synth 8-7052] The timing for the instance i_3/activation_tile_1_U/ram_reg_uram_7 (implemented as a Ultra RAM) might be sub-optimal as no optional output register could be merged into the ram block. Providing additional output register may help in improving timing.
INFO: [Synth 8-7052] The timing for the instance i_3/activation_tile_1_U/ram_reg_uram_7 (implemented as a Ultra RAM) might be sub-optimal as no optional output register could be merged into the ram block. Providing additional output register may help in improving timing.
INFO: [Synth 8-7052] The timing for the instance i_3/activation_tile_1_U/ram_reg_uram_10 (implemented as a Ultra RAM) might be sub-optimal as no optional output register could be merged into the ram block. Providing additional output register may help in improving timing.
INFO: [Synth 8-7052] The timing for the instance i_3/activation_tile_1_U/ram_reg_uram_10 (implemented as a Ultra RAM) might be sub-optimal as no optional output register could be merged into the ram block. Providing additional output register may help in improving timing.
INFO: [Synth 8-7052] The timing for the instance i_3/activation_tile_1_U/ram_reg_uram_11 (implemented as a Ultra RAM) might be sub-optimal as no optional output register could be merged into the ram block. Providing additional output register may help in improving timing.
INFO: [Synth 8-7052] The timing for the instance i_3/activation_tile_1_U/ram_reg_uram_11 (implemented as a Ultra RAM) might be sub-optimal as no optional output register could be merged into the ram block. Providing additional output register may help in improving timing.
INFO: [Synth 8-7052] The timing for the instance i_3/activation_tile_1_U/ram_reg_uram_14 (implemented as a Ultra RAM) might be sub-optimal as no optional output register could be merged into the ram block. Providing additional output register may help in improving timing.
INFO: [Synth 8-7052] The timing for the instance i_3/activation_tile_1_U/ram_reg_uram_14 (implemented as a Ultra RAM) might be sub-optimal as no optional output register could be merged into the ram block. Providing additional output register may help in improving timing.
INFO: [Synth 8-7052] The timing for the instance i_3/activation_tile_1_U/ram_reg_uram_15 (implemented as a Ultra RAM) might be sub-optimal as no optional output register could be merged into the ram block. Providing additional output register may help in improving timing.
INFO: [Synth 8-7052] The timing for the instance i_3/activation_tile_1_U/ram_reg_uram_15 (implemented as a Ultra RAM) might be sub-optimal as no optional output register could be merged into the ram block. Providing additional output register may help in improving timing.
INFO: [Synth 8-7052] The timing for the instance i_3/activation_tile_U/ram_reg_uram_2 (implemented as a Ultra RAM) might be sub-optimal as no optional output register could be merged into the ram block. Providing additional output register may help in improving timing.
INFO: [Synth 8-7052] The timing for the instance i_3/activation_tile_U/ram_reg_uram_2 (implemented as a Ultra RAM) might be sub-optimal as no optional output register could be merged into the ram block. Providing additional output register may help in improving timing.
INFO: [Synth 8-7052] The timing for the instance i_3/activation_tile_U/ram_reg_uram_3 (implemented as a Ultra RAM) might be sub-optimal as no optional output register could be merged into the ram block. Providing additional output register may help in improving timing.
INFO: [Synth 8-7052] The timing for the instance i_3/activation_tile_U/ram_reg_uram_3 (implemented as a Ultra RAM) might be sub-optimal as no optional output register could be merged into the ram block. Providing additional output register may help in improving timing.
INFO: [Synth 8-7052] The timing for the instance i_3/activation_tile_U/ram_reg_uram_6 (implemented as a Ultra RAM) might be sub-optimal as no optional output register could be merged into the ram block. Providing additional output register may help in improving timing.
INFO: [Synth 8-7052] The timing for the instance i_3/activation_tile_U/ram_reg_uram_6 (implemented as a Ultra RAM) might be sub-optimal as no optional output register could be merged into the ram block. Providing additional output register may help in improving timing.
INFO: [Synth 8-7052] The timing for the instance i_3/activation_tile_U/ram_reg_uram_7 (implemented as a Ultra RAM) might be sub-optimal as no optional output register could be merged into the ram block. Providing additional output register may help in improving timing.
INFO: [Synth 8-7052] The timing for the instance i_3/activation_tile_U/ram_reg_uram_7 (implemented as a Ultra RAM) might be sub-optimal as no optional output register could be merged into the ram block. Providing additional output register may help in improving timing.
INFO: [Synth 8-7052] The timing for the instance i_3/activation_tile_U/ram_reg_uram_10 (implemented as a Ultra RAM) might be sub-optimal as no optional output register could be merged into the ram block. Providing additional output register may help in improving timing.
INFO: [Synth 8-7052] The timing for the instance i_3/activation_tile_U/ram_reg_uram_10 (implemented as a Ultra RAM) might be sub-optimal as no optional output register could be merged into the ram block. Providing additional output register may help in improving timing.
INFO: [Synth 8-7052] The timing for the instance i_3/activation_tile_U/ram_reg_uram_11 (implemented as a Ultra RAM) might be sub-optimal as no optional output register could be merged into the ram block. Providing additional output register may help in improving timing.
INFO: [Synth 8-7052] The timing for the instance i_3/activation_tile_U/ram_reg_uram_11 (implemented as a Ultra RAM) might be sub-optimal as no optional output register could be merged into the ram block. Providing additional output register may help in improving timing.
INFO: [Synth 8-7052] The timing for the instance i_3/activation_tile_U/ram_reg_uram_14 (implemented as a Ultra RAM) might be sub-optimal as no optional output register could be merged into the ram block. Providing additional output register may help in improving timing.
INFO: [Synth 8-7052] The timing for the instance i_3/activation_tile_U/ram_reg_uram_14 (implemented as a Ultra RAM) might be sub-optimal as no optional output register could be merged into the ram block. Providing additional output register may help in improving timing.
INFO: [Synth 8-7052] The timing for the instance i_3/activation_tile_U/ram_reg_uram_15 (implemented as a Ultra RAM) might be sub-optimal as no optional output register could be merged into the ram block. Providing additional output register may help in improving timing.
INFO: [Synth 8-7052] The timing for the instance i_3/activation_tile_U/ram_reg_uram_15 (implemented as a Ultra RAM) might be sub-optimal as no optional output register could be merged into the ram block. Providing additional output register may help in improving timing.
INFO: [Synth 8-7052] The timing for the instance i_3/weight_tile_3_U/ram_reg_uram_0 (implemented as a Ultra RAM) might be sub-optimal as no optional output register could be merged into the ram block. Providing additional output register may help in improving timing.
INFO: [Synth 8-7052] The timing for the instance i_3/weight_tile_3_U/ram_reg_uram_0 (implemented as a Ultra RAM) might be sub-optimal as no optional output register could be merged into the ram block. Providing additional output register may help in improving timing.
INFO: [Synth 8-7052] The timing for the instance i_3/weight_tile_3_U/ram_reg_uram_1 (implemented as a Ultra RAM) might be sub-optimal as no optional output register could be merged into the ram block. Providing additional output register may help in improving timing.
INFO: [Synth 8-7052] The timing for the instance i_3/weight_tile_3_U/ram_reg_uram_1 (implemented as a Ultra RAM) might be sub-optimal as no optional output register could be merged into the ram block. Providing additional output register may help in improving timing.
INFO: [Common 17-14] Message 'Synth 8-7052' appears 100 times and further instances of the messages will be disabled. Use the Tcl command set_msg_config to change the current settings.
---------------------------------------------------------------------------------
Finished Technology Mapping : Time (s): cpu = 00:01:56 ; elapsed = 00:01:11 . Memory (MB): peak = 3168.938 ; gain = 1648.426 ; free physical = 822 ; free virtual = 21192
---------------------------------------------------------------------------------
---------------------------------------------------------------------------------
Start IO Insertion
---------------------------------------------------------------------------------
---------------------------------------------------------------------------------
Start Final Netlist Cleanup
---------------------------------------------------------------------------------
---------------------------------------------------------------------------------
Finished Final Netlist Cleanup
---------------------------------------------------------------------------------
---------------------------------------------------------------------------------
Finished IO Insertion : Time (s): cpu = 00:02:05 ; elapsed = 00:01:19 . Memory (MB): peak = 3182.789 ; gain = 1662.277 ; free physical = 944 ; free virtual = 21312
---------------------------------------------------------------------------------
---------------------------------------------------------------------------------
Start Renaming Generated Instances
---------------------------------------------------------------------------------
---------------------------------------------------------------------------------
Finished Renaming Generated Instances : Time (s): cpu = 00:02:05 ; elapsed = 00:01:20 . Memory (MB): peak = 3182.789 ; gain = 1662.277 ; free physical = 946 ; free virtual = 21314
---------------------------------------------------------------------------------
---------------------------------------------------------------------------------
Start Handling Custom Attributes
---------------------------------------------------------------------------------
---------------------------------------------------------------------------------
Finished Handling Custom Attributes : Time (s): cpu = 00:02:07 ; elapsed = 00:01:22 . Memory (MB): peak = 3182.789 ; gain = 1662.277 ; free physical = 965 ; free virtual = 21337
---------------------------------------------------------------------------------
---------------------------------------------------------------------------------
Start Writing Synthesis Report
---------------------------------------------------------------------------------

DSP Final Report (the ' indicates corresponding REG is set)
+----------------------------------------------------+-------------------+--------+--------+--------+--------+--------+------+------+------+------+-------+------+------+
|Module Name                                         | DSP Mapping       | A Size | B Size | C Size | D Size | P Size | AREG | BREG | CREG | DREG | ADREG | MREG | PREG | 
+----------------------------------------------------+-------------------+--------+--------+--------+--------+--------+------+------+------+------+-------+------+------+
|dsp48e1_wrapper__1                                  | (A*B)'            | 24     | 17     | -      | -      | 41     | 0    | 0    | -    | -    | -     | 1    | 0    | 
|dsp48e1_wrapper__parameterized0__1                  | (PCIN>>17+A'*B')' | 0      | 7      | -      | -      | 31     | 1    | 1    | -    | -    | -     | 0    | 1    | 
|dsp48e1_wrapper__parameterized1__1                  | PCIN+A:B+C'       | 22     | 0      | -      | -      | 48     | 0    | 0    | -    | -    | -     | 0    | 0    | 
|dsp48e1_wrapper__2                                  | (A*B)'            | 24     | 17     | -      | -      | 41     | 0    | 0    | -    | -    | -     | 1    | 0    | 
|dsp48e1_wrapper__parameterized0__2                  | (PCIN>>17+A'*B')' | 0      | 7      | -      | -      | 31     | 1    | 1    | -    | -    | -     | 0    | 1    | 
|dsp48e1_wrapper__parameterized1__2                  | PCIN+A:B+C'       | 22     | 0      | -      | -      | 48     | 0    | 0    | -    | -    | -     | 0    | 0    | 
|dsp48e1_wrapper__3                                  | (A*B)'            | 24     | 17     | -      | -      | 41     | 0    | 0    | -    | -    | -     | 1    | 0    | 
|dsp48e1_wrapper__parameterized0__3                  | (PCIN>>17+A'*B')' | 0      | 7      | -      | -      | 31     | 1    | 1    | -    | -    | -     | 0    | 1    | 
|dsp48e1_wrapper__parameterized1__3                  | PCIN+A:B+C'       | 22     | 0      | -      | -      | 48     | 0    | 0    | -    | -    | -     | 0    | 0    | 
|dsp48e1_wrapper__4                                  | (A*B)'            | 24     | 17     | -      | -      | 41     | 0    | 0    | -    | -    | -     | 1    | 0    | 
|dsp48e1_wrapper__parameterized0__4                  | (PCIN>>17+A'*B')' | 0      | 7      | -      | -      | 31     | 1    | 1    | -    | -    | -     | 0    | 1    | 
|dsp48e1_wrapper__parameterized1__4                  | PCIN+A:B+C'       | 22     | 0      | -      | -      | 48     | 0    | 0    | -    | -    | -     | 0    | 0    | 
|dsp48e1_wrapper__5                                  | (A*B)'            | 24     | 17     | -      | -      | 41     | 0    | 0    | -    | -    | -     | 1    | 0    | 
|dsp48e1_wrapper__parameterized0__5                  | (PCIN>>17+A'*B')' | 0      | 7      | -      | -      | 31     | 1    | 1    | -    | -    | -     | 0    | 1    | 
|dsp48e1_wrapper__parameterized1__5                  | PCIN+A:B+C'       | 22     | 0      | -      | -      | 48     | 0    | 0    | -    | -    | -     | 0    | 0    | 
|dsp48e1_wrapper__6                                  | (A*B)'            | 24     | 17     | -      | -      | 41     | 0    | 0    | -    | -    | -     | 1    | 0    | 
|dsp48e1_wrapper__parameterized0__6                  | (PCIN>>17+A'*B')' | 0      | 7      | -      | -      | 31     | 1    | 1    | -    | -    | -     | 0    | 1    | 
|dsp48e1_wrapper__parameterized1__6                  | PCIN+A:B+C'       | 22     | 0      | -      | -      | 48     | 0    | 0    | -    | -    | -     | 0    | 0    | 
|dsp48e1_wrapper__7                                  | (A*B)'            | 24     | 17     | -      | -      | 41     | 0    | 0    | -    | -    | -     | 1    | 0    | 
|dsp48e1_wrapper__parameterized0__7                  | (PCIN>>17+A'*B')' | 0      | 7      | -      | -      | 31     | 1    | 1    | -    | -    | -     | 0    | 1    | 
|dsp48e1_wrapper__parameterized1__7                  | PCIN+A:B+C'       | 22     | 0      | -      | -      | 48     | 0    | 0    | -    | -    | -     | 0    | 0    | 
|dsp48e1_wrapper__8                                  | (A*B)'            | 24     | 17     | -      | -      | 41     | 0    | 0    | -    | -    | -     | 1    | 0    | 
|dsp48e1_wrapper__parameterized0__8                  | (PCIN>>17+A'*B')' | 0      | 7      | -      | -      | 31     | 1    | 1    | -    | -    | -     | 0    | 1    | 
|dsp48e1_wrapper__parameterized1__8                  | PCIN+A:B+C'       | 22     | 0      | -      | -      | 48     | 0    | 0    | -    | -    | -     | 0    | 0    | 
|dsp48e1_wrapper__9                                  | (A*B)'            | 24     | 17     | -      | -      | 41     | 0    | 0    | -    | -    | -     | 1    | 0    | 
|dsp48e1_wrapper__parameterized0__9                  | (PCIN>>17+A'*B')' | 0      | 7      | -      | -      | 31     | 1    | 1    | -    | -    | -     | 0    | 1    | 
|dsp48e1_wrapper__parameterized1__9                  | PCIN+A:B+C'       | 22     | 0      | -      | -      | 48     | 0    | 0    | -    | -    | -     | 0    | 0    | 
|dsp48e1_wrapper__10                                 | (A*B)'            | 24     | 17     | -      | -      | 41     | 0    | 0    | -    | -    | -     | 1    | 0    | 
|dsp48e1_wrapper__parameterized0__10                 | (PCIN>>17+A'*B')' | 0      | 7      | -      | -      | 31     | 1    | 1    | -    | -    | -     | 0    | 1    | 
|dsp48e1_wrapper__parameterized1__10                 | PCIN+A:B+C'       | 22     | 0      | -      | -      | 48     | 0    | 0    | -    | -    | -     | 0    | 0    | 
|dsp48e1_wrapper__11                                 | (A*B)'            | 24     | 17     | -      | -      | 41     | 0    | 0    | -    | -    | -     | 1    | 0    | 
|dsp48e1_wrapper__parameterized0__11                 | (PCIN>>17+A'*B')' | 0      | 7      | -      | -      | 31     | 1    | 1    | -    | -    | -     | 0    | 1    | 
|dsp48e1_wrapper__parameterized1__11                 | PCIN+A:B+C'       | 22     | 0      | -      | -      | 48     | 0    | 0    | -    | -    | -     | 0    | 0    | 
|dsp48e1_wrapper__12                                 | (A*B)'            | 24     | 17     | -      | -      | 41     | 0    | 0    | -    | -    | -     | 1    | 0    | 
|dsp48e1_wrapper__parameterized0__12                 | (PCIN>>17+A'*B')' | 0      | 7      | -      | -      | 31     | 1    | 1    | -    | -    | -     | 0    | 1    | 
|dsp48e1_wrapper__parameterized1__12                 | PCIN+A:B+C'       | 22     | 0      | -      | -      | 48     | 0    | 0    | -    | -    | -     | 0    | 0    | 
|dsp48e1_wrapper__13                                 | (A*B)'            | 24     | 17     | -      | -      | 41     | 0    | 0    | -    | -    | -     | 1    | 0    | 
|dsp48e1_wrapper__parameterized0__13                 | (PCIN>>17+A'*B')' | 0      | 7      | -      | -      | 31     | 1    | 1    | -    | -    | -     | 0    | 1    | 
|dsp48e1_wrapper__parameterized1__13                 | PCIN+A:B+C'       | 22     | 0      | -      | -      | 48     | 0    | 0    | -    | -    | -     | 0    | 0    | 
|dsp48e1_wrapper__14                                 | (A*B)'            | 24     | 17     | -      | -      | 41     | 0    | 0    | -    | -    | -     | 1    | 0    | 
|dsp48e1_wrapper__parameterized0__14                 | (PCIN>>17+A'*B')' | 0      | 7      | -      | -      | 31     | 1    | 1    | -    | -    | -     | 0    | 1    | 
|dsp48e1_wrapper__parameterized1__14                 | PCIN+A:B+C'       | 22     | 0      | -      | -      | 48     | 0    | 0    | -    | -    | -     | 0    | 0    | 
|dsp48e1_wrapper__15                                 | (A*B)'            | 24     | 17     | -      | -      | 41     | 0    | 0    | -    | -    | -     | 1    | 0    | 
|dsp48e1_wrapper__parameterized0__15                 | (PCIN>>17+A'*B')' | 0      | 7      | -      | -      | 31     | 1    | 1    | -    | -    | -     | 0    | 1    | 
|dsp48e1_wrapper__parameterized1__15                 | PCIN+A:B+C'       | 22     | 0      | -      | -      | 48     | 0    | 0    | -    | -    | -     | 0    | 0    | 
|dsp48e1_wrapper__16                                 | (A*B)'            | 24     | 17     | -      | -      | 41     | 0    | 0    | -    | -    | -     | 1    | 0    | 
|dsp48e1_wrapper__parameterized0__16                 | (PCIN>>17+A'*B')' | 0      | 7      | -      | -      | 31     | 1    | 1    | -    | -    | -     | 0    | 1    | 
|dsp48e1_wrapper__parameterized1__16                 | PCIN+A:B+C'       | 22     | 0      | -      | -      | 48     | 0    | 0    | -    | -    | -     | 0    | 0    | 
|dsp48e1_wrapper__17                                 | (A*B)'            | 24     | 17     | -      | -      | 41     | 0    | 0    | -    | -    | -     | 1    | 0    | 
|dsp48e1_wrapper__parameterized0__17                 | (PCIN>>17+A'*B')' | 0      | 7      | -      | -      | 31     | 1    | 1    | -    | -    | -     | 0    | 1    | 
|dsp48e1_wrapper__parameterized1__17                 | PCIN+A:B+C'       | 22     | 0      | -      | -      | 48     | 0    | 0    | -    | -    | -     | 0    | 0    | 
|dsp48e1_wrapper__18                                 | (A*B)'            | 24     | 17     | -      | -      | 41     | 0    | 0    | -    | -    | -     | 1    | 0    | 
|dsp48e1_wrapper__parameterized0__18                 | (PCIN>>17+A'*B')' | 0      | 7      | -      | -      | 31     | 1    | 1    | -    | -    | -     | 0    | 1    | 
|dsp48e1_wrapper__parameterized1__18                 | PCIN+A:B+C'       | 22     | 0      | -      | -      | 48     | 0    | 0    | -    | -    | -     | 0    | 0    | 
|dsp48e1_wrapper__19                                 | (A*B)'            | 24     | 17     | -      | -      | 41     | 0    | 0    | -    | -    | -     | 1    | 0    | 
|dsp48e1_wrapper__parameterized0__19                 | (PCIN>>17+A'*B')' | 0      | 7      | -      | -      | 31     | 1    | 1    | -    | -    | -     | 0    | 1    | 
|dsp48e1_wrapper__parameterized1__19                 | PCIN+A:B+C'       | 22     | 0      | -      | -      | 48     | 0    | 0    | -    | -    | -     | 0    | 0    | 
|dsp48e1_wrapper__20                                 | (A*B)'            | 24     | 17     | -      | -      | 41     | 0    | 0    | -    | -    | -     | 1    | 0    | 
|dsp48e1_wrapper__parameterized0__20                 | (PCIN>>17+A'*B')' | 0      | 7      | -      | -      | 31     | 1    | 1    | -    | -    | -     | 0    | 1    | 
|dsp48e1_wrapper__parameterized1__20                 | PCIN+A:B+C'       | 22     | 0      | -      | -      | 48     | 0    | 0    | -    | -    | -     | 0    | 0    | 
|dsp48e1_wrapper__21                                 | (A*B)'            | 24     | 17     | -      | -      | 41     | 0    | 0    | -    | -    | -     | 1    | 0    | 
|dsp48e1_wrapper__parameterized0__21                 | (PCIN>>17+A'*B')' | 0      | 7      | -      | -      | 31     | 1    | 1    | -    | -    | -     | 0    | 1    | 
|dsp48e1_wrapper__parameterized1__21                 | PCIN+A:B+C'       | 22     | 0      | -      | -      | 48     | 0    | 0    | -    | -    | -     | 0    | 0    | 
|dsp48e1_wrapper__22                                 | (A*B)'            | 24     | 17     | -      | -      | 41     | 0    | 0    | -    | -    | -     | 1    | 0    | 
|dsp48e1_wrapper__parameterized0__22                 | (PCIN>>17+A'*B')' | 0      | 7      | -      | -      | 31     | 1    | 1    | -    | -    | -     | 0    | 1    | 
|dsp48e1_wrapper__parameterized1__22                 | PCIN+A:B+C'       | 22     | 0      | -      | -      | 48     | 0    | 0    | -    | -    | -     | 0    | 0    | 
|dsp48e1_wrapper__23                                 | (A*B)'            | 24     | 17     | -      | -      | 41     | 0    | 0    | -    | -    | -     | 1    | 0    | 
|dsp48e1_wrapper__parameterized0__23                 | (PCIN>>17+A'*B')' | 0      | 7      | -      | -      | 31     | 1    | 1    | -    | -    | -     | 0    | 1    | 
|dsp48e1_wrapper__parameterized1__23                 | PCIN+A:B+C'       | 22     | 0      | -      | -      | 48     | 0    | 0    | -    | -    | -     | 0    | 0    | 
|dsp48e1_wrapper__24                                 | (A*B)'            | 24     | 17     | -      | -      | 41     | 0    | 0    | -    | -    | -     | 1    | 0    | 
|dsp48e1_wrapper__parameterized0__24                 | (PCIN>>17+A'*B')' | 0      | 7      | -      | -      | 31     | 1    | 1    | -    | -    | -     | 0    | 1    | 
|dsp48e1_wrapper__parameterized1__24                 | PCIN+A:B+C'       | 22     | 0      | -      | -      | 48     | 0    | 0    | -    | -    | -     | 0    | 0    | 
|dsp48e1_wrapper__25                                 | (A*B)'            | 24     | 17     | -      | -      | 41     | 0    | 0    | -    | -    | -     | 1    | 0    | 
|dsp48e1_wrapper__parameterized0__25                 | (PCIN>>17+A'*B')' | 0      | 7      | -      | -      | 31     | 1    | 1    | -    | -    | -     | 0    | 1    | 
|dsp48e1_wrapper__parameterized1__25                 | PCIN+A:B+C'       | 22     | 0      | -      | -      | 48     | 0    | 0    | -    | -    | -     | 0    | 0    | 
|dsp48e1_wrapper__26                                 | (A*B)'            | 24     | 17     | -      | -      | 41     | 0    | 0    | -    | -    | -     | 1    | 0    | 
|dsp48e1_wrapper__parameterized0__26                 | (PCIN>>17+A'*B')' | 0      | 7      | -      | -      | 31     | 1    | 1    | -    | -    | -     | 0    | 1    | 
|dsp48e1_wrapper__parameterized1__26                 | PCIN+A:B+C'       | 22     | 0      | -      | -      | 48     | 0    | 0    | -    | -    | -     | 0    | 0    | 
|dsp48e1_wrapper__27                                 | (A*B)'            | 24     | 17     | -      | -      | 41     | 0    | 0    | -    | -    | -     | 1    | 0    | 
|dsp48e1_wrapper__parameterized0__27                 | (PCIN>>17+A'*B')' | 0      | 7      | -      | -      | 31     | 1    | 1    | -    | -    | -     | 0    | 1    | 
|dsp48e1_wrapper__parameterized1__27                 | PCIN+A:B+C'       | 22     | 0      | -      | -      | 48     | 0    | 0    | -    | -    | -     | 0    | 0    | 
|dsp48e1_wrapper__28                                 | (A*B)'            | 24     | 17     | -      | -      | 41     | 0    | 0    | -    | -    | -     | 1    | 0    | 
|dsp48e1_wrapper__parameterized0__28                 | (PCIN>>17+A'*B')' | 0      | 7      | -      | -      | 31     | 1    | 1    | -    | -    | -     | 0    | 1    | 
|dsp48e1_wrapper__parameterized1__28                 | PCIN+A:B+C'       | 22     | 0      | -      | -      | 48     | 0    | 0    | -    | -    | -     | 0    | 0    | 
|dsp48e1_wrapper__29                                 | (A*B)'            | 24     | 17     | -      | -      | 41     | 0    | 0    | -    | -    | -     | 1    | 0    | 
|dsp48e1_wrapper__parameterized0__29                 | (PCIN>>17+A'*B')' | 0      | 7      | -      | -      | 31     | 1    | 1    | -    | -    | -     | 0    | 1    | 
|dsp48e1_wrapper__parameterized1__29                 | PCIN+A:B+C'       | 22     | 0      | -      | -      | 48     | 0    | 0    | -    | -    | -     | 0    | 0    | 
|dsp48e1_wrapper__30                                 | (A*B)'            | 24     | 17     | -      | -      | 41     | 0    | 0    | -    | -    | -     | 1    | 0    | 
|dsp48e1_wrapper__parameterized0__30                 | (PCIN>>17+A'*B')' | 0      | 7      | -      | -      | 31     | 1    | 1    | -    | -    | -     | 0    | 1    | 
|dsp48e1_wrapper__parameterized1__30                 | PCIN+A:B+C'       | 22     | 0      | -      | -      | 48     | 0    | 0    | -    | -    | -     | 0    | 0    | 
|dsp48e1_wrapper__31                                 | (A*B)'            | 24     | 17     | -      | -      | 41     | 0    | 0    | -    | -    | -     | 1    | 0    | 
|dsp48e1_wrapper__parameterized0__31                 | (PCIN>>17+A'*B')' | 0      | 7      | -      | -      | 31     | 1    | 1    | -    | -    | -     | 0    | 1    | 
|dsp48e1_wrapper__parameterized1__31                 | PCIN+A:B+C'       | 22     | 0      | -      | -      | 48     | 0    | 0    | -    | -    | -     | 0    | 0    | 
|dsp48e1_wrapper__32                                 | (A*B)'            | 24     | 17     | -      | -      | 41     | 0    | 0    | -    | -    | -     | 1    | 0    | 
|dsp48e1_wrapper__parameterized0__32                 | (PCIN>>17+A'*B')' | 0      | 7      | -      | -      | 31     | 1    | 1    | -    | -    | -     | 0    | 1    | 
|dsp48e1_wrapper__parameterized1__32                 | PCIN+A:B+C'       | 22     | 0      | -      | -      | 48     | 0    | 0    | -    | -    | -     | 0    | 0    | 
|dsp48e1_wrapper__33                                 | (A*B)'            | 24     | 17     | -      | -      | 41     | 0    | 0    | -    | -    | -     | 1    | 0    | 
|dsp48e1_wrapper__parameterized0__33                 | (PCIN>>17+A'*B')' | 0      | 7      | -      | -      | 31     | 1    | 1    | -    | -    | -     | 0    | 1    | 
|dsp48e1_wrapper__parameterized1__33                 | PCIN+A:B+C'       | 22     | 0      | -      | -      | 48     | 0    | 0    | -    | -    | -     | 0    | 0    | 
|dsp48e1_wrapper__34                                 | (A*B)'            | 24     | 17     | -      | -      | 41     | 0    | 0    | -    | -    | -     | 1    | 0    | 
|dsp48e1_wrapper__parameterized0__34                 | (PCIN>>17+A'*B')' | 0      | 7      | -      | -      | 31     | 1    | 1    | -    | -    | -     | 0    | 1    | 
|dsp48e1_wrapper__parameterized1__34                 | PCIN+A:B+C'       | 22     | 0      | -      | -      | 48     | 0    | 0    | -    | -    | -     | 0    | 0    | 
|dsp48e1_wrapper__35                                 | (A*B)'            | 24     | 17     | -      | -      | 41     | 0    | 0    | -    | -    | -     | 1    | 0    | 
|dsp48e1_wrapper__parameterized0__35                 | (PCIN>>17+A'*B')' | 0      | 7      | -      | -      | 31     | 1    | 1    | -    | -    | -     | 0    | 1    | 
|dsp48e1_wrapper__parameterized1__35                 | PCIN+A:B+C'       | 22     | 0      | -      | -      | 48     | 0    | 0    | -    | -    | -     | 0    | 0    | 
|dsp48e1_wrapper__36                                 | (A*B)'            | 24     | 17     | -      | -      | 41     | 0    | 0    | -    | -    | -     | 1    | 0    | 
|dsp48e1_wrapper__parameterized0__36                 | (PCIN>>17+A'*B')' | 0      | 7      | -      | -      | 31     | 1    | 1    | -    | -    | -     | 0    | 1    | 
|dsp48e1_wrapper__parameterized1__36                 | PCIN+A:B+C'       | 22     | 0      | -      | -      | 48     | 0    | 0    | -    | -    | -     | 0    | 0    | 
|dsp48e1_wrapper__37                                 | (A*B)'            | 24     | 17     | -      | -      | 41     | 0    | 0    | -    | -    | -     | 1    | 0    | 
|dsp48e1_wrapper__parameterized0__37                 | (PCIN>>17+A'*B')' | 0      | 7      | -      | -      | 31     | 1    | 1    | -    | -    | -     | 0    | 1    | 
|dsp48e1_wrapper__parameterized1__37                 | PCIN+A:B+C'       | 22     | 0      | -      | -      | 48     | 0    | 0    | -    | -    | -     | 0    | 0    | 
|dsp48e1_wrapper__38                                 | (A*B)'            | 24     | 17     | -      | -      | 41     | 0    | 0    | -    | -    | -     | 1    | 0    | 
|dsp48e1_wrapper__parameterized0__38                 | (PCIN>>17+A'*B')' | 0      | 7      | -      | -      | 31     | 1    | 1    | -    | -    | -     | 0    | 1    | 
|dsp48e1_wrapper__parameterized1__38                 | PCIN+A:B+C'       | 22     | 0      | -      | -      | 48     | 0    | 0    | -    | -    | -     | 0    | 0    | 
|dsp48e1_wrapper__39                                 | (A*B)'            | 24     | 17     | -      | -      | 41     | 0    | 0    | -    | -    | -     | 1    | 0    | 
|dsp48e1_wrapper__parameterized0__39                 | (PCIN>>17+A'*B')' | 0      | 7      | -      | -      | 31     | 1    | 1    | -    | -    | -     | 0    | 1    | 
|dsp48e1_wrapper__parameterized1__39                 | PCIN+A:B+C'       | 22     | 0      | -      | -      | 48     | 0    | 0    | -    | -    | -     | 0    | 0    | 
|dsp48e1_wrapper__40                                 | (A*B)'            | 24     | 17     | -      | -      | 41     | 0    | 0    | -    | -    | -     | 1    | 0    | 
|dsp48e1_wrapper__parameterized0__40                 | (PCIN>>17+A'*B')' | 0      | 7      | -      | -      | 31     | 1    | 1    | -    | -    | -     | 0    | 1    | 
|dsp48e1_wrapper__parameterized1__40                 | PCIN+A:B+C'       | 22     | 0      | -      | -      | 48     | 0    | 0    | -    | -    | -     | 0    | 0    | 
|dsp48e1_wrapper__41                                 | (A*B)'            | 24     | 17     | -      | -      | 41     | 0    | 0    | -    | -    | -     | 1    | 0    | 
|dsp48e1_wrapper__parameterized0__41                 | (PCIN>>17+A'*B')' | 0      | 7      | -      | -      | 31     | 1    | 1    | -    | -    | -     | 0    | 1    | 
|dsp48e1_wrapper__parameterized1__41                 | PCIN+A:B+C'       | 22     | 0      | -      | -      | 48     | 0    | 0    | -    | -    | -     | 0    | 0    | 
|dsp48e1_wrapper__42                                 | (A*B)'            | 24     | 17     | -      | -      | 41     | 0    | 0    | -    | -    | -     | 1    | 0    | 
|dsp48e1_wrapper__parameterized0__42                 | (PCIN>>17+A'*B')' | 0      | 7      | -      | -      | 31     | 1    | 1    | -    | -    | -     | 0    | 1    | 
|dsp48e1_wrapper__parameterized1__42                 | PCIN+A:B+C'       | 22     | 0      | -      | -      | 48     | 0    | 0    | -    | -    | -     | 0    | 0    | 
|dsp48e1_wrapper__43                                 | (A*B)'            | 24     | 17     | -      | -      | 41     | 0    | 0    | -    | -    | -     | 1    | 0    | 
|dsp48e1_wrapper__parameterized0__43                 | (PCIN>>17+A'*B')' | 0      | 7      | -      | -      | 31     | 1    | 1    | -    | -    | -     | 0    | 1    | 
|dsp48e1_wrapper__parameterized1__43                 | PCIN+A:B+C'       | 22     | 0      | -      | -      | 48     | 0    | 0    | -    | -    | -     | 0    | 0    | 
|dsp48e1_wrapper__44                                 | (A*B)'            | 24     | 17     | -      | -      | 41     | 0    | 0    | -    | -    | -     | 1    | 0    | 
|dsp48e1_wrapper__parameterized0__44                 | (PCIN>>17+A'*B')' | 0      | 7      | -      | -      | 31     | 1    | 1    | -    | -    | -     | 0    | 1    | 
|dsp48e1_wrapper__parameterized1__44                 | PCIN+A:B+C'       | 22     | 0      | -      | -      | 48     | 0    | 0    | -    | -    | -     | 0    | 0    | 
|dsp48e1_wrapper__45                                 | (A*B)'            | 24     | 17     | -      | -      | 41     | 0    | 0    | -    | -    | -     | 1    | 0    | 
|dsp48e1_wrapper__parameterized0__45                 | (PCIN>>17+A'*B')' | 0      | 7      | -      | -      | 31     | 1    | 1    | -    | -    | -     | 0    | 1    | 
|dsp48e1_wrapper__parameterized1__45                 | PCIN+A:B+C'       | 22     | 0      | -      | -      | 48     | 0    | 0    | -    | -    | -     | 0    | 0    | 
|dsp48e1_wrapper__46                                 | (A*B)'            | 24     | 17     | -      | -      | 41     | 0    | 0    | -    | -    | -     | 1    | 0    | 
|dsp48e1_wrapper__parameterized0__46                 | (PCIN>>17+A'*B')' | 0      | 7      | -      | -      | 31     | 1    | 1    | -    | -    | -     | 0    | 1    | 
|dsp48e1_wrapper__parameterized1__46                 | PCIN+A:B+C'       | 22     | 0      | -      | -      | 48     | 0    | 0    | -    | -    | -     | 0    | 0    | 
|dsp48e1_wrapper__47                                 | (A*B)'            | 24     | 17     | -      | -      | 41     | 0    | 0    | -    | -    | -     | 1    | 0    | 
|dsp48e1_wrapper__parameterized0__47                 | (PCIN>>17+A'*B')' | 0      | 7      | -      | -      | 31     | 1    | 1    | -    | -    | -     | 0    | 1    | 
|dsp48e1_wrapper__parameterized1__47                 | PCIN+A:B+C'       | 22     | 0      | -      | -      | 48     | 0    | 0    | -    | -    | -     | 0    | 0    | 
|dsp48e1_wrapper__48                                 | (A*B)'            | 24     | 17     | -      | -      | 41     | 0    | 0    | -    | -    | -     | 1    | 0    | 
|dsp48e1_wrapper__parameterized0__48                 | (PCIN>>17+A'*B')' | 0      | 7      | -      | -      | 31     | 1    | 1    | -    | -    | -     | 0    | 1    | 
|dsp48e1_wrapper__parameterized1__48                 | PCIN+A:B+C'       | 22     | 0      | -      | -      | 48     | 0    | 0    | -    | -    | -     | 0    | 0    | 
|dsp48e1_wrapper__49                                 | (A*B)'            | 24     | 17     | -      | -      | 41     | 0    | 0    | -    | -    | -     | 1    | 0    | 
|dsp48e1_wrapper__parameterized0__49                 | (PCIN>>17+A'*B')' | 0      | 7      | -      | -      | 31     | 1    | 1    | -    | -    | -     | 0    | 1    | 
|dsp48e1_wrapper__parameterized1__49                 | PCIN+A:B+C'       | 22     | 0      | -      | -      | 48     | 0    | 0    | -    | -    | -     | 0    | 0    | 
|dsp48e1_wrapper__50                                 | (A*B)'            | 24     | 17     | -      | -      | 41     | 0    | 0    | -    | -    | -     | 1    | 0    | 
|dsp48e1_wrapper__parameterized0__50                 | (PCIN>>17+A'*B')' | 0      | 7      | -      | -      | 31     | 1    | 1    | -    | -    | -     | 0    | 1    | 
|dsp48e1_wrapper__parameterized1__50                 | PCIN+A:B+C'       | 22     | 0      | -      | -      | 48     | 0    | 0    | -    | -    | -     | 0    | 0    | 
|dsp48e1_wrapper__51                                 | (A*B)'            | 24     | 17     | -      | -      | 41     | 0    | 0    | -    | -    | -     | 1    | 0    | 
|dsp48e1_wrapper__parameterized0__51                 | (PCIN>>17+A'*B')' | 0      | 7      | -      | -      | 31     | 1    | 1    | -    | -    | -     | 0    | 1    | 
|dsp48e1_wrapper__parameterized1__51                 | PCIN+A:B+C'       | 22     | 0      | -      | -      | 48     | 0    | 0    | -    | -    | -     | 0    | 0    | 
|dsp48e1_wrapper                                     | (A*B)'            | 24     | 17     | -      | -      | 41     | 0    | 0    | -    | -    | -     | 1    | 0    | 
|dsp48e1_wrapper__parameterized0                     | (PCIN>>17+A'*B')' | 0      | 7      | -      | -      | 31     | 1    | 1    | -    | -    | -     | 0    | 1    | 
|dsp48e1_wrapper__parameterized1                     | PCIN+A:B+C'       | 22     | 0      | -      | -      | 48     | 0    | 0    | -    | -    | -     | 0    | 0    | 
|dsp48e1_wrapper__parameterized2__1                  | Dynamic           | -      | -      | -      | -      | 40     | -    | -    | -    | -    | 0     | 1    | 0    | 
|dsp48e1_wrapper__parameterized3__1                  | C'+(A'*B)'        | 24     | 16     | 35     | -      | 35     | 1    | 0    | 1    | -    | -     | 1    | 0    | 
|dsp48e1_wrapper__parameterized2__2                  | Dynamic           | -      | -      | -      | -      | 40     | -    | -    | -    | -    | 0     | 1    | 0    | 
|dsp48e1_wrapper__parameterized3__2                  | C'+(A'*B)'        | 24     | 16     | 35     | -      | 35     | 1    | 0    | 1    | -    | -     | 1    | 0    | 
|dsp48e1_wrapper__parameterized2__3                  | Dynamic           | -      | -      | -      | -      | 40     | -    | -    | -    | -    | 0     | 1    | 0    | 
|dsp48e1_wrapper__parameterized3__3                  | C'+(A'*B)'        | 24     | 16     | 35     | -      | 35     | 1    | 0    | 1    | -    | -     | 1    | 0    | 
|dsp48e1_wrapper__parameterized2__4                  | Dynamic           | -      | -      | -      | -      | 40     | -    | -    | -    | -    | 0     | 1    | 0    | 
|dsp48e1_wrapper__parameterized3__4                  | C'+(A'*B)'        | 24     | 16     | 35     | -      | 35     | 1    | 0    | 1    | -    | -     | 1    | 0    | 
|dsp48e1_wrapper__parameterized2__5                  | Dynamic           | -      | -      | -      | -      | 40     | -    | -    | -    | -    | 0     | 1    | 0    | 
|dsp48e1_wrapper__parameterized3__5                  | C'+(A'*B)'        | 24     | 16     | 35     | -      | 35     | 1    | 0    | 1    | -    | -     | 1    | 0    | 
|dsp48e1_wrapper__parameterized2__6                  | Dynamic           | -      | -      | -      | -      | 40     | -    | -    | -    | -    | 0     | 1    | 0    | 
|dsp48e1_wrapper__parameterized3__6                  | C'+(A'*B)'        | 24     | 16     | 35     | -      | 35     | 1    | 0    | 1    | -    | -     | 1    | 0    | 
|dsp48e1_wrapper__parameterized2__7                  | Dynamic           | -      | -      | -      | -      | 40     | -    | -    | -    | -    | 0     | 1    | 0    | 
|dsp48e1_wrapper__parameterized3__7                  | C'+(A'*B)'        | 24     | 16     | 35     | -      | 35     | 1    | 0    | 1    | -    | -     | 1    | 0    | 
|dsp48e1_wrapper__parameterized2__8                  | Dynamic           | -      | -      | -      | -      | 40     | -    | -    | -    | -    | 0     | 1    | 0    | 
|dsp48e1_wrapper__parameterized3__8                  | C'+(A'*B)'        | 24     | 16     | 35     | -      | 35     | 1    | 0    | 1    | -    | -     | 1    | 0    | 
|dsp48e1_wrapper__parameterized2__9                  | Dynamic           | -      | -      | -      | -      | 40     | -    | -    | -    | -    | 0     | 1    | 0    | 
|dsp48e1_wrapper__parameterized3__9                  | C'+(A'*B)'        | 24     | 16     | 35     | -      | 35     | 1    | 0    | 1    | -    | -     | 1    | 0    | 
|dsp48e1_wrapper__parameterized2__10                 | Dynamic           | -      | -      | -      | -      | 40     | -    | -    | -    | -    | 0     | 1    | 0    | 
|dsp48e1_wrapper__parameterized3__10                 | C'+(A'*B)'        | 24     | 16     | 35     | -      | 35     | 1    | 0    | 1    | -    | -     | 1    | 0    | 
|dsp48e1_wrapper__parameterized2__11                 | Dynamic           | -      | -      | -      | -      | 40     | -    | -    | -    | -    | 0     | 1    | 0    | 
|dsp48e1_wrapper__parameterized3__11                 | C'+(A'*B)'        | 24     | 16     | 35     | -      | 35     | 1    | 0    | 1    | -    | -     | 1    | 0    | 
|dsp48e1_wrapper__parameterized2                     | Dynamic           | -      | -      | -      | -      | 40     | -    | -    | -    | -    | 0     | 1    | 0    | 
|dsp48e1_wrapper__parameterized3                     | C'+(A'*B)'        | 24     | 16     | 35     | -      | 35     | 1    | 0    | 1    | -    | -     | 1    | 0    | 
|vision_gemm_mac_muladd_10ns_3ns_10ns_13_4_1_DSP48_0 | (C+(A'*B')')'     | 10     | 3      | 10     | -      | 13     | 1    | 1    | 0    | -    | -     | 1    | 1    | 
|vision_gemm_mac_muladd_10ns_2ns_10ns_12_4_1_DSP48_0 | (C+(A'*B')')'     | 10     | 2      | 10     | -      | 12     | 1    | 1    | 0    | -    | -     | 1    | 1    | 
+----------------------------------------------------+-------------------+--------+--------+--------+--------+--------+------+------+------+------+-------+------+------+


Report BlackBoxes: 
+-+--------------+----------+
| |BlackBox name |Instances |
+-+--------------+----------+
+-+--------------+----------+

Report Cell Usage: 
+------+---------+------+
|      |Cell     |Count |
+------+---------+------+
|1     |CARRY8   |   112|
|2     |DSP48E1  |   180|
|3     |DSP48E2  |     2|
|4     |LUT1     |   409|
|5     |LUT2     |  3546|
|6     |LUT3     | 11613|
|7     |LUT4     | 16307|
|8     |LUT5     |  9547|
|9     |LUT6     | 23497|
|10    |MUXCY    |  7092|
|11    |MUXF7    |   821|
|12    |MUXF8    |    52|
|13    |RAMB18E2 |    17|
|14    |RAMB36E2 |    15|
|15    |SRL16E   |   357|
|16    |SRLC32E  |   578|
|17    |URAM288  |    40|
|18    |XORCY    |  3792|
|19    |FDE      |   452|
|20    |FDRE     | 54191|
|21    |FDSE     |   189|
+------+---------+------+
---------------------------------------------------------------------------------
Finished Writing Synthesis Report : Time (s): cpu = 00:02:08 ; elapsed = 00:01:22 . Memory (MB): peak = 3182.789 ; gain = 1662.277 ; free physical = 963 ; free virtual = 21336
---------------------------------------------------------------------------------
Synthesis finished with 0 errors, 0 critical warnings and 2688 warnings.
Synthesis Optimization Runtime : Time (s): cpu = 00:02:08 ; elapsed = 00:01:25 . Memory (MB): peak = 3186.703 ; gain = 1666.191 ; free physical = 8231 ; free virtual = 28603
Synthesis Optimization Complete : Time (s): cpu = 00:02:08 ; elapsed = 00:01:25 . Memory (MB): peak = 3186.703 ; gain = 1666.191 ; free physical = 8231 ; free virtual = 28586
INFO: [Project 1-571] Translating synthesized netlist
Netlist sorting complete. Time (s): cpu = 00:00:00.93 ; elapsed = 00:00:00.93 . Memory (MB): peak = 3391.289 ; gain = 0.000 ; free physical = 8077 ; free virtual = 28393
INFO: [Netlist 29-17] Analyzing 12503 Unisim elements for replacement
INFO: [Netlist 29-28] Unisim Transformation completed in 0 CPU seconds
INFO: [Project 1-570] Preparing netlist for logic optimization
WARNING: [Constraints 18-549] Could not create 'FAST' constraint because cell 'grp_vision_gemm_Pipeline_VITIS_LOOP_147_10_fu_1983/fadd_32ns_32ns_32_6_no_dsp_1_U17/vision_gemm_fadd_32ns_32ns_32_6_no_dsp_1_ip_u/inst/i_synth/ADDSUB_OP.ADDSUB/LOGIC_SPEED.OP/EXP/NUMB_CMP' is not directly connected to top level port. 'FAST' is ignored by Vivado but preserved inside the database.
Resolution: It is recommended to apply the I/O constraint directly to the top level port instead of applying the constraint to the cell connected to the port.
WARNING: [Constraints 18-549] Could not create 'FAST' constraint because cell 'grp_vision_gemm_Pipeline_VITIS_LOOP_147_10_fu_1983/fadd_32ns_32ns_32_6_no_dsp_1_U18/vision_gemm_fadd_32ns_32ns_32_6_no_dsp_1_ip_u/inst/i_synth/ADDSUB_OP.ADDSUB/LOGIC_SPEED.OP/EXP/NUMB_CMP' is not directly connected to top level port. 'FAST' is ignored by Vivado but preserved inside the database.
Resolution: It is recommended to apply the I/O constraint directly to the top level port instead of applying the constraint to the cell connected to the port.
WARNING: [Constraints 18-549] Could not create 'FAST' constraint because cell 'grp_vision_gemm_Pipeline_VITIS_LOOP_147_10_fu_1983/fadd_32ns_32ns_32_6_no_dsp_1_U19/vision_gemm_fadd_32ns_32ns_32_6_no_dsp_1_ip_u/inst/i_synth/ADDSUB_OP.ADDSUB/LOGIC_SPEED.OP/EXP/NUMB_CMP' is not directly connected to top level port. 'FAST' is ignored by Vivado but preserved inside the database.
Resolution: It is recommended to apply the I/O constraint directly to the top level port instead of applying the constraint to the cell connected to the port.
WARNING: [Constraints 18-549] Could not create 'FAST' constraint because cell 'grp_vision_gemm_Pipeline_VITIS_LOOP_147_10_fu_1983/fadd_32ns_32ns_32_6_no_dsp_1_U20/vision_gemm_fadd_32ns_32ns_32_6_no_dsp_1_ip_u/inst/i_synth/ADDSUB_OP.ADDSUB/LOGIC_SPEED.OP/EXP/NUMB_CMP' is not directly connected to top level port. 'FAST' is ignored by Vivado but preserved inside the database.
Resolution: It is recommended to apply the I/O constraint directly to the top level port instead of applying the constraint to the cell connected to the port.
WARNING: [Constraints 18-549] Could not create 'FAST' constraint because cell 'grp_vision_gemm_Pipeline_VITIS_LOOP_147_10_fu_1983/fadd_32ns_32ns_32_6_no_dsp_1_U21/vision_gemm_fadd_32ns_32ns_32_6_no_dsp_1_ip_u/inst/i_synth/ADDSUB_OP.ADDSUB/LOGIC_SPEED.OP/EXP/NUMB_CMP' is not directly connected to top level port. 'FAST' is ignored by Vivado but preserved inside the database.
Resolution: It is recommended to apply the I/O constraint directly to the top level port instead of applying the constraint to the cell connected to the port.
WARNING: [Constraints 18-549] Could not create 'FAST' constraint because cell 'grp_vision_gemm_Pipeline_VITIS_LOOP_147_10_fu_1983/fadd_32ns_32ns_32_6_no_dsp_1_U22/vision_gemm_fadd_32ns_32ns_32_6_no_dsp_1_ip_u/inst/i_synth/ADDSUB_OP.ADDSUB/LOGIC_SPEED.OP/EXP/NUMB_CMP' is not directly connected to top level port. 'FAST' is ignored by Vivado but preserved inside the database.
Resolution: It is recommended to apply the I/O constraint directly to the top level port instead of applying the constraint to the cell connected to the port.
WARNING: [Constraints 18-549] Could not create 'FAST' constraint because cell 'grp_vision_gemm_Pipeline_VITIS_LOOP_147_10_fu_1983/fadd_32ns_32ns_32_6_no_dsp_1_U23/vision_gemm_fadd_32ns_32ns_32_6_no_dsp_1_ip_u/inst/i_synth/ADDSUB_OP.ADDSUB/LOGIC_SPEED.OP/EXP/NUMB_CMP' is not directly connected to top level port. 'FAST' is ignored by Vivado but preserved inside the database.
Resolution: It is recommended to apply the I/O constraint directly to the top level port instead of applying the constraint to the cell connected to the port.
WARNING: [Constraints 18-549] Could not create 'FAST' constraint because cell 'grp_vision_gemm_Pipeline_VITIS_LOOP_147_10_fu_1983/fadd_32ns_32ns_32_6_no_dsp_1_U24/vision_gemm_fadd_32ns_32ns_32_6_no_dsp_1_ip_u/inst/i_synth/ADDSUB_OP.ADDSUB/LOGIC_SPEED.OP/EXP/NUMB_CMP' is not directly connected to top level port. 'FAST' is ignored by Vivado but preserved inside the database.
Resolution: It is recommended to apply the I/O constraint directly to the top level port instead of applying the constraint to the cell connected to the port.
WARNING: [Constraints 18-549] Could not create 'FAST' constraint because cell 'grp_vision_gemm_Pipeline_VITIS_LOOP_147_10_fu_1983/fadd_32ns_32ns_32_6_no_dsp_1_U25/vision_gemm_fadd_32ns_32ns_32_6_no_dsp_1_ip_u/inst/i_synth/ADDSUB_OP.ADDSUB/LOGIC_SPEED.OP/EXP/NUMB_CMP' is not directly connected to top level port. 'FAST' is ignored by Vivado but preserved inside the database.
Resolution: It is recommended to apply the I/O constraint directly to the top level port instead of applying the constraint to the cell connected to the port.
WARNING: [Constraints 18-549] Could not create 'FAST' constraint because cell 'grp_vision_gemm_Pipeline_VITIS_LOOP_147_10_fu_1983/fadd_32ns_32ns_32_6_no_dsp_1_U26/vision_gemm_fadd_32ns_32ns_32_6_no_dsp_1_ip_u/inst/i_synth/ADDSUB_OP.ADDSUB/LOGIC_SPEED.OP/EXP/NUMB_CMP' is not directly connected to top level port. 'FAST' is ignored by Vivado but preserved inside the database.
Resolution: It is recommended to apply the I/O constraint directly to the top level port instead of applying the constraint to the cell connected to the port.
WARNING: [Constraints 18-549] Could not create 'FAST' constraint because cell 'grp_vision_gemm_Pipeline_VITIS_LOOP_147_10_fu_1983/fadd_32ns_32ns_32_6_no_dsp_1_U27/vision_gemm_fadd_32ns_32ns_32_6_no_dsp_1_ip_u/inst/i_synth/ADDSUB_OP.ADDSUB/LOGIC_SPEED.OP/EXP/NUMB_CMP' is not directly connected to top level port. 'FAST' is ignored by Vivado but preserved inside the database.
Resolution: It is recommended to apply the I/O constraint directly to the top level port instead of applying the constraint to the cell connected to the port.
WARNING: [Constraints 18-549] Could not create 'FAST' constraint because cell 'grp_vision_gemm_Pipeline_VITIS_LOOP_147_10_fu_1983/fadd_32ns_32ns_32_6_no_dsp_1_U28/vision_gemm_fadd_32ns_32ns_32_6_no_dsp_1_ip_u/inst/i_synth/ADDSUB_OP.ADDSUB/LOGIC_SPEED.OP/EXP/NUMB_CMP' is not directly connected to top level port. 'FAST' is ignored by Vivado but preserved inside the database.
Resolution: It is recommended to apply the I/O constraint directly to the top level port instead of applying the constraint to the cell connected to the port.
WARNING: [Constraints 18-549] Could not create 'FAST' constraint because cell 'grp_vision_gemm_Pipeline_VITIS_LOOP_147_10_fu_1983/fadd_32ns_32ns_32_6_no_dsp_1_U29/vision_gemm_fadd_32ns_32ns_32_6_no_dsp_1_ip_u/inst/i_synth/ADDSUB_OP.ADDSUB/LOGIC_SPEED.OP/EXP/NUMB_CMP' is not directly connected to top level port. 'FAST' is ignored by Vivado but preserved inside the database.
Resolution: It is recommended to apply the I/O constraint directly to the top level port instead of applying the constraint to the cell connected to the port.
WARNING: [Constraints 18-549] Could not create 'FAST' constraint because cell 'grp_vision_gemm_Pipeline_VITIS_LOOP_147_10_fu_1983/fadd_32ns_32ns_32_6_no_dsp_1_U30/vision_gemm_fadd_32ns_32ns_32_6_no_dsp_1_ip_u/inst/i_synth/ADDSUB_OP.ADDSUB/LOGIC_SPEED.OP/EXP/NUMB_CMP' is not directly connected to top level port. 'FAST' is ignored by Vivado but preserved inside the database.
Resolution: It is recommended to apply the I/O constraint directly to the top level port instead of applying the constraint to the cell connected to the port.
WARNING: [Constraints 18-549] Could not create 'FAST' constraint because cell 'grp_vision_gemm_Pipeline_VITIS_LOOP_147_10_fu_1983/fadd_32ns_32ns_32_6_no_dsp_1_U31/vision_gemm_fadd_32ns_32ns_32_6_no_dsp_1_ip_u/inst/i_synth/ADDSUB_OP.ADDSUB/LOGIC_SPEED.OP/EXP/NUMB_CMP' is not directly connected to top level port. 'FAST' is ignored by Vivado but preserved inside the database.
Resolution: It is recommended to apply the I/O constraint directly to the top level port instead of applying the constraint to the cell connected to the port.
WARNING: [Constraints 18-549] Could not create 'FAST' constraint because cell 'grp_vision_gemm_Pipeline_VITIS_LOOP_147_10_fu_1983/fadd_32ns_32ns_32_6_no_dsp_1_U32/vision_gemm_fadd_32ns_32ns_32_6_no_dsp_1_ip_u/inst/i_synth/ADDSUB_OP.ADDSUB/LOGIC_SPEED.OP/EXP/NUMB_CMP' is not directly connected to top level port. 'FAST' is ignored by Vivado but preserved inside the database.
Resolution: It is recommended to apply the I/O constraint directly to the top level port instead of applying the constraint to the cell connected to the port.
WARNING: [Constraints 18-549] Could not create 'FAST' constraint because cell 'grp_vision_gemm_Pipeline_VITIS_LOOP_147_10_fu_1983/fadd_32ns_32ns_32_6_no_dsp_1_U33/vision_gemm_fadd_32ns_32ns_32_6_no_dsp_1_ip_u/inst/i_synth/ADDSUB_OP.ADDSUB/LOGIC_SPEED.OP/EXP/NUMB_CMP' is not directly connected to top level port. 'FAST' is ignored by Vivado but preserved inside the database.
Resolution: It is recommended to apply the I/O constraint directly to the top level port instead of applying the constraint to the cell connected to the port.
WARNING: [Constraints 18-549] Could not create 'FAST' constraint because cell 'grp_vision_gemm_Pipeline_VITIS_LOOP_147_10_fu_1983/fadd_32ns_32ns_32_6_no_dsp_1_U34/vision_gemm_fadd_32ns_32ns_32_6_no_dsp_1_ip_u/inst/i_synth/ADDSUB_OP.ADDSUB/LOGIC_SPEED.OP/EXP/NUMB_CMP' is not directly connected to top level port. 'FAST' is ignored by Vivado but preserved inside the database.
Resolution: It is recommended to apply the I/O constraint directly to the top level port instead of applying the constraint to the cell connected to the port.
WARNING: [Constraints 18-549] Could not create 'FAST' constraint because cell 'grp_vision_gemm_Pipeline_VITIS_LOOP_147_10_fu_1983/fadd_32ns_32ns_32_6_no_dsp_1_U35/vision_gemm_fadd_32ns_32ns_32_6_no_dsp_1_ip_u/inst/i_synth/ADDSUB_OP.ADDSUB/LOGIC_SPEED.OP/EXP/NUMB_CMP' is not directly connected to top level port. 'FAST' is ignored by Vivado but preserved inside the database.
Resolution: It is recommended to apply the I/O constraint directly to the top level port instead of applying the constraint to the cell connected to the port.
WARNING: [Constraints 18-549] Could not create 'FAST' constraint because cell 'grp_vision_gemm_Pipeline_VITIS_LOOP_147_10_fu_1983/fadd_32ns_32ns_32_6_no_dsp_1_U36/vision_gemm_fadd_32ns_32ns_32_6_no_dsp_1_ip_u/inst/i_synth/ADDSUB_OP.ADDSUB/LOGIC_SPEED.OP/EXP/NUMB_CMP' is not directly connected to top level port. 'FAST' is ignored by Vivado but preserved inside the database.
Resolution: It is recommended to apply the I/O constraint directly to the top level port instead of applying the constraint to the cell connected to the port.
WARNING: [Constraints 18-549] Could not create 'FAST' constraint because cell 'grp_vision_gemm_Pipeline_VITIS_LOOP_147_10_fu_1983/fadd_32ns_32ns_32_6_no_dsp_1_U37/vision_gemm_fadd_32ns_32ns_32_6_no_dsp_1_ip_u/inst/i_synth/ADDSUB_OP.ADDSUB/LOGIC_SPEED.OP/EXP/NUMB_CMP' is not directly connected to top level port. 'FAST' is ignored by Vivado but preserved inside the database.
Resolution: It is recommended to apply the I/O constraint directly to the top level port instead of applying the constraint to the cell connected to the port.
WARNING: [Constraints 18-549] Could not create 'FAST' constraint because cell 'grp_vision_gemm_Pipeline_VITIS_LOOP_147_10_fu_1983/fadd_32ns_32ns_32_6_no_dsp_1_U38/vision_gemm_fadd_32ns_32ns_32_6_no_dsp_1_ip_u/inst/i_synth/ADDSUB_OP.ADDSUB/LOGIC_SPEED.OP/EXP/NUMB_CMP' is not directly connected to top level port. 'FAST' is ignored by Vivado but preserved inside the database.
Resolution: It is recommended to apply the I/O constraint directly to the top level port instead of applying the constraint to the cell connected to the port.
WARNING: [Constraints 18-549] Could not create 'FAST' constraint because cell 'grp_vision_gemm_Pipeline_VITIS_LOOP_147_10_fu_1983/fadd_32ns_32ns_32_6_no_dsp_1_U39/vision_gemm_fadd_32ns_32ns_32_6_no_dsp_1_ip_u/inst/i_synth/ADDSUB_OP.ADDSUB/LOGIC_SPEED.OP/EXP/NUMB_CMP' is not directly connected to top level port. 'FAST' is ignored by Vivado but preserved inside the database.
Resolution: It is recommended to apply the I/O constraint directly to the top level port instead of applying the constraint to the cell connected to the port.
WARNING: [Constraints 18-549] Could not create 'FAST' constraint because cell 'grp_vision_gemm_Pipeline_VITIS_LOOP_147_10_fu_1983/fadd_32ns_32ns_32_6_no_dsp_1_U40/vision_gemm_fadd_32ns_32ns_32_6_no_dsp_1_ip_u/inst/i_synth/ADDSUB_OP.ADDSUB/LOGIC_SPEED.OP/EXP/NUMB_CMP' is not directly connected to top level port. 'FAST' is ignored by Vivado but preserved inside the database.
Resolution: It is recommended to apply the I/O constraint directly to the top level port instead of applying the constraint to the cell connected to the port.
WARNING: [Constraints 18-549] Could not create 'FAST' constraint because cell 'grp_vision_gemm_Pipeline_VITIS_LOOP_147_10_fu_1983/fadd_32ns_32ns_32_6_no_dsp_1_U41/vision_gemm_fadd_32ns_32ns_32_6_no_dsp_1_ip_u/inst/i_synth/ADDSUB_OP.ADDSUB/LOGIC_SPEED.OP/EXP/NUMB_CMP' is not directly connected to top level port. 'FAST' is ignored by Vivado but preserved inside the database.
Resolution: It is recommended to apply the I/O constraint directly to the top level port instead of applying the constraint to the cell connected to the port.
WARNING: [Constraints 18-549] Could not create 'FAST' constraint because cell 'grp_vision_gemm_Pipeline_VITIS_LOOP_147_10_fu_1983/fadd_32ns_32ns_32_6_no_dsp_1_U42/vision_gemm_fadd_32ns_32ns_32_6_no_dsp_1_ip_u/inst/i_synth/ADDSUB_OP.ADDSUB/LOGIC_SPEED.OP/EXP/NUMB_CMP' is not directly connected to top level port. 'FAST' is ignored by Vivado but preserved inside the database.
Resolution: It is recommended to apply the I/O constraint directly to the top level port instead of applying the constraint to the cell connected to the port.
WARNING: [Constraints 18-549] Could not create 'FAST' constraint because cell 'grp_vision_gemm_Pipeline_VITIS_LOOP_147_10_fu_1983/fadd_32ns_32ns_32_6_no_dsp_1_U43/vision_gemm_fadd_32ns_32ns_32_6_no_dsp_1_ip_u/inst/i_synth/ADDSUB_OP.ADDSUB/LOGIC_SPEED.OP/EXP/NUMB_CMP' is not directly connected to top level port. 'FAST' is ignored by Vivado but preserved inside the database.
Resolution: It is recommended to apply the I/O constraint directly to the top level port instead of applying the constraint to the cell connected to the port.
WARNING: [Constraints 18-549] Could not create 'FAST' constraint because cell 'grp_vision_gemm_Pipeline_VITIS_LOOP_147_10_fu_1983/fadd_32ns_32ns_32_6_no_dsp_1_U44/vision_gemm_fadd_32ns_32ns_32_6_no_dsp_1_ip_u/inst/i_synth/ADDSUB_OP.ADDSUB/LOGIC_SPEED.OP/EXP/NUMB_CMP' is not directly connected to top level port. 'FAST' is ignored by Vivado but preserved inside the database.
Resolution: It is recommended to apply the I/O constraint directly to the top level port instead of applying the constraint to the cell connected to the port.
WARNING: [Constraints 18-549] Could not create 'FAST' constraint because cell 'grp_vision_gemm_Pipeline_VITIS_LOOP_147_10_fu_1983/fadd_32ns_32ns_32_6_no_dsp_1_U45/vision_gemm_fadd_32ns_32ns_32_6_no_dsp_1_ip_u/inst/i_synth/ADDSUB_OP.ADDSUB/LOGIC_SPEED.OP/EXP/NUMB_CMP' is not directly connected to top level port. 'FAST' is ignored by Vivado but preserved inside the database.
Resolution: It is recommended to apply the I/O constraint directly to the top level port instead of applying the constraint to the cell connected to the port.
WARNING: [Constraints 18-549] Could not create 'FAST' constraint because cell 'grp_vision_gemm_Pipeline_VITIS_LOOP_147_10_fu_1983/fadd_32ns_32ns_32_6_no_dsp_1_U46/vision_gemm_fadd_32ns_32ns_32_6_no_dsp_1_ip_u/inst/i_synth/ADDSUB_OP.ADDSUB/LOGIC_SPEED.OP/EXP/NUMB_CMP' is not directly connected to top level port. 'FAST' is ignored by Vivado but preserved inside the database.
Resolution: It is recommended to apply the I/O constraint directly to the top level port instead of applying the constraint to the cell connected to the port.
WARNING: [Constraints 18-549] Could not create 'FAST' constraint because cell 'grp_vision_gemm_Pipeline_VITIS_LOOP_147_10_fu_1983/fadd_32ns_32ns_32_6_no_dsp_1_U47/vision_gemm_fadd_32ns_32ns_32_6_no_dsp_1_ip_u/inst/i_synth/ADDSUB_OP.ADDSUB/LOGIC_SPEED.OP/EXP/NUMB_CMP' is not directly connected to top level port. 'FAST' is ignored by Vivado but preserved inside the database.
Resolution: It is recommended to apply the I/O constraint directly to the top level port instead of applying the constraint to the cell connected to the port.
WARNING: [Constraints 18-549] Could not create 'FAST' constraint because cell 'grp_vision_gemm_Pipeline_VITIS_LOOP_147_10_fu_1983/fadd_32ns_32ns_32_6_no_dsp_1_U48/vision_gemm_fadd_32ns_32ns_32_6_no_dsp_1_ip_u/inst/i_synth/ADDSUB_OP.ADDSUB/LOGIC_SPEED.OP/EXP/NUMB_CMP' is not directly connected to top level port. 'FAST' is ignored by Vivado but preserved inside the database.
Resolution: It is recommended to apply the I/O constraint directly to the top level port instead of applying the constraint to the cell connected to the port.
WARNING: [Constraints 18-549] Could not create 'FAST' constraint because cell 'grp_vision_gemm_Pipeline_VITIS_LOOP_147_10_fu_1983/fadd_32ns_32ns_32_6_no_dsp_1_U49/vision_gemm_fadd_32ns_32ns_32_6_no_dsp_1_ip_u/inst/i_synth/ADDSUB_OP.ADDSUB/LOGIC_SPEED.OP/EXP/NUMB_CMP' is not directly connected to top level port. 'FAST' is ignored by Vivado but preserved inside the database.
Resolution: It is recommended to apply the I/O constraint directly to the top level port instead of applying the constraint to the cell connected to the port.
WARNING: [Constraints 18-549] Could not create 'FAST' constraint because cell 'grp_vision_gemm_Pipeline_VITIS_LOOP_147_10_fu_1983/fadd_32ns_32ns_32_6_no_dsp_1_U50/vision_gemm_fadd_32ns_32ns_32_6_no_dsp_1_ip_u/inst/i_synth/ADDSUB_OP.ADDSUB/LOGIC_SPEED.OP/EXP/NUMB_CMP' is not directly connected to top level port. 'FAST' is ignored by Vivado but preserved inside the database.
Resolution: It is recommended to apply the I/O constraint directly to the top level port instead of applying the constraint to the cell connected to the port.
WARNING: [Constraints 18-549] Could not create 'FAST' constraint because cell 'grp_vision_gemm_Pipeline_VITIS_LOOP_147_10_fu_1983/fadd_32ns_32ns_32_6_no_dsp_1_U51/vision_gemm_fadd_32ns_32ns_32_6_no_dsp_1_ip_u/inst/i_synth/ADDSUB_OP.ADDSUB/LOGIC_SPEED.OP/EXP/NUMB_CMP' is not directly connected to top level port. 'FAST' is ignored by Vivado but preserved inside the database.
Resolution: It is recommended to apply the I/O constraint directly to the top level port instead of applying the constraint to the cell connected to the port.
WARNING: [Constraints 18-549] Could not create 'FAST' constraint because cell 'grp_vision_gemm_Pipeline_VITIS_LOOP_147_10_fu_1983/fadd_32ns_32ns_32_6_no_dsp_1_U52/vision_gemm_fadd_32ns_32ns_32_6_no_dsp_1_ip_u/inst/i_synth/ADDSUB_OP.ADDSUB/LOGIC_SPEED.OP/EXP/NUMB_CMP' is not directly connected to top level port. 'FAST' is ignored by Vivado but preserved inside the database.
Resolution: It is recommended to apply the I/O constraint directly to the top level port instead of applying the constraint to the cell connected to the port.
WARNING: [Constraints 18-549] Could not create 'FAST' constraint because cell 'grp_vision_gemm_Pipeline_VITIS_LOOP_147_10_fu_1983/fadd_32ns_32ns_32_6_no_dsp_1_U53/vision_gemm_fadd_32ns_32ns_32_6_no_dsp_1_ip_u/inst/i_synth/ADDSUB_OP.ADDSUB/LOGIC_SPEED.OP/EXP/NUMB_CMP' is not directly connected to top level port. 'FAST' is ignored by Vivado but preserved inside the database.
Resolution: It is recommended to apply the I/O constraint directly to the top level port instead of applying the constraint to the cell connected to the port.
WARNING: [Constraints 18-549] Could not create 'FAST' constraint because cell 'grp_vision_gemm_Pipeline_VITIS_LOOP_147_10_fu_1983/fadd_32ns_32ns_32_6_no_dsp_1_U54/vision_gemm_fadd_32ns_32ns_32_6_no_dsp_1_ip_u/inst/i_synth/ADDSUB_OP.ADDSUB/LOGIC_SPEED.OP/EXP/NUMB_CMP' is not directly connected to top level port. 'FAST' is ignored by Vivado but preserved inside the database.
Resolution: It is recommended to apply the I/O constraint directly to the top level port instead of applying the constraint to the cell connected to the port.
WARNING: [Constraints 18-549] Could not create 'FAST' constraint because cell 'grp_vision_gemm_Pipeline_VITIS_LOOP_147_10_fu_1983/fadd_32ns_32ns_32_6_no_dsp_1_U55/vision_gemm_fadd_32ns_32ns_32_6_no_dsp_1_ip_u/inst/i_synth/ADDSUB_OP.ADDSUB/LOGIC_SPEED.OP/EXP/NUMB_CMP' is not directly connected to top level port. 'FAST' is ignored by Vivado but preserved inside the database.
Resolution: It is recommended to apply the I/O constraint directly to the top level port instead of applying the constraint to the cell connected to the port.
WARNING: [Constraints 18-549] Could not create 'FAST' constraint because cell 'grp_vision_gemm_Pipeline_VITIS_LOOP_147_10_fu_1983/fadd_32ns_32ns_32_6_no_dsp_1_U56/vision_gemm_fadd_32ns_32ns_32_6_no_dsp_1_ip_u/inst/i_synth/ADDSUB_OP.ADDSUB/LOGIC_SPEED.OP/EXP/NUMB_CMP' is not directly connected to top level port. 'FAST' is ignored by Vivado but preserved inside the database.
Resolution: It is recommended to apply the I/O constraint directly to the top level port instead of applying the constraint to the cell connected to the port.
WARNING: [Constraints 18-549] Could not create 'FAST' constraint because cell 'grp_vision_gemm_Pipeline_VITIS_LOOP_147_10_fu_1983/fadd_32ns_32ns_32_6_no_dsp_1_U57/vision_gemm_fadd_32ns_32ns_32_6_no_dsp_1_ip_u/inst/i_synth/ADDSUB_OP.ADDSUB/LOGIC_SPEED.OP/EXP/NUMB_CMP' is not directly connected to top level port. 'FAST' is ignored by Vivado but preserved inside the database.
Resolution: It is recommended to apply the I/O constraint directly to the top level port instead of applying the constraint to the cell connected to the port.
WARNING: [Constraints 18-549] Could not create 'FAST' constraint because cell 'grp_vision_gemm_Pipeline_VITIS_LOOP_147_10_fu_1983/fadd_32ns_32ns_32_6_no_dsp_1_U58/vision_gemm_fadd_32ns_32ns_32_6_no_dsp_1_ip_u/inst/i_synth/ADDSUB_OP.ADDSUB/LOGIC_SPEED.OP/EXP/NUMB_CMP' is not directly connected to top level port. 'FAST' is ignored by Vivado but preserved inside the database.
Resolution: It is recommended to apply the I/O constraint directly to the top level port instead of applying the constraint to the cell connected to the port.
WARNING: [Constraints 18-549] Could not create 'FAST' constraint because cell 'grp_vision_gemm_Pipeline_VITIS_LOOP_147_10_fu_1983/fadd_32ns_32ns_32_6_no_dsp_1_U59/vision_gemm_fadd_32ns_32ns_32_6_no_dsp_1_ip_u/inst/i_synth/ADDSUB_OP.ADDSUB/LOGIC_SPEED.OP/EXP/NUMB_CMP' is not directly connected to top level port. 'FAST' is ignored by Vivado but preserved inside the database.
Resolution: It is recommended to apply the I/O constraint directly to the top level port instead of applying the constraint to the cell connected to the port.
WARNING: [Constraints 18-549] Could not create 'FAST' constraint because cell 'grp_vision_gemm_Pipeline_VITIS_LOOP_147_10_fu_1983/fadd_32ns_32ns_32_6_no_dsp_1_U60/vision_gemm_fadd_32ns_32ns_32_6_no_dsp_1_ip_u/inst/i_synth/ADDSUB_OP.ADDSUB/LOGIC_SPEED.OP/EXP/NUMB_CMP' is not directly connected to top level port. 'FAST' is ignored by Vivado but preserved inside the database.
Resolution: It is recommended to apply the I/O constraint directly to the top level port instead of applying the constraint to the cell connected to the port.
WARNING: [Constraints 18-549] Could not create 'FAST' constraint because cell 'grp_vision_gemm_Pipeline_VITIS_LOOP_147_10_fu_1983/fadd_32ns_32ns_32_6_no_dsp_1_U61/vision_gemm_fadd_32ns_32ns_32_6_no_dsp_1_ip_u/inst/i_synth/ADDSUB_OP.ADDSUB/LOGIC_SPEED.OP/EXP/NUMB_CMP' is not directly connected to top level port. 'FAST' is ignored by Vivado but preserved inside the database.
Resolution: It is recommended to apply the I/O constraint directly to the top level port instead of applying the constraint to the cell connected to the port.
WARNING: [Constraints 18-549] Could not create 'FAST' constraint because cell 'grp_vision_gemm_Pipeline_VITIS_LOOP_147_10_fu_1983/fadd_32ns_32ns_32_6_no_dsp_1_U62/vision_gemm_fadd_32ns_32ns_32_6_no_dsp_1_ip_u/inst/i_synth/ADDSUB_OP.ADDSUB/LOGIC_SPEED.OP/EXP/NUMB_CMP' is not directly connected to top level port. 'FAST' is ignored by Vivado but preserved inside the database.
Resolution: It is recommended to apply the I/O constraint directly to the top level port instead of applying the constraint to the cell connected to the port.
WARNING: [Constraints 18-549] Could not create 'FAST' constraint because cell 'grp_vision_gemm_Pipeline_VITIS_LOOP_147_10_fu_1983/fadd_32ns_32ns_32_6_no_dsp_1_U63/vision_gemm_fadd_32ns_32ns_32_6_no_dsp_1_ip_u/inst/i_synth/ADDSUB_OP.ADDSUB/LOGIC_SPEED.OP/EXP/NUMB_CMP' is not directly connected to top level port. 'FAST' is ignored by Vivado but preserved inside the database.
Resolution: It is recommended to apply the I/O constraint directly to the top level port instead of applying the constraint to the cell connected to the port.
WARNING: [Constraints 18-549] Could not create 'FAST' constraint because cell 'grp_vision_gemm_Pipeline_VITIS_LOOP_147_10_fu_1983/fadd_32ns_32ns_32_6_no_dsp_1_U64/vision_gemm_fadd_32ns_32ns_32_6_no_dsp_1_ip_u/inst/i_synth/ADDSUB_OP.ADDSUB/LOGIC_SPEED.OP/EXP/NUMB_CMP' is not directly connected to top level port. 'FAST' is ignored by Vivado but preserved inside the database.
Resolution: It is recommended to apply the I/O constraint directly to the top level port instead of applying the constraint to the cell connected to the port.
WARNING: [Constraints 18-549] Could not create 'FAST' constraint because cell 'grp_vision_gemm_Pipeline_VITIS_LOOP_147_10_fu_1983/fadd_32ns_32ns_32_6_no_dsp_1_U65/vision_gemm_fadd_32ns_32ns_32_6_no_dsp_1_ip_u/inst/i_synth/ADDSUB_OP.ADDSUB/LOGIC_SPEED.OP/EXP/NUMB_CMP' is not directly connected to top level port. 'FAST' is ignored by Vivado but preserved inside the database.
Resolution: It is recommended to apply the I/O constraint directly to the top level port instead of applying the constraint to the cell connected to the port.
WARNING: [Constraints 18-549] Could not create 'FAST' constraint because cell 'grp_vision_gemm_Pipeline_VITIS_LOOP_147_10_fu_1983/fadd_32ns_32ns_32_6_no_dsp_1_U66/vision_gemm_fadd_32ns_32ns_32_6_no_dsp_1_ip_u/inst/i_synth/ADDSUB_OP.ADDSUB/LOGIC_SPEED.OP/EXP/NUMB_CMP' is not directly connected to top level port. 'FAST' is ignored by Vivado but preserved inside the database.
Resolution: It is recommended to apply the I/O constraint directly to the top level port instead of applying the constraint to the cell connected to the port.
WARNING: [Constraints 18-549] Could not create 'FAST' constraint because cell 'grp_vision_gemm_Pipeline_VITIS_LOOP_147_10_fu_1983/fadd_32ns_32ns_32_6_no_dsp_1_U67/vision_gemm_fadd_32ns_32ns_32_6_no_dsp_1_ip_u/inst/i_synth/ADDSUB_OP.ADDSUB/LOGIC_SPEED.OP/EXP/NUMB_CMP' is not directly connected to top level port. 'FAST' is ignored by Vivado but preserved inside the database.
Resolution: It is recommended to apply the I/O constraint directly to the top level port instead of applying the constraint to the cell connected to the port.
WARNING: [Constraints 18-549] Could not create 'FAST' constraint because cell 'grp_vision_gemm_Pipeline_VITIS_LOOP_147_10_fu_1983/fadd_32ns_32ns_32_6_no_dsp_1_U68/vision_gemm_fadd_32ns_32ns_32_6_no_dsp_1_ip_u/inst/i_synth/ADDSUB_OP.ADDSUB/LOGIC_SPEED.OP/EXP/NUMB_CMP' is not directly connected to top level port. 'FAST' is ignored by Vivado but preserved inside the database.
Resolution: It is recommended to apply the I/O constraint directly to the top level port instead of applying the constraint to the cell connected to the port.
INFO: [Constraints 18-8706] Failed to create MUXF7 shape for instance gmem_y_m_axi_U/bus_write/wreq_throttle/data_fifo/U_fifo_srl/mem_reg[62][0]_mux. gmem_y_m_axi_U/bus_write/wreq_throttle/data_fifo/U_fifo_srl/mem_reg[62][0]_mux. 
	to bel F7MUX_AB. Flop can not be placed in the same row as its driver in order to avoid hold issue since they either have different clock signals or not driven by global clock.
INFO: [Constraints 18-8706] Failed to create MUXF7 shape for instance gmem_y_m_axi_U/bus_write/wreq_throttle/data_fifo/U_fifo_srl/mem_reg[62][100]_mux. gmem_y_m_axi_U/bus_write/wreq_throttle/data_fifo/U_fifo_srl/mem_reg[62][100]_mux. 
	to bel F7MUX_AB. Flop can not be placed in the same row as its driver in order to avoid hold issue since they either have different clock signals or not driven by global clock.
INFO: [Constraints 18-8706] Failed to create MUXF7 shape for instance gmem_y_m_axi_U/bus_write/wreq_throttle/data_fifo/U_fifo_srl/mem_reg[62][101]_mux. gmem_y_m_axi_U/bus_write/wreq_throttle/data_fifo/U_fifo_srl/mem_reg[62][101]_mux. 
	to bel F7MUX_AB. Flop can not be placed in the same row as its driver in order to avoid hold issue since they either have different clock signals or not driven by global clock.
INFO: [Constraints 18-8706] Failed to create MUXF7 shape for instance gmem_y_m_axi_U/bus_write/wreq_throttle/data_fifo/U_fifo_srl/mem_reg[62][102]_mux. gmem_y_m_axi_U/bus_write/wreq_throttle/data_fifo/U_fifo_srl/mem_reg[62][102]_mux. 
	to bel F7MUX_AB. Flop can not be placed in the same row as its driver in order to avoid hold issue since they either have different clock signals or not driven by global clock.
INFO: [Constraints 18-8706] Failed to create MUXF7 shape for instance gmem_y_m_axi_U/bus_write/wreq_throttle/data_fifo/U_fifo_srl/mem_reg[62][103]_mux. gmem_y_m_axi_U/bus_write/wreq_throttle/data_fifo/U_fifo_srl/mem_reg[62][103]_mux. 
	to bel F7MUX_AB. Flop can not be placed in the same row as its driver in order to avoid hold issue since they either have different clock signals or not driven by global clock.
INFO: [Constraints 18-8706] Failed to create MUXF7 shape for instance gmem_y_m_axi_U/bus_write/wreq_throttle/data_fifo/U_fifo_srl/mem_reg[62][104]_mux. gmem_y_m_axi_U/bus_write/wreq_throttle/data_fifo/U_fifo_srl/mem_reg[62][104]_mux. 
	to bel F7MUX_AB. Flop can not be placed in the same row as its driver in order to avoid hold issue since they either have different clock signals or not driven by global clock.
INFO: [Constraints 18-8706] Failed to create MUXF7 shape for instance gmem_y_m_axi_U/bus_write/wreq_throttle/data_fifo/U_fifo_srl/mem_reg[62][105]_mux. gmem_y_m_axi_U/bus_write/wreq_throttle/data_fifo/U_fifo_srl/mem_reg[62][105]_mux. 
	to bel F7MUX_AB. Flop can not be placed in the same row as its driver in order to avoid hold issue since they either have different clock signals or not driven by global clock.
INFO: [Constraints 18-8706] Failed to create MUXF7 shape for instance gmem_y_m_axi_U/bus_write/wreq_throttle/data_fifo/U_fifo_srl/mem_reg[62][106]_mux. gmem_y_m_axi_U/bus_write/wreq_throttle/data_fifo/U_fifo_srl/mem_reg[62][106]_mux. 
	to bel F7MUX_AB. Flop can not be placed in the same row as its driver in order to avoid hold issue since they either have different clock signals or not driven by global clock.
INFO: [Constraints 18-8706] Failed to create MUXF7 shape for instance gmem_y_m_axi_U/bus_write/wreq_throttle/data_fifo/U_fifo_srl/mem_reg[62][107]_mux. gmem_y_m_axi_U/bus_write/wreq_throttle/data_fifo/U_fifo_srl/mem_reg[62][107]_mux. 
	to bel F7MUX_AB. Flop can not be placed in the same row as its driver in order to avoid hold issue since they either have different clock signals or not driven by global clock.
INFO: [Constraints 18-8706] Failed to create MUXF7 shape for instance gmem_y_m_axi_U/bus_write/wreq_throttle/data_fifo/U_fifo_srl/mem_reg[62][108]_mux. gmem_y_m_axi_U/bus_write/wreq_throttle/data_fifo/U_fifo_srl/mem_reg[62][108]_mux. 
	to bel F7MUX_AB. Flop can not be placed in the same row as its driver in order to avoid hold issue since they either have different clock signals or not driven by global clock.
INFO: [Constraints 18-8706] Failed to create MUXF7 shape for instance gmem_y_m_axi_U/bus_write/wreq_throttle/data_fifo/U_fifo_srl/mem_reg[62][109]_mux. gmem_y_m_axi_U/bus_write/wreq_throttle/data_fifo/U_fifo_srl/mem_reg[62][109]_mux. 
	to bel F7MUX_AB. Flop can not be placed in the same row as its driver in order to avoid hold issue since they either have different clock signals or not driven by global clock.
INFO: [Constraints 18-8706] Failed to create MUXF7 shape for instance gmem_y_m_axi_U/bus_write/wreq_throttle/data_fifo/U_fifo_srl/mem_reg[62][10]_mux. gmem_y_m_axi_U/bus_write/wreq_throttle/data_fifo/U_fifo_srl/mem_reg[62][10]_mux. 
	to bel F7MUX_AB. Flop can not be placed in the same row as its driver in order to avoid hold issue since they either have different clock signals or not driven by global clock.
INFO: [Constraints 18-8706] Failed to create MUXF7 shape for instance gmem_y_m_axi_U/bus_write/wreq_throttle/data_fifo/U_fifo_srl/mem_reg[62][110]_mux. gmem_y_m_axi_U/bus_write/wreq_throttle/data_fifo/U_fifo_srl/mem_reg[62][110]_mux. 
	to bel F7MUX_AB. Flop can not be placed in the same row as its driver in order to avoid hold issue since they either have different clock signals or not driven by global clock.
INFO: [Constraints 18-8706] Failed to create MUXF7 shape for instance gmem_y_m_axi_U/bus_write/wreq_throttle/data_fifo/U_fifo_srl/mem_reg[62][111]_mux. gmem_y_m_axi_U/bus_write/wreq_throttle/data_fifo/U_fifo_srl/mem_reg[62][111]_mux. 
	to bel F7MUX_AB. Flop can not be placed in the same row as its driver in order to avoid hold issue since they either have different clock signals or not driven by global clock.
INFO: [Constraints 18-8706] Failed to create MUXF7 shape for instance gmem_y_m_axi_U/bus_write/wreq_throttle/data_fifo/U_fifo_srl/mem_reg[62][112]_mux. gmem_y_m_axi_U/bus_write/wreq_throttle/data_fifo/U_fifo_srl/mem_reg[62][112]_mux. 
	to bel F7MUX_AB. Flop can not be placed in the same row as its driver in order to avoid hold issue since they either have different clock signals or not driven by global clock.
INFO: [Constraints 18-8706] Failed to create MUXF7 shape for instance gmem_y_m_axi_U/bus_write/wreq_throttle/data_fifo/U_fifo_srl/mem_reg[62][113]_mux. gmem_y_m_axi_U/bus_write/wreq_throttle/data_fifo/U_fifo_srl/mem_reg[62][113]_mux. 
	to bel F7MUX_AB. Flop can not be placed in the same row as its driver in order to avoid hold issue since they either have different clock signals or not driven by global clock.
INFO: [Constraints 18-8706] Failed to create MUXF7 shape for instance gmem_y_m_axi_U/bus_write/wreq_throttle/data_fifo/U_fifo_srl/mem_reg[62][114]_mux. gmem_y_m_axi_U/bus_write/wreq_throttle/data_fifo/U_fifo_srl/mem_reg[62][114]_mux. 
	to bel F7MUX_AB. Flop can not be placed in the same row as its driver in order to avoid hold issue since they either have different clock signals or not driven by global clock.
INFO: [Constraints 18-8706] Failed to create MUXF7 shape for instance gmem_y_m_axi_U/bus_write/wreq_throttle/data_fifo/U_fifo_srl/mem_reg[62][115]_mux. gmem_y_m_axi_U/bus_write/wreq_throttle/data_fifo/U_fifo_srl/mem_reg[62][115]_mux. 
	to bel F7MUX_AB. Flop can not be placed in the same row as its driver in order to avoid hold issue since they either have different clock signals or not driven by global clock.
INFO: [Constraints 18-8706] Failed to create MUXF7 shape for instance gmem_y_m_axi_U/bus_write/wreq_throttle/data_fifo/U_fifo_srl/mem_reg[62][116]_mux. gmem_y_m_axi_U/bus_write/wreq_throttle/data_fifo/U_fifo_srl/mem_reg[62][116]_mux. 
	to bel F7MUX_AB. Flop can not be placed in the same row as its driver in order to avoid hold issue since they either have different clock signals or not driven by global clock.
INFO: [Constraints 18-8706] Failed to create MUXF7 shape for instance gmem_y_m_axi_U/bus_write/wreq_throttle/data_fifo/U_fifo_srl/mem_reg[62][117]_mux. gmem_y_m_axi_U/bus_write/wreq_throttle/data_fifo/U_fifo_srl/mem_reg[62][117]_mux. 
	to bel F7MUX_AB. Flop can not be placed in the same row as its driver in order to avoid hold issue since they either have different clock signals or not driven by global clock.
INFO: [Constraints 18-8706] Failed to create MUXF7 shape for instance gmem_y_m_axi_U/bus_write/wreq_throttle/data_fifo/U_fifo_srl/mem_reg[62][118]_mux. gmem_y_m_axi_U/bus_write/wreq_throttle/data_fifo/U_fifo_srl/mem_reg[62][118]_mux. 
	to bel F7MUX_AB. Flop can not be placed in the same row as its driver in order to avoid hold issue since they either have different clock signals or not driven by global clock.
INFO: [Constraints 18-8706] Failed to create MUXF7 shape for instance gmem_y_m_axi_U/bus_write/wreq_throttle/data_fifo/U_fifo_srl/mem_reg[62][119]_mux. gmem_y_m_axi_U/bus_write/wreq_throttle/data_fifo/U_fifo_srl/mem_reg[62][119]_mux. 
	to bel F7MUX_AB. Flop can not be placed in the same row as its driver in order to avoid hold issue since they either have different clock signals or not driven by global clock.
INFO: [Constraints 18-8706] Failed to create MUXF7 shape for instance gmem_y_m_axi_U/bus_write/wreq_throttle/data_fifo/U_fifo_srl/mem_reg[62][11]_mux. gmem_y_m_axi_U/bus_write/wreq_throttle/data_fifo/U_fifo_srl/mem_reg[62][11]_mux. 
	to bel F7MUX_AB. Flop can not be placed in the same row as its driver in order to avoid hold issue since they either have different clock signals or not driven by global clock.
INFO: [Constraints 18-8706] Failed to create MUXF7 shape for instance gmem_y_m_axi_U/bus_write/wreq_throttle/data_fifo/U_fifo_srl/mem_reg[62][120]_mux. gmem_y_m_axi_U/bus_write/wreq_throttle/data_fifo/U_fifo_srl/mem_reg[62][120]_mux. 
	to bel F7MUX_AB. Flop can not be placed in the same row as its driver in order to avoid hold issue since they either have different clock signals or not driven by global clock.
INFO: [Constraints 18-8706] Failed to create MUXF7 shape for instance gmem_y_m_axi_U/bus_write/wreq_throttle/data_fifo/U_fifo_srl/mem_reg[62][121]_mux. gmem_y_m_axi_U/bus_write/wreq_throttle/data_fifo/U_fifo_srl/mem_reg[62][121]_mux. 
	to bel F7MUX_AB. Flop can not be placed in the same row as its driver in order to avoid hold issue since they either have different clock signals or not driven by global clock.
INFO: [Constraints 18-8706] Failed to create MUXF7 shape for instance gmem_y_m_axi_U/bus_write/wreq_throttle/data_fifo/U_fifo_srl/mem_reg[62][122]_mux. gmem_y_m_axi_U/bus_write/wreq_throttle/data_fifo/U_fifo_srl/mem_reg[62][122]_mux. 
	to bel F7MUX_AB. Flop can not be placed in the same row as its driver in order to avoid hold issue since they either have different clock signals or not driven by global clock.
INFO: [Constraints 18-8706] Failed to create MUXF7 shape for instance gmem_y_m_axi_U/bus_write/wreq_throttle/data_fifo/U_fifo_srl/mem_reg[62][123]_mux. gmem_y_m_axi_U/bus_write/wreq_throttle/data_fifo/U_fifo_srl/mem_reg[62][123]_mux. 
	to bel F7MUX_AB. Flop can not be placed in the same row as its driver in order to avoid hold issue since they either have different clock signals or not driven by global clock.
INFO: [Constraints 18-8706] Failed to create MUXF7 shape for instance gmem_y_m_axi_U/bus_write/wreq_throttle/data_fifo/U_fifo_srl/mem_reg[62][124]_mux. gmem_y_m_axi_U/bus_write/wreq_throttle/data_fifo/U_fifo_srl/mem_reg[62][124]_mux. 
	to bel F7MUX_AB. Flop can not be placed in the same row as its driver in order to avoid hold issue since they either have different clock signals or not driven by global clock.
INFO: [Constraints 18-8706] Failed to create MUXF7 shape for instance gmem_y_m_axi_U/bus_write/wreq_throttle/data_fifo/U_fifo_srl/mem_reg[62][125]_mux. gmem_y_m_axi_U/bus_write/wreq_throttle/data_fifo/U_fifo_srl/mem_reg[62][125]_mux. 
	to bel F7MUX_AB. Flop can not be placed in the same row as its driver in order to avoid hold issue since they either have different clock signals or not driven by global clock.
INFO: [Constraints 18-8706] Failed to create MUXF7 shape for instance gmem_y_m_axi_U/bus_write/wreq_throttle/data_fifo/U_fifo_srl/mem_reg[62][126]_mux. gmem_y_m_axi_U/bus_write/wreq_throttle/data_fifo/U_fifo_srl/mem_reg[62][126]_mux. 
	to bel F7MUX_AB. Flop can not be placed in the same row as its driver in order to avoid hold issue since they either have different clock signals or not driven by global clock.
INFO: [Constraints 18-8706] Failed to create MUXF7 shape for instance gmem_y_m_axi_U/bus_write/wreq_throttle/data_fifo/U_fifo_srl/mem_reg[62][127]_mux. gmem_y_m_axi_U/bus_write/wreq_throttle/data_fifo/U_fifo_srl/mem_reg[62][127]_mux. 
	to bel F7MUX_AB. Flop can not be placed in the same row as its driver in order to avoid hold issue since they either have different clock signals or not driven by global clock.
INFO: [Constraints 18-8706] Failed to create MUXF7 shape for instance gmem_y_m_axi_U/bus_write/wreq_throttle/data_fifo/U_fifo_srl/mem_reg[62][128]_mux. gmem_y_m_axi_U/bus_write/wreq_throttle/data_fifo/U_fifo_srl/mem_reg[62][128]_mux. 
	to bel F7MUX_AB. Flop can not be placed in the same row as its driver in order to avoid hold issue since they either have different clock signals or not driven by global clock.
INFO: [Constraints 18-8706] Failed to create MUXF7 shape for instance gmem_y_m_axi_U/bus_write/wreq_throttle/data_fifo/U_fifo_srl/mem_reg[62][129]_mux. gmem_y_m_axi_U/bus_write/wreq_throttle/data_fifo/U_fifo_srl/mem_reg[62][129]_mux. 
	to bel F7MUX_AB. Flop can not be placed in the same row as its driver in order to avoid hold issue since they either have different clock signals or not driven by global clock.
INFO: [Constraints 18-8706] Failed to create MUXF7 shape for instance gmem_y_m_axi_U/bus_write/wreq_throttle/data_fifo/U_fifo_srl/mem_reg[62][12]_mux. gmem_y_m_axi_U/bus_write/wreq_throttle/data_fifo/U_fifo_srl/mem_reg[62][12]_mux. 
	to bel F7MUX_AB. Flop can not be placed in the same row as its driver in order to avoid hold issue since they either have different clock signals or not driven by global clock.
INFO: [Constraints 18-8706] Failed to create MUXF7 shape for instance gmem_y_m_axi_U/bus_write/wreq_throttle/data_fifo/U_fifo_srl/mem_reg[62][130]_mux. gmem_y_m_axi_U/bus_write/wreq_throttle/data_fifo/U_fifo_srl/mem_reg[62][130]_mux. 
	to bel F7MUX_AB. Flop can not be placed in the same row as its driver in order to avoid hold issue since they either have different clock signals or not driven by global clock.
INFO: [Constraints 18-8706] Failed to create MUXF7 shape for instance gmem_y_m_axi_U/bus_write/wreq_throttle/data_fifo/U_fifo_srl/mem_reg[62][131]_mux. gmem_y_m_axi_U/bus_write/wreq_throttle/data_fifo/U_fifo_srl/mem_reg[62][131]_mux. 
	to bel F7MUX_AB. Flop can not be placed in the same row as its driver in order to avoid hold issue since they either have different clock signals or not driven by global clock.
INFO: [Constraints 18-8706] Failed to create MUXF7 shape for instance gmem_y_m_axi_U/bus_write/wreq_throttle/data_fifo/U_fifo_srl/mem_reg[62][132]_mux. gmem_y_m_axi_U/bus_write/wreq_throttle/data_fifo/U_fifo_srl/mem_reg[62][132]_mux. 
	to bel F7MUX_AB. Flop can not be placed in the same row as its driver in order to avoid hold issue since they either have different clock signals or not driven by global clock.
INFO: [Constraints 18-8706] Failed to create MUXF7 shape for instance gmem_y_m_axi_U/bus_write/wreq_throttle/data_fifo/U_fifo_srl/mem_reg[62][133]_mux. gmem_y_m_axi_U/bus_write/wreq_throttle/data_fifo/U_fifo_srl/mem_reg[62][133]_mux. 
	to bel F7MUX_AB. Flop can not be placed in the same row as its driver in order to avoid hold issue since they either have different clock signals or not driven by global clock.
INFO: [Constraints 18-8706] Failed to create MUXF7 shape for instance gmem_y_m_axi_U/bus_write/wreq_throttle/data_fifo/U_fifo_srl/mem_reg[62][134]_mux. gmem_y_m_axi_U/bus_write/wreq_throttle/data_fifo/U_fifo_srl/mem_reg[62][134]_mux. 
	to bel F7MUX_AB. Flop can not be placed in the same row as its driver in order to avoid hold issue since they either have different clock signals or not driven by global clock.
INFO: [Constraints 18-8706] Failed to create MUXF7 shape for instance gmem_y_m_axi_U/bus_write/wreq_throttle/data_fifo/U_fifo_srl/mem_reg[62][135]_mux. gmem_y_m_axi_U/bus_write/wreq_throttle/data_fifo/U_fifo_srl/mem_reg[62][135]_mux. 
	to bel F7MUX_AB. Flop can not be placed in the same row as its driver in order to avoid hold issue since they either have different clock signals or not driven by global clock.
INFO: [Constraints 18-8706] Failed to create MUXF7 shape for instance gmem_y_m_axi_U/bus_write/wreq_throttle/data_fifo/U_fifo_srl/mem_reg[62][136]_mux. gmem_y_m_axi_U/bus_write/wreq_throttle/data_fifo/U_fifo_srl/mem_reg[62][136]_mux. 
	to bel F7MUX_AB. Flop can not be placed in the same row as its driver in order to avoid hold issue since they either have different clock signals or not driven by global clock.
INFO: [Constraints 18-8706] Failed to create MUXF7 shape for instance gmem_y_m_axi_U/bus_write/wreq_throttle/data_fifo/U_fifo_srl/mem_reg[62][137]_mux. gmem_y_m_axi_U/bus_write/wreq_throttle/data_fifo/U_fifo_srl/mem_reg[62][137]_mux. 
	to bel F7MUX_AB. Flop can not be placed in the same row as its driver in order to avoid hold issue since they either have different clock signals or not driven by global clock.
INFO: [Constraints 18-8706] Failed to create MUXF7 shape for instance gmem_y_m_axi_U/bus_write/wreq_throttle/data_fifo/U_fifo_srl/mem_reg[62][138]_mux. gmem_y_m_axi_U/bus_write/wreq_throttle/data_fifo/U_fifo_srl/mem_reg[62][138]_mux. 
	to bel F7MUX_AB. Flop can not be placed in the same row as its driver in order to avoid hold issue since they either have different clock signals or not driven by global clock.
INFO: [Constraints 18-8706] Failed to create MUXF7 shape for instance gmem_y_m_axi_U/bus_write/wreq_throttle/data_fifo/U_fifo_srl/mem_reg[62][139]_mux. gmem_y_m_axi_U/bus_write/wreq_throttle/data_fifo/U_fifo_srl/mem_reg[62][139]_mux. 
	to bel F7MUX_AB. Flop can not be placed in the same row as its driver in order to avoid hold issue since they either have different clock signals or not driven by global clock.
INFO: [Constraints 18-8706] Failed to create MUXF7 shape for instance gmem_y_m_axi_U/bus_write/wreq_throttle/data_fifo/U_fifo_srl/mem_reg[62][13]_mux. gmem_y_m_axi_U/bus_write/wreq_throttle/data_fifo/U_fifo_srl/mem_reg[62][13]_mux. 
	to bel F7MUX_AB. Flop can not be placed in the same row as its driver in order to avoid hold issue since they either have different clock signals or not driven by global clock.
INFO: [Constraints 18-8706] Failed to create MUXF7 shape for instance gmem_y_m_axi_U/bus_write/wreq_throttle/data_fifo/U_fifo_srl/mem_reg[62][140]_mux. gmem_y_m_axi_U/bus_write/wreq_throttle/data_fifo/U_fifo_srl/mem_reg[62][140]_mux. 
	to bel F7MUX_AB. Flop can not be placed in the same row as its driver in order to avoid hold issue since they either have different clock signals or not driven by global clock.
INFO: [Constraints 18-8706] Failed to create MUXF7 shape for instance gmem_y_m_axi_U/bus_write/wreq_throttle/data_fifo/U_fifo_srl/mem_reg[62][141]_mux. gmem_y_m_axi_U/bus_write/wreq_throttle/data_fifo/U_fifo_srl/mem_reg[62][141]_mux. 
	to bel F7MUX_AB. Flop can not be placed in the same row as its driver in order to avoid hold issue since they either have different clock signals or not driven by global clock.
INFO: [Constraints 18-8706] Failed to create MUXF7 shape for instance gmem_y_m_axi_U/bus_write/wreq_throttle/data_fifo/U_fifo_srl/mem_reg[62][142]_mux. gmem_y_m_axi_U/bus_write/wreq_throttle/data_fifo/U_fifo_srl/mem_reg[62][142]_mux. 
	to bel F7MUX_AB. Flop can not be placed in the same row as its driver in order to avoid hold issue since they either have different clock signals or not driven by global clock.
INFO: [Constraints 18-8706] Failed to create MUXF7 shape for instance gmem_y_m_axi_U/bus_write/wreq_throttle/data_fifo/U_fifo_srl/mem_reg[62][143]_mux. gmem_y_m_axi_U/bus_write/wreq_throttle/data_fifo/U_fifo_srl/mem_reg[62][143]_mux. 
	to bel F7MUX_AB. Flop can not be placed in the same row as its driver in order to avoid hold issue since they either have different clock signals or not driven by global clock.
INFO: [Constraints 18-8706] Failed to create MUXF7 shape for instance gmem_y_m_axi_U/bus_write/wreq_throttle/data_fifo/U_fifo_srl/mem_reg[62][144]_mux. gmem_y_m_axi_U/bus_write/wreq_throttle/data_fifo/U_fifo_srl/mem_reg[62][144]_mux. 
	to bel F7MUX_AB. Flop can not be placed in the same row as its driver in order to avoid hold issue since they either have different clock signals or not driven by global clock.
INFO: [Constraints 18-8706] Failed to create MUXF7 shape for instance gmem_y_m_axi_U/bus_write/wreq_throttle/data_fifo/U_fifo_srl/mem_reg[62][145]_mux. gmem_y_m_axi_U/bus_write/wreq_throttle/data_fifo/U_fifo_srl/mem_reg[62][145]_mux. 
	to bel F7MUX_AB. Flop can not be placed in the same row as its driver in order to avoid hold issue since they either have different clock signals or not driven by global clock.
INFO: [Constraints 18-8706] Failed to create MUXF7 shape for instance gmem_y_m_axi_U/bus_write/wreq_throttle/data_fifo/U_fifo_srl/mem_reg[62][146]_mux. gmem_y_m_axi_U/bus_write/wreq_throttle/data_fifo/U_fifo_srl/mem_reg[62][146]_mux. 
	to bel F7MUX_AB. Flop can not be placed in the same row as its driver in order to avoid hold issue since they either have different clock signals or not driven by global clock.
INFO: [Constraints 18-8706] Failed to create MUXF7 shape for instance gmem_y_m_axi_U/bus_write/wreq_throttle/data_fifo/U_fifo_srl/mem_reg[62][147]_mux. gmem_y_m_axi_U/bus_write/wreq_throttle/data_fifo/U_fifo_srl/mem_reg[62][147]_mux. 
	to bel F7MUX_AB. Flop can not be placed in the same row as its driver in order to avoid hold issue since they either have different clock signals or not driven by global clock.
INFO: [Constraints 18-8706] Failed to create MUXF7 shape for instance gmem_y_m_axi_U/bus_write/wreq_throttle/data_fifo/U_fifo_srl/mem_reg[62][148]_mux. gmem_y_m_axi_U/bus_write/wreq_throttle/data_fifo/U_fifo_srl/mem_reg[62][148]_mux. 
	to bel F7MUX_AB. Flop can not be placed in the same row as its driver in order to avoid hold issue since they either have different clock signals or not driven by global clock.
INFO: [Constraints 18-8706] Failed to create MUXF7 shape for instance gmem_y_m_axi_U/bus_write/wreq_throttle/data_fifo/U_fifo_srl/mem_reg[62][149]_mux. gmem_y_m_axi_U/bus_write/wreq_throttle/data_fifo/U_fifo_srl/mem_reg[62][149]_mux. 
	to bel F7MUX_AB. Flop can not be placed in the same row as its driver in order to avoid hold issue since they either have different clock signals or not driven by global clock.
INFO: [Constraints 18-8706] Failed to create MUXF7 shape for instance gmem_y_m_axi_U/bus_write/wreq_throttle/data_fifo/U_fifo_srl/mem_reg[62][14]_mux. gmem_y_m_axi_U/bus_write/wreq_throttle/data_fifo/U_fifo_srl/mem_reg[62][14]_mux. 
	to bel F7MUX_AB. Flop can not be placed in the same row as its driver in order to avoid hold issue since they either have different clock signals or not driven by global clock.
INFO: [Constraints 18-8706] Failed to create MUXF7 shape for instance gmem_y_m_axi_U/bus_write/wreq_throttle/data_fifo/U_fifo_srl/mem_reg[62][150]_mux. gmem_y_m_axi_U/bus_write/wreq_throttle/data_fifo/U_fifo_srl/mem_reg[62][150]_mux. 
	to bel F7MUX_AB. Flop can not be placed in the same row as its driver in order to avoid hold issue since they either have different clock signals or not driven by global clock.
INFO: [Constraints 18-8706] Failed to create MUXF7 shape for instance gmem_y_m_axi_U/bus_write/wreq_throttle/data_fifo/U_fifo_srl/mem_reg[62][151]_mux. gmem_y_m_axi_U/bus_write/wreq_throttle/data_fifo/U_fifo_srl/mem_reg[62][151]_mux. 
	to bel F7MUX_AB. Flop can not be placed in the same row as its driver in order to avoid hold issue since they either have different clock signals or not driven by global clock.
INFO: [Constraints 18-8706] Failed to create MUXF7 shape for instance gmem_y_m_axi_U/bus_write/wreq_throttle/data_fifo/U_fifo_srl/mem_reg[62][152]_mux. gmem_y_m_axi_U/bus_write/wreq_throttle/data_fifo/U_fifo_srl/mem_reg[62][152]_mux. 
	to bel F7MUX_AB. Flop can not be placed in the same row as its driver in order to avoid hold issue since they either have different clock signals or not driven by global clock.
INFO: [Constraints 18-8706] Failed to create MUXF7 shape for instance gmem_y_m_axi_U/bus_write/wreq_throttle/data_fifo/U_fifo_srl/mem_reg[62][153]_mux. gmem_y_m_axi_U/bus_write/wreq_throttle/data_fifo/U_fifo_srl/mem_reg[62][153]_mux. 
	to bel F7MUX_AB. Flop can not be placed in the same row as its driver in order to avoid hold issue since they either have different clock signals or not driven by global clock.
INFO: [Constraints 18-8706] Failed to create MUXF7 shape for instance gmem_y_m_axi_U/bus_write/wreq_throttle/data_fifo/U_fifo_srl/mem_reg[62][154]_mux. gmem_y_m_axi_U/bus_write/wreq_throttle/data_fifo/U_fifo_srl/mem_reg[62][154]_mux. 
	to bel F7MUX_AB. Flop can not be placed in the same row as its driver in order to avoid hold issue since they either have different clock signals or not driven by global clock.
INFO: [Constraints 18-8706] Failed to create MUXF7 shape for instance gmem_y_m_axi_U/bus_write/wreq_throttle/data_fifo/U_fifo_srl/mem_reg[62][155]_mux. gmem_y_m_axi_U/bus_write/wreq_throttle/data_fifo/U_fifo_srl/mem_reg[62][155]_mux. 
	to bel F7MUX_AB. Flop can not be placed in the same row as its driver in order to avoid hold issue since they either have different clock signals or not driven by global clock.
INFO: [Constraints 18-8706] Failed to create MUXF7 shape for instance gmem_y_m_axi_U/bus_write/wreq_throttle/data_fifo/U_fifo_srl/mem_reg[62][156]_mux. gmem_y_m_axi_U/bus_write/wreq_throttle/data_fifo/U_fifo_srl/mem_reg[62][156]_mux. 
	to bel F7MUX_AB. Flop can not be placed in the same row as its driver in order to avoid hold issue since they either have different clock signals or not driven by global clock.
INFO: [Constraints 18-8706] Failed to create MUXF7 shape for instance gmem_y_m_axi_U/bus_write/wreq_throttle/data_fifo/U_fifo_srl/mem_reg[62][157]_mux. gmem_y_m_axi_U/bus_write/wreq_throttle/data_fifo/U_fifo_srl/mem_reg[62][157]_mux. 
	to bel F7MUX_AB. Flop can not be placed in the same row as its driver in order to avoid hold issue since they either have different clock signals or not driven by global clock.
INFO: [Constraints 18-8706] Failed to create MUXF7 shape for instance gmem_y_m_axi_U/bus_write/wreq_throttle/data_fifo/U_fifo_srl/mem_reg[62][158]_mux. gmem_y_m_axi_U/bus_write/wreq_throttle/data_fifo/U_fifo_srl/mem_reg[62][158]_mux. 
	to bel F7MUX_AB. Flop can not be placed in the same row as its driver in order to avoid hold issue since they either have different clock signals or not driven by global clock.
INFO: [Constraints 18-8706] Failed to create MUXF7 shape for instance gmem_y_m_axi_U/bus_write/wreq_throttle/data_fifo/U_fifo_srl/mem_reg[62][159]_mux. gmem_y_m_axi_U/bus_write/wreq_throttle/data_fifo/U_fifo_srl/mem_reg[62][159]_mux. 
	to bel F7MUX_AB. Flop can not be placed in the same row as its driver in order to avoid hold issue since they either have different clock signals or not driven by global clock.
INFO: [Constraints 18-8706] Failed to create MUXF7 shape for instance gmem_y_m_axi_U/bus_write/wreq_throttle/data_fifo/U_fifo_srl/mem_reg[62][15]_mux. gmem_y_m_axi_U/bus_write/wreq_throttle/data_fifo/U_fifo_srl/mem_reg[62][15]_mux. 
	to bel F7MUX_AB. Flop can not be placed in the same row as its driver in order to avoid hold issue since they either have different clock signals or not driven by global clock.
INFO: [Constraints 18-8706] Failed to create MUXF7 shape for instance gmem_y_m_axi_U/bus_write/wreq_throttle/data_fifo/U_fifo_srl/mem_reg[62][160]_mux. gmem_y_m_axi_U/bus_write/wreq_throttle/data_fifo/U_fifo_srl/mem_reg[62][160]_mux. 
	to bel F7MUX_AB. Flop can not be placed in the same row as its driver in order to avoid hold issue since they either have different clock signals or not driven by global clock.
INFO: [Constraints 18-8706] Failed to create MUXF7 shape for instance gmem_y_m_axi_U/bus_write/wreq_throttle/data_fifo/U_fifo_srl/mem_reg[62][161]_mux. gmem_y_m_axi_U/bus_write/wreq_throttle/data_fifo/U_fifo_srl/mem_reg[62][161]_mux. 
	to bel F7MUX_AB. Flop can not be placed in the same row as its driver in order to avoid hold issue since they either have different clock signals or not driven by global clock.
INFO: [Constraints 18-8706] Failed to create MUXF7 shape for instance gmem_y_m_axi_U/bus_write/wreq_throttle/data_fifo/U_fifo_srl/mem_reg[62][162]_mux. gmem_y_m_axi_U/bus_write/wreq_throttle/data_fifo/U_fifo_srl/mem_reg[62][162]_mux. 
	to bel F7MUX_AB. Flop can not be placed in the same row as its driver in order to avoid hold issue since they either have different clock signals or not driven by global clock.
INFO: [Constraints 18-8706] Failed to create MUXF7 shape for instance gmem_y_m_axi_U/bus_write/wreq_throttle/data_fifo/U_fifo_srl/mem_reg[62][163]_mux. gmem_y_m_axi_U/bus_write/wreq_throttle/data_fifo/U_fifo_srl/mem_reg[62][163]_mux. 
	to bel F7MUX_AB. Flop can not be placed in the same row as its driver in order to avoid hold issue since they either have different clock signals or not driven by global clock.
INFO: [Constraints 18-8706] Failed to create MUXF7 shape for instance gmem_y_m_axi_U/bus_write/wreq_throttle/data_fifo/U_fifo_srl/mem_reg[62][164]_mux. gmem_y_m_axi_U/bus_write/wreq_throttle/data_fifo/U_fifo_srl/mem_reg[62][164]_mux. 
	to bel F7MUX_AB. Flop can not be placed in the same row as its driver in order to avoid hold issue since they either have different clock signals or not driven by global clock.
INFO: [Constraints 18-8706] Failed to create MUXF7 shape for instance gmem_y_m_axi_U/bus_write/wreq_throttle/data_fifo/U_fifo_srl/mem_reg[62][165]_mux. gmem_y_m_axi_U/bus_write/wreq_throttle/data_fifo/U_fifo_srl/mem_reg[62][165]_mux. 
	to bel F7MUX_AB. Flop can not be placed in the same row as its driver in order to avoid hold issue since they either have different clock signals or not driven by global clock.
INFO: [Constraints 18-8706] Failed to create MUXF7 shape for instance gmem_y_m_axi_U/bus_write/wreq_throttle/data_fifo/U_fifo_srl/mem_reg[62][166]_mux. gmem_y_m_axi_U/bus_write/wreq_throttle/data_fifo/U_fifo_srl/mem_reg[62][166]_mux. 
	to bel F7MUX_AB. Flop can not be placed in the same row as its driver in order to avoid hold issue since they either have different clock signals or not driven by global clock.
INFO: [Constraints 18-8706] Failed to create MUXF7 shape for instance gmem_y_m_axi_U/bus_write/wreq_throttle/data_fifo/U_fifo_srl/mem_reg[62][167]_mux. gmem_y_m_axi_U/bus_write/wreq_throttle/data_fifo/U_fifo_srl/mem_reg[62][167]_mux. 
	to bel F7MUX_AB. Flop can not be placed in the same row as its driver in order to avoid hold issue since they either have different clock signals or not driven by global clock.
INFO: [Constraints 18-8706] Failed to create MUXF7 shape for instance gmem_y_m_axi_U/bus_write/wreq_throttle/data_fifo/U_fifo_srl/mem_reg[62][168]_mux. gmem_y_m_axi_U/bus_write/wreq_throttle/data_fifo/U_fifo_srl/mem_reg[62][168]_mux. 
	to bel F7MUX_AB. Flop can not be placed in the same row as its driver in order to avoid hold issue since they either have different clock signals or not driven by global clock.
INFO: [Constraints 18-8706] Failed to create MUXF7 shape for instance gmem_y_m_axi_U/bus_write/wreq_throttle/data_fifo/U_fifo_srl/mem_reg[62][169]_mux. gmem_y_m_axi_U/bus_write/wreq_throttle/data_fifo/U_fifo_srl/mem_reg[62][169]_mux. 
	to bel F7MUX_AB. Flop can not be placed in the same row as its driver in order to avoid hold issue since they either have different clock signals or not driven by global clock.
INFO: [Constraints 18-8706] Failed to create MUXF7 shape for instance gmem_y_m_axi_U/bus_write/wreq_throttle/data_fifo/U_fifo_srl/mem_reg[62][16]_mux. gmem_y_m_axi_U/bus_write/wreq_throttle/data_fifo/U_fifo_srl/mem_reg[62][16]_mux. 
	to bel F7MUX_AB. Flop can not be placed in the same row as its driver in order to avoid hold issue since they either have different clock signals or not driven by global clock.
INFO: [Constraints 18-8706] Failed to create MUXF7 shape for instance gmem_y_m_axi_U/bus_write/wreq_throttle/data_fifo/U_fifo_srl/mem_reg[62][170]_mux. gmem_y_m_axi_U/bus_write/wreq_throttle/data_fifo/U_fifo_srl/mem_reg[62][170]_mux. 
	to bel F7MUX_AB. Flop can not be placed in the same row as its driver in order to avoid hold issue since they either have different clock signals or not driven by global clock.
INFO: [Constraints 18-8706] Failed to create MUXF7 shape for instance gmem_y_m_axi_U/bus_write/wreq_throttle/data_fifo/U_fifo_srl/mem_reg[62][171]_mux. gmem_y_m_axi_U/bus_write/wreq_throttle/data_fifo/U_fifo_srl/mem_reg[62][171]_mux. 
	to bel F7MUX_AB. Flop can not be placed in the same row as its driver in order to avoid hold issue since they either have different clock signals or not driven by global clock.
INFO: [Constraints 18-8706] Failed to create MUXF7 shape for instance gmem_y_m_axi_U/bus_write/wreq_throttle/data_fifo/U_fifo_srl/mem_reg[62][172]_mux. gmem_y_m_axi_U/bus_write/wreq_throttle/data_fifo/U_fifo_srl/mem_reg[62][172]_mux. 
	to bel F7MUX_AB. Flop can not be placed in the same row as its driver in order to avoid hold issue since they either have different clock signals or not driven by global clock.
INFO: [Constraints 18-8706] Failed to create MUXF7 shape for instance gmem_y_m_axi_U/bus_write/wreq_throttle/data_fifo/U_fifo_srl/mem_reg[62][173]_mux. gmem_y_m_axi_U/bus_write/wreq_throttle/data_fifo/U_fifo_srl/mem_reg[62][173]_mux. 
	to bel F7MUX_AB. Flop can not be placed in the same row as its driver in order to avoid hold issue since they either have different clock signals or not driven by global clock.
INFO: [Constraints 18-8706] Failed to create MUXF7 shape for instance gmem_y_m_axi_U/bus_write/wreq_throttle/data_fifo/U_fifo_srl/mem_reg[62][174]_mux. gmem_y_m_axi_U/bus_write/wreq_throttle/data_fifo/U_fifo_srl/mem_reg[62][174]_mux. 
	to bel F7MUX_AB. Flop can not be placed in the same row as its driver in order to avoid hold issue since they either have different clock signals or not driven by global clock.
INFO: [Constraints 18-8706] Failed to create MUXF7 shape for instance gmem_y_m_axi_U/bus_write/wreq_throttle/data_fifo/U_fifo_srl/mem_reg[62][175]_mux. gmem_y_m_axi_U/bus_write/wreq_throttle/data_fifo/U_fifo_srl/mem_reg[62][175]_mux. 
	to bel F7MUX_AB. Flop can not be placed in the same row as its driver in order to avoid hold issue since they either have different clock signals or not driven by global clock.
INFO: [Constraints 18-8706] Failed to create MUXF7 shape for instance gmem_y_m_axi_U/bus_write/wreq_throttle/data_fifo/U_fifo_srl/mem_reg[62][176]_mux. gmem_y_m_axi_U/bus_write/wreq_throttle/data_fifo/U_fifo_srl/mem_reg[62][176]_mux. 
	to bel F7MUX_AB. Flop can not be placed in the same row as its driver in order to avoid hold issue since they either have different clock signals or not driven by global clock.
INFO: [Constraints 18-8706] Failed to create MUXF7 shape for instance gmem_y_m_axi_U/bus_write/wreq_throttle/data_fifo/U_fifo_srl/mem_reg[62][177]_mux. gmem_y_m_axi_U/bus_write/wreq_throttle/data_fifo/U_fifo_srl/mem_reg[62][177]_mux. 
	to bel F7MUX_AB. Flop can not be placed in the same row as its driver in order to avoid hold issue since they either have different clock signals or not driven by global clock.
INFO: [Constraints 18-8706] Failed to create MUXF7 shape for instance gmem_y_m_axi_U/bus_write/wreq_throttle/data_fifo/U_fifo_srl/mem_reg[62][178]_mux. gmem_y_m_axi_U/bus_write/wreq_throttle/data_fifo/U_fifo_srl/mem_reg[62][178]_mux. 
	to bel F7MUX_AB. Flop can not be placed in the same row as its driver in order to avoid hold issue since they either have different clock signals or not driven by global clock.
INFO: [Constraints 18-8706] Failed to create MUXF7 shape for instance gmem_y_m_axi_U/bus_write/wreq_throttle/data_fifo/U_fifo_srl/mem_reg[62][179]_mux. gmem_y_m_axi_U/bus_write/wreq_throttle/data_fifo/U_fifo_srl/mem_reg[62][179]_mux. 
	to bel F7MUX_AB. Flop can not be placed in the same row as its driver in order to avoid hold issue since they either have different clock signals or not driven by global clock.
INFO: [Constraints 18-8706] Failed to create MUXF7 shape for instance gmem_y_m_axi_U/bus_write/wreq_throttle/data_fifo/U_fifo_srl/mem_reg[62][17]_mux. gmem_y_m_axi_U/bus_write/wreq_throttle/data_fifo/U_fifo_srl/mem_reg[62][17]_mux. 
	to bel F7MUX_AB. Flop can not be placed in the same row as its driver in order to avoid hold issue since they either have different clock signals or not driven by global clock.
INFO: [Constraints 18-8706] Failed to create MUXF7 shape for instance gmem_y_m_axi_U/bus_write/wreq_throttle/data_fifo/U_fifo_srl/mem_reg[62][180]_mux. gmem_y_m_axi_U/bus_write/wreq_throttle/data_fifo/U_fifo_srl/mem_reg[62][180]_mux. 
	to bel F7MUX_AB. Flop can not be placed in the same row as its driver in order to avoid hold issue since they either have different clock signals or not driven by global clock.
INFO: [Constraints 18-8706] Failed to create MUXF7 shape for instance gmem_y_m_axi_U/bus_write/wreq_throttle/data_fifo/U_fifo_srl/mem_reg[62][181]_mux. gmem_y_m_axi_U/bus_write/wreq_throttle/data_fifo/U_fifo_srl/mem_reg[62][181]_mux. 
	to bel F7MUX_AB. Flop can not be placed in the same row as its driver in order to avoid hold issue since they either have different clock signals or not driven by global clock.
INFO: [Constraints 18-8706] Failed to create MUXF7 shape for instance gmem_y_m_axi_U/bus_write/wreq_throttle/data_fifo/U_fifo_srl/mem_reg[62][182]_mux. gmem_y_m_axi_U/bus_write/wreq_throttle/data_fifo/U_fifo_srl/mem_reg[62][182]_mux. 
	to bel F7MUX_AB. Flop can not be placed in the same row as its driver in order to avoid hold issue since they either have different clock signals or not driven by global clock.
INFO: [Constraints 18-8706] Failed to create MUXF7 shape for instance gmem_y_m_axi_U/bus_write/wreq_throttle/data_fifo/U_fifo_srl/mem_reg[62][183]_mux. gmem_y_m_axi_U/bus_write/wreq_throttle/data_fifo/U_fifo_srl/mem_reg[62][183]_mux. 
	to bel F7MUX_AB. Flop can not be placed in the same row as its driver in order to avoid hold issue since they either have different clock signals or not driven by global clock.
INFO: [Constraints 18-8706] Failed to create MUXF7 shape for instance gmem_y_m_axi_U/bus_write/wreq_throttle/data_fifo/U_fifo_srl/mem_reg[62][184]_mux. gmem_y_m_axi_U/bus_write/wreq_throttle/data_fifo/U_fifo_srl/mem_reg[62][184]_mux. 
	to bel F7MUX_AB. Flop can not be placed in the same row as its driver in order to avoid hold issue since they either have different clock signals or not driven by global clock.
INFO: [Constraints 18-8706] Failed to create MUXF7 shape for instance gmem_y_m_axi_U/bus_write/wreq_throttle/data_fifo/U_fifo_srl/mem_reg[62][185]_mux. gmem_y_m_axi_U/bus_write/wreq_throttle/data_fifo/U_fifo_srl/mem_reg[62][185]_mux. 
	to bel F7MUX_AB. Flop can not be placed in the same row as its driver in order to avoid hold issue since they either have different clock signals or not driven by global clock.
INFO: [Constraints 18-8706] Failed to create MUXF7 shape for instance gmem_y_m_axi_U/bus_write/wreq_throttle/data_fifo/U_fifo_srl/mem_reg[62][186]_mux. gmem_y_m_axi_U/bus_write/wreq_throttle/data_fifo/U_fifo_srl/mem_reg[62][186]_mux. 
	to bel F7MUX_AB. Flop can not be placed in the same row as its driver in order to avoid hold issue since they either have different clock signals or not driven by global clock.
INFO: [Constraints 18-8706] Failed to create MUXF7 shape for instance gmem_y_m_axi_U/bus_write/wreq_throttle/data_fifo/U_fifo_srl/mem_reg[62][187]_mux. gmem_y_m_axi_U/bus_write/wreq_throttle/data_fifo/U_fifo_srl/mem_reg[62][187]_mux. 
	to bel F7MUX_AB. Flop can not be placed in the same row as its driver in order to avoid hold issue since they either have different clock signals or not driven by global clock.
INFO: [Constraints 18-8706] Failed to create MUXF7 shape for instance gmem_y_m_axi_U/bus_write/wreq_throttle/data_fifo/U_fifo_srl/mem_reg[62][188]_mux. gmem_y_m_axi_U/bus_write/wreq_throttle/data_fifo/U_fifo_srl/mem_reg[62][188]_mux. 
	to bel F7MUX_AB. Flop can not be placed in the same row as its driver in order to avoid hold issue since they either have different clock signals or not driven by global clock.
INFO: [Constraints 18-8706] Failed to create MUXF7 shape for instance gmem_y_m_axi_U/bus_write/wreq_throttle/data_fifo/U_fifo_srl/mem_reg[62][189]_mux. gmem_y_m_axi_U/bus_write/wreq_throttle/data_fifo/U_fifo_srl/mem_reg[62][189]_mux. 
	to bel F7MUX_AB. Flop can not be placed in the same row as its driver in order to avoid hold issue since they either have different clock signals or not driven by global clock.
INFO: [Constraints 18-8706] Failed to create MUXF7 shape for instance gmem_y_m_axi_U/bus_write/wreq_throttle/data_fifo/U_fifo_srl/mem_reg[62][18]_mux. gmem_y_m_axi_U/bus_write/wreq_throttle/data_fifo/U_fifo_srl/mem_reg[62][18]_mux. 
	to bel F7MUX_AB. Flop can not be placed in the same row as its driver in order to avoid hold issue since they either have different clock signals or not driven by global clock.
INFO: [Common 17-14] Message 'Constraints 18-8706' appears 100 times and further instances of the messages will be disabled. Use the Tcl command set_msg_config to change the current settings.
INFO: [Opt 31-138] Pushed 0 inverter(s) to 0 load pin(s).
Netlist sorting complete. Time (s): cpu = 00:00:00.01 ; elapsed = 00:00:00.01 . Memory (MB): peak = 4047.305 ; gain = 0.000 ; free physical = 7466 ; free virtual = 27795
INFO: [Project 1-111] Unisim Transformation Summary:
  A total of 1846 instances were transformed.
  (CARRY4) => CARRY8: 1212 instances
  DSP48E1 => DSP48E2 (DSP_ALU, DSP_A_B_DATA, DSP_C_DATA, DSP_MULTIPLIER, DSP_M_DATA, DSP_OUTPUT, DSP_PREADD, DSP_PREADD_DATA): 180 instances
  DSP48E2 => DSP48E2 (DSP_ALU, DSP_A_B_DATA, DSP_C_DATA, DSP_MULTIPLIER, DSP_M_DATA, DSP_OUTPUT, DSP_PREADD, DSP_PREADD_DATA): 2 instances
  FDE => FDRE: 452 instances

Synth Design complete | Checksum: 3d5f9ce3
INFO: [Common 17-83] Releasing license: Synthesis
694 Infos, 167 Warnings, 0 Critical Warnings and 0 Errors encountered.
synth_design completed successfully
synth_design: Time (s): cpu = 00:02:28 ; elapsed = 00:01:44 . Memory (MB): peak = 4047.305 ; gain = 2526.793 ; free physical = 7468 ; free virtual = 27796
INFO: [Common 17-2834] synth_design peak Physical Memory [PSS] (MB): overall = 9002.246; main = 3462.483; forked = 6795.438
INFO: [Common 17-2834] synth_design peak Virtual Memory [VSS] (MB): overall = 17438.652; main = 4047.309; forked = 14281.633
# create_clock -name ap_clk -period 5.000 [get_ports ap_clk]
# report_utilization -file [file join $out_dir utilization_post_synth.rpt]
# report_timing_summary -delay_type max -report_unconstrained -file [file join $out_dir timing_post_synth.rpt]
INFO: [Timing 38-91] UpdateTimingParams: Speed grade: -2LV, Temperature grade: C, Delay Type: max.
INFO: [Timing 38-191] Multithreading enabled for timing update using a maximum of 8 CPUs
INFO: [Timing 38-35] Done setting XDC timing constraints.
WARNING: [Timing 38-242] The property HD.CLK_SRC of clock port "ap_clk" is not set. In out-of-context mode, this prevents timing estimation for clock delay/skew
Resolution: Set the HD.CLK_SRC property of the out-of-context port to the location of the clock buffer instance in the top-level design
report_timing_summary: Time (s): cpu = 00:00:31 ; elapsed = 00:00:14 . Memory (MB): peak = 5068.066 ; gain = 1020.762 ; free physical = 6583 ; free virtual = 26916
# opt_design
Command: opt_design
Attempting to get a license for feature 'Implementation' and/or device 'xck26'
INFO: [Common 17-349] Got license for feature 'Implementation' and/or device 'xck26'
Running DRC as a precondition to command opt_design

Starting DRC Task
INFO: [DRC 23-27] Running DRC with 8 threads
WARNING: [DRC 23-814] Not all possible (connectivity based) DRCs may have been run because this design is seen as Out of Context.
INFO: [Project 1-461] DRC finished with 0 Errors
INFO: [Project 1-462] Please refer to the DRC report (report_drc) for more information.

Time (s): cpu = 00:00:03 ; elapsed = 00:00:00.55 . Memory (MB): peak = 5068.066 ; gain = 0.000 ; free physical = 6586 ; free virtual = 26919

Starting Cache Timing Information Task
Ending Cache Timing Information Task | Checksum: 1c28a1cb0

Time (s): cpu = 00:00:00.03 ; elapsed = 00:00:00.03 . Memory (MB): peak = 5068.066 ; gain = 0.000 ; free physical = 6586 ; free virtual = 26919

Starting Logic Optimization Task

Phase 1 Initialization

Phase 1.1 Core Generation And Design Setup
Phase 1.1 Core Generation And Design Setup | Checksum: 1c28a1cb0

Time (s): cpu = 00:00:00.12 ; elapsed = 00:00:00.12 . Memory (MB): peak = 5068.066 ; gain = 0.000 ; free physical = 6593 ; free virtual = 26927

Phase 1.2 Setup Constraints And Sort Netlist
Phase 1.2 Setup Constraints And Sort Netlist | Checksum: 1c28a1cb0

Time (s): cpu = 00:00:00.16 ; elapsed = 00:00:00.16 . Memory (MB): peak = 5068.066 ; gain = 0.000 ; free physical = 6594 ; free virtual = 26927
Phase 1 Initialization | Checksum: 1c28a1cb0

Time (s): cpu = 00:00:00.16 ; elapsed = 00:00:00.16 . Memory (MB): peak = 5068.066 ; gain = 0.000 ; free physical = 6594 ; free virtual = 26927

Phase 2 Timer Update And Timing Data Collection

Phase 2.1 Timer Update
Phase 2.1 Timer Update | Checksum: 1c28a1cb0

Time (s): cpu = 00:00:04 ; elapsed = 00:00:01 . Memory (MB): peak = 5068.066 ; gain = 0.000 ; free physical = 6601 ; free virtual = 26934

Phase 2.2 Timing Data Collection
Phase 2.2 Timing Data Collection | Checksum: 1c28a1cb0

Time (s): cpu = 00:00:04 ; elapsed = 00:00:01 . Memory (MB): peak = 5068.066 ; gain = 0.000 ; free physical = 6602 ; free virtual = 26935
Phase 2 Timer Update And Timing Data Collection | Checksum: 1c28a1cb0

Time (s): cpu = 00:00:04 ; elapsed = 00:00:01 . Memory (MB): peak = 5068.066 ; gain = 0.000 ; free physical = 6602 ; free virtual = 26935

Phase 3 Retarget
INFO: [Opt 31-1851] Number of loadless carry chains removed were: 0
INFO: [Opt 31-1834] Total Chains To Be Transformed Were: 0 AND Number of Transformed insts Created are: 0
INFO: [Opt 31-1566] Pulled 117 inverters resulting in an inversion of 2571 pins
INFO: [Opt 31-138] Pushed 117 inverter(s) to 4399 load pin(s).
INFO: [Constraints 18-8706] Failed to create MUXF7 shape for instance gmem_y_m_axi_U/bus_write/wreq_throttle/data_fifo/U_fifo_srl/mem_reg[62][0]_mux. gmem_y_m_axi_U/bus_write/wreq_throttle/data_fifo/U_fifo_srl/mem_reg[62][0]_mux. 
	to bel F7MUX_AB. Flop can not be placed in the same row as its driver in order to avoid hold issue since they either have different clock signals or not driven by global clock.
INFO: [Constraints 18-8706] Failed to create MUXF7 shape for instance gmem_y_m_axi_U/bus_write/wreq_throttle/data_fifo/U_fifo_srl/mem_reg[62][100]_mux. gmem_y_m_axi_U/bus_write/wreq_throttle/data_fifo/U_fifo_srl/mem_reg[62][100]_mux. 
	to bel F7MUX_AB. Flop can not be placed in the same row as its driver in order to avoid hold issue since they either have different clock signals or not driven by global clock.
INFO: [Constraints 18-8706] Failed to create MUXF7 shape for instance gmem_y_m_axi_U/bus_write/wreq_throttle/data_fifo/U_fifo_srl/mem_reg[62][101]_mux. gmem_y_m_axi_U/bus_write/wreq_throttle/data_fifo/U_fifo_srl/mem_reg[62][101]_mux. 
	to bel F7MUX_AB. Flop can not be placed in the same row as its driver in order to avoid hold issue since they either have different clock signals or not driven by global clock.
INFO: [Constraints 18-8706] Failed to create MUXF7 shape for instance gmem_y_m_axi_U/bus_write/wreq_throttle/data_fifo/U_fifo_srl/mem_reg[62][102]_mux. gmem_y_m_axi_U/bus_write/wreq_throttle/data_fifo/U_fifo_srl/mem_reg[62][102]_mux. 
	to bel F7MUX_AB. Flop can not be placed in the same row as its driver in order to avoid hold issue since they either have different clock signals or not driven by global clock.
INFO: [Constraints 18-8706] Failed to create MUXF7 shape for instance gmem_y_m_axi_U/bus_write/wreq_throttle/data_fifo/U_fifo_srl/mem_reg[62][103]_mux. gmem_y_m_axi_U/bus_write/wreq_throttle/data_fifo/U_fifo_srl/mem_reg[62][103]_mux. 
	to bel F7MUX_AB. Flop can not be placed in the same row as its driver in order to avoid hold issue since they either have different clock signals or not driven by global clock.
INFO: [Constraints 18-8706] Failed to create MUXF7 shape for instance gmem_y_m_axi_U/bus_write/wreq_throttle/data_fifo/U_fifo_srl/mem_reg[62][104]_mux. gmem_y_m_axi_U/bus_write/wreq_throttle/data_fifo/U_fifo_srl/mem_reg[62][104]_mux. 
	to bel F7MUX_AB. Flop can not be placed in the same row as its driver in order to avoid hold issue since they either have different clock signals or not driven by global clock.
INFO: [Constraints 18-8706] Failed to create MUXF7 shape for instance gmem_y_m_axi_U/bus_write/wreq_throttle/data_fifo/U_fifo_srl/mem_reg[62][105]_mux. gmem_y_m_axi_U/bus_write/wreq_throttle/data_fifo/U_fifo_srl/mem_reg[62][105]_mux. 
	to bel F7MUX_AB. Flop can not be placed in the same row as its driver in order to avoid hold issue since they either have different clock signals or not driven by global clock.
INFO: [Constraints 18-8706] Failed to create MUXF7 shape for instance gmem_y_m_axi_U/bus_write/wreq_throttle/data_fifo/U_fifo_srl/mem_reg[62][106]_mux. gmem_y_m_axi_U/bus_write/wreq_throttle/data_fifo/U_fifo_srl/mem_reg[62][106]_mux. 
	to bel F7MUX_AB. Flop can not be placed in the same row as its driver in order to avoid hold issue since they either have different clock signals or not driven by global clock.
INFO: [Constraints 18-8706] Failed to create MUXF7 shape for instance gmem_y_m_axi_U/bus_write/wreq_throttle/data_fifo/U_fifo_srl/mem_reg[62][107]_mux. gmem_y_m_axi_U/bus_write/wreq_throttle/data_fifo/U_fifo_srl/mem_reg[62][107]_mux. 
	to bel F7MUX_AB. Flop can not be placed in the same row as its driver in order to avoid hold issue since they either have different clock signals or not driven by global clock.
INFO: [Constraints 18-8706] Failed to create MUXF7 shape for instance gmem_y_m_axi_U/bus_write/wreq_throttle/data_fifo/U_fifo_srl/mem_reg[62][108]_mux. gmem_y_m_axi_U/bus_write/wreq_throttle/data_fifo/U_fifo_srl/mem_reg[62][108]_mux. 
	to bel F7MUX_AB. Flop can not be placed in the same row as its driver in order to avoid hold issue since they either have different clock signals or not driven by global clock.
INFO: [Constraints 18-8706] Failed to create MUXF7 shape for instance gmem_y_m_axi_U/bus_write/wreq_throttle/data_fifo/U_fifo_srl/mem_reg[62][109]_mux. gmem_y_m_axi_U/bus_write/wreq_throttle/data_fifo/U_fifo_srl/mem_reg[62][109]_mux. 
	to bel F7MUX_AB. Flop can not be placed in the same row as its driver in order to avoid hold issue since they either have different clock signals or not driven by global clock.
INFO: [Constraints 18-8706] Failed to create MUXF7 shape for instance gmem_y_m_axi_U/bus_write/wreq_throttle/data_fifo/U_fifo_srl/mem_reg[62][10]_mux. gmem_y_m_axi_U/bus_write/wreq_throttle/data_fifo/U_fifo_srl/mem_reg[62][10]_mux. 
	to bel F7MUX_AB. Flop can not be placed in the same row as its driver in order to avoid hold issue since they either have different clock signals or not driven by global clock.
INFO: [Constraints 18-8706] Failed to create MUXF7 shape for instance gmem_y_m_axi_U/bus_write/wreq_throttle/data_fifo/U_fifo_srl/mem_reg[62][110]_mux. gmem_y_m_axi_U/bus_write/wreq_throttle/data_fifo/U_fifo_srl/mem_reg[62][110]_mux. 
	to bel F7MUX_AB. Flop can not be placed in the same row as its driver in order to avoid hold issue since they either have different clock signals or not driven by global clock.
INFO: [Constraints 18-8706] Failed to create MUXF7 shape for instance gmem_y_m_axi_U/bus_write/wreq_throttle/data_fifo/U_fifo_srl/mem_reg[62][111]_mux. gmem_y_m_axi_U/bus_write/wreq_throttle/data_fifo/U_fifo_srl/mem_reg[62][111]_mux. 
	to bel F7MUX_AB. Flop can not be placed in the same row as its driver in order to avoid hold issue since they either have different clock signals or not driven by global clock.
INFO: [Constraints 18-8706] Failed to create MUXF7 shape for instance gmem_y_m_axi_U/bus_write/wreq_throttle/data_fifo/U_fifo_srl/mem_reg[62][112]_mux. gmem_y_m_axi_U/bus_write/wreq_throttle/data_fifo/U_fifo_srl/mem_reg[62][112]_mux. 
	to bel F7MUX_AB. Flop can not be placed in the same row as its driver in order to avoid hold issue since they either have different clock signals or not driven by global clock.
INFO: [Constraints 18-8706] Failed to create MUXF7 shape for instance gmem_y_m_axi_U/bus_write/wreq_throttle/data_fifo/U_fifo_srl/mem_reg[62][113]_mux. gmem_y_m_axi_U/bus_write/wreq_throttle/data_fifo/U_fifo_srl/mem_reg[62][113]_mux. 
	to bel F7MUX_AB. Flop can not be placed in the same row as its driver in order to avoid hold issue since they either have different clock signals or not driven by global clock.
INFO: [Constraints 18-8706] Failed to create MUXF7 shape for instance gmem_y_m_axi_U/bus_write/wreq_throttle/data_fifo/U_fifo_srl/mem_reg[62][114]_mux. gmem_y_m_axi_U/bus_write/wreq_throttle/data_fifo/U_fifo_srl/mem_reg[62][114]_mux. 
	to bel F7MUX_AB. Flop can not be placed in the same row as its driver in order to avoid hold issue since they either have different clock signals or not driven by global clock.
INFO: [Constraints 18-8706] Failed to create MUXF7 shape for instance gmem_y_m_axi_U/bus_write/wreq_throttle/data_fifo/U_fifo_srl/mem_reg[62][115]_mux. gmem_y_m_axi_U/bus_write/wreq_throttle/data_fifo/U_fifo_srl/mem_reg[62][115]_mux. 
	to bel F7MUX_AB. Flop can not be placed in the same row as its driver in order to avoid hold issue since they either have different clock signals or not driven by global clock.
INFO: [Constraints 18-8706] Failed to create MUXF7 shape for instance gmem_y_m_axi_U/bus_write/wreq_throttle/data_fifo/U_fifo_srl/mem_reg[62][116]_mux. gmem_y_m_axi_U/bus_write/wreq_throttle/data_fifo/U_fifo_srl/mem_reg[62][116]_mux. 
	to bel F7MUX_AB. Flop can not be placed in the same row as its driver in order to avoid hold issue since they either have different clock signals or not driven by global clock.
INFO: [Constraints 18-8706] Failed to create MUXF7 shape for instance gmem_y_m_axi_U/bus_write/wreq_throttle/data_fifo/U_fifo_srl/mem_reg[62][117]_mux. gmem_y_m_axi_U/bus_write/wreq_throttle/data_fifo/U_fifo_srl/mem_reg[62][117]_mux. 
	to bel F7MUX_AB. Flop can not be placed in the same row as its driver in order to avoid hold issue since they either have different clock signals or not driven by global clock.
INFO: [Constraints 18-8706] Failed to create MUXF7 shape for instance gmem_y_m_axi_U/bus_write/wreq_throttle/data_fifo/U_fifo_srl/mem_reg[62][118]_mux. gmem_y_m_axi_U/bus_write/wreq_throttle/data_fifo/U_fifo_srl/mem_reg[62][118]_mux. 
	to bel F7MUX_AB. Flop can not be placed in the same row as its driver in order to avoid hold issue since they either have different clock signals or not driven by global clock.
INFO: [Constraints 18-8706] Failed to create MUXF7 shape for instance gmem_y_m_axi_U/bus_write/wreq_throttle/data_fifo/U_fifo_srl/mem_reg[62][119]_mux. gmem_y_m_axi_U/bus_write/wreq_throttle/data_fifo/U_fifo_srl/mem_reg[62][119]_mux. 
	to bel F7MUX_AB. Flop can not be placed in the same row as its driver in order to avoid hold issue since they either have different clock signals or not driven by global clock.
INFO: [Constraints 18-8706] Failed to create MUXF7 shape for instance gmem_y_m_axi_U/bus_write/wreq_throttle/data_fifo/U_fifo_srl/mem_reg[62][11]_mux. gmem_y_m_axi_U/bus_write/wreq_throttle/data_fifo/U_fifo_srl/mem_reg[62][11]_mux. 
	to bel F7MUX_AB. Flop can not be placed in the same row as its driver in order to avoid hold issue since they either have different clock signals or not driven by global clock.
INFO: [Constraints 18-8706] Failed to create MUXF7 shape for instance gmem_y_m_axi_U/bus_write/wreq_throttle/data_fifo/U_fifo_srl/mem_reg[62][120]_mux. gmem_y_m_axi_U/bus_write/wreq_throttle/data_fifo/U_fifo_srl/mem_reg[62][120]_mux. 
	to bel F7MUX_AB. Flop can not be placed in the same row as its driver in order to avoid hold issue since they either have different clock signals or not driven by global clock.
INFO: [Constraints 18-8706] Failed to create MUXF7 shape for instance gmem_y_m_axi_U/bus_write/wreq_throttle/data_fifo/U_fifo_srl/mem_reg[62][121]_mux. gmem_y_m_axi_U/bus_write/wreq_throttle/data_fifo/U_fifo_srl/mem_reg[62][121]_mux. 
	to bel F7MUX_AB. Flop can not be placed in the same row as its driver in order to avoid hold issue since they either have different clock signals or not driven by global clock.
INFO: [Constraints 18-8706] Failed to create MUXF7 shape for instance gmem_y_m_axi_U/bus_write/wreq_throttle/data_fifo/U_fifo_srl/mem_reg[62][122]_mux. gmem_y_m_axi_U/bus_write/wreq_throttle/data_fifo/U_fifo_srl/mem_reg[62][122]_mux. 
	to bel F7MUX_AB. Flop can not be placed in the same row as its driver in order to avoid hold issue since they either have different clock signals or not driven by global clock.
INFO: [Constraints 18-8706] Failed to create MUXF7 shape for instance gmem_y_m_axi_U/bus_write/wreq_throttle/data_fifo/U_fifo_srl/mem_reg[62][123]_mux. gmem_y_m_axi_U/bus_write/wreq_throttle/data_fifo/U_fifo_srl/mem_reg[62][123]_mux. 
	to bel F7MUX_AB. Flop can not be placed in the same row as its driver in order to avoid hold issue since they either have different clock signals or not driven by global clock.
INFO: [Constraints 18-8706] Failed to create MUXF7 shape for instance gmem_y_m_axi_U/bus_write/wreq_throttle/data_fifo/U_fifo_srl/mem_reg[62][124]_mux. gmem_y_m_axi_U/bus_write/wreq_throttle/data_fifo/U_fifo_srl/mem_reg[62][124]_mux. 
	to bel F7MUX_AB. Flop can not be placed in the same row as its driver in order to avoid hold issue since they either have different clock signals or not driven by global clock.
INFO: [Constraints 18-8706] Failed to create MUXF7 shape for instance gmem_y_m_axi_U/bus_write/wreq_throttle/data_fifo/U_fifo_srl/mem_reg[62][125]_mux. gmem_y_m_axi_U/bus_write/wreq_throttle/data_fifo/U_fifo_srl/mem_reg[62][125]_mux. 
	to bel F7MUX_AB. Flop can not be placed in the same row as its driver in order to avoid hold issue since they either have different clock signals or not driven by global clock.
INFO: [Constraints 18-8706] Failed to create MUXF7 shape for instance gmem_y_m_axi_U/bus_write/wreq_throttle/data_fifo/U_fifo_srl/mem_reg[62][126]_mux. gmem_y_m_axi_U/bus_write/wreq_throttle/data_fifo/U_fifo_srl/mem_reg[62][126]_mux. 
	to bel F7MUX_AB. Flop can not be placed in the same row as its driver in order to avoid hold issue since they either have different clock signals or not driven by global clock.
INFO: [Constraints 18-8706] Failed to create MUXF7 shape for instance gmem_y_m_axi_U/bus_write/wreq_throttle/data_fifo/U_fifo_srl/mem_reg[62][127]_mux. gmem_y_m_axi_U/bus_write/wreq_throttle/data_fifo/U_fifo_srl/mem_reg[62][127]_mux. 
	to bel F7MUX_AB. Flop can not be placed in the same row as its driver in order to avoid hold issue since they either have different clock signals or not driven by global clock.
INFO: [Constraints 18-8706] Failed to create MUXF7 shape for instance gmem_y_m_axi_U/bus_write/wreq_throttle/data_fifo/U_fifo_srl/mem_reg[62][128]_mux. gmem_y_m_axi_U/bus_write/wreq_throttle/data_fifo/U_fifo_srl/mem_reg[62][128]_mux. 
	to bel F7MUX_AB. Flop can not be placed in the same row as its driver in order to avoid hold issue since they either have different clock signals or not driven by global clock.
INFO: [Constraints 18-8706] Failed to create MUXF7 shape for instance gmem_y_m_axi_U/bus_write/wreq_throttle/data_fifo/U_fifo_srl/mem_reg[62][129]_mux. gmem_y_m_axi_U/bus_write/wreq_throttle/data_fifo/U_fifo_srl/mem_reg[62][129]_mux. 
	to bel F7MUX_AB. Flop can not be placed in the same row as its driver in order to avoid hold issue since they either have different clock signals or not driven by global clock.
INFO: [Constraints 18-8706] Failed to create MUXF7 shape for instance gmem_y_m_axi_U/bus_write/wreq_throttle/data_fifo/U_fifo_srl/mem_reg[62][12]_mux. gmem_y_m_axi_U/bus_write/wreq_throttle/data_fifo/U_fifo_srl/mem_reg[62][12]_mux. 
	to bel F7MUX_AB. Flop can not be placed in the same row as its driver in order to avoid hold issue since they either have different clock signals or not driven by global clock.
INFO: [Constraints 18-8706] Failed to create MUXF7 shape for instance gmem_y_m_axi_U/bus_write/wreq_throttle/data_fifo/U_fifo_srl/mem_reg[62][130]_mux. gmem_y_m_axi_U/bus_write/wreq_throttle/data_fifo/U_fifo_srl/mem_reg[62][130]_mux. 
	to bel F7MUX_AB. Flop can not be placed in the same row as its driver in order to avoid hold issue since they either have different clock signals or not driven by global clock.
INFO: [Constraints 18-8706] Failed to create MUXF7 shape for instance gmem_y_m_axi_U/bus_write/wreq_throttle/data_fifo/U_fifo_srl/mem_reg[62][131]_mux. gmem_y_m_axi_U/bus_write/wreq_throttle/data_fifo/U_fifo_srl/mem_reg[62][131]_mux. 
	to bel F7MUX_AB. Flop can not be placed in the same row as its driver in order to avoid hold issue since they either have different clock signals or not driven by global clock.
INFO: [Constraints 18-8706] Failed to create MUXF7 shape for instance gmem_y_m_axi_U/bus_write/wreq_throttle/data_fifo/U_fifo_srl/mem_reg[62][132]_mux. gmem_y_m_axi_U/bus_write/wreq_throttle/data_fifo/U_fifo_srl/mem_reg[62][132]_mux. 
	to bel F7MUX_AB. Flop can not be placed in the same row as its driver in order to avoid hold issue since they either have different clock signals or not driven by global clock.
INFO: [Constraints 18-8706] Failed to create MUXF7 shape for instance gmem_y_m_axi_U/bus_write/wreq_throttle/data_fifo/U_fifo_srl/mem_reg[62][133]_mux. gmem_y_m_axi_U/bus_write/wreq_throttle/data_fifo/U_fifo_srl/mem_reg[62][133]_mux. 
	to bel F7MUX_AB. Flop can not be placed in the same row as its driver in order to avoid hold issue since they either have different clock signals or not driven by global clock.
INFO: [Constraints 18-8706] Failed to create MUXF7 shape for instance gmem_y_m_axi_U/bus_write/wreq_throttle/data_fifo/U_fifo_srl/mem_reg[62][134]_mux. gmem_y_m_axi_U/bus_write/wreq_throttle/data_fifo/U_fifo_srl/mem_reg[62][134]_mux. 
	to bel F7MUX_AB. Flop can not be placed in the same row as its driver in order to avoid hold issue since they either have different clock signals or not driven by global clock.
INFO: [Constraints 18-8706] Failed to create MUXF7 shape for instance gmem_y_m_axi_U/bus_write/wreq_throttle/data_fifo/U_fifo_srl/mem_reg[62][135]_mux. gmem_y_m_axi_U/bus_write/wreq_throttle/data_fifo/U_fifo_srl/mem_reg[62][135]_mux. 
	to bel F7MUX_AB. Flop can not be placed in the same row as its driver in order to avoid hold issue since they either have different clock signals or not driven by global clock.
INFO: [Constraints 18-8706] Failed to create MUXF7 shape for instance gmem_y_m_axi_U/bus_write/wreq_throttle/data_fifo/U_fifo_srl/mem_reg[62][136]_mux. gmem_y_m_axi_U/bus_write/wreq_throttle/data_fifo/U_fifo_srl/mem_reg[62][136]_mux. 
	to bel F7MUX_AB. Flop can not be placed in the same row as its driver in order to avoid hold issue since they either have different clock signals or not driven by global clock.
INFO: [Constraints 18-8706] Failed to create MUXF7 shape for instance gmem_y_m_axi_U/bus_write/wreq_throttle/data_fifo/U_fifo_srl/mem_reg[62][137]_mux. gmem_y_m_axi_U/bus_write/wreq_throttle/data_fifo/U_fifo_srl/mem_reg[62][137]_mux. 
	to bel F7MUX_AB. Flop can not be placed in the same row as its driver in order to avoid hold issue since they either have different clock signals or not driven by global clock.
INFO: [Constraints 18-8706] Failed to create MUXF7 shape for instance gmem_y_m_axi_U/bus_write/wreq_throttle/data_fifo/U_fifo_srl/mem_reg[62][138]_mux. gmem_y_m_axi_U/bus_write/wreq_throttle/data_fifo/U_fifo_srl/mem_reg[62][138]_mux. 
	to bel F7MUX_AB. Flop can not be placed in the same row as its driver in order to avoid hold issue since they either have different clock signals or not driven by global clock.
INFO: [Constraints 18-8706] Failed to create MUXF7 shape for instance gmem_y_m_axi_U/bus_write/wreq_throttle/data_fifo/U_fifo_srl/mem_reg[62][139]_mux. gmem_y_m_axi_U/bus_write/wreq_throttle/data_fifo/U_fifo_srl/mem_reg[62][139]_mux. 
	to bel F7MUX_AB. Flop can not be placed in the same row as its driver in order to avoid hold issue since they either have different clock signals or not driven by global clock.
INFO: [Constraints 18-8706] Failed to create MUXF7 shape for instance gmem_y_m_axi_U/bus_write/wreq_throttle/data_fifo/U_fifo_srl/mem_reg[62][13]_mux. gmem_y_m_axi_U/bus_write/wreq_throttle/data_fifo/U_fifo_srl/mem_reg[62][13]_mux. 
	to bel F7MUX_AB. Flop can not be placed in the same row as its driver in order to avoid hold issue since they either have different clock signals or not driven by global clock.
INFO: [Constraints 18-8706] Failed to create MUXF7 shape for instance gmem_y_m_axi_U/bus_write/wreq_throttle/data_fifo/U_fifo_srl/mem_reg[62][140]_mux. gmem_y_m_axi_U/bus_write/wreq_throttle/data_fifo/U_fifo_srl/mem_reg[62][140]_mux. 
	to bel F7MUX_AB. Flop can not be placed in the same row as its driver in order to avoid hold issue since they either have different clock signals or not driven by global clock.
INFO: [Constraints 18-8706] Failed to create MUXF7 shape for instance gmem_y_m_axi_U/bus_write/wreq_throttle/data_fifo/U_fifo_srl/mem_reg[62][141]_mux. gmem_y_m_axi_U/bus_write/wreq_throttle/data_fifo/U_fifo_srl/mem_reg[62][141]_mux. 
	to bel F7MUX_AB. Flop can not be placed in the same row as its driver in order to avoid hold issue since they either have different clock signals or not driven by global clock.
INFO: [Constraints 18-8706] Failed to create MUXF7 shape for instance gmem_y_m_axi_U/bus_write/wreq_throttle/data_fifo/U_fifo_srl/mem_reg[62][142]_mux. gmem_y_m_axi_U/bus_write/wreq_throttle/data_fifo/U_fifo_srl/mem_reg[62][142]_mux. 
	to bel F7MUX_AB. Flop can not be placed in the same row as its driver in order to avoid hold issue since they either have different clock signals or not driven by global clock.
INFO: [Constraints 18-8706] Failed to create MUXF7 shape for instance gmem_y_m_axi_U/bus_write/wreq_throttle/data_fifo/U_fifo_srl/mem_reg[62][143]_mux. gmem_y_m_axi_U/bus_write/wreq_throttle/data_fifo/U_fifo_srl/mem_reg[62][143]_mux. 
	to bel F7MUX_AB. Flop can not be placed in the same row as its driver in order to avoid hold issue since they either have different clock signals or not driven by global clock.
INFO: [Constraints 18-8706] Failed to create MUXF7 shape for instance gmem_y_m_axi_U/bus_write/wreq_throttle/data_fifo/U_fifo_srl/mem_reg[62][144]_mux. gmem_y_m_axi_U/bus_write/wreq_throttle/data_fifo/U_fifo_srl/mem_reg[62][144]_mux. 
	to bel F7MUX_AB. Flop can not be placed in the same row as its driver in order to avoid hold issue since they either have different clock signals or not driven by global clock.
INFO: [Constraints 18-8706] Failed to create MUXF7 shape for instance gmem_y_m_axi_U/bus_write/wreq_throttle/data_fifo/U_fifo_srl/mem_reg[62][145]_mux. gmem_y_m_axi_U/bus_write/wreq_throttle/data_fifo/U_fifo_srl/mem_reg[62][145]_mux. 
	to bel F7MUX_AB. Flop can not be placed in the same row as its driver in order to avoid hold issue since they either have different clock signals or not driven by global clock.
INFO: [Constraints 18-8706] Failed to create MUXF7 shape for instance gmem_y_m_axi_U/bus_write/wreq_throttle/data_fifo/U_fifo_srl/mem_reg[62][146]_mux. gmem_y_m_axi_U/bus_write/wreq_throttle/data_fifo/U_fifo_srl/mem_reg[62][146]_mux. 
	to bel F7MUX_AB. Flop can not be placed in the same row as its driver in order to avoid hold issue since they either have different clock signals or not driven by global clock.
INFO: [Constraints 18-8706] Failed to create MUXF7 shape for instance gmem_y_m_axi_U/bus_write/wreq_throttle/data_fifo/U_fifo_srl/mem_reg[62][147]_mux. gmem_y_m_axi_U/bus_write/wreq_throttle/data_fifo/U_fifo_srl/mem_reg[62][147]_mux. 
	to bel F7MUX_AB. Flop can not be placed in the same row as its driver in order to avoid hold issue since they either have different clock signals or not driven by global clock.
INFO: [Constraints 18-8706] Failed to create MUXF7 shape for instance gmem_y_m_axi_U/bus_write/wreq_throttle/data_fifo/U_fifo_srl/mem_reg[62][148]_mux. gmem_y_m_axi_U/bus_write/wreq_throttle/data_fifo/U_fifo_srl/mem_reg[62][148]_mux. 
	to bel F7MUX_AB. Flop can not be placed in the same row as its driver in order to avoid hold issue since they either have different clock signals or not driven by global clock.
INFO: [Constraints 18-8706] Failed to create MUXF7 shape for instance gmem_y_m_axi_U/bus_write/wreq_throttle/data_fifo/U_fifo_srl/mem_reg[62][149]_mux. gmem_y_m_axi_U/bus_write/wreq_throttle/data_fifo/U_fifo_srl/mem_reg[62][149]_mux. 
	to bel F7MUX_AB. Flop can not be placed in the same row as its driver in order to avoid hold issue since they either have different clock signals or not driven by global clock.
INFO: [Constraints 18-8706] Failed to create MUXF7 shape for instance gmem_y_m_axi_U/bus_write/wreq_throttle/data_fifo/U_fifo_srl/mem_reg[62][14]_mux. gmem_y_m_axi_U/bus_write/wreq_throttle/data_fifo/U_fifo_srl/mem_reg[62][14]_mux. 
	to bel F7MUX_AB. Flop can not be placed in the same row as its driver in order to avoid hold issue since they either have different clock signals or not driven by global clock.
INFO: [Constraints 18-8706] Failed to create MUXF7 shape for instance gmem_y_m_axi_U/bus_write/wreq_throttle/data_fifo/U_fifo_srl/mem_reg[62][150]_mux. gmem_y_m_axi_U/bus_write/wreq_throttle/data_fifo/U_fifo_srl/mem_reg[62][150]_mux. 
	to bel F7MUX_AB. Flop can not be placed in the same row as its driver in order to avoid hold issue since they either have different clock signals or not driven by global clock.
INFO: [Constraints 18-8706] Failed to create MUXF7 shape for instance gmem_y_m_axi_U/bus_write/wreq_throttle/data_fifo/U_fifo_srl/mem_reg[62][151]_mux. gmem_y_m_axi_U/bus_write/wreq_throttle/data_fifo/U_fifo_srl/mem_reg[62][151]_mux. 
	to bel F7MUX_AB. Flop can not be placed in the same row as its driver in order to avoid hold issue since they either have different clock signals or not driven by global clock.
INFO: [Constraints 18-8706] Failed to create MUXF7 shape for instance gmem_y_m_axi_U/bus_write/wreq_throttle/data_fifo/U_fifo_srl/mem_reg[62][152]_mux. gmem_y_m_axi_U/bus_write/wreq_throttle/data_fifo/U_fifo_srl/mem_reg[62][152]_mux. 
	to bel F7MUX_AB. Flop can not be placed in the same row as its driver in order to avoid hold issue since they either have different clock signals or not driven by global clock.
INFO: [Constraints 18-8706] Failed to create MUXF7 shape for instance gmem_y_m_axi_U/bus_write/wreq_throttle/data_fifo/U_fifo_srl/mem_reg[62][153]_mux. gmem_y_m_axi_U/bus_write/wreq_throttle/data_fifo/U_fifo_srl/mem_reg[62][153]_mux. 
	to bel F7MUX_AB. Flop can not be placed in the same row as its driver in order to avoid hold issue since they either have different clock signals or not driven by global clock.
INFO: [Constraints 18-8706] Failed to create MUXF7 shape for instance gmem_y_m_axi_U/bus_write/wreq_throttle/data_fifo/U_fifo_srl/mem_reg[62][154]_mux. gmem_y_m_axi_U/bus_write/wreq_throttle/data_fifo/U_fifo_srl/mem_reg[62][154]_mux. 
	to bel F7MUX_AB. Flop can not be placed in the same row as its driver in order to avoid hold issue since they either have different clock signals or not driven by global clock.
INFO: [Constraints 18-8706] Failed to create MUXF7 shape for instance gmem_y_m_axi_U/bus_write/wreq_throttle/data_fifo/U_fifo_srl/mem_reg[62][155]_mux. gmem_y_m_axi_U/bus_write/wreq_throttle/data_fifo/U_fifo_srl/mem_reg[62][155]_mux. 
	to bel F7MUX_AB. Flop can not be placed in the same row as its driver in order to avoid hold issue since they either have different clock signals or not driven by global clock.
INFO: [Constraints 18-8706] Failed to create MUXF7 shape for instance gmem_y_m_axi_U/bus_write/wreq_throttle/data_fifo/U_fifo_srl/mem_reg[62][156]_mux. gmem_y_m_axi_U/bus_write/wreq_throttle/data_fifo/U_fifo_srl/mem_reg[62][156]_mux. 
	to bel F7MUX_AB. Flop can not be placed in the same row as its driver in order to avoid hold issue since they either have different clock signals or not driven by global clock.
INFO: [Constraints 18-8706] Failed to create MUXF7 shape for instance gmem_y_m_axi_U/bus_write/wreq_throttle/data_fifo/U_fifo_srl/mem_reg[62][157]_mux. gmem_y_m_axi_U/bus_write/wreq_throttle/data_fifo/U_fifo_srl/mem_reg[62][157]_mux. 
	to bel F7MUX_AB. Flop can not be placed in the same row as its driver in order to avoid hold issue since they either have different clock signals or not driven by global clock.
INFO: [Constraints 18-8706] Failed to create MUXF7 shape for instance gmem_y_m_axi_U/bus_write/wreq_throttle/data_fifo/U_fifo_srl/mem_reg[62][158]_mux. gmem_y_m_axi_U/bus_write/wreq_throttle/data_fifo/U_fifo_srl/mem_reg[62][158]_mux. 
	to bel F7MUX_AB. Flop can not be placed in the same row as its driver in order to avoid hold issue since they either have different clock signals or not driven by global clock.
INFO: [Constraints 18-8706] Failed to create MUXF7 shape for instance gmem_y_m_axi_U/bus_write/wreq_throttle/data_fifo/U_fifo_srl/mem_reg[62][159]_mux. gmem_y_m_axi_U/bus_write/wreq_throttle/data_fifo/U_fifo_srl/mem_reg[62][159]_mux. 
	to bel F7MUX_AB. Flop can not be placed in the same row as its driver in order to avoid hold issue since they either have different clock signals or not driven by global clock.
INFO: [Constraints 18-8706] Failed to create MUXF7 shape for instance gmem_y_m_axi_U/bus_write/wreq_throttle/data_fifo/U_fifo_srl/mem_reg[62][15]_mux. gmem_y_m_axi_U/bus_write/wreq_throttle/data_fifo/U_fifo_srl/mem_reg[62][15]_mux. 
	to bel F7MUX_AB. Flop can not be placed in the same row as its driver in order to avoid hold issue since they either have different clock signals or not driven by global clock.
INFO: [Constraints 18-8706] Failed to create MUXF7 shape for instance gmem_y_m_axi_U/bus_write/wreq_throttle/data_fifo/U_fifo_srl/mem_reg[62][160]_mux. gmem_y_m_axi_U/bus_write/wreq_throttle/data_fifo/U_fifo_srl/mem_reg[62][160]_mux. 
	to bel F7MUX_AB. Flop can not be placed in the same row as its driver in order to avoid hold issue since they either have different clock signals or not driven by global clock.
INFO: [Constraints 18-8706] Failed to create MUXF7 shape for instance gmem_y_m_axi_U/bus_write/wreq_throttle/data_fifo/U_fifo_srl/mem_reg[62][161]_mux. gmem_y_m_axi_U/bus_write/wreq_throttle/data_fifo/U_fifo_srl/mem_reg[62][161]_mux. 
	to bel F7MUX_AB. Flop can not be placed in the same row as its driver in order to avoid hold issue since they either have different clock signals or not driven by global clock.
INFO: [Constraints 18-8706] Failed to create MUXF7 shape for instance gmem_y_m_axi_U/bus_write/wreq_throttle/data_fifo/U_fifo_srl/mem_reg[62][162]_mux. gmem_y_m_axi_U/bus_write/wreq_throttle/data_fifo/U_fifo_srl/mem_reg[62][162]_mux. 
	to bel F7MUX_AB. Flop can not be placed in the same row as its driver in order to avoid hold issue since they either have different clock signals or not driven by global clock.
INFO: [Constraints 18-8706] Failed to create MUXF7 shape for instance gmem_y_m_axi_U/bus_write/wreq_throttle/data_fifo/U_fifo_srl/mem_reg[62][163]_mux. gmem_y_m_axi_U/bus_write/wreq_throttle/data_fifo/U_fifo_srl/mem_reg[62][163]_mux. 
	to bel F7MUX_AB. Flop can not be placed in the same row as its driver in order to avoid hold issue since they either have different clock signals or not driven by global clock.
INFO: [Constraints 18-8706] Failed to create MUXF7 shape for instance gmem_y_m_axi_U/bus_write/wreq_throttle/data_fifo/U_fifo_srl/mem_reg[62][164]_mux. gmem_y_m_axi_U/bus_write/wreq_throttle/data_fifo/U_fifo_srl/mem_reg[62][164]_mux. 
	to bel F7MUX_AB. Flop can not be placed in the same row as its driver in order to avoid hold issue since they either have different clock signals or not driven by global clock.
INFO: [Constraints 18-8706] Failed to create MUXF7 shape for instance gmem_y_m_axi_U/bus_write/wreq_throttle/data_fifo/U_fifo_srl/mem_reg[62][165]_mux. gmem_y_m_axi_U/bus_write/wreq_throttle/data_fifo/U_fifo_srl/mem_reg[62][165]_mux. 
	to bel F7MUX_AB. Flop can not be placed in the same row as its driver in order to avoid hold issue since they either have different clock signals or not driven by global clock.
INFO: [Constraints 18-8706] Failed to create MUXF7 shape for instance gmem_y_m_axi_U/bus_write/wreq_throttle/data_fifo/U_fifo_srl/mem_reg[62][166]_mux. gmem_y_m_axi_U/bus_write/wreq_throttle/data_fifo/U_fifo_srl/mem_reg[62][166]_mux. 
	to bel F7MUX_AB. Flop can not be placed in the same row as its driver in order to avoid hold issue since they either have different clock signals or not driven by global clock.
INFO: [Constraints 18-8706] Failed to create MUXF7 shape for instance gmem_y_m_axi_U/bus_write/wreq_throttle/data_fifo/U_fifo_srl/mem_reg[62][167]_mux. gmem_y_m_axi_U/bus_write/wreq_throttle/data_fifo/U_fifo_srl/mem_reg[62][167]_mux. 
	to bel F7MUX_AB. Flop can not be placed in the same row as its driver in order to avoid hold issue since they either have different clock signals or not driven by global clock.
INFO: [Constraints 18-8706] Failed to create MUXF7 shape for instance gmem_y_m_axi_U/bus_write/wreq_throttle/data_fifo/U_fifo_srl/mem_reg[62][168]_mux. gmem_y_m_axi_U/bus_write/wreq_throttle/data_fifo/U_fifo_srl/mem_reg[62][168]_mux. 
	to bel F7MUX_AB. Flop can not be placed in the same row as its driver in order to avoid hold issue since they either have different clock signals or not driven by global clock.
INFO: [Constraints 18-8706] Failed to create MUXF7 shape for instance gmem_y_m_axi_U/bus_write/wreq_throttle/data_fifo/U_fifo_srl/mem_reg[62][169]_mux. gmem_y_m_axi_U/bus_write/wreq_throttle/data_fifo/U_fifo_srl/mem_reg[62][169]_mux. 
	to bel F7MUX_AB. Flop can not be placed in the same row as its driver in order to avoid hold issue since they either have different clock signals or not driven by global clock.
INFO: [Constraints 18-8706] Failed to create MUXF7 shape for instance gmem_y_m_axi_U/bus_write/wreq_throttle/data_fifo/U_fifo_srl/mem_reg[62][16]_mux. gmem_y_m_axi_U/bus_write/wreq_throttle/data_fifo/U_fifo_srl/mem_reg[62][16]_mux. 
	to bel F7MUX_AB. Flop can not be placed in the same row as its driver in order to avoid hold issue since they either have different clock signals or not driven by global clock.
INFO: [Constraints 18-8706] Failed to create MUXF7 shape for instance gmem_y_m_axi_U/bus_write/wreq_throttle/data_fifo/U_fifo_srl/mem_reg[62][170]_mux. gmem_y_m_axi_U/bus_write/wreq_throttle/data_fifo/U_fifo_srl/mem_reg[62][170]_mux. 
	to bel F7MUX_AB. Flop can not be placed in the same row as its driver in order to avoid hold issue since they either have different clock signals or not driven by global clock.
INFO: [Constraints 18-8706] Failed to create MUXF7 shape for instance gmem_y_m_axi_U/bus_write/wreq_throttle/data_fifo/U_fifo_srl/mem_reg[62][171]_mux. gmem_y_m_axi_U/bus_write/wreq_throttle/data_fifo/U_fifo_srl/mem_reg[62][171]_mux. 
	to bel F7MUX_AB. Flop can not be placed in the same row as its driver in order to avoid hold issue since they either have different clock signals or not driven by global clock.
INFO: [Constraints 18-8706] Failed to create MUXF7 shape for instance gmem_y_m_axi_U/bus_write/wreq_throttle/data_fifo/U_fifo_srl/mem_reg[62][172]_mux. gmem_y_m_axi_U/bus_write/wreq_throttle/data_fifo/U_fifo_srl/mem_reg[62][172]_mux. 
	to bel F7MUX_AB. Flop can not be placed in the same row as its driver in order to avoid hold issue since they either have different clock signals or not driven by global clock.
INFO: [Constraints 18-8706] Failed to create MUXF7 shape for instance gmem_y_m_axi_U/bus_write/wreq_throttle/data_fifo/U_fifo_srl/mem_reg[62][173]_mux. gmem_y_m_axi_U/bus_write/wreq_throttle/data_fifo/U_fifo_srl/mem_reg[62][173]_mux. 
	to bel F7MUX_AB. Flop can not be placed in the same row as its driver in order to avoid hold issue since they either have different clock signals or not driven by global clock.
INFO: [Constraints 18-8706] Failed to create MUXF7 shape for instance gmem_y_m_axi_U/bus_write/wreq_throttle/data_fifo/U_fifo_srl/mem_reg[62][174]_mux. gmem_y_m_axi_U/bus_write/wreq_throttle/data_fifo/U_fifo_srl/mem_reg[62][174]_mux. 
	to bel F7MUX_AB. Flop can not be placed in the same row as its driver in order to avoid hold issue since they either have different clock signals or not driven by global clock.
INFO: [Constraints 18-8706] Failed to create MUXF7 shape for instance gmem_y_m_axi_U/bus_write/wreq_throttle/data_fifo/U_fifo_srl/mem_reg[62][175]_mux. gmem_y_m_axi_U/bus_write/wreq_throttle/data_fifo/U_fifo_srl/mem_reg[62][175]_mux. 
	to bel F7MUX_AB. Flop can not be placed in the same row as its driver in order to avoid hold issue since they either have different clock signals or not driven by global clock.
INFO: [Constraints 18-8706] Failed to create MUXF7 shape for instance gmem_y_m_axi_U/bus_write/wreq_throttle/data_fifo/U_fifo_srl/mem_reg[62][176]_mux. gmem_y_m_axi_U/bus_write/wreq_throttle/data_fifo/U_fifo_srl/mem_reg[62][176]_mux. 
	to bel F7MUX_AB. Flop can not be placed in the same row as its driver in order to avoid hold issue since they either have different clock signals or not driven by global clock.
INFO: [Constraints 18-8706] Failed to create MUXF7 shape for instance gmem_y_m_axi_U/bus_write/wreq_throttle/data_fifo/U_fifo_srl/mem_reg[62][177]_mux. gmem_y_m_axi_U/bus_write/wreq_throttle/data_fifo/U_fifo_srl/mem_reg[62][177]_mux. 
	to bel F7MUX_AB. Flop can not be placed in the same row as its driver in order to avoid hold issue since they either have different clock signals or not driven by global clock.
INFO: [Constraints 18-8706] Failed to create MUXF7 shape for instance gmem_y_m_axi_U/bus_write/wreq_throttle/data_fifo/U_fifo_srl/mem_reg[62][178]_mux. gmem_y_m_axi_U/bus_write/wreq_throttle/data_fifo/U_fifo_srl/mem_reg[62][178]_mux. 
	to bel F7MUX_AB. Flop can not be placed in the same row as its driver in order to avoid hold issue since they either have different clock signals or not driven by global clock.
INFO: [Constraints 18-8706] Failed to create MUXF7 shape for instance gmem_y_m_axi_U/bus_write/wreq_throttle/data_fifo/U_fifo_srl/mem_reg[62][179]_mux. gmem_y_m_axi_U/bus_write/wreq_throttle/data_fifo/U_fifo_srl/mem_reg[62][179]_mux. 
	to bel F7MUX_AB. Flop can not be placed in the same row as its driver in order to avoid hold issue since they either have different clock signals or not driven by global clock.
INFO: [Constraints 18-8706] Failed to create MUXF7 shape for instance gmem_y_m_axi_U/bus_write/wreq_throttle/data_fifo/U_fifo_srl/mem_reg[62][17]_mux. gmem_y_m_axi_U/bus_write/wreq_throttle/data_fifo/U_fifo_srl/mem_reg[62][17]_mux. 
	to bel F7MUX_AB. Flop can not be placed in the same row as its driver in order to avoid hold issue since they either have different clock signals or not driven by global clock.
INFO: [Constraints 18-8706] Failed to create MUXF7 shape for instance gmem_y_m_axi_U/bus_write/wreq_throttle/data_fifo/U_fifo_srl/mem_reg[62][180]_mux. gmem_y_m_axi_U/bus_write/wreq_throttle/data_fifo/U_fifo_srl/mem_reg[62][180]_mux. 
	to bel F7MUX_AB. Flop can not be placed in the same row as its driver in order to avoid hold issue since they either have different clock signals or not driven by global clock.
INFO: [Constraints 18-8706] Failed to create MUXF7 shape for instance gmem_y_m_axi_U/bus_write/wreq_throttle/data_fifo/U_fifo_srl/mem_reg[62][181]_mux. gmem_y_m_axi_U/bus_write/wreq_throttle/data_fifo/U_fifo_srl/mem_reg[62][181]_mux. 
	to bel F7MUX_AB. Flop can not be placed in the same row as its driver in order to avoid hold issue since they either have different clock signals or not driven by global clock.
INFO: [Constraints 18-8706] Failed to create MUXF7 shape for instance gmem_y_m_axi_U/bus_write/wreq_throttle/data_fifo/U_fifo_srl/mem_reg[62][182]_mux. gmem_y_m_axi_U/bus_write/wreq_throttle/data_fifo/U_fifo_srl/mem_reg[62][182]_mux. 
	to bel F7MUX_AB. Flop can not be placed in the same row as its driver in order to avoid hold issue since they either have different clock signals or not driven by global clock.
INFO: [Constraints 18-8706] Failed to create MUXF7 shape for instance gmem_y_m_axi_U/bus_write/wreq_throttle/data_fifo/U_fifo_srl/mem_reg[62][183]_mux. gmem_y_m_axi_U/bus_write/wreq_throttle/data_fifo/U_fifo_srl/mem_reg[62][183]_mux. 
	to bel F7MUX_AB. Flop can not be placed in the same row as its driver in order to avoid hold issue since they either have different clock signals or not driven by global clock.
INFO: [Constraints 18-8706] Failed to create MUXF7 shape for instance gmem_y_m_axi_U/bus_write/wreq_throttle/data_fifo/U_fifo_srl/mem_reg[62][184]_mux. gmem_y_m_axi_U/bus_write/wreq_throttle/data_fifo/U_fifo_srl/mem_reg[62][184]_mux. 
	to bel F7MUX_AB. Flop can not be placed in the same row as its driver in order to avoid hold issue since they either have different clock signals or not driven by global clock.
INFO: [Constraints 18-8706] Failed to create MUXF7 shape for instance gmem_y_m_axi_U/bus_write/wreq_throttle/data_fifo/U_fifo_srl/mem_reg[62][185]_mux. gmem_y_m_axi_U/bus_write/wreq_throttle/data_fifo/U_fifo_srl/mem_reg[62][185]_mux. 
	to bel F7MUX_AB. Flop can not be placed in the same row as its driver in order to avoid hold issue since they either have different clock signals or not driven by global clock.
INFO: [Constraints 18-8706] Failed to create MUXF7 shape for instance gmem_y_m_axi_U/bus_write/wreq_throttle/data_fifo/U_fifo_srl/mem_reg[62][186]_mux. gmem_y_m_axi_U/bus_write/wreq_throttle/data_fifo/U_fifo_srl/mem_reg[62][186]_mux. 
	to bel F7MUX_AB. Flop can not be placed in the same row as its driver in order to avoid hold issue since they either have different clock signals or not driven by global clock.
INFO: [Constraints 18-8706] Failed to create MUXF7 shape for instance gmem_y_m_axi_U/bus_write/wreq_throttle/data_fifo/U_fifo_srl/mem_reg[62][187]_mux. gmem_y_m_axi_U/bus_write/wreq_throttle/data_fifo/U_fifo_srl/mem_reg[62][187]_mux. 
	to bel F7MUX_AB. Flop can not be placed in the same row as its driver in order to avoid hold issue since they either have different clock signals or not driven by global clock.
INFO: [Constraints 18-8706] Failed to create MUXF7 shape for instance gmem_y_m_axi_U/bus_write/wreq_throttle/data_fifo/U_fifo_srl/mem_reg[62][188]_mux. gmem_y_m_axi_U/bus_write/wreq_throttle/data_fifo/U_fifo_srl/mem_reg[62][188]_mux. 
	to bel F7MUX_AB. Flop can not be placed in the same row as its driver in order to avoid hold issue since they either have different clock signals or not driven by global clock.
INFO: [Constraints 18-8706] Failed to create MUXF7 shape for instance gmem_y_m_axi_U/bus_write/wreq_throttle/data_fifo/U_fifo_srl/mem_reg[62][189]_mux. gmem_y_m_axi_U/bus_write/wreq_throttle/data_fifo/U_fifo_srl/mem_reg[62][189]_mux. 
	to bel F7MUX_AB. Flop can not be placed in the same row as its driver in order to avoid hold issue since they either have different clock signals or not driven by global clock.
INFO: [Constraints 18-8706] Failed to create MUXF7 shape for instance gmem_y_m_axi_U/bus_write/wreq_throttle/data_fifo/U_fifo_srl/mem_reg[62][18]_mux. gmem_y_m_axi_U/bus_write/wreq_throttle/data_fifo/U_fifo_srl/mem_reg[62][18]_mux. 
	to bel F7MUX_AB. Flop can not be placed in the same row as its driver in order to avoid hold issue since they either have different clock signals or not driven by global clock.
INFO: [Common 17-14] Message 'Constraints 18-8706' appears 100 times and further instances of the messages will be disabled. Use the Tcl command set_msg_config to change the current settings.
INFO: [Opt 31-49] Retargeted 0 cell(s).
Phase 3 Retarget | Checksum: 13f7f9fba

Time (s): cpu = 00:00:06 ; elapsed = 00:00:03 . Memory (MB): peak = 5068.066 ; gain = 0.000 ; free physical = 6592 ; free virtual = 26930
Retarget | Checksum: 13f7f9fba
INFO: [Opt 31-389] Phase Retarget created 802 cells and removed 1372 cells

Phase 4 Constant propagation
INFO: [Opt 31-138] Pushed 0 inverter(s) to 0 load pin(s).
Phase 4 Constant propagation | Checksum: 13de4d83a

Time (s): cpu = 00:00:07 ; elapsed = 00:00:03 . Memory (MB): peak = 5068.066 ; gain = 0.000 ; free physical = 6591 ; free virtual = 26928
Constant propagation | Checksum: 13de4d83a
INFO: [Opt 31-389] Phase Constant propagation created 52 cells and removed 337 cells

Phase 5 Sweep
INFO: [Constraints 18-11670] Building netlist checker database with flags, 0x8
Done building netlist checker database: Time (s): cpu = 00:00:00.03 ; elapsed = 00:00:00.03 . Memory (MB): peak = 5068.066 ; gain = 0.000 ; free physical = 6592 ; free virtual = 26930
INFO: [Constraints 18-11670] Building netlist checker database with flags, 0x8
Done building netlist checker database: Time (s): cpu = 00:00:00.01 ; elapsed = 00:00:00.02 . Memory (MB): peak = 5068.066 ; gain = 0.000 ; free physical = 6595 ; free virtual = 26933
Phase 5 Sweep | Checksum: 177be28b8

Time (s): cpu = 00:00:08 ; elapsed = 00:00:05 . Memory (MB): peak = 5068.066 ; gain = 0.000 ; free physical = 6597 ; free virtual = 26934
Sweep | Checksum: 177be28b8
INFO: [Opt 31-389] Phase Sweep created 0 cells and removed 1276 cells

Phase 6 BUFG optimization
INFO: [Opt 31-1077] Phase BUFG optimization inserted 0 global clock buffer(s) for CLOCK_LOW_FANOUT.
Phase 6 BUFG optimization | Checksum: 177be28b8

Time (s): cpu = 00:00:09 ; elapsed = 00:00:05 . Memory (MB): peak = 5100.082 ; gain = 32.016 ; free physical = 6597 ; free virtual = 26934
BUFG optimization | Checksum: 177be28b8
INFO: [Opt 31-662] Phase BUFG optimization created 0 cells of which 0 are BUFGs and removed 0 cells.

Phase 7 Shift Register Optimization
INFO: [Opt 31-1064] SRL Remap converted 0 SRLs to 0 registers and converted 0 registers of register chains to 0 SRLs
Phase 7 Shift Register Optimization | Checksum: 177be28b8

Time (s): cpu = 00:00:09 ; elapsed = 00:00:05 . Memory (MB): peak = 5100.082 ; gain = 32.016 ; free physical = 6597 ; free virtual = 26934
Shift Register Optimization | Checksum: 177be28b8
INFO: [Opt 31-389] Phase Shift Register Optimization created 0 cells and removed 0 cells

Phase 8 Post Processing Netlist
Phase 8 Post Processing Netlist | Checksum: 177be28b8

Time (s): cpu = 00:00:09 ; elapsed = 00:00:06 . Memory (MB): peak = 5100.082 ; gain = 32.016 ; free physical = 6598 ; free virtual = 26935
Post Processing Netlist | Checksum: 177be28b8
INFO: [Opt 31-389] Phase Post Processing Netlist created 0 cells and removed 0 cells

Phase 9 Finalization

Phase 9.1 Finalizing Design Cores and Updating Shapes
Phase 9.1 Finalizing Design Cores and Updating Shapes | Checksum: 1fa8b23a8

Time (s): cpu = 00:00:10 ; elapsed = 00:00:07 . Memory (MB): peak = 5100.082 ; gain = 32.016 ; free physical = 6600 ; free virtual = 26937

Phase 9.2 Verifying Netlist Connectivity

Starting Connectivity Check Task

Time (s): cpu = 00:00:00.11 ; elapsed = 00:00:00.11 . Memory (MB): peak = 5100.082 ; gain = 0.000 ; free physical = 6599 ; free virtual = 26936
Phase 9.2 Verifying Netlist Connectivity | Checksum: 1fa8b23a8

Time (s): cpu = 00:00:10 ; elapsed = 00:00:07 . Memory (MB): peak = 5100.082 ; gain = 32.016 ; free physical = 6599 ; free virtual = 26936
Phase 9 Finalization | Checksum: 1fa8b23a8

Time (s): cpu = 00:00:10 ; elapsed = 00:00:07 . Memory (MB): peak = 5100.082 ; gain = 32.016 ; free physical = 6599 ; free virtual = 26936
Opt_design Change Summary
=========================


-------------------------------------------------------------------------------------------------------------------------
|  Phase                        |  #Cells created  |  #Cells Removed  |  #Constrained objects preventing optimizations  |
-------------------------------------------------------------------------------------------------------------------------
|  Retarget                     |             802  |            1372  |                                              0  |
|  Constant propagation         |              52  |             337  |                                              0  |
|  Sweep                        |               0  |            1276  |                                              0  |
|  BUFG optimization            |               0  |               0  |                                              0  |
|  Shift Register Optimization  |               0  |               0  |                                              0  |
|  Post Processing Netlist      |               0  |               0  |                                              0  |
-------------------------------------------------------------------------------------------------------------------------


Ending Logic Optimization Task | Checksum: 1fa8b23a8

Time (s): cpu = 00:00:10 ; elapsed = 00:00:07 . Memory (MB): peak = 5100.082 ; gain = 32.016 ; free physical = 6599 ; free virtual = 26936

Starting Power Optimization Task
INFO: [Pwropt 34-132] Skipping clock gating for clocks with a period < 2.00 ns.
INFO: [Pwropt 34-9] Applying IDT optimizations ...
INFO: [Pwropt 34-10] Applying ODC optimizations ...
INFO: [Timing 38-35] Done setting XDC timing constraints.
Running Vector-less Activity Propagation...

Finished Running Vector-less Activity Propagation


Starting PowerOpt Patch Enables Task
INFO: [Pwropt 34-162] WRITE_MODE attribute of 0 BRAM(s) out of a total of 32 has been updated to save power. Run report_power_opt to get a complete listing of the BRAMs updated.
INFO: [Pwropt 34-201] Structural ODC has moved 12 WE to EN ports
Number of BRAM Ports augmented: 0 newly gated: 12 Total Ports: 64
Ending PowerOpt Patch Enables Task | Checksum: 14bcaa472

Time (s): cpu = 00:00:00.23 ; elapsed = 00:00:00.23 . Memory (MB): peak = 5404.137 ; gain = 0.000 ; free physical = 6443 ; free virtual = 26781
Ending Power Optimization Task | Checksum: 14bcaa472

Time (s): cpu = 00:00:29 ; elapsed = 00:00:08 . Memory (MB): peak = 5404.137 ; gain = 304.055 ; free physical = 6444 ; free virtual = 26781

Starting Final Cleanup Task
Ending Final Cleanup Task | Checksum: 14bcaa472

Time (s): cpu = 00:00:00 ; elapsed = 00:00:00 . Memory (MB): peak = 5404.137 ; gain = 0.000 ; free physical = 6444 ; free virtual = 26781

Starting Netlist Obfuscation Task
Netlist sorting complete. Time (s): cpu = 00:00:00.02 ; elapsed = 00:00:00.02 . Memory (MB): peak = 5404.137 ; gain = 0.000 ; free physical = 6444 ; free virtual = 26782
Ending Netlist Obfuscation Task | Checksum: 14b98a950

Time (s): cpu = 00:00:00.02 ; elapsed = 00:00:00.03 . Memory (MB): peak = 5404.137 ; gain = 0.000 ; free physical = 6444 ; free virtual = 26782
INFO: [Common 17-83] Releasing license: Implementation
128 Infos, 1 Warnings, 0 Critical Warnings and 0 Errors encountered.
opt_design completed successfully
opt_design: Time (s): cpu = 00:00:44 ; elapsed = 00:00:17 . Memory (MB): peak = 5404.137 ; gain = 336.070 ; free physical = 6444 ; free virtual = 26782
# place_design
Command: place_design
Attempting to get a license for feature 'Implementation' and/or device 'xck26'
INFO: [Common 17-349] Got license for feature 'Implementation' and/or device 'xck26'
INFO: [Common 17-83] Releasing license: Implementation
INFO: [DRC 23-27] Running DRC with 8 threads
WARNING: [DRC 23-814] Not all possible (connectivity based) DRCs may have been run because this design is seen as Out of Context.
INFO: [Vivado_Tcl 4-198] DRC finished with 0 Errors
INFO: [Vivado_Tcl 4-199] Please refer to the DRC report (report_drc) for more information.
Running DRC as a precondition to command place_design
INFO: [DRC 23-27] Running DRC with 8 threads
WARNING: [DRC 23-814] Not all possible (connectivity based) DRCs may have been run because this design is seen as Out of Context.
INFO: [Vivado_Tcl 4-198] DRC finished with 0 Errors
INFO: [Vivado_Tcl 4-199] Please refer to the DRC report (report_drc) for more information.
INFO: [Place 30-611] Multithreading enabled for place_design using a maximum of 8 CPUs

Starting Placer Task

Phase 1 Placer Initialization

Phase 1.1 Placer Initialization Netlist Sorting
Netlist sorting complete. Time (s): cpu = 00:00:00.01 ; elapsed = 00:00:00.01 . Memory (MB): peak = 5404.137 ; gain = 0.000 ; free physical = 6440 ; free virtual = 26790
Phase 1.1 Placer Initialization Netlist Sorting | Checksum: fcac4b41

Time (s): cpu = 00:00:00.02 ; elapsed = 00:00:00.03 . Memory (MB): peak = 5404.137 ; gain = 0.000 ; free physical = 6440 ; free virtual = 26790
Netlist sorting complete. Time (s): cpu = 00:00:00.01 ; elapsed = 00:00:00.01 . Memory (MB): peak = 5404.137 ; gain = 0.000 ; free physical = 6439 ; free virtual = 26790

Phase 1.2 IO Placement/ Clock Placement/ Build Placer Device
INFO: [Timing 38-35] Done setting XDC timing constraints.
Phase 1.2 IO Placement/ Clock Placement/ Build Placer Device | Checksum: 1488644f9

Time (s): cpu = 00:00:16 ; elapsed = 00:00:05 . Memory (MB): peak = 5404.137 ; gain = 0.000 ; free physical = 6385 ; free virtual = 26778

Phase 1.3 Build Placer Netlist Model
Phase 1.3 Build Placer Netlist Model | Checksum: 175b53c87

Time (s): cpu = 00:00:35 ; elapsed = 00:00:13 . Memory (MB): peak = 5404.137 ; gain = 0.000 ; free physical = 6352 ; free virtual = 26749

Phase 1.4 Constrain Clocks/Macros
Phase 1.4 Constrain Clocks/Macros | Checksum: 175b53c87

Time (s): cpu = 00:00:35 ; elapsed = 00:00:14 . Memory (MB): peak = 5404.137 ; gain = 0.000 ; free physical = 6340 ; free virtual = 26743
Phase 1 Placer Initialization | Checksum: 175b53c87

Time (s): cpu = 00:00:36 ; elapsed = 00:00:14 . Memory (MB): peak = 5404.137 ; gain = 0.000 ; free physical = 6339 ; free virtual = 26742

Phase 2 Global Placement

Phase 2.1 Floorplanning

Phase 2.1.1 Partition Driven Placement

Phase 2.1.1.1 PBP: Partition Driven Placement
Phase 2.1.1.1 PBP: Partition Driven Placement | Checksum: 174a6cc27

Time (s): cpu = 00:01:20 ; elapsed = 00:00:30 . Memory (MB): peak = 5404.137 ; gain = 0.000 ; free physical = 6309 ; free virtual = 26750

Phase 2.1.1.2 PBP: Clock Region Placement
INFO: [Place 30-3164] Check ILP status : ILP-based clock placer is skipped.
Phase 2.1.1.2 PBP: Clock Region Placement | Checksum: 174a6cc27

Time (s): cpu = 00:01:20 ; elapsed = 00:00:30 . Memory (MB): peak = 5404.137 ; gain = 0.000 ; free physical = 6309 ; free virtual = 26750

Phase 2.1.1.3 PBP: Compute Congestion
Phase 2.1.1.3 PBP: Compute Congestion | Checksum: 174a6cc27

Time (s): cpu = 00:01:31 ; elapsed = 00:00:33 . Memory (MB): peak = 5632.172 ; gain = 228.035 ; free physical = 5523 ; free virtual = 26379

Phase 2.1.1.4 PBP: UpdateTiming
Phase 2.1.1.4 PBP: UpdateTiming | Checksum: 21071f362

Time (s): cpu = 00:01:34 ; elapsed = 00:00:34 . Memory (MB): peak = 5664.188 ; gain = 260.051 ; free physical = 5535 ; free virtual = 26386

Phase 2.1.1.5 PBP: Add part constraints
Phase 2.1.1.5 PBP: Add part constraints | Checksum: 21071f362

Time (s): cpu = 00:01:35 ; elapsed = 00:00:34 . Memory (MB): peak = 5664.188 ; gain = 260.051 ; free physical = 5535 ; free virtual = 26386
Phase 2.1.1 Partition Driven Placement | Checksum: 21071f362

Time (s): cpu = 00:01:35 ; elapsed = 00:00:34 . Memory (MB): peak = 5664.188 ; gain = 260.051 ; free physical = 5536 ; free virtual = 26387
Phase 2.1 Floorplanning | Checksum: 21071f362

Time (s): cpu = 00:01:35 ; elapsed = 00:00:34 . Memory (MB): peak = 5664.188 ; gain = 260.051 ; free physical = 5536 ; free virtual = 26387

Phase 2.2 Update Timing before SLR Path Opt
Phase 2.2 Update Timing before SLR Path Opt | Checksum: 21071f362

Time (s): cpu = 00:01:35 ; elapsed = 00:00:34 . Memory (MB): peak = 5664.188 ; gain = 260.051 ; free physical = 5536 ; free virtual = 26387

Phase 2.3 Post-Processing in Floorplanning
Phase 2.3 Post-Processing in Floorplanning | Checksum: 1f9ade937

Time (s): cpu = 00:01:35 ; elapsed = 00:00:34 . Memory (MB): peak = 5664.188 ; gain = 260.051 ; free physical = 5537 ; free virtual = 26383

Phase 2.4 Global Place Phase1
Phase 2.4 Global Place Phase1 | Checksum: 1da22bf23

Time (s): cpu = 00:03:09 ; elapsed = 00:01:06 . Memory (MB): peak = 5791.188 ; gain = 387.051 ; free physical = 5471 ; free virtual = 26293

Phase 2.5 Global Place Phase2

Phase 2.5.1 UpdateTiming Before Physical Synthesis
Phase 2.5.1 UpdateTiming Before Physical Synthesis | Checksum: 21f35fa4c

Time (s): cpu = 00:03:13 ; elapsed = 00:01:07 . Memory (MB): peak = 5791.188 ; gain = 387.051 ; free physical = 5472 ; free virtual = 26291

Phase 2.5.2 Physical Synthesis In Placer
INFO: [Physopt 32-1035] Found 2 LUTNM shape to break, 1518 LUT instances to create LUTNM shape
INFO: [Physopt 32-1044] Break lutnm for timing: one critical 2, two critical 0, total 2, new lutff created 0
INFO: [Physopt 32-1138] End 1 Pass. Optimized 592 nets or LUTs. Breaked 2 LUTs, combined 590 existing LUTs and moved 0 existing LUT
INFO: [Physopt 32-1030] Pass 1. Identified 34 candidate driver sets for equivalent driver rewiring.
INFO: [Physopt 32-661] Optimized 26 nets.  Re-placed 86 instances.
INFO: [Physopt 32-775] End 1 Pass. Optimized 26 nets or cells. Created 0 new cell, deleted 2 existing cells and moved 86 existing cells
Netlist sorting complete. Time (s): cpu = 00:00:00.11 ; elapsed = 00:00:00.1 . Memory (MB): peak = 5791.188 ; gain = 0.000 ; free physical = 5415 ; free virtual = 26287
INFO: [Physopt 32-1408] Pass 1. Identified 7 candidate nets for high-fanout optimization.
INFO: [Physopt 32-81] Processed net grp_vision_gemm_Pipeline_VITIS_LOOP_147_10_fu_1983/ap_CS_fsm_pp0_stage3. Replicated 21 times.
INFO: [Physopt 32-81] Processed net grp_vision_gemm_Pipeline_VITIS_LOOP_147_10_fu_1983/ap_CS_fsm_pp0_stage4. Replicated 15 times.
INFO: [Physopt 32-81] Processed net grp_vision_gemm_Pipeline_VITIS_LOOP_147_10_fu_1983/ap_CS_fsm_reg_n_0_[0]. Replicated 23 times.
INFO: [Physopt 32-81] Processed net grp_vision_gemm_Pipeline_VITIS_LOOP_147_10_fu_1983/ap_CS_fsm_pp0_stage1. Replicated 53 times.
INFO: [Physopt 32-81] Processed net grp_vision_gemm_Pipeline_VITIS_LOOP_147_10_fu_1983/ap_enable_reg_pp0_iter3. Replicated 49 times.
INFO: [Physopt 32-81] Processed net grp_vision_gemm_Pipeline_VITIS_LOOP_147_10_fu_1983/ap_CS_fsm_pp0_stage2. Replicated 30 times.
INFO: [Physopt 32-81] Processed net grp_vision_gemm_Pipeline_VITIS_LOOP_147_10_fu_1983/ap_enable_reg_pp0_iter1. Replicated 31 times.
INFO: [Physopt 32-232] Optimized 7 nets. Created 222 new instances.
INFO: [Physopt 32-775] End 1 Pass. Optimized 7 nets or cells. Created 222 new cells, deleted 0 existing cell and moved 0 existing cell
Netlist sorting complete. Time (s): cpu = 00:00:00.26 ; elapsed = 00:00:00.27 . Memory (MB): peak = 5791.188 ; gain = 0.000 ; free physical = 5432 ; free virtual = 26302
INFO: [Physopt 32-456] No candidate cells for DSP register optimization found in the design.
INFO: [Physopt 32-775] End 2 Pass. Optimized 0 net or cell. Created 0 new cell, deleted 0 existing cell and moved 0 existing cell
INFO: [Physopt 32-1123] No candidate cells found for Shift Register to Pipeline optimization
INFO: [Physopt 32-775] End 2 Pass. Optimized 0 net or cell. Created 0 new cell, deleted 0 existing cell and moved 0 existing cell
INFO: [Physopt 32-1402] Pass 1: Identified 4 candidate cells for Shift Register optimization.
INFO: [Physopt 32-775] End 1 Pass. Optimized 4 nets or cells. Created 4 new cells, deleted 0 existing cell and moved 0 existing cell
Netlist sorting complete. Time (s): cpu = 00:00:00.02 ; elapsed = 00:00:00.02 . Memory (MB): peak = 5791.188 ; gain = 0.000 ; free physical = 5431 ; free virtual = 26302
INFO: [Physopt 32-526] No candidate cells for BRAM register optimization found in the design
INFO: [Physopt 32-775] End 1 Pass. Optimized 0 net or cell. Created 0 new cell, deleted 0 existing cell and moved 0 existing cell
INFO: [Physopt 32-846] No candidate cells for URAM register optimization found in the design
INFO: [Physopt 32-775] End 1 Pass. Optimized 0 net or cell. Created 0 new cell, deleted 0 existing cell and moved 0 existing cell
INFO: [Physopt 32-846] No candidate cells for URAM register optimization found in the design
INFO: [Physopt 32-775] End 1 Pass. Optimized 0 net or cell. Created 0 new cell, deleted 0 existing cell and moved 0 existing cell
INFO: [Physopt 32-949] No candidate nets found for dynamic/static region interface net replication
INFO: [Physopt 32-775] End 1 Pass. Optimized 0 net or cell. Created 0 new cell, deleted 0 existing cell and moved 0 existing cell
Netlist sorting complete. Time (s): cpu = 00:00:00.01 ; elapsed = 00:00:00.01 . Memory (MB): peak = 5791.188 ; gain = 0.000 ; free physical = 5430 ; free virtual = 26301

Summary of Physical Synthesis Optimizations
============================================


-----------------------------------------------------------------------------------------------------------------------------------------------------------
|  Optimization                                     |  Added Cells  |  Removed Cells  |  Optimized Cells/Nets  |  Dont Touch  |  Iterations  |  Elapsed   |
-----------------------------------------------------------------------------------------------------------------------------------------------------------
|  LUT Combining                                    |            2  |            590  |                   592  |           0  |           1  |  00:00:01  |
|  Retime                                           |            0  |              0  |                     0  |           0  |           1  |  00:00:00  |
|  Equivalent Driver Rewiring                       |            0  |              2  |                    26  |           0  |           1  |  00:00:04  |
|  Very High Fanout                                 |          222  |              0  |                     7  |           0  |           1  |  00:00:03  |
|  DSP Register                                     |            0  |              0  |                     0  |           0  |           1  |  00:00:00  |
|  Shift Register to Pipeline                       |            0  |              0  |                     0  |           0  |           1  |  00:00:00  |
|  Shift Register                                   |            4  |              0  |                     4  |           0  |           1  |  00:00:00  |
|  BRAM Register                                    |            0  |              0  |                     0  |           0  |           1  |  00:00:00  |
|  URAM Register                                    |            0  |              0  |                     0  |           0  |           1  |  00:00:00  |
|  Dynamic/Static Region Interface Net Replication  |            0  |              0  |                     0  |           0  |           1  |  00:00:00  |
|  Total                                            |          228  |            592  |                   629  |           0  |          10  |  00:00:08  |
-----------------------------------------------------------------------------------------------------------------------------------------------------------


Phase 2.5.2 Physical Synthesis In Placer | Checksum: 2a9016743

Time (s): cpu = 00:03:27 ; elapsed = 00:01:18 . Memory (MB): peak = 5791.188 ; gain = 387.051 ; free physical = 5442 ; free virtual = 26289
Phase 2.5 Global Place Phase2 | Checksum: 1e973a81c

Time (s): cpu = 00:04:20 ; elapsed = 00:01:32 . Memory (MB): peak = 5791.188 ; gain = 387.051 ; free physical = 5496 ; free virtual = 26316
Phase 2 Global Placement | Checksum: 1e973a81c

Time (s): cpu = 00:04:20 ; elapsed = 00:01:32 . Memory (MB): peak = 5791.188 ; gain = 387.051 ; free physical = 5489 ; free virtual = 26309

Phase 3 Detail Placement

Phase 3.1 Commit Multi Column Macros
Phase 3.1 Commit Multi Column Macros | Checksum: 28607cd26

Time (s): cpu = 00:04:34 ; elapsed = 00:01:36 . Memory (MB): peak = 5791.188 ; gain = 387.051 ; free physical = 5529 ; free virtual = 26346

Phase 3.2 Commit Most Macros & LUTRAMs
Phase 3.2 Commit Most Macros & LUTRAMs | Checksum: 2c44c4585

Time (s): cpu = 00:04:39 ; elapsed = 00:01:38 . Memory (MB): peak = 5791.188 ; gain = 387.051 ; free physical = 5534 ; free virtual = 26351

Phase 3.3 Small Shape DP

Phase 3.3.1 Small Shape Clustering
Phase 3.3.1 Small Shape Clustering | Checksum: 1f2bb30b7

Time (s): cpu = 00:05:07 ; elapsed = 00:01:46 . Memory (MB): peak = 5843.691 ; gain = 439.555 ; free physical = 5437 ; free virtual = 26319

Phase 3.3.2 Slice Area Swap

Phase 3.3.2.1 Slice Area Swap Initial
Phase 3.3.2.1 Slice Area Swap Initial | Checksum: 2aa6f2ab6

Time (s): cpu = 00:05:12 ; elapsed = 00:01:49 . Memory (MB): peak = 5843.691 ; gain = 439.555 ; free physical = 5355 ; free virtual = 26311
Phase 3.3.2 Slice Area Swap | Checksum: 2aa6f2ab6

Time (s): cpu = 00:05:13 ; elapsed = 00:01:50 . Memory (MB): peak = 5843.691 ; gain = 439.555 ; free physical = 5354 ; free virtual = 26310
Phase 3.3 Small Shape DP | Checksum: 285c32111

Time (s): cpu = 00:05:26 ; elapsed = 00:01:54 . Memory (MB): peak = 5843.691 ; gain = 439.555 ; free physical = 5303 ; free virtual = 26266

Phase 3.4 Place Remaining
Phase 3.4 Place Remaining | Checksum: 2da6d1017

Time (s): cpu = 00:05:27 ; elapsed = 00:01:54 . Memory (MB): peak = 5843.691 ; gain = 439.555 ; free physical = 5305 ; free virtual = 26269

Phase 3.5 Re-assign LUT pins
Phase 3.5 Re-assign LUT pins | Checksum: 2ed52922a

Time (s): cpu = 00:05:40 ; elapsed = 00:01:59 . Memory (MB): peak = 5843.691 ; gain = 439.555 ; free physical = 5275 ; free virtual = 26216

Phase 3.6 Pipeline Register Optimization
Phase 3.6 Pipeline Register Optimization | Checksum: 2e2df0a34

Time (s): cpu = 00:05:41 ; elapsed = 00:01:59 . Memory (MB): peak = 5843.691 ; gain = 439.555 ; free physical = 5274 ; free virtual = 26215
Phase 3 Detail Placement | Checksum: 2e2df0a34

Time (s): cpu = 00:05:41 ; elapsed = 00:01:59 . Memory (MB): peak = 5843.691 ; gain = 439.555 ; free physical = 5273 ; free virtual = 26215

Phase 4 Post Placement Optimization and Clean-Up

Phase 4.1 Post Commit Optimization
INFO: [Timing 38-35] Done setting XDC timing constraints.

Phase 4.1.1 Post Placement Optimization
Post Placement Optimization Initialization | Checksum: 27e709956

Phase 4.1.1.1 BUFG Insertion

Starting Physical Synthesis Task

Phase 1 Physical Synthesis Initialization
INFO: [Physopt 32-721] Multithreading enabled for phys_opt_design using a maximum of 8 CPUs
INFO: [Physopt 32-619] Estimated Timing Summary | WNS=0.288 | TNS=0.000 |
Phase 1 Physical Synthesis Initialization | Checksum: 18935ac9c

Time (s): cpu = 00:00:03 ; elapsed = 00:00:00.49 . Memory (MB): peak = 5851.695 ; gain = 0.000 ; free physical = 5315 ; free virtual = 26220
INFO: [Place 30-3162] Check ILP status : ILP-based clock placer completed successfully.
INFO: [Place 30-3162] Check ILP status : ILP-based clock placer completed successfully.
INFO: [Place 46-35] Processed net grp_vision_gemm_Pipeline_VITIS_LOOP_147_10_fu_1983/empty_145_fu_12060, inserted BUFG to drive 6528 loads.
INFO: [Place 46-35] Processed net grp_vision_gemm_Pipeline_VITIS_LOOP_147_10_fu_1983/empty_144_fu_1202[31]_i_1_n_0, inserted BUFG to drive 1664 loads.
INFO: [Place 46-35] Processed net grp_vision_gemm_Pipeline_VITIS_LOOP_147_10_fu_1983/mul122_i_1_10_reg_543910, inserted BUFG to drive 1664 loads.
INFO: [Place 46-35] Processed net grp_vision_gemm_Pipeline_VITIS_LOOP_147_10_fu_1983/grp_fu_4083_p012_out, inserted BUFG to drive 1071 loads.
INFO: [Place 46-56] BUFG insertion identified 4 candidate nets. Inserted BUFG: 4, Replicated BUFG Driver: 0, Skipped due to Placement/Routing Conflicts: 0, Skipped due to Timing Degradation: 0, Skipped due to netlist editing failed: 0.
Ending Physical Synthesis Task | Checksum: 2de9dfcfe

Time (s): cpu = 00:00:06 ; elapsed = 00:00:02 . Memory (MB): peak = 5851.695 ; gain = 0.000 ; free physical = 5327 ; free virtual = 26227
Phase 4.1.1.1 BUFG Insertion | Checksum: 2d40d4096

Time (s): cpu = 00:06:24 ; elapsed = 00:02:11 . Memory (MB): peak = 5851.695 ; gain = 447.559 ; free physical = 5327 ; free virtual = 26227

Phase 4.1.1.2 Post Placement Timing Optimization
INFO: [Place 30-746] Post Placement Timing Summary WNS=0.520. For the most accurate timing information please run report_timing.
Phase 4.1.1.2 Post Placement Timing Optimization | Checksum: 298ea3ac7

Time (s): cpu = 00:06:26 ; elapsed = 00:02:13 . Memory (MB): peak = 5851.695 ; gain = 447.559 ; free physical = 5335 ; free virtual = 26236

Time (s): cpu = 00:06:26 ; elapsed = 00:02:13 . Memory (MB): peak = 5851.695 ; gain = 447.559 ; free physical = 5335 ; free virtual = 26236
Phase 4.1 Post Commit Optimization | Checksum: 298ea3ac7

Time (s): cpu = 00:06:26 ; elapsed = 00:02:13 . Memory (MB): peak = 5851.695 ; gain = 447.559 ; free physical = 5335 ; free virtual = 26236
Netlist sorting complete. Time (s): cpu = 00:00:00.14 ; elapsed = 00:00:00.14 . Memory (MB): peak = 5851.695 ; gain = 0.000 ; free physical = 5331 ; free virtual = 26232

Phase 4.2 Post Placement Cleanup
Phase 4.2 Post Placement Cleanup | Checksum: 2ceb0e37e

Time (s): cpu = 00:06:39 ; elapsed = 00:02:18 . Memory (MB): peak = 5851.695 ; gain = 447.559 ; free physical = 5333 ; free virtual = 26235

Phase 4.3 Placer Reporting

Phase 4.3.1 Print Estimated Congestion
INFO: [Place 30-612] Post-Placement Estimated Congestion 
 ________________________________________________________________________
|           | Global Congestion | Long Congestion   | Short Congestion  |
| Direction | Region Size       | Region Size       | Region Size       |
|___________|___________________|___________________|___________________|
|      North|                4x4|                2x2|                4x4|
|___________|___________________|___________________|___________________|
|      South|                4x4|                4x4|                4x4|
|___________|___________________|___________________|___________________|
|       East|                1x1|                1x1|                4x4|
|___________|___________________|___________________|___________________|
|       West|                1x1|                1x1|                8x8|
|___________|___________________|___________________|___________________|

Phase 4.3.1 Print Estimated Congestion | Checksum: 2ceb0e37e

Time (s): cpu = 00:06:40 ; elapsed = 00:02:18 . Memory (MB): peak = 5851.695 ; gain = 447.559 ; free physical = 5333 ; free virtual = 26235
Phase 4.3 Placer Reporting | Checksum: 2ceb0e37e

Time (s): cpu = 00:06:40 ; elapsed = 00:02:18 . Memory (MB): peak = 5851.695 ; gain = 447.559 ; free physical = 5332 ; free virtual = 26234

Phase 4.4 Final Placement Cleanup
Netlist sorting complete. Time (s): cpu = 00:00:00.02 ; elapsed = 00:00:00.01 . Memory (MB): peak = 5851.695 ; gain = 0.000 ; free physical = 5332 ; free virtual = 26234

Time (s): cpu = 00:06:40 ; elapsed = 00:02:18 . Memory (MB): peak = 5851.695 ; gain = 447.559 ; free physical = 5332 ; free virtual = 26234
Phase 4 Post Placement Optimization and Clean-Up | Checksum: 26decfa72

Time (s): cpu = 00:06:41 ; elapsed = 00:02:18 . Memory (MB): peak = 5851.695 ; gain = 447.559 ; free physical = 5333 ; free virtual = 26235
Ending Placer Task | Checksum: 1aae03b08

Time (s): cpu = 00:06:41 ; elapsed = 00:02:18 . Memory (MB): peak = 5851.695 ; gain = 447.559 ; free physical = 5332 ; free virtual = 26235
53 Infos, 2 Warnings, 0 Critical Warnings and 0 Errors encountered.
place_design completed successfully
place_design: Time (s): cpu = 00:06:50 ; elapsed = 00:02:21 . Memory (MB): peak = 5851.695 ; gain = 447.559 ; free physical = 5332 ; free virtual = 26235
# phys_opt_design
Command: phys_opt_design
Attempting to get a license for feature 'Implementation' and/or device 'xck26'
INFO: [Common 17-349] Got license for feature 'Implementation' and/or device 'xck26'

Starting Initial Update Timing Task
WARNING: [Timing 38-242] The property HD.CLK_SRC of clock port "ap_clk" is not set. In out-of-context mode, this prevents timing estimation for clock delay/skew
Resolution: Set the HD.CLK_SRC property of the out-of-context port to the location of the clock buffer instance in the top-level design

Time (s): cpu = 00:00:17 ; elapsed = 00:00:04 . Memory (MB): peak = 5851.695 ; gain = 0.000 ; free physical = 5329 ; free virtual = 26230
INFO: [Vivado_Tcl 4-2279] Estimated Timing Summary | WNS= 0.520 | TNS= 0.000 | 
INFO: [Vivado_Tcl 4-383] Design worst setup slack (WNS) is greater than or equal to 0.000 ns. All physical synthesis setup optimizations will be skipped.
INFO: [Vivado_Tcl 4-232] No setup violation found. The netlist was not modified.
INFO: [Common 17-83] Releasing license: Implementation
5 Infos, 1 Warnings, 0 Critical Warnings and 0 Errors encountered.
phys_opt_design completed successfully
# route_design
Command: route_design
Attempting to get a license for feature 'Implementation' and/or device 'xck26'
INFO: [Common 17-349] Got license for feature 'Implementation' and/or device 'xck26'


Starting Routing Task
INFO: [Route 35-254] Multithreading enabled for route_design using a maximum of 8 CPUs

Phase 1 Build RT Design
Checksum: PlaceDB: 584aaf02 ConstDB: 0 ShapeSum: 56b75d03 RouteDB: fbde2f03
Nodegraph reading from file.  Time (s): cpu = 00:00:00.34 ; elapsed = 00:00:00.35 . Memory (MB): peak = 5851.695 ; gain = 0.000 ; free physical = 5325 ; free virtual = 26231
WARNING: [Route 35-197] Clock port "ap_clk" does not have an associated HD.CLK_SRC. Without this constraint, timing analysis may not be accurate and upstream checks cannot be done to ensure correct clock placement.
WARNING: [Route 35-198] Port "ap_rst_n" does not have an associated HD.PARTPIN_LOCS, which will prevent the partial routing of the signal "ap_rst_n". Without this partial route, timing analysis to/from this port will not be accurate, and no routing information for this port can be exported.
WARNING: [Route 35-198] Port "m_axi_gmem_y_BVALID" does not have an associated HD.PARTPIN_LOCS, which will prevent the partial routing of the signal "m_axi_gmem_y_BVALID". Without this partial route, timing analysis to/from this port will not be accurate, and no routing information for this port can be exported.
WARNING: [Route 35-198] Port "m_axi_gmem_x_ARREADY" does not have an associated HD.PARTPIN_LOCS, which will prevent the partial routing of the signal "m_axi_gmem_x_ARREADY". Without this partial route, timing analysis to/from this port will not be accurate, and no routing information for this port can be exported.
WARNING: [Route 35-198] Port "s_axi_control_WSTRB[1]" does not have an associated HD.PARTPIN_LOCS, which will prevent the partial routing of the signal "s_axi_control_WSTRB[1]". Without this partial route, timing analysis to/from this port will not be accurate, and no routing information for this port can be exported.
WARNING: [Route 35-198] Port "s_axi_control_WDATA[12]" does not have an associated HD.PARTPIN_LOCS, which will prevent the partial routing of the signal "s_axi_control_WDATA[12]". Without this partial route, timing analysis to/from this port will not be accurate, and no routing information for this port can be exported.
WARNING: [Route 35-198] Port "s_axi_control_WDATA[11]" does not have an associated HD.PARTPIN_LOCS, which will prevent the partial routing of the signal "s_axi_control_WDATA[11]". Without this partial route, timing analysis to/from this port will not be accurate, and no routing information for this port can be exported.
WARNING: [Route 35-198] Port "s_axi_control_WSTRB[2]" does not have an associated HD.PARTPIN_LOCS, which will prevent the partial routing of the signal "s_axi_control_WSTRB[2]". Without this partial route, timing analysis to/from this port will not be accurate, and no routing information for this port can be exported.
WARNING: [Route 35-198] Port "s_axi_control_WDATA[23]" does not have an associated HD.PARTPIN_LOCS, which will prevent the partial routing of the signal "s_axi_control_WDATA[23]". Without this partial route, timing analysis to/from this port will not be accurate, and no routing information for this port can be exported.
WARNING: [Route 35-198] Port "s_axi_control_WDATA[18]" does not have an associated HD.PARTPIN_LOCS, which will prevent the partial routing of the signal "s_axi_control_WDATA[18]". Without this partial route, timing analysis to/from this port will not be accurate, and no routing information for this port can be exported.
WARNING: [Route 35-198] Port "s_axi_control_WDATA[8]" does not have an associated HD.PARTPIN_LOCS, which will prevent the partial routing of the signal "s_axi_control_WDATA[8]". Without this partial route, timing analysis to/from this port will not be accurate, and no routing information for this port can be exported.
WARNING: [Route 35-198] Port "s_axi_control_WSTRB[3]" does not have an associated HD.PARTPIN_LOCS, which will prevent the partial routing of the signal "s_axi_control_WSTRB[3]". Without this partial route, timing analysis to/from this port will not be accurate, and no routing information for this port can be exported.
WARNING: [Route 35-198] Port "s_axi_control_WDATA[29]" does not have an associated HD.PARTPIN_LOCS, which will prevent the partial routing of the signal "s_axi_control_WDATA[29]". Without this partial route, timing analysis to/from this port will not be accurate, and no routing information for this port can be exported.
WARNING: [Route 35-198] Port "s_axi_control_BREADY" does not have an associated HD.PARTPIN_LOCS, which will prevent the partial routing of the signal "s_axi_control_BREADY". Without this partial route, timing analysis to/from this port will not be accurate, and no routing information for this port can be exported.
WARNING: [Route 35-198] Port "s_axi_control_WVALID" does not have an associated HD.PARTPIN_LOCS, which will prevent the partial routing of the signal "s_axi_control_WVALID". Without this partial route, timing analysis to/from this port will not be accurate, and no routing information for this port can be exported.
WARNING: [Route 35-198] Port "s_axi_control_AWVALID" does not have an associated HD.PARTPIN_LOCS, which will prevent the partial routing of the signal "s_axi_control_AWVALID". Without this partial route, timing analysis to/from this port will not be accurate, and no routing information for this port can be exported.
WARNING: [Route 35-198] Port "m_axi_gmem_y_AWREADY" does not have an associated HD.PARTPIN_LOCS, which will prevent the partial routing of the signal "m_axi_gmem_y_AWREADY". Without this partial route, timing analysis to/from this port will not be accurate, and no routing information for this port can be exported.
WARNING: [Route 35-198] Port "s_axi_control_WDATA[20]" does not have an associated HD.PARTPIN_LOCS, which will prevent the partial routing of the signal "s_axi_control_WDATA[20]". Without this partial route, timing analysis to/from this port will not be accurate, and no routing information for this port can be exported.
WARNING: [Route 35-198] Port "s_axi_control_WDATA[19]" does not have an associated HD.PARTPIN_LOCS, which will prevent the partial routing of the signal "s_axi_control_WDATA[19]". Without this partial route, timing analysis to/from this port will not be accurate, and no routing information for this port can be exported.
WARNING: [Route 35-198] Port "s_axi_control_WDATA[14]" does not have an associated HD.PARTPIN_LOCS, which will prevent the partial routing of the signal "s_axi_control_WDATA[14]". Without this partial route, timing analysis to/from this port will not be accurate, and no routing information for this port can be exported.
WARNING: [Route 35-198] Port "s_axi_control_WDATA[13]" does not have an associated HD.PARTPIN_LOCS, which will prevent the partial routing of the signal "s_axi_control_WDATA[13]". Without this partial route, timing analysis to/from this port will not be accurate, and no routing information for this port can be exported.
WARNING: [Route 35-198] Port "s_axi_control_WDATA[16]" does not have an associated HD.PARTPIN_LOCS, which will prevent the partial routing of the signal "s_axi_control_WDATA[16]". Without this partial route, timing analysis to/from this port will not be accurate, and no routing information for this port can be exported.
WARNING: [Route 35-198] Port "s_axi_control_WDATA[15]" does not have an associated HD.PARTPIN_LOCS, which will prevent the partial routing of the signal "s_axi_control_WDATA[15]". Without this partial route, timing analysis to/from this port will not be accurate, and no routing information for this port can be exported.
WARNING: [Route 35-198] Port "s_axi_control_WDATA[9]" does not have an associated HD.PARTPIN_LOCS, which will prevent the partial routing of the signal "s_axi_control_WDATA[9]". Without this partial route, timing analysis to/from this port will not be accurate, and no routing information for this port can be exported.
WARNING: [Route 35-198] Port "s_axi_control_WSTRB[0]" does not have an associated HD.PARTPIN_LOCS, which will prevent the partial routing of the signal "s_axi_control_WSTRB[0]". Without this partial route, timing analysis to/from this port will not be accurate, and no routing information for this port can be exported.
WARNING: [Route 35-198] Port "s_axi_control_WDATA[0]" does not have an associated HD.PARTPIN_LOCS, which will prevent the partial routing of the signal "s_axi_control_WDATA[0]". Without this partial route, timing analysis to/from this port will not be accurate, and no routing information for this port can be exported.
WARNING: [Route 35-198] Port "s_axi_control_AWADDR[5]" does not have an associated HD.PARTPIN_LOCS, which will prevent the partial routing of the signal "s_axi_control_AWADDR[5]". Without this partial route, timing analysis to/from this port will not be accurate, and no routing information for this port can be exported.
WARNING: [Route 35-198] Port "s_axi_control_AWADDR[4]" does not have an associated HD.PARTPIN_LOCS, which will prevent the partial routing of the signal "s_axi_control_AWADDR[4]". Without this partial route, timing analysis to/from this port will not be accurate, and no routing information for this port can be exported.
WARNING: [Route 35-198] Port "s_axi_control_AWADDR[3]" does not have an associated HD.PARTPIN_LOCS, which will prevent the partial routing of the signal "s_axi_control_AWADDR[3]". Without this partial route, timing analysis to/from this port will not be accurate, and no routing information for this port can be exported.
WARNING: [Route 35-198] Port "s_axi_control_AWADDR[2]" does not have an associated HD.PARTPIN_LOCS, which will prevent the partial routing of the signal "s_axi_control_AWADDR[2]". Without this partial route, timing analysis to/from this port will not be accurate, and no routing information for this port can be exported.
WARNING: [Route 35-198] Port "s_axi_control_WDATA[22]" does not have an associated HD.PARTPIN_LOCS, which will prevent the partial routing of the signal "s_axi_control_WDATA[22]". Without this partial route, timing analysis to/from this port will not be accurate, and no routing information for this port can be exported.
WARNING: [Route 35-198] Port "s_axi_control_WDATA[21]" does not have an associated HD.PARTPIN_LOCS, which will prevent the partial routing of the signal "s_axi_control_WDATA[21]". Without this partial route, timing analysis to/from this port will not be accurate, and no routing information for this port can be exported.
WARNING: [Route 35-198] Port "s_axi_control_WDATA[25]" does not have an associated HD.PARTPIN_LOCS, which will prevent the partial routing of the signal "s_axi_control_WDATA[25]". Without this partial route, timing analysis to/from this port will not be accurate, and no routing information for this port can be exported.
WARNING: [Route 35-198] Port "s_axi_control_WDATA[6]" does not have an associated HD.PARTPIN_LOCS, which will prevent the partial routing of the signal "s_axi_control_WDATA[6]". Without this partial route, timing analysis to/from this port will not be accurate, and no routing information for this port can be exported.
WARNING: [Route 35-198] Port "s_axi_control_WDATA[5]" does not have an associated HD.PARTPIN_LOCS, which will prevent the partial routing of the signal "s_axi_control_WDATA[5]". Without this partial route, timing analysis to/from this port will not be accurate, and no routing information for this port can be exported.
WARNING: [Route 35-198] Port "s_axi_control_RREADY" does not have an associated HD.PARTPIN_LOCS, which will prevent the partial routing of the signal "s_axi_control_RREADY". Without this partial route, timing analysis to/from this port will not be accurate, and no routing information for this port can be exported.
WARNING: [Route 35-198] Port "s_axi_control_ARVALID" does not have an associated HD.PARTPIN_LOCS, which will prevent the partial routing of the signal "s_axi_control_ARVALID". Without this partial route, timing analysis to/from this port will not be accurate, and no routing information for this port can be exported.
WARNING: [Route 35-198] Port "s_axi_control_ARADDR[4]" does not have an associated HD.PARTPIN_LOCS, which will prevent the partial routing of the signal "s_axi_control_ARADDR[4]". Without this partial route, timing analysis to/from this port will not be accurate, and no routing information for this port can be exported.
WARNING: [Route 35-198] Port "s_axi_control_ARADDR[5]" does not have an associated HD.PARTPIN_LOCS, which will prevent the partial routing of the signal "s_axi_control_ARADDR[5]". Without this partial route, timing analysis to/from this port will not be accurate, and no routing information for this port can be exported.
WARNING: [Route 35-198] Port "s_axi_control_ARADDR[3]" does not have an associated HD.PARTPIN_LOCS, which will prevent the partial routing of the signal "s_axi_control_ARADDR[3]". Without this partial route, timing analysis to/from this port will not be accurate, and no routing information for this port can be exported.
WARNING: [Route 35-198] Port "s_axi_control_ARADDR[0]" does not have an associated HD.PARTPIN_LOCS, which will prevent the partial routing of the signal "s_axi_control_ARADDR[0]". Without this partial route, timing analysis to/from this port will not be accurate, and no routing information for this port can be exported.
WARNING: [Route 35-198] Port "s_axi_control_ARADDR[1]" does not have an associated HD.PARTPIN_LOCS, which will prevent the partial routing of the signal "s_axi_control_ARADDR[1]". Without this partial route, timing analysis to/from this port will not be accurate, and no routing information for this port can be exported.
WARNING: [Route 35-198] Port "s_axi_control_ARADDR[2]" does not have an associated HD.PARTPIN_LOCS, which will prevent the partial routing of the signal "s_axi_control_ARADDR[2]". Without this partial route, timing analysis to/from this port will not be accurate, and no routing information for this port can be exported.
WARNING: [Route 35-198] Port "s_axi_control_WDATA[10]" does not have an associated HD.PARTPIN_LOCS, which will prevent the partial routing of the signal "s_axi_control_WDATA[10]". Without this partial route, timing analysis to/from this port will not be accurate, and no routing information for this port can be exported.
WARNING: [Route 35-198] Port "s_axi_control_WDATA[28]" does not have an associated HD.PARTPIN_LOCS, which will prevent the partial routing of the signal "s_axi_control_WDATA[28]". Without this partial route, timing analysis to/from this port will not be accurate, and no routing information for this port can be exported.
WARNING: [Route 35-198] Port "s_axi_control_WDATA[27]" does not have an associated HD.PARTPIN_LOCS, which will prevent the partial routing of the signal "s_axi_control_WDATA[27]". Without this partial route, timing analysis to/from this port will not be accurate, and no routing information for this port can be exported.
WARNING: [Route 35-198] Port "s_axi_control_WDATA[1]" does not have an associated HD.PARTPIN_LOCS, which will prevent the partial routing of the signal "s_axi_control_WDATA[1]". Without this partial route, timing analysis to/from this port will not be accurate, and no routing information for this port can be exported.
WARNING: [Route 35-198] Port "s_axi_control_WDATA[7]" does not have an associated HD.PARTPIN_LOCS, which will prevent the partial routing of the signal "s_axi_control_WDATA[7]". Without this partial route, timing analysis to/from this port will not be accurate, and no routing information for this port can be exported.
WARNING: [Route 35-198] Port "s_axi_control_WDATA[30]" does not have an associated HD.PARTPIN_LOCS, which will prevent the partial routing of the signal "s_axi_control_WDATA[30]". Without this partial route, timing analysis to/from this port will not be accurate, and no routing information for this port can be exported.
WARNING: [Route 35-198] Port "s_axi_control_WDATA[26]" does not have an associated HD.PARTPIN_LOCS, which will prevent the partial routing of the signal "s_axi_control_WDATA[26]". Without this partial route, timing analysis to/from this port will not be accurate, and no routing information for this port can be exported.
WARNING: [Route 35-198] Port "s_axi_control_WDATA[17]" does not have an associated HD.PARTPIN_LOCS, which will prevent the partial routing of the signal "s_axi_control_WDATA[17]". Without this partial route, timing analysis to/from this port will not be accurate, and no routing information for this port can be exported.
WARNING: [Route 35-198] Port "s_axi_control_WDATA[31]" does not have an associated HD.PARTPIN_LOCS, which will prevent the partial routing of the signal "s_axi_control_WDATA[31]". Without this partial route, timing analysis to/from this port will not be accurate, and no routing information for this port can be exported.
WARNING: [Route 35-198] Port "s_axi_control_WDATA[24]" does not have an associated HD.PARTPIN_LOCS, which will prevent the partial routing of the signal "s_axi_control_WDATA[24]". Without this partial route, timing analysis to/from this port will not be accurate, and no routing information for this port can be exported.
WARNING: [Route 35-198] Port "m_axi_gmem_y_WREADY" does not have an associated HD.PARTPIN_LOCS, which will prevent the partial routing of the signal "m_axi_gmem_y_WREADY". Without this partial route, timing analysis to/from this port will not be accurate, and no routing information for this port can be exported.
WARNING: [Route 35-198] Port "s_axi_control_WDATA[2]" does not have an associated HD.PARTPIN_LOCS, which will prevent the partial routing of the signal "s_axi_control_WDATA[2]". Without this partial route, timing analysis to/from this port will not be accurate, and no routing information for this port can be exported.
WARNING: [Route 35-198] Port "s_axi_control_WDATA[3]" does not have an associated HD.PARTPIN_LOCS, which will prevent the partial routing of the signal "s_axi_control_WDATA[3]". Without this partial route, timing analysis to/from this port will not be accurate, and no routing information for this port can be exported.
WARNING: [Route 35-198] Port "s_axi_control_WDATA[4]" does not have an associated HD.PARTPIN_LOCS, which will prevent the partial routing of the signal "s_axi_control_WDATA[4]". Without this partial route, timing analysis to/from this port will not be accurate, and no routing information for this port can be exported.
WARNING: [Route 35-198] Port "m_axi_gmem_w_ARREADY" does not have an associated HD.PARTPIN_LOCS, which will prevent the partial routing of the signal "m_axi_gmem_w_ARREADY". Without this partial route, timing analysis to/from this port will not be accurate, and no routing information for this port can be exported.
WARNING: [Route 35-198] Port "m_axi_gmem_x_RDATA[139]" does not have an associated HD.PARTPIN_LOCS, which will prevent the partial routing of the signal "m_axi_gmem_x_RDATA[139]". Without this partial route, timing analysis to/from this port will not be accurate, and no routing information for this port can be exported.
WARNING: [Route 35-198] Port "m_axi_gmem_x_RDATA[137]" does not have an associated HD.PARTPIN_LOCS, which will prevent the partial routing of the signal "m_axi_gmem_x_RDATA[137]". Without this partial route, timing analysis to/from this port will not be accurate, and no routing information for this port can be exported.
WARNING: [Route 35-198] Port "m_axi_gmem_x_RDATA[135]" does not have an associated HD.PARTPIN_LOCS, which will prevent the partial routing of the signal "m_axi_gmem_x_RDATA[135]". Without this partial route, timing analysis to/from this port will not be accurate, and no routing information for this port can be exported.
WARNING: [Route 35-198] Port "m_axi_gmem_x_RDATA[127]" does not have an associated HD.PARTPIN_LOCS, which will prevent the partial routing of the signal "m_axi_gmem_x_RDATA[127]". Without this partial route, timing analysis to/from this port will not be accurate, and no routing information for this port can be exported.
WARNING: [Route 35-198] Port "m_axi_gmem_x_RDATA[119]" does not have an associated HD.PARTPIN_LOCS, which will prevent the partial routing of the signal "m_axi_gmem_x_RDATA[119]". Without this partial route, timing analysis to/from this port will not be accurate, and no routing information for this port can be exported.
WARNING: [Route 35-198] Port "m_axi_gmem_x_RDATA[123]" does not have an associated HD.PARTPIN_LOCS, which will prevent the partial routing of the signal "m_axi_gmem_x_RDATA[123]". Without this partial route, timing analysis to/from this port will not be accurate, and no routing information for this port can be exported.
WARNING: [Route 35-198] Port "m_axi_gmem_x_RDATA[121]" does not have an associated HD.PARTPIN_LOCS, which will prevent the partial routing of the signal "m_axi_gmem_x_RDATA[121]". Without this partial route, timing analysis to/from this port will not be accurate, and no routing information for this port can be exported.
WARNING: [Route 35-198] Port "m_axi_gmem_x_RDATA[117]" does not have an associated HD.PARTPIN_LOCS, which will prevent the partial routing of the signal "m_axi_gmem_x_RDATA[117]". Without this partial route, timing analysis to/from this port will not be accurate, and no routing information for this port can be exported.
WARNING: [Route 35-198] Port "m_axi_gmem_x_RDATA[115]" does not have an associated HD.PARTPIN_LOCS, which will prevent the partial routing of the signal "m_axi_gmem_x_RDATA[115]". Without this partial route, timing analysis to/from this port will not be accurate, and no routing information for this port can be exported.
WARNING: [Route 35-198] Port "m_axi_gmem_x_RDATA[143]" does not have an associated HD.PARTPIN_LOCS, which will prevent the partial routing of the signal "m_axi_gmem_x_RDATA[143]". Without this partial route, timing analysis to/from this port will not be accurate, and no routing information for this port can be exported.
WARNING: [Route 35-198] Port "m_axi_gmem_x_RDATA[138]" does not have an associated HD.PARTPIN_LOCS, which will prevent the partial routing of the signal "m_axi_gmem_x_RDATA[138]". Without this partial route, timing analysis to/from this port will not be accurate, and no routing information for this port can be exported.
WARNING: [Route 35-198] Port "m_axi_gmem_x_RDATA[133]" does not have an associated HD.PARTPIN_LOCS, which will prevent the partial routing of the signal "m_axi_gmem_x_RDATA[133]". Without this partial route, timing analysis to/from this port will not be accurate, and no routing information for this port can be exported.
WARNING: [Route 35-198] Port "m_axi_gmem_x_RDATA[131]" does not have an associated HD.PARTPIN_LOCS, which will prevent the partial routing of the signal "m_axi_gmem_x_RDATA[131]". Without this partial route, timing analysis to/from this port will not be accurate, and no routing information for this port can be exported.
WARNING: [Route 35-198] Port "m_axi_gmem_x_RDATA[129]" does not have an associated HD.PARTPIN_LOCS, which will prevent the partial routing of the signal "m_axi_gmem_x_RDATA[129]". Without this partial route, timing analysis to/from this port will not be accurate, and no routing information for this port can be exported.
WARNING: [Route 35-198] Port "m_axi_gmem_x_RDATA[141]" does not have an associated HD.PARTPIN_LOCS, which will prevent the partial routing of the signal "m_axi_gmem_x_RDATA[141]". Without this partial route, timing analysis to/from this port will not be accurate, and no routing information for this port can be exported.
WARNING: [Route 35-198] Port "m_axi_gmem_x_RDATA[113]" does not have an associated HD.PARTPIN_LOCS, which will prevent the partial routing of the signal "m_axi_gmem_x_RDATA[113]". Without this partial route, timing analysis to/from this port will not be accurate, and no routing information for this port can be exported.
WARNING: [Route 35-198] Port "m_axi_gmem_x_RDATA[111]" does not have an associated HD.PARTPIN_LOCS, which will prevent the partial routing of the signal "m_axi_gmem_x_RDATA[111]". Without this partial route, timing analysis to/from this port will not be accurate, and no routing information for this port can be exported.
WARNING: [Route 35-198] Port "m_axi_gmem_x_RDATA[125]" does not have an associated HD.PARTPIN_LOCS, which will prevent the partial routing of the signal "m_axi_gmem_x_RDATA[125]". Without this partial route, timing analysis to/from this port will not be accurate, and no routing information for this port can be exported.
WARNING: [Route 35-198] Port "m_axi_gmem_x_RDATA[122]" does not have an associated HD.PARTPIN_LOCS, which will prevent the partial routing of the signal "m_axi_gmem_x_RDATA[122]". Without this partial route, timing analysis to/from this port will not be accurate, and no routing information for this port can be exported.
WARNING: [Route 35-198] Port "m_axi_gmem_x_RDATA[120]" does not have an associated HD.PARTPIN_LOCS, which will prevent the partial routing of the signal "m_axi_gmem_x_RDATA[120]". Without this partial route, timing analysis to/from this port will not be accurate, and no routing information for this port can be exported.
WARNING: [Route 35-198] Port "m_axi_gmem_x_RDATA[116]" does not have an associated HD.PARTPIN_LOCS, which will prevent the partial routing of the signal "m_axi_gmem_x_RDATA[116]". Without this partial route, timing analysis to/from this port will not be accurate, and no routing information for this port can be exported.
WARNING: [Route 35-198] Port "m_axi_gmem_x_RDATA[142]" does not have an associated HD.PARTPIN_LOCS, which will prevent the partial routing of the signal "m_axi_gmem_x_RDATA[142]". Without this partial route, timing analysis to/from this port will not be accurate, and no routing information for this port can be exported.
WARNING: [Route 35-198] Port "m_axi_gmem_x_RDATA[136]" does not have an associated HD.PARTPIN_LOCS, which will prevent the partial routing of the signal "m_axi_gmem_x_RDATA[136]". Without this partial route, timing analysis to/from this port will not be accurate, and no routing information for this port can be exported.
WARNING: [Route 35-198] Port "m_axi_gmem_x_RDATA[134]" does not have an associated HD.PARTPIN_LOCS, which will prevent the partial routing of the signal "m_axi_gmem_x_RDATA[134]". Without this partial route, timing analysis to/from this port will not be accurate, and no routing information for this port can be exported.
WARNING: [Route 35-198] Port "m_axi_gmem_x_RDATA[132]" does not have an associated HD.PARTPIN_LOCS, which will prevent the partial routing of the signal "m_axi_gmem_x_RDATA[132]". Without this partial route, timing analysis to/from this port will not be accurate, and no routing information for this port can be exported.
WARNING: [Route 35-198] Port "m_axi_gmem_x_RDATA[128]" does not have an associated HD.PARTPIN_LOCS, which will prevent the partial routing of the signal "m_axi_gmem_x_RDATA[128]". Without this partial route, timing analysis to/from this port will not be accurate, and no routing information for this port can be exported.
WARNING: [Route 35-198] Port "m_axi_gmem_x_RDATA[126]" does not have an associated HD.PARTPIN_LOCS, which will prevent the partial routing of the signal "m_axi_gmem_x_RDATA[126]". Without this partial route, timing analysis to/from this port will not be accurate, and no routing information for this port can be exported.
WARNING: [Route 35-198] Port "m_axi_gmem_x_RDATA[124]" does not have an associated HD.PARTPIN_LOCS, which will prevent the partial routing of the signal "m_axi_gmem_x_RDATA[124]". Without this partial route, timing analysis to/from this port will not be accurate, and no routing information for this port can be exported.
WARNING: [Route 35-198] Port "m_axi_gmem_x_RDATA[140]" does not have an associated HD.PARTPIN_LOCS, which will prevent the partial routing of the signal "m_axi_gmem_x_RDATA[140]". Without this partial route, timing analysis to/from this port will not be accurate, and no routing information for this port can be exported.
WARNING: [Route 35-198] Port "m_axi_gmem_x_RDATA[130]" does not have an associated HD.PARTPIN_LOCS, which will prevent the partial routing of the signal "m_axi_gmem_x_RDATA[130]". Without this partial route, timing analysis to/from this port will not be accurate, and no routing information for this port can be exported.
WARNING: [Route 35-198] Port "m_axi_gmem_x_RDATA[118]" does not have an associated HD.PARTPIN_LOCS, which will prevent the partial routing of the signal "m_axi_gmem_x_RDATA[118]". Without this partial route, timing analysis to/from this port will not be accurate, and no routing information for this port can be exported.
WARNING: [Route 35-198] Port "m_axi_gmem_x_RDATA[114]" does not have an associated HD.PARTPIN_LOCS, which will prevent the partial routing of the signal "m_axi_gmem_x_RDATA[114]". Without this partial route, timing analysis to/from this port will not be accurate, and no routing information for this port can be exported.
WARNING: [Route 35-198] Port "m_axi_gmem_x_RDATA[112]" does not have an associated HD.PARTPIN_LOCS, which will prevent the partial routing of the signal "m_axi_gmem_x_RDATA[112]". Without this partial route, timing analysis to/from this port will not be accurate, and no routing information for this port can be exported.
WARNING: [Route 35-198] Port "m_axi_gmem_x_RDATA[110]" does not have an associated HD.PARTPIN_LOCS, which will prevent the partial routing of the signal "m_axi_gmem_x_RDATA[110]". Without this partial route, timing analysis to/from this port will not be accurate, and no routing information for this port can be exported.
WARNING: [Route 35-198] Port "m_axi_gmem_x_RDATA[109]" does not have an associated HD.PARTPIN_LOCS, which will prevent the partial routing of the signal "m_axi_gmem_x_RDATA[109]". Without this partial route, timing analysis to/from this port will not be accurate, and no routing information for this port can be exported.
WARNING: [Route 35-198] Port "m_axi_gmem_x_RDATA[108]" does not have an associated HD.PARTPIN_LOCS, which will prevent the partial routing of the signal "m_axi_gmem_x_RDATA[108]". Without this partial route, timing analysis to/from this port will not be accurate, and no routing information for this port can be exported.
WARNING: [Route 35-198] Port "m_axi_gmem_x_RDATA[103]" does not have an associated HD.PARTPIN_LOCS, which will prevent the partial routing of the signal "m_axi_gmem_x_RDATA[103]". Without this partial route, timing analysis to/from this port will not be accurate, and no routing information for this port can be exported.
WARNING: [Route 35-198] Port "m_axi_gmem_x_RDATA[101]" does not have an associated HD.PARTPIN_LOCS, which will prevent the partial routing of the signal "m_axi_gmem_x_RDATA[101]". Without this partial route, timing analysis to/from this port will not be accurate, and no routing information for this port can be exported.
WARNING: [Route 35-198] Port "m_axi_gmem_x_RDATA[87]" does not have an associated HD.PARTPIN_LOCS, which will prevent the partial routing of the signal "m_axi_gmem_x_RDATA[87]". Without this partial route, timing analysis to/from this port will not be accurate, and no routing information for this port can be exported.
WARNING: [Route 35-198] Port "m_axi_gmem_x_RDATA[85]" does not have an associated HD.PARTPIN_LOCS, which will prevent the partial routing of the signal "m_axi_gmem_x_RDATA[85]". Without this partial route, timing analysis to/from this port will not be accurate, and no routing information for this port can be exported.
WARNING: [Route 35-198] Port "m_axi_gmem_x_RDATA[81]" does not have an associated HD.PARTPIN_LOCS, which will prevent the partial routing of the signal "m_axi_gmem_x_RDATA[81]". Without this partial route, timing analysis to/from this port will not be accurate, and no routing information for this port can be exported.
WARNING: [Route 35-198] Port "m_axi_gmem_x_RDATA[99]" does not have an associated HD.PARTPIN_LOCS, which will prevent the partial routing of the signal "m_axi_gmem_x_RDATA[99]". Without this partial route, timing analysis to/from this port will not be accurate, and no routing information for this port can be exported.
WARNING: [Route 35-198] Port "m_axi_gmem_x_RDATA[97]" does not have an associated HD.PARTPIN_LOCS, which will prevent the partial routing of the signal "m_axi_gmem_x_RDATA[97]". Without this partial route, timing analysis to/from this port will not be accurate, and no routing information for this port can be exported.
INFO: [Common 17-14] Message 'Route 35-198' appears 100 times and further instances of the messages will be disabled. Use the Tcl command set_msg_config to change the current settings.
Post Restoration Checksum: NetGraph: 6ef2d1dc | NumContArr: 14c8bdea | Constraints: 310d76ec | Timing: c2a8fa9d
Phase 1 Build RT Design | Checksum: 17772014f

Time (s): cpu = 00:00:23 ; elapsed = 00:00:04 . Memory (MB): peak = 5851.695 ; gain = 0.000 ; free physical = 5323 ; free virtual = 26230

Phase 2 Router Initialization

Phase 2.1 Fix Topology Constraints
Phase 2.1 Fix Topology Constraints | Checksum: 17772014f

Time (s): cpu = 00:00:24 ; elapsed = 00:00:05 . Memory (MB): peak = 5851.695 ; gain = 0.000 ; free physical = 5323 ; free virtual = 26230

Phase 2.2 Pre Route Cleanup
Phase 2.2 Pre Route Cleanup | Checksum: 17772014f

Time (s): cpu = 00:00:24 ; elapsed = 00:00:05 . Memory (MB): peak = 5851.695 ; gain = 0.000 ; free physical = 5322 ; free virtual = 26229

Phase 2.3 Global Clock Net Routing
 Number of Nodes with overlaps = 0
Phase 2.3 Global Clock Net Routing | Checksum: 1fe6858db

Time (s): cpu = 00:00:28 ; elapsed = 00:00:06 . Memory (MB): peak = 5851.695 ; gain = 0.000 ; free physical = 5318 ; free virtual = 26225

Phase 2.4 Update Timing
Phase 2.4 Update Timing | Checksum: 152642004

Time (s): cpu = 00:00:39 ; elapsed = 00:00:09 . Memory (MB): peak = 5851.695 ; gain = 0.000 ; free physical = 5289 ; free virtual = 26221
INFO: [Route 35-416] Intermediate Timing Summary | WNS=0.513  | TNS=0.000  | WHS=0.021  | THS=0.000  |


Router Utilization Summary
  Global Vertical Routing Utilization    = 0.00306393 %
  Global Horizontal Routing Utilization  = 0.000330388 %
  Routable Net Status*
  *Does not include unroutable nets such as driverless and loadless.
  Run report_route_status for detailed report.
  Number of Failed Nets               = 106090
    (Failed Nets is the sum of unrouted and partially routed nets)
  Number of Unrouted Nets             = 83915
  Number of Partially Routed Nets     = 22175
  Number of Node Overlaps             = 3

Phase 2 Router Initialization | Checksum: 19d1fc9f6

Time (s): cpu = 00:01:01 ; elapsed = 00:00:15 . Memory (MB): peak = 5851.695 ; gain = 0.000 ; free physical = 5306 ; free virtual = 26215

Phase 3 Global Routing
Phase 3 Global Routing | Checksum: 19d1fc9f6

Time (s): cpu = 00:01:01 ; elapsed = 00:00:15 . Memory (MB): peak = 5851.695 ; gain = 0.000 ; free physical = 5307 ; free virtual = 26216

Phase 4 Initial Routing

Phase 4.1 Initial Net Routing Pass
Phase 4.1 Initial Net Routing Pass | Checksum: 24c31b4f2

Time (s): cpu = 00:01:54 ; elapsed = 00:00:31 . Memory (MB): peak = 5875.680 ; gain = 23.984 ; free physical = 5248 ; free virtual = 26156
Phase 4 Initial Routing | Checksum: 1fbfb03eb

Time (s): cpu = 00:01:56 ; elapsed = 00:00:32 . Memory (MB): peak = 5875.680 ; gain = 23.984 ; free physical = 5248 ; free virtual = 26156

Phase 5 Rip-up And Reroute

Phase 5.1 Global Iteration 0
 Number of Nodes with overlaps = 19634
 Number of Nodes with overlaps = 1032
 Number of Nodes with overlaps = 64
 Number of Nodes with overlaps = 12
 Number of Nodes with overlaps = 1
 Number of Nodes with overlaps = 1
 Number of Nodes with overlaps = 0
INFO: [Route 35-416] Intermediate Timing Summary | WNS=0.225  | TNS=0.000  | WHS=0.042  | THS=0.000  |

Phase 5.1 Global Iteration 0 | Checksum: 1536ddba4

Time (s): cpu = 00:03:39 ; elapsed = 00:01:06 . Memory (MB): peak = 5875.680 ; gain = 23.984 ; free physical = 5245 ; free virtual = 26149

Phase 5.2 Additional Iteration for Hold
Phase 5.2 Additional Iteration for Hold | Checksum: 182d5d837

Time (s): cpu = 00:03:40 ; elapsed = 00:01:07 . Memory (MB): peak = 5875.680 ; gain = 23.984 ; free physical = 5245 ; free virtual = 26149
Phase 5 Rip-up And Reroute | Checksum: 182d5d837

Time (s): cpu = 00:03:40 ; elapsed = 00:01:07 . Memory (MB): peak = 5875.680 ; gain = 23.984 ; free physical = 5245 ; free virtual = 26149

Phase 6 Delay and Skew Optimization

Phase 6.1 Delay CleanUp
Phase 6.1 Delay CleanUp | Checksum: 182d5d837

Time (s): cpu = 00:03:41 ; elapsed = 00:01:07 . Memory (MB): peak = 5875.680 ; gain = 23.984 ; free physical = 5245 ; free virtual = 26149

Phase 6.2 Clock Skew Optimization
Phase 6.2 Clock Skew Optimization | Checksum: 182d5d837

Time (s): cpu = 00:03:41 ; elapsed = 00:01:07 . Memory (MB): peak = 5875.680 ; gain = 23.984 ; free physical = 5245 ; free virtual = 26149
Phase 6 Delay and Skew Optimization | Checksum: 182d5d837

Time (s): cpu = 00:03:41 ; elapsed = 00:01:07 . Memory (MB): peak = 5875.680 ; gain = 23.984 ; free physical = 5245 ; free virtual = 26149

Phase 7 Post Hold Fix

Phase 7.1 Hold Fix Iter
INFO: [Route 35-416] Intermediate Timing Summary | WNS=0.225  | TNS=0.000  | WHS=0.042  | THS=0.000  |

Phase 7.1 Hold Fix Iter | Checksum: 182d5d837

Time (s): cpu = 00:03:54 ; elapsed = 00:01:09 . Memory (MB): peak = 5875.680 ; gain = 23.984 ; free physical = 5253 ; free virtual = 26155
Phase 7 Post Hold Fix | Checksum: 182d5d837

Time (s): cpu = 00:03:55 ; elapsed = 00:01:09 . Memory (MB): peak = 5875.680 ; gain = 23.984 ; free physical = 5253 ; free virtual = 26155

Phase 8 Leaf Clock Prog Delay Opt
Phase 8 Leaf Clock Prog Delay Opt | Checksum: 1cfcf23d4

Time (s): cpu = 00:04:03 ; elapsed = 00:01:11 . Memory (MB): peak = 5875.680 ; gain = 23.984 ; free physical = 5253 ; free virtual = 26156

Phase 9 Route finalize

Router Utilization Summary
  Global Vertical Routing Utilization    = 20.4206 %
  Global Horizontal Routing Utilization  = 15.2215 %
  Routable Net Status*
  *Does not include unroutable nets such as driverless and loadless.
  Run report_route_status for detailed report.
  Number of Failed Nets               = 0
    (Failed Nets is the sum of unrouted and partially routed nets)
  Number of Unrouted Nets             = 0
  Number of Partially Routed Nets     = 0
  Number of Node Overlaps             = 0

Phase 9 Route finalize | Checksum: 1cfcf23d4

Time (s): cpu = 00:04:05 ; elapsed = 00:01:11 . Memory (MB): peak = 5875.680 ; gain = 23.984 ; free physical = 5255 ; free virtual = 26158

Phase 10 Verifying routed nets

 Verification completed successfully
Phase 10 Verifying routed nets | Checksum: 1cfcf23d4

Time (s): cpu = 00:04:05 ; elapsed = 00:01:11 . Memory (MB): peak = 5875.680 ; gain = 23.984 ; free physical = 5255 ; free virtual = 26158

Phase 11 Depositing Routes
Phase 11 Depositing Routes | Checksum: 1cfcf23d4

Time (s): cpu = 00:04:11 ; elapsed = 00:01:14 . Memory (MB): peak = 5875.680 ; gain = 23.984 ; free physical = 5257 ; free virtual = 26159

Phase 12 Resolve XTalk
Phase 12 Resolve XTalk | Checksum: 1cfcf23d4

Time (s): cpu = 00:04:11 ; elapsed = 00:01:15 . Memory (MB): peak = 5875.680 ; gain = 23.984 ; free physical = 5250 ; free virtual = 26153

Phase 13 Post Process Routing
Phase 13 Post Process Routing | Checksum: 1cfcf23d4

Time (s): cpu = 00:04:12 ; elapsed = 00:01:15 . Memory (MB): peak = 5875.680 ; gain = 23.984 ; free physical = 5252 ; free virtual = 26155

Phase 14 Post Router Timing
INFO: [Route 35-57] Estimated Timing Summary | WNS=0.225  | TNS=0.000  | WHS=0.042  | THS=0.000  |

INFO: [Route 35-327] The final timing numbers are based on the router estimated timing analysis. For a complete and accurate timing signoff, please run report_timing_summary.
Phase 14 Post Router Timing | Checksum: 1cfcf23d4

Time (s): cpu = 00:04:12 ; elapsed = 00:01:15 . Memory (MB): peak = 5875.680 ; gain = 23.984 ; free physical = 5252 ; free virtual = 26154
Total Elapsed time in route_design: 75.06 secs

Phase 15 Post-Route Event Processing
Phase 15 Post-Route Event Processing | Checksum: ee920a19

Time (s): cpu = 00:04:13 ; elapsed = 00:01:15 . Memory (MB): peak = 5875.680 ; gain = 23.984 ; free physical = 5252 ; free virtual = 26154
INFO: [Route 35-16] Router Completed Successfully
Ending Routing Task | Checksum: ee920a19

Time (s): cpu = 00:04:14 ; elapsed = 00:01:15 . Memory (MB): peak = 5875.680 ; gain = 23.984 ; free physical = 5251 ; free virtual = 26154

Routing Is Done.
INFO: [Common 17-83] Releasing license: Implementation
10 Infos, 101 Warnings, 0 Critical Warnings and 0 Errors encountered.
route_design completed successfully
route_design: Time (s): cpu = 00:04:14 ; elapsed = 00:01:16 . Memory (MB): peak = 5875.680 ; gain = 23.984 ; free physical = 5254 ; free virtual = 26157
# report_utilization -file [file join $out_dir utilization_post_route.rpt]
# report_timing_summary -delay_type max -report_unconstrained -file [file join $out_dir timing_post_route.rpt]
INFO: [Timing 38-91] UpdateTimingParams: Speed grade: -2LV, Temperature grade: C, Delay Type: max.
INFO: [Timing 38-191] Multithreading enabled for timing update using a maximum of 8 CPUs
WARNING: [Timing 38-242] The property HD.CLK_SRC of clock port "ap_clk" is not set. In out-of-context mode, this prevents timing estimation for clock delay/skew
Resolution: Set the HD.CLK_SRC property of the out-of-context port to the location of the clock buffer instance in the top-level design
report_timing_summary: Time (s): cpu = 00:00:28 ; elapsed = 00:00:12 . Memory (MB): peak = 5875.680 ; gain = 0.000 ; free physical = 5290 ; free virtual = 26193
# report_clock_utilization -file [file join $out_dir clock_utilization_post_route.rpt]
# write_checkpoint -force [file join $out_dir routed.dcp]
INFO: [Timing 38-480] Writing timing data to binary archive.
Write ShapeDB Complete: Time (s): cpu = 00:00:00.58 ; elapsed = 00:00:00.12 . Memory (MB): peak = 5875.680 ; gain = 0.000 ; free physical = 5267 ; free virtual = 26195
Wrote PlaceDB: Time (s): cpu = 00:00:07 ; elapsed = 00:00:03 . Memory (MB): peak = 5875.680 ; gain = 0.000 ; free physical = 5156 ; free virtual = 26188
Wrote PulsedLatchDB: Time (s): cpu = 00:00:00 ; elapsed = 00:00:00 . Memory (MB): peak = 5875.680 ; gain = 0.000 ; free physical = 5156 ; free virtual = 26188
Writing XDEF routing.
Writing XDEF routing logical nets.
Writing XDEF routing special nets.
Wrote RouteStorage: Time (s): cpu = 00:00:01 ; elapsed = 00:00:00.62 . Memory (MB): peak = 5875.680 ; gain = 0.000 ; free physical = 5126 ; free virtual = 26178
Wrote Netlist Cache: Time (s): cpu = 00:00:00.07 ; elapsed = 00:00:00.07 . Memory (MB): peak = 5875.680 ; gain = 0.000 ; free physical = 5111 ; free virtual = 26174
Wrote Device Cache: Time (s): cpu = 00:00:00.01 ; elapsed = 00:00:00.01 . Memory (MB): peak = 5875.680 ; gain = 0.000 ; free physical = 5111 ; free virtual = 26177
Write Physdb Complete: Time (s): cpu = 00:00:08 ; elapsed = 00:00:03 . Memory (MB): peak = 5875.680 ; gain = 0.000 ; free physical = 5111 ; free virtual = 26177
INFO: [Common 17-1381] The checkpoint '/home/zhiro/research/kv260-vlm-workers/RM02-B-hls-baseline/experiments/rm03_hls_mapping/reports/vivado_ooc_rm03_k16/routed.dcp' has been generated.
write_checkpoint: Time (s): cpu = 00:00:10 ; elapsed = 00:00:05 . Memory (MB): peak = 5875.680 ; gain = 0.000 ; free physical = 5223 ; free virtual = 26168
# exit
INFO: [Common 17-206] Exiting Vivado at Thu Sep 24 16:48:28 2026...
