

================================================================
== Vitis HLS Report for 'p_anonymous_namespace_compute_weight_batch_Pipeline_VITIS_LOOP_168_9'
================================================================
* Date:           Sat Sep 26 17:40:12 2026

* Version:        2024.2 (Build 5238294 on Nov  8 2024)
* Project:        project
* Solution:       solution1 (Vivado IP Flow Target)
* Product family: zynquplus
* Target device:  xck26-sfvc784-2LV-c


================================================================
== Performance Estimates
================================================================
+ Timing: 
    * Summary: 
    +--------+---------+----------+------------+
    |  Clock |  Target | Estimated| Uncertainty|
    +--------+---------+----------+------------+
    |ap_clk  |  5.00 ns|  3.641 ns|     1.35 ns|
    +--------+---------+----------+------------+

+ Latency: 
    * Summary: 
    +---------+------------+-----------+-----------+-----+------------+------------------------------------------------+
    |   Latency (cycles)   |   Latency (absolute)  |     Interval     |                    Pipeline                    |
    |   min   |     max    |    min    |    max    | min |     max    |                      Type                      |
    +---------+------------+-----------+-----------+-----+------------+------------------------------------------------+
    |        5|  1073741858|  25.000 ns|  5.369 sec|    1|  1073741824|  loop auto-rewind stp (delay=0 clock cycles(s))|
    +---------+------------+-----------+-----------+-----+------------+------------------------------------------------+

    + Detail: 
        * Instance: 
        N/A

        * Loop: 
        +--------------------+---------+------------+----------+-----------+-----------+----------------+----------+
        |                    |   Latency (cycles)   | Iteration|  Initiation Interval  |      Trip      |          |
        |      Loop Name     |   min   |     max    |  Latency |  achieved |   target  |      Count     | Pipelined|
        +--------------------+---------+------------+----------+-----------+-----------+----------------+----------+
        |- VITIS_LOOP_168_9  |        3|  1073741856|        35|          1|          1|  0 ~ 1073741823|       yes|
        +--------------------+---------+------------+----------+-----------+-----------+----------------+----------+



================================================================
== Utilization Estimates
================================================================
* Summary: 
+-----------------+---------+------+--------+--------+-----+
|       Name      | BRAM_18K|  DSP |   FF   |   LUT  | URAM|
+-----------------+---------+------+--------+--------+-----+
|DSP              |        -|     -|       -|       -|    -|
|Expression       |        -|     -|       0|    5521|    -|
|FIFO             |        -|     -|       -|       -|    -|
|Instance         |        -|   224|   14400|   15824|    -|
|Memory           |        -|     -|       -|       -|    -|
|Multiplexer      |        -|     -|       0|    2954|    -|
|Register         |        -|     -|   13732|     768|    -|
+-----------------+---------+------+--------+--------+-----+
|Total            |        0|   224|   28132|   25067|    0|
+-----------------+---------+------+--------+--------+-----+
|Available        |      288|  1248|  234240|  117120|   64|
+-----------------+---------+------+--------+--------+-----+
|Utilization (%)  |        0|    17|      12|      21|    0|
+-----------------+---------+------+--------+--------+-----+

+ Detail: 
    * Instance: 
    +----------------------------------------+-----------------------------------+---------+----+-----+-----+-----+
    |                Instance                |               Module              | BRAM_18K| DSP|  FF | LUT | URAM|
    +----------------------------------------+-----------------------------------+---------+----+-----+-----+-----+
    |fadd_32ns_32ns_32_8_full_dsp_1_U59      |fadd_32ns_32ns_32_8_full_dsp_1     |        0|   2|  296|  239|    0|
    |fadd_32ns_32ns_32_8_full_dsp_1_U60      |fadd_32ns_32ns_32_8_full_dsp_1     |        0|   2|  296|  239|    0|
    |fadd_32ns_32ns_32_8_full_dsp_1_U61      |fadd_32ns_32ns_32_8_full_dsp_1     |        0|   2|  296|  239|    0|
    |fadd_32ns_32ns_32_8_full_dsp_1_U62      |fadd_32ns_32ns_32_8_full_dsp_1     |        0|   2|  296|  239|    0|
    |fadd_32ns_32ns_32_8_full_dsp_1_U63      |fadd_32ns_32ns_32_8_full_dsp_1     |        0|   2|  296|  239|    0|
    |fadd_32ns_32ns_32_8_full_dsp_1_U64      |fadd_32ns_32ns_32_8_full_dsp_1     |        0|   2|  296|  239|    0|
    |fadd_32ns_32ns_32_8_full_dsp_1_U65      |fadd_32ns_32ns_32_8_full_dsp_1     |        0|   2|  296|  239|    0|
    |fadd_32ns_32ns_32_8_full_dsp_1_U66      |fadd_32ns_32ns_32_8_full_dsp_1     |        0|   2|  296|  239|    0|
    |fadd_32ns_32ns_32_8_full_dsp_1_U67      |fadd_32ns_32ns_32_8_full_dsp_1     |        0|   2|  296|  239|    0|
    |fadd_32ns_32ns_32_8_full_dsp_1_U68      |fadd_32ns_32ns_32_8_full_dsp_1     |        0|   2|  296|  239|    0|
    |fadd_32ns_32ns_32_8_full_dsp_1_U69      |fadd_32ns_32ns_32_8_full_dsp_1     |        0|   2|  296|  239|    0|
    |fadd_32ns_32ns_32_8_full_dsp_1_U70      |fadd_32ns_32ns_32_8_full_dsp_1     |        0|   2|  296|  239|    0|
    |fadd_32ns_32ns_32_8_full_dsp_1_U71      |fadd_32ns_32ns_32_8_full_dsp_1     |        0|   2|  296|  239|    0|
    |fadd_32ns_32ns_32_8_full_dsp_1_U72      |fadd_32ns_32ns_32_8_full_dsp_1     |        0|   2|  296|  239|    0|
    |fadd_32ns_32ns_32_8_full_dsp_1_U73      |fadd_32ns_32ns_32_8_full_dsp_1     |        0|   2|  296|  239|    0|
    |fadd_32ns_32ns_32_8_full_dsp_1_U74      |fadd_32ns_32ns_32_8_full_dsp_1     |        0|   2|  296|  239|    0|
    |fmul_32ns_32ns_32_5_max_dsp_1_U75       |fmul_32ns_32ns_32_5_max_dsp_1      |        0|   3|  151|  145|    0|
    |fmul_32ns_32ns_32_5_max_dsp_1_U76       |fmul_32ns_32ns_32_5_max_dsp_1      |        0|   3|  151|  145|    0|
    |fmul_32ns_32ns_32_5_max_dsp_1_U77       |fmul_32ns_32ns_32_5_max_dsp_1      |        0|   3|  151|  145|    0|
    |fmul_32ns_32ns_32_5_max_dsp_1_U78       |fmul_32ns_32ns_32_5_max_dsp_1      |        0|   3|  151|  145|    0|
    |fmul_32ns_32ns_32_5_max_dsp_1_U79       |fmul_32ns_32ns_32_5_max_dsp_1      |        0|   3|  151|  145|    0|
    |fmul_32ns_32ns_32_5_max_dsp_1_U80       |fmul_32ns_32ns_32_5_max_dsp_1      |        0|   3|  151|  145|    0|
    |fmul_32ns_32ns_32_5_max_dsp_1_U81       |fmul_32ns_32ns_32_5_max_dsp_1      |        0|   3|  151|  145|    0|
    |fmul_32ns_32ns_32_5_max_dsp_1_U82       |fmul_32ns_32ns_32_5_max_dsp_1      |        0|   3|  151|  145|    0|
    |fmul_32ns_32ns_32_5_max_dsp_1_U83       |fmul_32ns_32ns_32_5_max_dsp_1      |        0|   3|  151|  145|    0|
    |fmul_32ns_32ns_32_5_max_dsp_1_U84       |fmul_32ns_32ns_32_5_max_dsp_1      |        0|   3|  151|  145|    0|
    |fmul_32ns_32ns_32_5_max_dsp_1_U85       |fmul_32ns_32ns_32_5_max_dsp_1      |        0|   3|  151|  145|    0|
    |fmul_32ns_32ns_32_5_max_dsp_1_U86       |fmul_32ns_32ns_32_5_max_dsp_1      |        0|   3|  151|  145|    0|
    |fmul_32ns_32ns_32_5_max_dsp_1_U87       |fmul_32ns_32ns_32_5_max_dsp_1      |        0|   3|  151|  145|    0|
    |fmul_32ns_32ns_32_5_max_dsp_1_U88       |fmul_32ns_32ns_32_5_max_dsp_1      |        0|   3|  151|  145|    0|
    |fmul_32ns_32ns_32_5_max_dsp_1_U89       |fmul_32ns_32ns_32_5_max_dsp_1      |        0|   3|  151|  145|    0|
    |fmul_32ns_32ns_32_5_max_dsp_1_U90       |fmul_32ns_32ns_32_5_max_dsp_1      |        0|   3|  151|  145|    0|
    |fmul_32ns_32ns_32_5_max_dsp_1_U91       |fmul_32ns_32ns_32_5_max_dsp_1      |        0|   3|  151|  145|    0|
    |fmul_32ns_32ns_32_5_max_dsp_1_U92       |fmul_32ns_32ns_32_5_max_dsp_1      |        0|   3|  151|  145|    0|
    |fmul_32ns_32ns_32_5_max_dsp_1_U93       |fmul_32ns_32ns_32_5_max_dsp_1      |        0|   3|  151|  145|    0|
    |fmul_32ns_32ns_32_5_max_dsp_1_U94       |fmul_32ns_32ns_32_5_max_dsp_1      |        0|   3|  151|  145|    0|
    |fmul_32ns_32ns_32_5_max_dsp_1_U95       |fmul_32ns_32ns_32_5_max_dsp_1      |        0|   3|  151|  145|    0|
    |fmul_32ns_32ns_32_5_max_dsp_1_U96       |fmul_32ns_32ns_32_5_max_dsp_1      |        0|   3|  151|  145|    0|
    |fmul_32ns_32ns_32_5_max_dsp_1_U97       |fmul_32ns_32ns_32_5_max_dsp_1      |        0|   3|  151|  145|    0|
    |fmul_32ns_32ns_32_5_max_dsp_1_U98       |fmul_32ns_32ns_32_5_max_dsp_1      |        0|   3|  151|  145|    0|
    |fmul_32ns_32ns_32_5_max_dsp_1_U99       |fmul_32ns_32ns_32_5_max_dsp_1      |        0|   3|  151|  145|    0|
    |fmul_32ns_32ns_32_5_max_dsp_1_U100      |fmul_32ns_32ns_32_5_max_dsp_1      |        0|   3|  151|  145|    0|
    |fmul_32ns_32ns_32_5_max_dsp_1_U101      |fmul_32ns_32ns_32_5_max_dsp_1      |        0|   3|  151|  145|    0|
    |fmul_32ns_32ns_32_5_max_dsp_1_U102      |fmul_32ns_32ns_32_5_max_dsp_1      |        0|   3|  151|  145|    0|
    |fmul_32ns_32ns_32_5_max_dsp_1_U103      |fmul_32ns_32ns_32_5_max_dsp_1      |        0|   3|  151|  145|    0|
    |fmul_32ns_32ns_32_5_max_dsp_1_U104      |fmul_32ns_32ns_32_5_max_dsp_1      |        0|   3|  151|  145|    0|
    |fmul_32ns_32ns_32_5_max_dsp_1_U105      |fmul_32ns_32ns_32_5_max_dsp_1      |        0|   3|  151|  145|    0|
    |fmul_32ns_32ns_32_5_max_dsp_1_U106      |fmul_32ns_32ns_32_5_max_dsp_1      |        0|   3|  151|  145|    0|
    |fmul_32ns_32ns_32_5_max_dsp_1_U107      |fmul_32ns_32ns_32_5_max_dsp_1      |        0|   3|  151|  145|    0|
    |fmul_32ns_32ns_32_5_max_dsp_1_U108      |fmul_32ns_32ns_32_5_max_dsp_1      |        0|   3|  151|  145|    0|
    |fmul_32ns_32ns_32_5_max_dsp_1_U109      |fmul_32ns_32ns_32_5_max_dsp_1      |        0|   3|  151|  145|    0|
    |fmul_32ns_32ns_32_5_max_dsp_1_U110      |fmul_32ns_32ns_32_5_max_dsp_1      |        0|   3|  151|  145|    0|
    |fmul_32ns_32ns_32_5_max_dsp_1_U111      |fmul_32ns_32ns_32_5_max_dsp_1      |        0|   3|  151|  145|    0|
    |fmul_32ns_32ns_32_5_max_dsp_1_U112      |fmul_32ns_32ns_32_5_max_dsp_1      |        0|   3|  151|  145|    0|
    |fmul_32ns_32ns_32_5_max_dsp_1_U113      |fmul_32ns_32ns_32_5_max_dsp_1      |        0|   3|  151|  145|    0|
    |fmul_32ns_32ns_32_5_max_dsp_1_U114      |fmul_32ns_32ns_32_5_max_dsp_1      |        0|   3|  151|  145|    0|
    |fmul_32ns_32ns_32_5_max_dsp_1_U115      |fmul_32ns_32ns_32_5_max_dsp_1      |        0|   3|  151|  145|    0|
    |fmul_32ns_32ns_32_5_max_dsp_1_U116      |fmul_32ns_32ns_32_5_max_dsp_1      |        0|   3|  151|  145|    0|
    |fmul_32ns_32ns_32_5_max_dsp_1_U117      |fmul_32ns_32ns_32_5_max_dsp_1      |        0|   3|  151|  145|    0|
    |fmul_32ns_32ns_32_5_max_dsp_1_U118      |fmul_32ns_32ns_32_5_max_dsp_1      |        0|   3|  151|  145|    0|
    |fmul_32ns_32ns_32_5_max_dsp_1_U119      |fmul_32ns_32ns_32_5_max_dsp_1      |        0|   3|  151|  145|    0|
    |fmul_32ns_32ns_32_5_max_dsp_1_U120      |fmul_32ns_32ns_32_5_max_dsp_1      |        0|   3|  151|  145|    0|
    |fmul_32ns_32ns_32_5_max_dsp_1_U121      |fmul_32ns_32ns_32_5_max_dsp_1      |        0|   3|  151|  145|    0|
    |fmul_32ns_32ns_32_5_max_dsp_1_U122      |fmul_32ns_32ns_32_5_max_dsp_1      |        0|   3|  151|  145|    0|
    |fmul_32ns_32ns_32_5_max_dsp_1_U123      |fmul_32ns_32ns_32_5_max_dsp_1      |        0|   3|  151|  145|    0|
    |fmul_32ns_32ns_32_5_max_dsp_1_U124      |fmul_32ns_32ns_32_5_max_dsp_1      |        0|   3|  151|  145|    0|
    |fmul_32ns_32ns_32_5_max_dsp_1_U125      |fmul_32ns_32ns_32_5_max_dsp_1      |        0|   3|  151|  145|    0|
    |fmul_32ns_32ns_32_5_max_dsp_1_U126      |fmul_32ns_32ns_32_5_max_dsp_1      |        0|   3|  151|  145|    0|
    |fmul_32ns_32ns_32_5_max_dsp_1_U127      |fmul_32ns_32ns_32_5_max_dsp_1      |        0|   3|  151|  145|    0|
    |fmul_32ns_32ns_32_5_max_dsp_1_U128      |fmul_32ns_32ns_32_5_max_dsp_1      |        0|   3|  151|  145|    0|
    |fmul_32ns_32ns_32_5_max_dsp_1_U129      |fmul_32ns_32ns_32_5_max_dsp_1      |        0|   3|  151|  145|    0|
    |fmul_32ns_32ns_32_5_max_dsp_1_U130      |fmul_32ns_32ns_32_5_max_dsp_1      |        0|   3|  151|  145|    0|
    |fmul_32ns_32ns_32_5_max_dsp_1_U131      |fmul_32ns_32ns_32_5_max_dsp_1      |        0|   3|  151|  145|    0|
    |fmul_32ns_32ns_32_5_max_dsp_1_U132      |fmul_32ns_32ns_32_5_max_dsp_1      |        0|   3|  151|  145|    0|
    |fmul_32ns_32ns_32_5_max_dsp_1_U133      |fmul_32ns_32ns_32_5_max_dsp_1      |        0|   3|  151|  145|    0|
    |fmul_32ns_32ns_32_5_max_dsp_1_U134      |fmul_32ns_32ns_32_5_max_dsp_1      |        0|   3|  151|  145|    0|
    |fmul_32ns_32ns_32_5_max_dsp_1_U135      |fmul_32ns_32ns_32_5_max_dsp_1      |        0|   3|  151|  145|    0|
    |fmul_32ns_32ns_32_5_max_dsp_1_U136      |fmul_32ns_32ns_32_5_max_dsp_1      |        0|   3|  151|  145|    0|
    |fmul_32ns_32ns_32_5_max_dsp_1_U137      |fmul_32ns_32ns_32_5_max_dsp_1      |        0|   3|  151|  145|    0|
    |fmul_32ns_32ns_32_5_max_dsp_1_U138      |fmul_32ns_32ns_32_5_max_dsp_1      |        0|   3|  151|  145|    0|
    |partselect_16ns_128ns_32ns_16_1_1_U139  |partselect_16ns_128ns_32ns_16_1_1  |        0|   0|    0|   34|    0|
    |partselect_16ns_128ns_32ns_16_1_1_U141  |partselect_16ns_128ns_32ns_16_1_1  |        0|   0|    0|   34|    0|
    |partselect_16ns_128ns_32ns_16_1_1_U143  |partselect_16ns_128ns_32ns_16_1_1  |        0|   0|    0|   34|    0|
    |partselect_16ns_128ns_32ns_16_1_1_U145  |partselect_16ns_128ns_32ns_16_1_1  |        0|   0|    0|   34|    0|
    |partselect_16ns_128ns_32ns_16_1_1_U159  |partselect_16ns_128ns_32ns_16_1_1  |        0|   0|    0|   34|    0|
    |partselect_16ns_128ns_32ns_16_1_1_U160  |partselect_16ns_128ns_32ns_16_1_1  |        0|   0|    0|   34|    0|
    |partselect_16ns_128ns_32ns_16_1_1_U161  |partselect_16ns_128ns_32ns_16_1_1  |        0|   0|    0|   34|    0|
    |partselect_16ns_128ns_32ns_16_1_1_U162  |partselect_16ns_128ns_32ns_16_1_1  |        0|   0|    0|   34|    0|
    |partselect_16ns_128ns_32ns_16_1_1_U163  |partselect_16ns_128ns_32ns_16_1_1  |        0|   0|    0|   34|    0|
    |partselect_16ns_128ns_32ns_16_1_1_U164  |partselect_16ns_128ns_32ns_16_1_1  |        0|   0|    0|   34|    0|
    |partselect_16ns_128ns_32ns_16_1_1_U165  |partselect_16ns_128ns_32ns_16_1_1  |        0|   0|    0|   34|    0|
    |partselect_16ns_128ns_32ns_16_1_1_U166  |partselect_16ns_128ns_32ns_16_1_1  |        0|   0|    0|   34|    0|
    |partselect_16ns_128ns_32ns_16_1_1_U167  |partselect_16ns_128ns_32ns_16_1_1  |        0|   0|    0|   34|    0|
    |partselect_16ns_128ns_32ns_16_1_1_U168  |partselect_16ns_128ns_32ns_16_1_1  |        0|   0|    0|   34|    0|
    |partselect_16ns_128ns_32ns_16_1_1_U169  |partselect_16ns_128ns_32ns_16_1_1  |        0|   0|    0|   34|    0|
    |partselect_16ns_128ns_32ns_16_1_1_U170  |partselect_16ns_128ns_32ns_16_1_1  |        0|   0|    0|   34|    0|
    |partselect_32ns_256ns_32ns_32_1_1_U140  |partselect_32ns_256ns_32ns_32_1_1  |        0|   0|    0|   68|    0|
    |partselect_32ns_256ns_32ns_32_1_1_U142  |partselect_32ns_256ns_32ns_32_1_1  |        0|   0|    0|   68|    0|
    |partselect_32ns_256ns_32ns_32_1_1_U144  |partselect_32ns_256ns_32ns_32_1_1  |        0|   0|    0|   68|    0|
    |partselect_32ns_256ns_32ns_32_1_1_U146  |partselect_32ns_256ns_32ns_32_1_1  |        0|   0|    0|   68|    0|
    |partselect_32ns_256ns_32ns_32_1_1_U147  |partselect_32ns_256ns_32ns_32_1_1  |        0|   0|    0|   68|    0|
    |partselect_32ns_256ns_32ns_32_1_1_U148  |partselect_32ns_256ns_32ns_32_1_1  |        0|   0|    0|   68|    0|
    |partselect_32ns_256ns_32ns_32_1_1_U149  |partselect_32ns_256ns_32ns_32_1_1  |        0|   0|    0|   68|    0|
    |partselect_32ns_256ns_32ns_32_1_1_U150  |partselect_32ns_256ns_32ns_32_1_1  |        0|   0|    0|   68|    0|
    |partselect_32ns_256ns_32ns_32_1_1_U151  |partselect_32ns_256ns_32ns_32_1_1  |        0|   0|    0|   68|    0|
    |partselect_32ns_256ns_32ns_32_1_1_U152  |partselect_32ns_256ns_32ns_32_1_1  |        0|   0|    0|   68|    0|
    |partselect_32ns_256ns_32ns_32_1_1_U153  |partselect_32ns_256ns_32ns_32_1_1  |        0|   0|    0|   68|    0|
    |partselect_32ns_256ns_32ns_32_1_1_U154  |partselect_32ns_256ns_32ns_32_1_1  |        0|   0|    0|   68|    0|
    |partselect_32ns_256ns_32ns_32_1_1_U155  |partselect_32ns_256ns_32ns_32_1_1  |        0|   0|    0|   68|    0|
    |partselect_32ns_256ns_32ns_32_1_1_U156  |partselect_32ns_256ns_32ns_32_1_1  |        0|   0|    0|   68|    0|
    |partselect_32ns_256ns_32ns_32_1_1_U157  |partselect_32ns_256ns_32ns_32_1_1  |        0|   0|    0|   68|    0|
    |partselect_32ns_256ns_32ns_32_1_1_U158  |partselect_32ns_256ns_32ns_32_1_1  |        0|   0|    0|   68|    0|
    |sparsemux_21_4_32_1_1_U187              |sparsemux_21_4_32_1_1              |        0|   0|    0|   54|    0|
    |sparsemux_21_4_32_1_1_U188              |sparsemux_21_4_32_1_1              |        0|   0|    0|   54|    0|
    |sparsemux_21_4_32_1_1_U189              |sparsemux_21_4_32_1_1              |        0|   0|    0|   54|    0|
    |sparsemux_21_4_32_1_1_U190              |sparsemux_21_4_32_1_1              |        0|   0|    0|   54|    0|
    |sparsemux_21_4_32_1_1_U191              |sparsemux_21_4_32_1_1              |        0|   0|    0|   54|    0|
    |sparsemux_21_4_32_1_1_U192              |sparsemux_21_4_32_1_1              |        0|   0|    0|   54|    0|
    |sparsemux_21_4_32_1_1_U193              |sparsemux_21_4_32_1_1              |        0|   0|    0|   54|    0|
    |sparsemux_21_4_32_1_1_U194              |sparsemux_21_4_32_1_1              |        0|   0|    0|   54|    0|
    |sparsemux_21_4_32_1_1_U195              |sparsemux_21_4_32_1_1              |        0|   0|    0|   54|    0|
    |sparsemux_21_4_32_1_1_U196              |sparsemux_21_4_32_1_1              |        0|   0|    0|   54|    0|
    |sparsemux_21_4_32_1_1_U197              |sparsemux_21_4_32_1_1              |        0|   0|    0|   54|    0|
    |sparsemux_21_4_32_1_1_U198              |sparsemux_21_4_32_1_1              |        0|   0|    0|   54|    0|
    |sparsemux_21_4_32_1_1_U199              |sparsemux_21_4_32_1_1              |        0|   0|    0|   54|    0|
    |sparsemux_21_4_32_1_1_U200              |sparsemux_21_4_32_1_1              |        0|   0|    0|   54|    0|
    |sparsemux_21_4_32_1_1_U201              |sparsemux_21_4_32_1_1              |        0|   0|    0|   54|    0|
    |sparsemux_21_4_32_1_1_U202              |sparsemux_21_4_32_1_1              |        0|   0|    0|   54|    0|
    |sparsemux_9_3_32_1_1_U171               |sparsemux_9_3_32_1_1               |        0|   0|    0|   14|    0|
    |sparsemux_9_3_32_1_1_U172               |sparsemux_9_3_32_1_1               |        0|   0|    0|   14|    0|
    |sparsemux_9_3_32_1_1_U173               |sparsemux_9_3_32_1_1               |        0|   0|    0|   14|    0|
    |sparsemux_9_3_32_1_1_U174               |sparsemux_9_3_32_1_1               |        0|   0|    0|   14|    0|
    |sparsemux_9_3_32_1_1_U175               |sparsemux_9_3_32_1_1               |        0|   0|    0|   14|    0|
    |sparsemux_9_3_32_1_1_U176               |sparsemux_9_3_32_1_1               |        0|   0|    0|   14|    0|
    |sparsemux_9_3_32_1_1_U177               |sparsemux_9_3_32_1_1               |        0|   0|    0|   14|    0|
    |sparsemux_9_3_32_1_1_U178               |sparsemux_9_3_32_1_1               |        0|   0|    0|   14|    0|
    |sparsemux_9_3_32_1_1_U179               |sparsemux_9_3_32_1_1               |        0|   0|    0|   14|    0|
    |sparsemux_9_3_32_1_1_U180               |sparsemux_9_3_32_1_1               |        0|   0|    0|   14|    0|
    |sparsemux_9_3_32_1_1_U181               |sparsemux_9_3_32_1_1               |        0|   0|    0|   14|    0|
    |sparsemux_9_3_32_1_1_U182               |sparsemux_9_3_32_1_1               |        0|   0|    0|   14|    0|
    |sparsemux_9_3_32_1_1_U183               |sparsemux_9_3_32_1_1               |        0|   0|    0|   14|    0|
    |sparsemux_9_3_32_1_1_U184               |sparsemux_9_3_32_1_1               |        0|   0|    0|   14|    0|
    |sparsemux_9_3_32_1_1_U185               |sparsemux_9_3_32_1_1               |        0|   0|    0|   14|    0|
    |sparsemux_9_3_32_1_1_U186               |sparsemux_9_3_32_1_1               |        0|   0|    0|   14|    0|
    +----------------------------------------+-----------------------------------+---------+----+-----+-----+-----+
    |Total                                   |                                   |        0| 224|14400|15824|    0|
    +----------------------------------------+-----------------------------------+---------+----+-----+-----+-----+

    * DSP: 
    N/A

    * Memory: 
    N/A

    * FIFO: 
    N/A

    * Expression: 
    +------------------------------+----------+----+---+----+------------+------------+
    |         Variable Name        | Operation| DSP| FF| LUT| Bitwidth P0| Bitwidth P1|
    +------------------------------+----------+----+---+----+------------+------------+
    |add_ln168_1_fu_13026_p2       |         +|   0|  0|  37|          30|           1|
    |add_ln186_fu_3810_p2          |         +|   0|  0|  19|          12|          12|
    |add_ln189_fu_3796_p2          |         +|   0|  0|  20|          13|          13|
    |add_ln39_100_fu_8800_p2       |         +|   0|  0|  10|           3|           1|
    |add_ln39_101_fu_8836_p2       |         +|   0|  0|  10|           3|           1|
    |add_ln39_102_fu_8862_p2       |         +|   0|  0|  12|           4|           1|
    |add_ln39_103_fu_12419_p2      |         +|   0|  0|  12|           4|           1|
    |add_ln39_104_fu_12453_p2      |         +|   0|  0|  12|           4|           1|
    |add_ln39_105_fu_6595_p2       |         +|   0|  0|  10|           3|           1|
    |add_ln39_106_fu_8901_p2       |         +|   0|  0|  10|           3|           1|
    |add_ln39_107_fu_8935_p2       |         +|   0|  0|  10|           3|           1|
    |add_ln39_108_fu_8971_p2       |         +|   0|  0|  10|           3|           1|
    |add_ln39_109_fu_8997_p2       |         +|   0|  0|  12|           4|           1|
    |add_ln39_10_fu_7081_p2        |         +|   0|  0|  10|           3|           1|
    |add_ln39_110_fu_12652_p2      |         +|   0|  0|  12|           4|           1|
    |add_ln39_111_fu_12686_p2      |         +|   0|  0|  12|           4|           1|
    |add_ln39_112_fu_6767_p2       |         +|   0|  0|  10|           3|           1|
    |add_ln39_113_fu_9036_p2       |         +|   0|  0|  10|           3|           1|
    |add_ln39_114_fu_9070_p2       |         +|   0|  0|  10|           3|           1|
    |add_ln39_115_fu_9106_p2       |         +|   0|  0|  10|           3|           1|
    |add_ln39_116_fu_9132_p2       |         +|   0|  0|  12|           4|           1|
    |add_ln39_117_fu_12885_p2      |         +|   0|  0|  12|           4|           1|
    |add_ln39_118_fu_12919_p2      |         +|   0|  0|  12|           4|           1|
    |add_ln39_11_fu_7107_p2        |         +|   0|  0|  12|           4|           1|
    |add_ln39_12_fu_9397_p2        |         +|   0|  0|  12|           4|           1|
    |add_ln39_13_fu_9431_p2        |         +|   0|  0|  12|           4|           1|
    |add_ln39_14_fu_4244_p2        |         +|   0|  0|  10|           3|           1|
    |add_ln39_15_fu_7146_p2        |         +|   0|  0|  10|           3|           1|
    |add_ln39_16_fu_7180_p2        |         +|   0|  0|  10|           3|           1|
    |add_ln39_17_fu_7216_p2        |         +|   0|  0|  10|           3|           1|
    |add_ln39_18_fu_7242_p2        |         +|   0|  0|  12|           4|           1|
    |add_ln39_19_fu_9630_p2        |         +|   0|  0|  12|           4|           1|
    |add_ln39_1_fu_6942_p2         |         +|   0|  0|  10|           3|           1|
    |add_ln39_20_fu_9664_p2        |         +|   0|  0|  12|           4|           1|
    |add_ln39_21_fu_4446_p2        |         +|   0|  0|  10|           3|           1|
    |add_ln39_22_fu_7281_p2        |         +|   0|  0|  10|           3|           1|
    |add_ln39_23_fu_7315_p2        |         +|   0|  0|  10|           3|           1|
    |add_ln39_24_fu_7351_p2        |         +|   0|  0|  10|           3|           1|
    |add_ln39_25_fu_7377_p2        |         +|   0|  0|  12|           4|           1|
    |add_ln39_26_fu_9863_p2        |         +|   0|  0|  12|           4|           1|
    |add_ln39_27_fu_9897_p2        |         +|   0|  0|  12|           4|           1|
    |add_ln39_28_fu_4607_p2        |         +|   0|  0|  10|           3|           1|
    |add_ln39_29_fu_7416_p2        |         +|   0|  0|  10|           3|           1|
    |add_ln39_2_fu_6964_p2         |         +|   0|  0|  10|           3|           1|
    |add_ln39_30_fu_7450_p2        |         +|   0|  0|  10|           3|           1|
    |add_ln39_31_fu_7486_p2        |         +|   0|  0|  10|           3|           1|
    |add_ln39_32_fu_7512_p2        |         +|   0|  0|  12|           4|           1|
    |add_ln39_33_fu_10089_p2       |         +|   0|  0|  12|           4|           1|
    |add_ln39_34_fu_10123_p2       |         +|   0|  0|  12|           4|           1|
    |add_ln39_35_fu_4875_p2        |         +|   0|  0|  10|           3|           1|
    |add_ln39_36_fu_7551_p2        |         +|   0|  0|  10|           3|           1|
    |add_ln39_37_fu_7585_p2        |         +|   0|  0|  10|           3|           1|
    |add_ln39_38_fu_7621_p2        |         +|   0|  0|  10|           3|           1|
    |add_ln39_39_fu_7647_p2        |         +|   0|  0|  12|           4|           1|
    |add_ln39_3_fu_9185_p2         |         +|   0|  0|  10|           3|           1|
    |add_ln39_40_fu_10322_p2       |         +|   0|  0|  12|           4|           1|
    |add_ln39_41_fu_10356_p2       |         +|   0|  0|  12|           4|           1|
    |add_ln39_42_fu_5047_p2        |         +|   0|  0|  10|           3|           1|
    |add_ln39_43_fu_7686_p2        |         +|   0|  0|  10|           3|           1|
    |add_ln39_44_fu_7720_p2        |         +|   0|  0|  10|           3|           1|
    |add_ln39_45_fu_7756_p2        |         +|   0|  0|  10|           3|           1|
    |add_ln39_46_fu_7782_p2        |         +|   0|  0|  12|           4|           1|
    |add_ln39_47_fu_10555_p2       |         +|   0|  0|  12|           4|           1|
    |add_ln39_48_fu_10589_p2       |         +|   0|  0|  12|           4|           1|
    |add_ln39_49_fu_5219_p2        |         +|   0|  0|  10|           3|           1|
    |add_ln39_4_fu_9223_p2         |         +|   0|  0|  12|           4|           1|
    |add_ln39_50_fu_7821_p2        |         +|   0|  0|  10|           3|           1|
    |add_ln39_51_fu_7855_p2        |         +|   0|  0|  10|           3|           1|
    |add_ln39_52_fu_7891_p2        |         +|   0|  0|  10|           3|           1|
    |add_ln39_53_fu_7917_p2        |         +|   0|  0|  12|           4|           1|
    |add_ln39_54_fu_10788_p2       |         +|   0|  0|  12|           4|           1|
    |add_ln39_55_fu_10822_p2       |         +|   0|  0|  12|           4|           1|
    |add_ln39_56_fu_5391_p2        |         +|   0|  0|  10|           3|           1|
    |add_ln39_57_fu_7956_p2        |         +|   0|  0|  10|           3|           1|
    |add_ln39_58_fu_7990_p2        |         +|   0|  0|  10|           3|           1|
    |add_ln39_59_fu_8026_p2        |         +|   0|  0|  10|           3|           1|
    |add_ln39_5_fu_9259_p2         |         +|   0|  0|  12|           4|           1|
    |add_ln39_60_fu_8052_p2        |         +|   0|  0|  12|           4|           1|
    |add_ln39_61_fu_11021_p2       |         +|   0|  0|  12|           4|           1|
    |add_ln39_62_fu_11055_p2       |         +|   0|  0|  12|           4|           1|
    |add_ln39_63_fu_5563_p2        |         +|   0|  0|  10|           3|           1|
    |add_ln39_64_fu_8091_p2        |         +|   0|  0|  10|           3|           1|
    |add_ln39_65_fu_8125_p2        |         +|   0|  0|  10|           3|           1|
    |add_ln39_66_fu_8161_p2        |         +|   0|  0|  10|           3|           1|
    |add_ln39_67_fu_8187_p2        |         +|   0|  0|  12|           4|           1|
    |add_ln39_68_fu_11254_p2       |         +|   0|  0|  12|           4|           1|
    |add_ln39_69_fu_11288_p2       |         +|   0|  0|  12|           4|           1|
    |add_ln39_6_fu_13061_p2        |         +|   0|  0|  12|           4|           1|
    |add_ln39_70_fu_5735_p2        |         +|   0|  0|  10|           3|           1|
    |add_ln39_71_fu_8226_p2        |         +|   0|  0|  10|           3|           1|
    |add_ln39_72_fu_8260_p2        |         +|   0|  0|  10|           3|           1|
    |add_ln39_73_fu_8296_p2        |         +|   0|  0|  10|           3|           1|
    |add_ln39_74_fu_8322_p2        |         +|   0|  0|  12|           4|           1|
    |add_ln39_75_fu_11487_p2       |         +|   0|  0|  12|           4|           1|
    |add_ln39_76_fu_11521_p2       |         +|   0|  0|  12|           4|           1|
    |add_ln39_77_fu_5907_p2        |         +|   0|  0|  10|           3|           1|
    |add_ln39_78_fu_8361_p2        |         +|   0|  0|  10|           3|           1|
    |add_ln39_79_fu_8395_p2        |         +|   0|  0|  10|           3|           1|
    |add_ln39_7_fu_4042_p2         |         +|   0|  0|  10|           3|           1|
    |add_ln39_80_fu_8431_p2        |         +|   0|  0|  10|           3|           1|
    |add_ln39_81_fu_8457_p2        |         +|   0|  0|  12|           4|           1|
    |add_ln39_82_fu_11720_p2       |         +|   0|  0|  12|           4|           1|
    |add_ln39_83_fu_11754_p2       |         +|   0|  0|  12|           4|           1|
    |add_ln39_84_fu_6079_p2        |         +|   0|  0|  10|           3|           1|
    |add_ln39_85_fu_8496_p2        |         +|   0|  0|  10|           3|           1|
    |add_ln39_86_fu_8530_p2        |         +|   0|  0|  10|           3|           1|
    |add_ln39_87_fu_8566_p2        |         +|   0|  0|  10|           3|           1|
    |add_ln39_88_fu_8592_p2        |         +|   0|  0|  12|           4|           1|
    |add_ln39_89_fu_11953_p2       |         +|   0|  0|  12|           4|           1|
    |add_ln39_8_fu_7011_p2         |         +|   0|  0|  10|           3|           1|
    |add_ln39_90_fu_11987_p2       |         +|   0|  0|  12|           4|           1|
    |add_ln39_91_fu_6251_p2        |         +|   0|  0|  10|           3|           1|
    |add_ln39_92_fu_8631_p2        |         +|   0|  0|  10|           3|           1|
    |add_ln39_93_fu_8665_p2        |         +|   0|  0|  10|           3|           1|
    |add_ln39_94_fu_8701_p2        |         +|   0|  0|  10|           3|           1|
    |add_ln39_95_fu_8727_p2        |         +|   0|  0|  12|           4|           1|
    |add_ln39_96_fu_12186_p2       |         +|   0|  0|  12|           4|           1|
    |add_ln39_97_fu_12220_p2       |         +|   0|  0|  12|           4|           1|
    |add_ln39_98_fu_6423_p2        |         +|   0|  0|  10|           3|           1|
    |add_ln39_99_fu_8766_p2        |         +|   0|  0|  10|           3|           1|
    |add_ln39_9_fu_7045_p2         |         +|   0|  0|  10|           3|           1|
    |add_ln39_fu_6906_p2           |         +|   0|  0|  10|           3|           1|
    |add_ln51_10_fu_11413_p2       |         +|   0|  0|  38|          31|          30|
    |add_ln51_11_fu_11646_p2       |         +|   0|  0|  38|          31|          30|
    |add_ln51_12_fu_11879_p2       |         +|   0|  0|  38|          31|          30|
    |add_ln51_13_fu_12112_p2       |         +|   0|  0|  38|          31|          30|
    |add_ln51_14_fu_12345_p2       |         +|   0|  0|  38|          31|          30|
    |add_ln51_15_fu_12578_p2       |         +|   0|  0|  38|          31|          30|
    |add_ln51_16_fu_12811_p2       |         +|   0|  0|  38|          31|          30|
    |add_ln51_1_fu_9323_p2         |         +|   0|  0|  38|          31|          30|
    |add_ln51_2_fu_9556_p2         |         +|   0|  0|  38|          31|          30|
    |add_ln51_3_fu_9789_p2         |         +|   0|  0|  38|          31|          30|
    |add_ln51_4_fu_10015_p2        |         +|   0|  0|  38|          31|          30|
    |add_ln51_5_fu_10248_p2        |         +|   0|  0|  38|          31|          30|
    |add_ln51_6_fu_10481_p2        |         +|   0|  0|  38|          31|          30|
    |add_ln51_7_fu_10714_p2        |         +|   0|  0|  38|          31|          30|
    |add_ln51_8_fu_10947_p2        |         +|   0|  0|  38|          31|          30|
    |add_ln51_9_fu_11180_p2        |         +|   0|  0|  38|          31|          30|
    |add_ln51_fu_13109_p2          |         +|   0|  0|  38|          31|          30|
    |group_2_fu_3766_p2            |         +|   0|  0|  37|          30|           1|
    |sub_ln45_10_fu_11539_p2       |         -|   0|  0|  13|           5|           6|
    |sub_ln45_11_fu_11772_p2       |         -|   0|  0|  13|           5|           6|
    |sub_ln45_12_fu_12005_p2       |         -|   0|  0|  13|           5|           6|
    |sub_ln45_13_fu_12238_p2       |         -|   0|  0|  13|           5|           6|
    |sub_ln45_14_fu_12471_p2       |         -|   0|  0|  13|           5|           6|
    |sub_ln45_15_fu_12704_p2       |         -|   0|  0|  13|           5|           6|
    |sub_ln45_16_fu_12937_p2       |         -|   0|  0|  13|           5|           6|
    |sub_ln45_1_fu_9449_p2         |         -|   0|  0|  13|           5|           6|
    |sub_ln45_2_fu_9682_p2         |         -|   0|  0|  13|           5|           6|
    |sub_ln45_3_fu_9915_p2         |         -|   0|  0|  13|           5|           6|
    |sub_ln45_4_fu_10141_p2        |         -|   0|  0|  13|           5|           6|
    |sub_ln45_5_fu_10374_p2        |         -|   0|  0|  13|           5|           6|
    |sub_ln45_6_fu_10607_p2        |         -|   0|  0|  13|           5|           6|
    |sub_ln45_7_fu_10840_p2        |         -|   0|  0|  13|           5|           6|
    |sub_ln45_8_fu_11073_p2        |         -|   0|  0|  13|           5|           6|
    |sub_ln45_9_fu_11306_p2        |         -|   0|  0|  13|           5|           6|
    |sub_ln45_fu_13076_p2          |         -|   0|  0|  13|           5|           6|
    |and_ln32_10_fu_11822_p2       |       and|   0|  0|   2|           1|           1|
    |and_ln32_11_fu_12055_p2       |       and|   0|  0|   2|           1|           1|
    |and_ln32_12_fu_12288_p2       |       and|   0|  0|   2|           1|           1|
    |and_ln32_13_fu_12521_p2       |       and|   0|  0|   2|           1|           1|
    |and_ln32_14_fu_12754_p2       |       and|   0|  0|   2|           1|           1|
    |and_ln32_15_fu_12987_p2       |       and|   0|  0|   2|           1|           1|
    |and_ln32_1_fu_9732_p2         |       and|   0|  0|   2|           1|           1|
    |and_ln32_2_fu_9965_p2         |       and|   0|  0|   2|           1|           1|
    |and_ln32_3_fu_10191_p2        |       and|   0|  0|   2|           1|           1|
    |and_ln32_4_fu_10424_p2        |       and|   0|  0|   2|           1|           1|
    |and_ln32_5_fu_10657_p2        |       and|   0|  0|   2|           1|           1|
    |and_ln32_6_fu_10890_p2        |       and|   0|  0|   2|           1|           1|
    |and_ln32_7_fu_11123_p2        |       and|   0|  0|   2|           1|           1|
    |and_ln32_8_fu_11356_p2        |       and|   0|  0|   2|           1|           1|
    |and_ln32_9_fu_11589_p2        |       and|   0|  0|   2|           1|           1|
    |and_ln32_fu_9499_p2           |       and|   0|  0|   2|           1|           1|
    |ap_condition_16411            |       and|   0|  0|   2|           1|           1|
    |ap_condition_16429            |       and|   0|  0|   2|           1|           1|
    |ap_predicate_pred8283_state5  |       and|   0|  0|   2|           1|           1|
    |ap_predicate_pred8294_state5  |       and|   0|  0|   2|           1|           1|
    |ap_predicate_pred8300_state5  |       and|   0|  0|   2|           1|           1|
    |ap_predicate_pred8308_state4  |       and|   0|  0|   2|           1|           1|
    |icmp_ln168_1_fu_13032_p2      |      icmp|   0|  0|  37|          30|           4|
    |icmp_ln168_fu_3760_p2         |      icmp|   0|  0|  37|          30|          30|
    |icmp_ln31_10_fu_10642_p2      |      icmp|   0|  0|  12|           5|           2|
    |icmp_ln31_11_fu_10647_p2      |      icmp|   0|  0|  12|           5|           1|
    |icmp_ln31_12_fu_10875_p2      |      icmp|   0|  0|  12|           5|           2|
    |icmp_ln31_13_fu_10880_p2      |      icmp|   0|  0|  12|           5|           1|
    |icmp_ln31_14_fu_11108_p2      |      icmp|   0|  0|  12|           5|           2|
    |icmp_ln31_15_fu_11113_p2      |      icmp|   0|  0|  12|           5|           1|
    |icmp_ln31_16_fu_11341_p2      |      icmp|   0|  0|  12|           5|           2|
    |icmp_ln31_17_fu_11346_p2      |      icmp|   0|  0|  12|           5|           1|
    |icmp_ln31_18_fu_11574_p2      |      icmp|   0|  0|  12|           5|           2|
    |icmp_ln31_19_fu_11579_p2      |      icmp|   0|  0|  12|           5|           1|
    |icmp_ln31_1_fu_9489_p2        |      icmp|   0|  0|  12|           5|           1|
    |icmp_ln31_20_fu_11807_p2      |      icmp|   0|  0|  12|           5|           2|
    |icmp_ln31_21_fu_11812_p2      |      icmp|   0|  0|  12|           5|           1|
    |icmp_ln31_22_fu_12040_p2      |      icmp|   0|  0|  12|           5|           2|
    |icmp_ln31_23_fu_12045_p2      |      icmp|   0|  0|  12|           5|           1|
    |icmp_ln31_24_fu_12273_p2      |      icmp|   0|  0|  12|           5|           2|
    |icmp_ln31_25_fu_12278_p2      |      icmp|   0|  0|  12|           5|           1|
    |icmp_ln31_26_fu_12506_p2      |      icmp|   0|  0|  12|           5|           2|
    |icmp_ln31_27_fu_12511_p2      |      icmp|   0|  0|  12|           5|           1|
    |icmp_ln31_28_fu_12739_p2      |      icmp|   0|  0|  12|           5|           2|
    |icmp_ln31_29_fu_12744_p2      |      icmp|   0|  0|  12|           5|           1|
    |icmp_ln31_2_fu_9717_p2        |      icmp|   0|  0|  12|           5|           2|
    |icmp_ln31_30_fu_12972_p2      |      icmp|   0|  0|  12|           5|           2|
    |icmp_ln31_31_fu_12977_p2      |      icmp|   0|  0|  12|           5|           1|
    |icmp_ln31_3_fu_9722_p2        |      icmp|   0|  0|  12|           5|           1|
    |icmp_ln31_4_fu_9950_p2        |      icmp|   0|  0|  12|           5|           2|
    |icmp_ln31_5_fu_9955_p2        |      icmp|   0|  0|  12|           5|           1|
    |icmp_ln31_6_fu_10176_p2       |      icmp|   0|  0|  12|           5|           2|
    |icmp_ln31_7_fu_10181_p2       |      icmp|   0|  0|  12|           5|           1|
    |icmp_ln31_8_fu_10409_p2       |      icmp|   0|  0|  12|           5|           2|
    |icmp_ln31_9_fu_10414_p2       |      icmp|   0|  0|  12|           5|           1|
    |icmp_ln31_fu_9484_p2          |      icmp|   0|  0|  12|           5|           2|
    |icmp_ln32_10_fu_10419_p2      |      icmp|   0|  0|  17|          10|           1|
    |icmp_ln32_11_fu_5089_p2       |      icmp|   0|  0|  17|          10|           1|
    |icmp_ln32_12_fu_10652_p2      |      icmp|   0|  0|  17|          10|           1|
    |icmp_ln32_13_fu_5261_p2       |      icmp|   0|  0|  17|          10|           1|
    |icmp_ln32_14_fu_10885_p2      |      icmp|   0|  0|  17|          10|           1|
    |icmp_ln32_15_fu_5433_p2       |      icmp|   0|  0|  17|          10|           1|
    |icmp_ln32_16_fu_11118_p2      |      icmp|   0|  0|  17|          10|           1|
    |icmp_ln32_17_fu_5605_p2       |      icmp|   0|  0|  17|          10|           1|
    |icmp_ln32_18_fu_11351_p2      |      icmp|   0|  0|  17|          10|           1|
    |icmp_ln32_19_fu_5777_p2       |      icmp|   0|  0|  17|          10|           1|
    |icmp_ln32_1_fu_4084_p2        |      icmp|   0|  0|  17|          10|           1|
    |icmp_ln32_20_fu_11584_p2      |      icmp|   0|  0|  17|          10|           1|
    |icmp_ln32_21_fu_5949_p2       |      icmp|   0|  0|  17|          10|           1|
    |icmp_ln32_22_fu_11817_p2      |      icmp|   0|  0|  17|          10|           1|
    |icmp_ln32_23_fu_6121_p2       |      icmp|   0|  0|  17|          10|           1|
    |icmp_ln32_24_fu_12050_p2      |      icmp|   0|  0|  17|          10|           1|
    |icmp_ln32_25_fu_6293_p2       |      icmp|   0|  0|  17|          10|           1|
    |icmp_ln32_26_fu_12283_p2      |      icmp|   0|  0|  17|          10|           1|
    |icmp_ln32_27_fu_6465_p2       |      icmp|   0|  0|  17|          10|           1|
    |icmp_ln32_28_fu_12516_p2      |      icmp|   0|  0|  17|          10|           1|
    |icmp_ln32_29_fu_6637_p2       |      icmp|   0|  0|  17|          10|           1|
    |icmp_ln32_2_fu_9494_p2        |      icmp|   0|  0|  17|          10|           1|
    |icmp_ln32_30_fu_12749_p2      |      icmp|   0|  0|  17|          10|           1|
    |icmp_ln32_31_fu_6809_p2       |      icmp|   0|  0|  17|          10|           1|
    |icmp_ln32_32_fu_12982_p2      |      icmp|   0|  0|  17|          10|           1|
    |icmp_ln32_3_fu_4286_p2        |      icmp|   0|  0|  17|          10|           1|
    |icmp_ln32_4_fu_9727_p2        |      icmp|   0|  0|  17|          10|           1|
    |icmp_ln32_5_fu_4488_p2        |      icmp|   0|  0|  17|          10|           1|
    |icmp_ln32_6_fu_9960_p2        |      icmp|   0|  0|  17|          10|           1|
    |icmp_ln32_7_fu_4649_p2        |      icmp|   0|  0|  17|          10|           1|
    |icmp_ln32_8_fu_10186_p2       |      icmp|   0|  0|  17|          10|           1|
    |icmp_ln32_9_fu_4917_p2        |      icmp|   0|  0|  17|          10|           1|
    |icmp_ln32_fu_3870_p2          |      icmp|   0|  0|  17|          10|           1|
    |or_ln32_10_fu_5925_p2         |        or|   0|  0|   5|           5|           5|
    |or_ln32_11_fu_6097_p2         |        or|   0|  0|   5|           5|           5|
    |or_ln32_12_fu_6269_p2         |        or|   0|  0|   5|           5|           5|
    |or_ln32_13_fu_6441_p2         |        or|   0|  0|   5|           5|           5|
    |or_ln32_14_fu_6613_p2         |        or|   0|  0|   5|           5|           5|
    |or_ln32_15_fu_6785_p2         |        or|   0|  0|   5|           5|           5|
    |or_ln32_1_fu_4262_p2          |        or|   0|  0|   5|           5|           5|
    |or_ln32_2_fu_4464_p2          |        or|   0|  0|   5|           5|           5|
    |or_ln32_3_fu_4625_p2          |        or|   0|  0|   5|           5|           5|
    |or_ln32_4_fu_4893_p2          |        or|   0|  0|   5|           5|           5|
    |or_ln32_5_fu_5065_p2          |        or|   0|  0|   5|           5|           5|
    |or_ln32_6_fu_5237_p2          |        or|   0|  0|   5|           5|           5|
    |or_ln32_7_fu_5409_p2          |        or|   0|  0|   5|           5|           5|
    |or_ln32_8_fu_5581_p2          |        or|   0|  0|   5|           5|           5|
    |or_ln32_9_fu_5753_p2          |        or|   0|  0|   5|           5|           5|
    |or_ln32_fu_4060_p2            |        or|   0|  0|   5|           5|           5|
    |normalized_106_fu_4809_p3     |    select|   0|  0|  10|           1|          11|
    |normalized_108_fu_4847_p3     |    select|   0|  0|  10|           1|          11|
    |normalized_110_fu_7523_p3     |    select|   0|  0|  10|           1|          11|
    |normalized_112_fu_7543_p3     |    select|   0|  0|  10|           1|          11|
    |normalized_114_fu_7577_p3     |    select|   0|  0|  10|           1|          11|
    |normalized_116_fu_7613_p3     |    select|   0|  0|  10|           1|          11|
    |normalized_118_fu_10289_p3    |    select|   0|  0|  10|           1|          11|
    |normalized_11_fu_9157_p3      |    select|   0|  0|  10|           1|          11|
    |normalized_120_fu_10314_p3    |    select|   0|  0|  10|           1|          11|
    |normalized_125_fu_4981_p3     |    select|   0|  0|  10|           1|          11|
    |normalized_127_fu_5019_p3     |    select|   0|  0|  10|           1|          11|
    |normalized_129_fu_7658_p3     |    select|   0|  0|  10|           1|          11|
    |normalized_131_fu_7678_p3     |    select|   0|  0|  10|           1|          11|
    |normalized_133_fu_7712_p3     |    select|   0|  0|  10|           1|          11|
    |normalized_135_fu_7748_p3     |    select|   0|  0|  10|           1|          11|
    |normalized_137_fu_10522_p3    |    select|   0|  0|  10|           1|          11|
    |normalized_139_fu_10547_p3    |    select|   0|  0|  10|           1|          11|
    |normalized_13_fu_9177_p3      |    select|   0|  0|  10|           1|          11|
    |normalized_144_fu_5153_p3     |    select|   0|  0|  10|           1|          11|
    |normalized_146_fu_5191_p3     |    select|   0|  0|  10|           1|          11|
    |normalized_148_fu_7793_p3     |    select|   0|  0|  10|           1|          11|
    |normalized_150_fu_7813_p3     |    select|   0|  0|  10|           1|          11|
    |normalized_152_fu_7847_p3     |    select|   0|  0|  10|           1|          11|
    |normalized_154_fu_7883_p3     |    select|   0|  0|  10|           1|          11|
    |normalized_156_fu_10755_p3    |    select|   0|  0|  10|           1|          11|
    |normalized_158_fu_10780_p3    |    select|   0|  0|  10|           1|          11|
    |normalized_15_fu_9215_p3      |    select|   0|  0|  10|           1|          11|
    |normalized_163_fu_5325_p3     |    select|   0|  0|  10|           1|          11|
    |normalized_165_fu_5363_p3     |    select|   0|  0|  10|           1|          11|
    |normalized_167_fu_7928_p3     |    select|   0|  0|  10|           1|          11|
    |normalized_169_fu_7948_p3     |    select|   0|  0|  10|           1|          11|
    |normalized_171_fu_7982_p3     |    select|   0|  0|  10|           1|          11|
    |normalized_173_fu_8018_p3     |    select|   0|  0|  10|           1|          11|
    |normalized_175_fu_10988_p3    |    select|   0|  0|  10|           1|          11|
    |normalized_177_fu_11013_p3    |    select|   0|  0|  10|           1|          11|
    |normalized_17_fu_9251_p3      |    select|   0|  0|  10|           1|          11|
    |normalized_194_fu_5497_p3     |    select|   0|  0|  10|           1|          11|
    |normalized_196_fu_5535_p3     |    select|   0|  0|  10|           1|          11|
    |normalized_198_fu_8063_p3     |    select|   0|  0|  10|           1|          11|
    |normalized_200_fu_8083_p3     |    select|   0|  0|  10|           1|          11|
    |normalized_202_fu_8117_p3     |    select|   0|  0|  10|           1|          11|
    |normalized_204_fu_8153_p3     |    select|   0|  0|  10|           1|          11|
    |normalized_206_fu_11221_p3    |    select|   0|  0|  10|           1|          11|
    |normalized_208_fu_11246_p3    |    select|   0|  0|  10|           1|          11|
    |normalized_213_fu_5669_p3     |    select|   0|  0|  10|           1|          11|
    |normalized_215_fu_5707_p3     |    select|   0|  0|  10|           1|          11|
    |normalized_217_fu_8198_p3     |    select|   0|  0|  10|           1|          11|
    |normalized_219_fu_8218_p3     |    select|   0|  0|  10|           1|          11|
    |normalized_221_fu_8252_p3     |    select|   0|  0|  10|           1|          11|
    |normalized_223_fu_8288_p3     |    select|   0|  0|  10|           1|          11|
    |normalized_225_fu_11454_p3    |    select|   0|  0|  10|           1|          11|
    |normalized_227_fu_11479_p3    |    select|   0|  0|  10|           1|          11|
    |normalized_22_fu_3976_p3      |    select|   0|  0|  10|           1|          11|
    |normalized_232_fu_5841_p3     |    select|   0|  0|  10|           1|          11|
    |normalized_234_fu_5879_p3     |    select|   0|  0|  10|           1|          11|
    |normalized_236_fu_8333_p3     |    select|   0|  0|  10|           1|          11|
    |normalized_238_fu_8353_p3     |    select|   0|  0|  10|           1|          11|
    |normalized_240_fu_8387_p3     |    select|   0|  0|  10|           1|          11|
    |normalized_242_fu_8423_p3     |    select|   0|  0|  10|           1|          11|
    |normalized_244_fu_11687_p3    |    select|   0|  0|  10|           1|          11|
    |normalized_246_fu_11712_p3    |    select|   0|  0|  10|           1|          11|
    |normalized_24_fu_4014_p3      |    select|   0|  0|  10|           1|          11|
    |normalized_251_fu_6013_p3     |    select|   0|  0|  10|           1|          11|
    |normalized_253_fu_6051_p3     |    select|   0|  0|  10|           1|          11|
    |normalized_255_fu_8468_p3     |    select|   0|  0|  10|           1|          11|
    |normalized_257_fu_8488_p3     |    select|   0|  0|  10|           1|          11|
    |normalized_259_fu_8522_p3     |    select|   0|  0|  10|           1|          11|
    |normalized_261_fu_8558_p3     |    select|   0|  0|  10|           1|          11|
    |normalized_263_fu_11920_p3    |    select|   0|  0|  10|           1|          11|
    |normalized_265_fu_11945_p3    |    select|   0|  0|  10|           1|          11|
    |normalized_26_fu_6983_p3      |    select|   0|  0|  10|           1|          11|
    |normalized_282_fu_6185_p3     |    select|   0|  0|  10|           1|          11|
    |normalized_284_fu_6223_p3     |    select|   0|  0|  10|           1|          11|
    |normalized_286_fu_8603_p3     |    select|   0|  0|  10|           1|          11|
    |normalized_288_fu_8623_p3     |    select|   0|  0|  10|           1|          11|
    |normalized_28_fu_7003_p3      |    select|   0|  0|  10|           1|          11|
    |normalized_290_fu_8657_p3     |    select|   0|  0|  10|           1|          11|
    |normalized_292_fu_8693_p3     |    select|   0|  0|  10|           1|          11|
    |normalized_294_fu_12153_p3    |    select|   0|  0|  10|           1|          11|
    |normalized_296_fu_12178_p3    |    select|   0|  0|  10|           1|          11|
    |normalized_301_fu_6357_p3     |    select|   0|  0|  10|           1|          11|
    |normalized_303_fu_6395_p3     |    select|   0|  0|  10|           1|          11|
    |normalized_305_fu_8738_p3     |    select|   0|  0|  10|           1|          11|
    |normalized_307_fu_8758_p3     |    select|   0|  0|  10|           1|          11|
    |normalized_309_fu_8792_p3     |    select|   0|  0|  10|           1|          11|
    |normalized_30_fu_7037_p3      |    select|   0|  0|  10|           1|          11|
    |normalized_311_fu_8828_p3     |    select|   0|  0|  10|           1|          11|
    |normalized_313_fu_12386_p3    |    select|   0|  0|  10|           1|          11|
    |normalized_315_fu_12411_p3    |    select|   0|  0|  10|           1|          11|
    |normalized_320_fu_6529_p3     |    select|   0|  0|  10|           1|          11|
    |normalized_322_fu_6567_p3     |    select|   0|  0|  10|           1|          11|
    |normalized_324_fu_8873_p3     |    select|   0|  0|  10|           1|          11|
    |normalized_326_fu_8893_p3     |    select|   0|  0|  10|           1|          11|
    |normalized_328_fu_8927_p3     |    select|   0|  0|  10|           1|          11|
    |normalized_32_fu_7073_p3      |    select|   0|  0|  10|           1|          11|
    |normalized_330_fu_8963_p3     |    select|   0|  0|  10|           1|          11|
    |normalized_332_fu_12619_p3    |    select|   0|  0|  10|           1|          11|
    |normalized_334_fu_12644_p3    |    select|   0|  0|  10|           1|          11|
    |normalized_339_fu_6701_p3     |    select|   0|  0|  10|           1|          11|
    |normalized_341_fu_6739_p3     |    select|   0|  0|  10|           1|          11|
    |normalized_343_fu_9008_p3     |    select|   0|  0|  10|           1|          11|
    |normalized_345_fu_9028_p3     |    select|   0|  0|  10|           1|          11|
    |normalized_347_fu_9062_p3     |    select|   0|  0|  10|           1|          11|
    |normalized_349_fu_9098_p3     |    select|   0|  0|  10|           1|          11|
    |normalized_34_fu_9364_p3      |    select|   0|  0|  10|           1|          11|
    |normalized_351_fu_12852_p3    |    select|   0|  0|  10|           1|          11|
    |normalized_353_fu_12877_p3    |    select|   0|  0|  10|           1|          11|
    |normalized_36_fu_9389_p3      |    select|   0|  0|  10|           1|          11|
    |normalized_3_fu_6829_p3       |    select|   0|  0|  10|           1|          11|
    |normalized_41_fu_4178_p3      |    select|   0|  0|  10|           1|          11|
    |normalized_43_fu_4216_p3      |    select|   0|  0|  10|           1|          11|
    |normalized_45_fu_7118_p3      |    select|   0|  0|  10|           1|          11|
    |normalized_47_fu_7138_p3      |    select|   0|  0|  10|           1|          11|
    |normalized_49_fu_7172_p3      |    select|   0|  0|  10|           1|          11|
    |normalized_51_fu_7208_p3      |    select|   0|  0|  10|           1|          11|
    |normalized_53_fu_9597_p3      |    select|   0|  0|  10|           1|          11|
    |normalized_55_fu_9622_p3      |    select|   0|  0|  10|           1|          11|
    |normalized_5_fu_6864_p3       |    select|   0|  0|  10|           1|          11|
    |normalized_60_fu_4380_p3      |    select|   0|  0|  10|           1|          11|
    |normalized_62_fu_4418_p3      |    select|   0|  0|  10|           1|          11|
    |normalized_64_fu_7253_p3      |    select|   0|  0|  10|           1|          11|
    |normalized_66_fu_7273_p3      |    select|   0|  0|  10|           1|          11|
    |normalized_68_fu_7307_p3      |    select|   0|  0|  10|           1|          11|
    |normalized_70_fu_7343_p3      |    select|   0|  0|  10|           1|          11|
    |normalized_72_fu_9830_p3      |    select|   0|  0|  10|           1|          11|
    |normalized_74_fu_9855_p3      |    select|   0|  0|  10|           1|          11|
    |normalized_78_fu_4541_p3      |    select|   0|  0|  10|           1|          11|
    |normalized_7_fu_6898_p3       |    select|   0|  0|  10|           1|          11|
    |normalized_80_fu_4579_p3      |    select|   0|  0|  10|           1|          11|
    |normalized_82_fu_7388_p3      |    select|   0|  0|  10|           1|          11|
    |normalized_84_fu_7408_p3      |    select|   0|  0|  10|           1|          11|
    |normalized_86_fu_7442_p3      |    select|   0|  0|  10|           1|          11|
    |normalized_88_fu_7478_p3      |    select|   0|  0|  10|           1|          11|
    |normalized_90_fu_10056_p3     |    select|   0|  0|  10|           1|          11|
    |normalized_92_fu_10081_p3     |    select|   0|  0|  10|           1|          11|
    |normalized_9_fu_6934_p3       |    select|   0|  0|  10|           1|          11|
    |select_ln168_fu_13038_p3      |    select|   0|  0|  30|           1|           1|
    |select_ln39_100_fu_5849_p3    |    select|   0|  0|   3|           1|           1|
    |select_ln39_101_fu_5887_p3    |    select|   0|  0|   2|           1|           2|
    |select_ln39_102_fu_5913_p3    |    select|   0|  0|   3|           1|           3|
    |select_ln39_103_fu_8366_p3    |    select|   0|  0|   3|           1|           3|
    |select_ln39_104_fu_8401_p3    |    select|   0|  0|   3|           1|           3|
    |select_ln39_105_fu_8437_p3    |    select|   0|  0|   3|           1|           3|
    |select_ln39_106_fu_11693_p3   |    select|   0|  0|   4|           1|           4|
    |select_ln39_107_fu_11726_p3   |    select|   0|  0|   4|           1|           4|
    |select_ln39_108_fu_11760_p3   |    select|   0|  0|   4|           1|           4|
    |select_ln39_109_fu_6021_p3    |    select|   0|  0|   3|           1|           1|
    |select_ln39_10_fu_3984_p3     |    select|   0|  0|   3|           1|           1|
    |select_ln39_110_fu_6059_p3    |    select|   0|  0|   2|           1|           2|
    |select_ln39_111_fu_6085_p3    |    select|   0|  0|   3|           1|           3|
    |select_ln39_112_fu_8501_p3    |    select|   0|  0|   3|           1|           3|
    |select_ln39_113_fu_8536_p3    |    select|   0|  0|   3|           1|           3|
    |select_ln39_114_fu_8572_p3    |    select|   0|  0|   3|           1|           3|
    |select_ln39_115_fu_11926_p3   |    select|   0|  0|   4|           1|           4|
    |select_ln39_116_fu_11959_p3   |    select|   0|  0|   4|           1|           4|
    |select_ln39_117_fu_11993_p3   |    select|   0|  0|   4|           1|           4|
    |select_ln39_118_fu_6193_p3    |    select|   0|  0|   3|           1|           1|
    |select_ln39_119_fu_6231_p3    |    select|   0|  0|   2|           1|           2|
    |select_ln39_11_fu_4022_p3     |    select|   0|  0|   2|           1|           2|
    |select_ln39_120_fu_6257_p3    |    select|   0|  0|   3|           1|           3|
    |select_ln39_121_fu_8636_p3    |    select|   0|  0|   3|           1|           3|
    |select_ln39_122_fu_8671_p3    |    select|   0|  0|   3|           1|           3|
    |select_ln39_123_fu_8707_p3    |    select|   0|  0|   3|           1|           3|
    |select_ln39_124_fu_12159_p3   |    select|   0|  0|   4|           1|           4|
    |select_ln39_125_fu_12192_p3   |    select|   0|  0|   4|           1|           4|
    |select_ln39_126_fu_12226_p3   |    select|   0|  0|   4|           1|           4|
    |select_ln39_127_fu_6365_p3    |    select|   0|  0|   3|           1|           1|
    |select_ln39_128_fu_6403_p3    |    select|   0|  0|   2|           1|           2|
    |select_ln39_129_fu_6429_p3    |    select|   0|  0|   3|           1|           3|
    |select_ln39_12_fu_4048_p3     |    select|   0|  0|   3|           1|           3|
    |select_ln39_130_fu_8771_p3    |    select|   0|  0|   3|           1|           3|
    |select_ln39_131_fu_8806_p3    |    select|   0|  0|   3|           1|           3|
    |select_ln39_132_fu_8842_p3    |    select|   0|  0|   3|           1|           3|
    |select_ln39_133_fu_12392_p3   |    select|   0|  0|   4|           1|           4|
    |select_ln39_134_fu_12425_p3   |    select|   0|  0|   4|           1|           4|
    |select_ln39_135_fu_12459_p3   |    select|   0|  0|   4|           1|           4|
    |select_ln39_136_fu_6537_p3    |    select|   0|  0|   3|           1|           1|
    |select_ln39_137_fu_6575_p3    |    select|   0|  0|   2|           1|           2|
    |select_ln39_138_fu_6601_p3    |    select|   0|  0|   3|           1|           3|
    |select_ln39_139_fu_8906_p3    |    select|   0|  0|   3|           1|           3|
    |select_ln39_13_fu_7016_p3     |    select|   0|  0|   3|           1|           3|
    |select_ln39_140_fu_8941_p3    |    select|   0|  0|   3|           1|           3|
    |select_ln39_141_fu_8977_p3    |    select|   0|  0|   3|           1|           3|
    |select_ln39_142_fu_12625_p3   |    select|   0|  0|   4|           1|           4|
    |select_ln39_143_fu_12658_p3   |    select|   0|  0|   4|           1|           4|
    |select_ln39_144_fu_12692_p3   |    select|   0|  0|   4|           1|           4|
    |select_ln39_145_fu_6709_p3    |    select|   0|  0|   3|           1|           1|
    |select_ln39_146_fu_6747_p3    |    select|   0|  0|   2|           1|           2|
    |select_ln39_147_fu_6773_p3    |    select|   0|  0|   3|           1|           3|
    |select_ln39_148_fu_9041_p3    |    select|   0|  0|   3|           1|           3|
    |select_ln39_149_fu_9076_p3    |    select|   0|  0|   3|           1|           3|
    |select_ln39_14_fu_7051_p3     |    select|   0|  0|   3|           1|           3|
    |select_ln39_150_fu_9112_p3    |    select|   0|  0|   3|           1|           3|
    |select_ln39_151_fu_12858_p3   |    select|   0|  0|   4|           1|           4|
    |select_ln39_152_fu_12891_p3   |    select|   0|  0|   4|           1|           4|
    |select_ln39_153_fu_12925_p3   |    select|   0|  0|   4|           1|           4|
    |select_ln39_15_fu_7087_p3     |    select|   0|  0|   3|           1|           3|
    |select_ln39_162_fu_9459_p3    |    select|   0|  0|  10|           1|          10|
    |select_ln39_16_fu_9370_p3     |    select|   0|  0|   4|           1|           4|
    |select_ln39_171_fu_9692_p3    |    select|   0|  0|  10|           1|          10|
    |select_ln39_17_fu_9403_p3     |    select|   0|  0|   4|           1|           4|
    |select_ln39_180_fu_9925_p3    |    select|   0|  0|  10|           1|          10|
    |select_ln39_189_fu_10151_p3   |    select|   0|  0|  10|           1|          10|
    |select_ln39_18_fu_9437_p3     |    select|   0|  0|   4|           1|           4|
    |select_ln39_198_fu_10384_p3   |    select|   0|  0|  10|           1|          10|
    |select_ln39_19_fu_4186_p3     |    select|   0|  0|   3|           1|           1|
    |select_ln39_1_fu_6836_p3      |    select|   0|  0|   3|           1|           1|
    |select_ln39_207_fu_10617_p3   |    select|   0|  0|  10|           1|          10|
    |select_ln39_20_fu_4224_p3     |    select|   0|  0|   2|           1|           2|
    |select_ln39_216_fu_10850_p3   |    select|   0|  0|  10|           1|          10|
    |select_ln39_21_fu_4250_p3     |    select|   0|  0|   3|           1|           3|
    |select_ln39_225_fu_11083_p3   |    select|   0|  0|  10|           1|          10|
    |select_ln39_22_fu_7151_p3     |    select|   0|  0|   3|           1|           3|
    |select_ln39_234_fu_11316_p3   |    select|   0|  0|  10|           1|          10|
    |select_ln39_23_fu_7186_p3     |    select|   0|  0|   3|           1|           3|
    |select_ln39_243_fu_11549_p3   |    select|   0|  0|  10|           1|          10|
    |select_ln39_24_fu_7222_p3     |    select|   0|  0|   3|           1|           3|
    |select_ln39_252_fu_11782_p3   |    select|   0|  0|  10|           1|          10|
    |select_ln39_25_fu_9603_p3     |    select|   0|  0|   4|           1|           4|
    |select_ln39_261_fu_12015_p3   |    select|   0|  0|  10|           1|          10|
    |select_ln39_26_fu_9636_p3     |    select|   0|  0|   4|           1|           4|
    |select_ln39_270_fu_12248_p3   |    select|   0|  0|  10|           1|          10|
    |select_ln39_279_fu_12481_p3   |    select|   0|  0|  10|           1|          10|
    |select_ln39_27_fu_9670_p3     |    select|   0|  0|   4|           1|           4|
    |select_ln39_288_fu_12714_p3   |    select|   0|  0|  10|           1|          10|
    |select_ln39_28_fu_4388_p3     |    select|   0|  0|   3|           1|           1|
    |select_ln39_297_fu_12947_p3   |    select|   0|  0|  10|           1|          10|
    |select_ln39_29_fu_4426_p3     |    select|   0|  0|   2|           1|           2|
    |select_ln39_2_fu_6872_p3      |    select|   0|  0|   2|           1|           2|
    |select_ln39_30_fu_4452_p3     |    select|   0|  0|   3|           1|           3|
    |select_ln39_31_fu_7286_p3     |    select|   0|  0|   3|           1|           3|
    |select_ln39_32_fu_7321_p3     |    select|   0|  0|   3|           1|           3|
    |select_ln39_33_fu_7357_p3     |    select|   0|  0|   3|           1|           3|
    |select_ln39_34_fu_9836_p3     |    select|   0|  0|   4|           1|           4|
    |select_ln39_35_fu_9869_p3     |    select|   0|  0|   4|           1|           4|
    |select_ln39_36_fu_9903_p3     |    select|   0|  0|   4|           1|           4|
    |select_ln39_37_fu_4549_p3     |    select|   0|  0|   3|           1|           1|
    |select_ln39_38_fu_4587_p3     |    select|   0|  0|   2|           1|           2|
    |select_ln39_39_fu_4613_p3     |    select|   0|  0|   3|           1|           3|
    |select_ln39_3_fu_6912_p3      |    select|   0|  0|   3|           1|           3|
    |select_ln39_40_fu_7421_p3     |    select|   0|  0|   3|           1|           3|
    |select_ln39_41_fu_7456_p3     |    select|   0|  0|   3|           1|           3|
    |select_ln39_42_fu_7492_p3     |    select|   0|  0|   3|           1|           3|
    |select_ln39_43_fu_10062_p3    |    select|   0|  0|   4|           1|           4|
    |select_ln39_44_fu_10095_p3    |    select|   0|  0|   4|           1|           4|
    |select_ln39_45_fu_10129_p3    |    select|   0|  0|   4|           1|           4|
    |select_ln39_46_fu_4817_p3     |    select|   0|  0|   3|           1|           1|
    |select_ln39_47_fu_4855_p3     |    select|   0|  0|   2|           1|           2|
    |select_ln39_48_fu_4881_p3     |    select|   0|  0|   3|           1|           3|
    |select_ln39_49_fu_7556_p3     |    select|   0|  0|   3|           1|           3|
    |select_ln39_4_fu_6948_p3      |    select|   0|  0|   3|           1|           3|
    |select_ln39_50_fu_7591_p3     |    select|   0|  0|   3|           1|           3|
    |select_ln39_51_fu_7627_p3     |    select|   0|  0|   3|           1|           3|
    |select_ln39_52_fu_10295_p3    |    select|   0|  0|   4|           1|           4|
    |select_ln39_53_fu_10328_p3    |    select|   0|  0|   4|           1|           4|
    |select_ln39_54_fu_10362_p3    |    select|   0|  0|   4|           1|           4|
    |select_ln39_55_fu_4989_p3     |    select|   0|  0|   3|           1|           1|
    |select_ln39_56_fu_5027_p3     |    select|   0|  0|   2|           1|           2|
    |select_ln39_57_fu_5053_p3     |    select|   0|  0|   3|           1|           3|
    |select_ln39_58_fu_7691_p3     |    select|   0|  0|   3|           1|           3|
    |select_ln39_59_fu_7726_p3     |    select|   0|  0|   3|           1|           3|
    |select_ln39_5_fu_6970_p3      |    select|   0|  0|   3|           1|           3|
    |select_ln39_60_fu_7762_p3     |    select|   0|  0|   3|           1|           3|
    |select_ln39_61_fu_10528_p3    |    select|   0|  0|   4|           1|           4|
    |select_ln39_62_fu_10561_p3    |    select|   0|  0|   4|           1|           4|
    |select_ln39_63_fu_10595_p3    |    select|   0|  0|   4|           1|           4|
    |select_ln39_64_fu_5161_p3     |    select|   0|  0|   3|           1|           1|
    |select_ln39_65_fu_5199_p3     |    select|   0|  0|   2|           1|           2|
    |select_ln39_66_fu_5225_p3     |    select|   0|  0|   3|           1|           3|
    |select_ln39_67_fu_7826_p3     |    select|   0|  0|   3|           1|           3|
    |select_ln39_68_fu_7861_p3     |    select|   0|  0|   3|           1|           3|
    |select_ln39_69_fu_7897_p3     |    select|   0|  0|   3|           1|           3|
    |select_ln39_6_fu_9190_p3      |    select|   0|  0|   3|           1|           3|
    |select_ln39_70_fu_10761_p3    |    select|   0|  0|   4|           1|           4|
    |select_ln39_71_fu_10794_p3    |    select|   0|  0|   4|           1|           4|
    |select_ln39_72_fu_10828_p3    |    select|   0|  0|   4|           1|           4|
    |select_ln39_73_fu_5333_p3     |    select|   0|  0|   3|           1|           1|
    |select_ln39_74_fu_5371_p3     |    select|   0|  0|   2|           1|           2|
    |select_ln39_75_fu_5397_p3     |    select|   0|  0|   3|           1|           3|
    |select_ln39_76_fu_7961_p3     |    select|   0|  0|   3|           1|           3|
    |select_ln39_77_fu_7996_p3     |    select|   0|  0|   3|           1|           3|
    |select_ln39_78_fu_8032_p3     |    select|   0|  0|   3|           1|           3|
    |select_ln39_79_fu_10994_p3    |    select|   0|  0|   4|           1|           4|
    |select_ln39_7_fu_9229_p3      |    select|   0|  0|   4|           1|           4|
    |select_ln39_80_fu_11027_p3    |    select|   0|  0|   4|           1|           4|
    |select_ln39_81_fu_11061_p3    |    select|   0|  0|   4|           1|           4|
    |select_ln39_82_fu_5505_p3     |    select|   0|  0|   3|           1|           1|
    |select_ln39_83_fu_5543_p3     |    select|   0|  0|   2|           1|           2|
    |select_ln39_84_fu_5569_p3     |    select|   0|  0|   3|           1|           3|
    |select_ln39_85_fu_8096_p3     |    select|   0|  0|   3|           1|           3|
    |select_ln39_86_fu_8131_p3     |    select|   0|  0|   3|           1|           3|
    |select_ln39_87_fu_8167_p3     |    select|   0|  0|   3|           1|           3|
    |select_ln39_88_fu_11227_p3    |    select|   0|  0|   4|           1|           4|
    |select_ln39_89_fu_11260_p3    |    select|   0|  0|   4|           1|           4|
    |select_ln39_8_fu_9265_p3      |    select|   0|  0|   4|           1|           4|
    |select_ln39_90_fu_11294_p3    |    select|   0|  0|   4|           1|           4|
    |select_ln39_91_fu_5677_p3     |    select|   0|  0|   3|           1|           1|
    |select_ln39_92_fu_5715_p3     |    select|   0|  0|   2|           1|           2|
    |select_ln39_93_fu_5741_p3     |    select|   0|  0|   3|           1|           3|
    |select_ln39_94_fu_8231_p3     |    select|   0|  0|   3|           1|           3|
    |select_ln39_95_fu_8266_p3     |    select|   0|  0|   3|           1|           3|
    |select_ln39_96_fu_8302_p3     |    select|   0|  0|   3|           1|           3|
    |select_ln39_97_fu_11460_p3    |    select|   0|  0|   4|           1|           4|
    |select_ln39_98_fu_11493_p3    |    select|   0|  0|   4|           1|           4|
    |select_ln39_99_fu_11527_p3    |    select|   0|  0|   4|           1|           4|
    |select_ln39_9_fu_9297_p3      |    select|   0|  0|  10|           1|          10|
    |select_ln39_fu_13066_p3       |    select|   0|  0|   4|           1|           4|
    |select_ln41_10_fu_5699_p3     |    select|   0|  0|   3|           1|           3|
    |select_ln41_11_fu_5871_p3     |    select|   0|  0|   3|           1|           3|
    |select_ln41_12_fu_6043_p3     |    select|   0|  0|   3|           1|           3|
    |select_ln41_13_fu_6215_p3     |    select|   0|  0|   3|           1|           3|
    |select_ln41_14_fu_6387_p3     |    select|   0|  0|   3|           1|           3|
    |select_ln41_15_fu_6559_p3     |    select|   0|  0|   3|           1|           3|
    |select_ln41_16_fu_6731_p3     |    select|   0|  0|   3|           1|           3|
    |select_ln41_1_fu_4006_p3      |    select|   0|  0|   3|           1|           3|
    |select_ln41_2_fu_4208_p3      |    select|   0|  0|   3|           1|           3|
    |select_ln41_3_fu_4410_p3      |    select|   0|  0|   3|           1|           3|
    |select_ln41_4_fu_4571_p3      |    select|   0|  0|   3|           1|           3|
    |select_ln41_5_fu_4839_p3      |    select|   0|  0|   3|           1|           3|
    |select_ln41_6_fu_5011_p3      |    select|   0|  0|   3|           1|           3|
    |select_ln41_7_fu_5183_p3      |    select|   0|  0|   3|           1|           3|
    |select_ln41_8_fu_5355_p3      |    select|   0|  0|   3|           1|           3|
    |select_ln41_9_fu_5527_p3      |    select|   0|  0|   3|           1|           3|
    |select_ln41_fu_6857_p3        |    select|   0|  0|   3|           1|           3|
    |ap_enable_pp0                 |       xor|   0|  0|   2|           1|           2|
    +------------------------------+----------+----+---+----+------------+------------+
    |Total                         |          |   0|  0|5521|        2082|        3154|
    +------------------------------+----------+----+---+----+------------+------------+

    * Multiplexer: 
    +----------------------------------------+----+-----------+-----+-----------+
    |                  Name                  | LUT| Input Size| Bits| Total Bits|
    +----------------------------------------+----+-----------+-----+-----------+
    |accum_100_fu_768                        |   9|          2|   32|         64|
    |accum_101_fu_764                        |   9|          2|   32|         64|
    |accum_102_fu_760                        |   9|          2|   32|         64|
    |accum_103_fu_756                        |   9|          2|   32|         64|
    |accum_104_fu_752                        |   9|          2|   32|         64|
    |accum_105_fu_748                        |   9|          2|   32|         64|
    |accum_106_fu_744                        |   9|          2|   32|         64|
    |accum_107_fu_740                        |   9|          2|   32|         64|
    |accum_108_fu_736                        |   9|          2|   32|         64|
    |accum_109_fu_732                        |   9|          2|   32|         64|
    |accum_10_fu_1128                        |   9|          2|   32|         64|
    |accum_110_fu_728                        |   9|          2|   32|         64|
    |accum_111_fu_724                        |   9|          2|   32|         64|
    |accum_112_fu_720                        |   9|          2|   32|         64|
    |accum_113_fu_716                        |   9|          2|   32|         64|
    |accum_114_fu_712                        |   9|          2|   32|         64|
    |accum_115_fu_708                        |   9|          2|   32|         64|
    |accum_116_fu_704                        |   9|          2|   32|         64|
    |accum_117_fu_700                        |   9|          2|   32|         64|
    |accum_118_fu_696                        |   9|          2|   32|         64|
    |accum_119_fu_692                        |   9|          2|   32|         64|
    |accum_11_fu_1124                        |   9|          2|   32|         64|
    |accum_120_fu_688                        |   9|          2|   32|         64|
    |accum_121_fu_684                        |   9|          2|   32|         64|
    |accum_122_fu_680                        |   9|          2|   32|         64|
    |accum_123_fu_676                        |   9|          2|   32|         64|
    |accum_124_fu_672                        |   9|          2|   32|         64|
    |accum_125_fu_668                        |   9|          2|   32|         64|
    |accum_126_fu_664                        |   9|          2|   32|         64|
    |accum_127_fu_660                        |   9|          2|   32|         64|
    |accum_128_fu_656                        |   9|          2|   32|         64|
    |accum_129_fu_652                        |   9|          2|   32|         64|
    |accum_12_fu_1120                        |   9|          2|   32|         64|
    |accum_130_fu_648                        |   9|          2|   32|         64|
    |accum_131_fu_644                        |   9|          2|   32|         64|
    |accum_132_fu_640                        |   9|          2|   32|         64|
    |accum_133_fu_636                        |   9|          2|   32|         64|
    |accum_134_fu_632                        |   9|          2|   32|         64|
    |accum_135_fu_628                        |   9|          2|   32|         64|
    |accum_136_fu_624                        |   9|          2|   32|         64|
    |accum_137_fu_620                        |   9|          2|   32|         64|
    |accum_138_fu_616                        |   9|          2|   32|         64|
    |accum_139_fu_612                        |   9|          2|   32|         64|
    |accum_13_fu_1116                        |   9|          2|   32|         64|
    |accum_140_fu_608                        |   9|          2|   32|         64|
    |accum_141_fu_604                        |   9|          2|   32|         64|
    |accum_142_fu_600                        |   9|          2|   32|         64|
    |accum_143_fu_596                        |   9|          2|   32|         64|
    |accum_144_fu_592                        |   9|          2|   32|         64|
    |accum_145_fu_588                        |   9|          2|   32|         64|
    |accum_146_fu_584                        |   9|          2|   32|         64|
    |accum_147_fu_580                        |   9|          2|   32|         64|
    |accum_148_fu_576                        |   9|          2|   32|         64|
    |accum_149_fu_572                        |   9|          2|   32|         64|
    |accum_14_fu_1112                        |   9|          2|   32|         64|
    |accum_150_fu_568                        |   9|          2|   32|         64|
    |accum_151_fu_564                        |   9|          2|   32|         64|
    |accum_152_fu_560                        |   9|          2|   32|         64|
    |accum_153_fu_556                        |   9|          2|   32|         64|
    |accum_154_fu_552                        |   9|          2|   32|         64|
    |accum_155_fu_548                        |   9|          2|   32|         64|
    |accum_156_fu_544                        |   9|          2|   32|         64|
    |accum_157_fu_540                        |   9|          2|   32|         64|
    |accum_158_fu_536                        |   9|          2|   32|         64|
    |accum_159_fu_532                        |   9|          2|   32|         64|
    |accum_15_fu_1108                        |   9|          2|   32|         64|
    |accum_16_fu_1104                        |   9|          2|   32|         64|
    |accum_17_fu_1100                        |   9|          2|   32|         64|
    |accum_18_fu_1096                        |   9|          2|   32|         64|
    |accum_19_fu_1092                        |   9|          2|   32|         64|
    |accum_1_fu_1164                         |   9|          2|   32|         64|
    |accum_20_fu_1088                        |   9|          2|   32|         64|
    |accum_21_fu_1084                        |   9|          2|   32|         64|
    |accum_22_fu_1080                        |   9|          2|   32|         64|
    |accum_23_fu_1076                        |   9|          2|   32|         64|
    |accum_24_fu_1072                        |   9|          2|   32|         64|
    |accum_25_fu_1068                        |   9|          2|   32|         64|
    |accum_26_fu_1064                        |   9|          2|   32|         64|
    |accum_27_fu_1060                        |   9|          2|   32|         64|
    |accum_28_fu_1056                        |   9|          2|   32|         64|
    |accum_29_fu_1052                        |   9|          2|   32|         64|
    |accum_2_fu_1160                         |   9|          2|   32|         64|
    |accum_30_fu_1048                        |   9|          2|   32|         64|
    |accum_31_fu_1044                        |   9|          2|   32|         64|
    |accum_32_fu_1040                        |   9|          2|   32|         64|
    |accum_33_fu_1036                        |   9|          2|   32|         64|
    |accum_34_fu_1032                        |   9|          2|   32|         64|
    |accum_35_fu_1028                        |   9|          2|   32|         64|
    |accum_36_fu_1024                        |   9|          2|   32|         64|
    |accum_37_fu_1020                        |   9|          2|   32|         64|
    |accum_38_fu_1016                        |   9|          2|   32|         64|
    |accum_39_fu_1012                        |   9|          2|   32|         64|
    |accum_3_fu_1156                         |   9|          2|   32|         64|
    |accum_40_fu_1008                        |   9|          2|   32|         64|
    |accum_41_fu_1004                        |   9|          2|   32|         64|
    |accum_42_fu_1000                        |   9|          2|   32|         64|
    |accum_43_fu_996                         |   9|          2|   32|         64|
    |accum_44_fu_992                         |   9|          2|   32|         64|
    |accum_45_fu_988                         |   9|          2|   32|         64|
    |accum_46_fu_984                         |   9|          2|   32|         64|
    |accum_47_fu_980                         |   9|          2|   32|         64|
    |accum_48_fu_976                         |   9|          2|   32|         64|
    |accum_49_fu_972                         |   9|          2|   32|         64|
    |accum_4_fu_1152                         |   9|          2|   32|         64|
    |accum_50_fu_968                         |   9|          2|   32|         64|
    |accum_51_fu_964                         |   9|          2|   32|         64|
    |accum_52_fu_960                         |   9|          2|   32|         64|
    |accum_53_fu_956                         |   9|          2|   32|         64|
    |accum_54_fu_952                         |   9|          2|   32|         64|
    |accum_55_fu_948                         |   9|          2|   32|         64|
    |accum_56_fu_944                         |   9|          2|   32|         64|
    |accum_57_fu_940                         |   9|          2|   32|         64|
    |accum_58_fu_936                         |   9|          2|   32|         64|
    |accum_59_fu_932                         |   9|          2|   32|         64|
    |accum_5_fu_1148                         |   9|          2|   32|         64|
    |accum_60_fu_928                         |   9|          2|   32|         64|
    |accum_61_fu_924                         |   9|          2|   32|         64|
    |accum_62_fu_920                         |   9|          2|   32|         64|
    |accum_63_fu_916                         |   9|          2|   32|         64|
    |accum_64_fu_912                         |   9|          2|   32|         64|
    |accum_65_fu_908                         |   9|          2|   32|         64|
    |accum_66_fu_904                         |   9|          2|   32|         64|
    |accum_67_fu_900                         |   9|          2|   32|         64|
    |accum_68_fu_896                         |   9|          2|   32|         64|
    |accum_69_fu_892                         |   9|          2|   32|         64|
    |accum_6_fu_1144                         |   9|          2|   32|         64|
    |accum_70_fu_888                         |   9|          2|   32|         64|
    |accum_71_fu_884                         |   9|          2|   32|         64|
    |accum_72_fu_880                         |   9|          2|   32|         64|
    |accum_73_fu_876                         |   9|          2|   32|         64|
    |accum_74_fu_872                         |   9|          2|   32|         64|
    |accum_75_fu_868                         |   9|          2|   32|         64|
    |accum_76_fu_864                         |   9|          2|   32|         64|
    |accum_77_fu_860                         |   9|          2|   32|         64|
    |accum_78_fu_856                         |   9|          2|   32|         64|
    |accum_79_fu_852                         |   9|          2|   32|         64|
    |accum_7_fu_1140                         |   9|          2|   32|         64|
    |accum_80_fu_848                         |   9|          2|   32|         64|
    |accum_81_fu_844                         |   9|          2|   32|         64|
    |accum_82_fu_840                         |   9|          2|   32|         64|
    |accum_83_fu_836                         |   9|          2|   32|         64|
    |accum_84_fu_832                         |   9|          2|   32|         64|
    |accum_85_fu_828                         |   9|          2|   32|         64|
    |accum_86_fu_824                         |   9|          2|   32|         64|
    |accum_87_fu_820                         |   9|          2|   32|         64|
    |accum_88_fu_816                         |   9|          2|   32|         64|
    |accum_89_fu_812                         |   9|          2|   32|         64|
    |accum_8_fu_1136                         |   9|          2|   32|         64|
    |accum_90_fu_808                         |   9|          2|   32|         64|
    |accum_91_fu_804                         |   9|          2|   32|         64|
    |accum_92_fu_800                         |   9|          2|   32|         64|
    |accum_93_fu_796                         |   9|          2|   32|         64|
    |accum_94_fu_792                         |   9|          2|   32|         64|
    |accum_95_fu_788                         |   9|          2|   32|         64|
    |accum_96_fu_784                         |   9|          2|   32|         64|
    |accum_97_fu_780                         |   9|          2|   32|         64|
    |accum_98_fu_776                         |   9|          2|   32|         64|
    |accum_99_fu_772                         |   9|          2|   32|         64|
    |accum_9_fu_1132                         |   9|          2|   32|         64|
    |accum_fu_1168                           |   9|          2|   32|         64|
    |ap_done_int                             |   9|          2|    1|          2|
    |ap_enable_reg_pp0_iter4                 |   9|          2|    1|          2|
    |ap_phi_reg_pp0_iter4_bits_138_reg_2414  |   9|          2|   32|         64|
    |ap_phi_reg_pp0_iter5_bits_138_reg_2414  |  20|          4|   32|        128|
    |ap_sig_allocacmp_accum_100_load_1       |   9|          2|   32|         64|
    |ap_sig_allocacmp_accum_101_load_1       |   9|          2|   32|         64|
    |ap_sig_allocacmp_accum_102_load_1       |   9|          2|   32|         64|
    |ap_sig_allocacmp_accum_103_load_1       |   9|          2|   32|         64|
    |ap_sig_allocacmp_accum_104_load_1       |   9|          2|   32|         64|
    |ap_sig_allocacmp_accum_105_load_1       |   9|          2|   32|         64|
    |ap_sig_allocacmp_accum_106_load_1       |   9|          2|   32|         64|
    |ap_sig_allocacmp_accum_107_load_1       |   9|          2|   32|         64|
    |ap_sig_allocacmp_accum_108_load_1       |   9|          2|   32|         64|
    |ap_sig_allocacmp_accum_109_load_1       |   9|          2|   32|         64|
    |ap_sig_allocacmp_accum_10_load_1        |   9|          2|   32|         64|
    |ap_sig_allocacmp_accum_110_load_1       |   9|          2|   32|         64|
    |ap_sig_allocacmp_accum_111_load_1       |   9|          2|   32|         64|
    |ap_sig_allocacmp_accum_112_load_1       |   9|          2|   32|         64|
    |ap_sig_allocacmp_accum_113_load_1       |   9|          2|   32|         64|
    |ap_sig_allocacmp_accum_114_load_1       |   9|          2|   32|         64|
    |ap_sig_allocacmp_accum_115_load_1       |   9|          2|   32|         64|
    |ap_sig_allocacmp_accum_116_load_1       |   9|          2|   32|         64|
    |ap_sig_allocacmp_accum_117_load_1       |   9|          2|   32|         64|
    |ap_sig_allocacmp_accum_118_load_1       |   9|          2|   32|         64|
    |ap_sig_allocacmp_accum_119_load_1       |   9|          2|   32|         64|
    |ap_sig_allocacmp_accum_11_load_1        |   9|          2|   32|         64|
    |ap_sig_allocacmp_accum_120_load_1       |   9|          2|   32|         64|
    |ap_sig_allocacmp_accum_121_load_1       |   9|          2|   32|         64|
    |ap_sig_allocacmp_accum_122_load_1       |   9|          2|   32|         64|
    |ap_sig_allocacmp_accum_123_load_1       |   9|          2|   32|         64|
    |ap_sig_allocacmp_accum_124_load_1       |   9|          2|   32|         64|
    |ap_sig_allocacmp_accum_125_load_1       |   9|          2|   32|         64|
    |ap_sig_allocacmp_accum_126_load_1       |   9|          2|   32|         64|
    |ap_sig_allocacmp_accum_127_load_1       |   9|          2|   32|         64|
    |ap_sig_allocacmp_accum_128_load_1       |   9|          2|   32|         64|
    |ap_sig_allocacmp_accum_129_load_1       |   9|          2|   32|         64|
    |ap_sig_allocacmp_accum_12_load_1        |   9|          2|   32|         64|
    |ap_sig_allocacmp_accum_130_load_1       |   9|          2|   32|         64|
    |ap_sig_allocacmp_accum_131_load_1       |   9|          2|   32|         64|
    |ap_sig_allocacmp_accum_132_load_1       |   9|          2|   32|         64|
    |ap_sig_allocacmp_accum_133_load_1       |   9|          2|   32|         64|
    |ap_sig_allocacmp_accum_134_load_1       |   9|          2|   32|         64|
    |ap_sig_allocacmp_accum_135_load_1       |   9|          2|   32|         64|
    |ap_sig_allocacmp_accum_136_load_1       |   9|          2|   32|         64|
    |ap_sig_allocacmp_accum_137_load_1       |   9|          2|   32|         64|
    |ap_sig_allocacmp_accum_138_load_1       |   9|          2|   32|         64|
    |ap_sig_allocacmp_accum_139_load_1       |   9|          2|   32|         64|
    |ap_sig_allocacmp_accum_13_load_1        |   9|          2|   32|         64|
    |ap_sig_allocacmp_accum_140_load_1       |   9|          2|   32|         64|
    |ap_sig_allocacmp_accum_141_load_1       |   9|          2|   32|         64|
    |ap_sig_allocacmp_accum_142_load_1       |   9|          2|   32|         64|
    |ap_sig_allocacmp_accum_143_load_1       |   9|          2|   32|         64|
    |ap_sig_allocacmp_accum_144_load_1       |   9|          2|   32|         64|
    |ap_sig_allocacmp_accum_145_load_1       |   9|          2|   32|         64|
    |ap_sig_allocacmp_accum_146_load_1       |   9|          2|   32|         64|
    |ap_sig_allocacmp_accum_147_load_1       |   9|          2|   32|         64|
    |ap_sig_allocacmp_accum_148_load_1       |   9|          2|   32|         64|
    |ap_sig_allocacmp_accum_149_load_1       |   9|          2|   32|         64|
    |ap_sig_allocacmp_accum_14_load_1        |   9|          2|   32|         64|
    |ap_sig_allocacmp_accum_150_load_1       |   9|          2|   32|         64|
    |ap_sig_allocacmp_accum_151_load_1       |   9|          2|   32|         64|
    |ap_sig_allocacmp_accum_152_load_1       |   9|          2|   32|         64|
    |ap_sig_allocacmp_accum_153_load_1       |   9|          2|   32|         64|
    |ap_sig_allocacmp_accum_154_load_1       |   9|          2|   32|         64|
    |ap_sig_allocacmp_accum_155_load_1       |   9|          2|   32|         64|
    |ap_sig_allocacmp_accum_156_load_1       |   9|          2|   32|         64|
    |ap_sig_allocacmp_accum_157_load_1       |   9|          2|   32|         64|
    |ap_sig_allocacmp_accum_158_load_1       |   9|          2|   32|         64|
    |ap_sig_allocacmp_accum_159_load_1       |   9|          2|   32|         64|
    |ap_sig_allocacmp_accum_15_load_1        |   9|          2|   32|         64|
    |ap_sig_allocacmp_accum_16_load_1        |   9|          2|   32|         64|
    |ap_sig_allocacmp_accum_17_load_1        |   9|          2|   32|         64|
    |ap_sig_allocacmp_accum_18_load_1        |   9|          2|   32|         64|
    |ap_sig_allocacmp_accum_19_load_1        |   9|          2|   32|         64|
    |ap_sig_allocacmp_accum_1_load_1         |   9|          2|   32|         64|
    |ap_sig_allocacmp_accum_20_load_1        |   9|          2|   32|         64|
    |ap_sig_allocacmp_accum_21_load_1        |   9|          2|   32|         64|
    |ap_sig_allocacmp_accum_22_load_1        |   9|          2|   32|         64|
    |ap_sig_allocacmp_accum_23_load_1        |   9|          2|   32|         64|
    |ap_sig_allocacmp_accum_24_load_1        |   9|          2|   32|         64|
    |ap_sig_allocacmp_accum_25_load_1        |   9|          2|   32|         64|
    |ap_sig_allocacmp_accum_26_load_1        |   9|          2|   32|         64|
    |ap_sig_allocacmp_accum_27_load_1        |   9|          2|   32|         64|
    |ap_sig_allocacmp_accum_28_load_1        |   9|          2|   32|         64|
    |ap_sig_allocacmp_accum_29_load_1        |   9|          2|   32|         64|
    |ap_sig_allocacmp_accum_2_load_1         |   9|          2|   32|         64|
    |ap_sig_allocacmp_accum_30_load_1        |   9|          2|   32|         64|
    |ap_sig_allocacmp_accum_31_load_1        |   9|          2|   32|         64|
    |ap_sig_allocacmp_accum_32_load_1        |   9|          2|   32|         64|
    |ap_sig_allocacmp_accum_33_load_1        |   9|          2|   32|         64|
    |ap_sig_allocacmp_accum_34_load_1        |   9|          2|   32|         64|
    |ap_sig_allocacmp_accum_35_load_1        |   9|          2|   32|         64|
    |ap_sig_allocacmp_accum_36_load_1        |   9|          2|   32|         64|
    |ap_sig_allocacmp_accum_37_load_1        |   9|          2|   32|         64|
    |ap_sig_allocacmp_accum_38_load_1        |   9|          2|   32|         64|
    |ap_sig_allocacmp_accum_39_load_1        |   9|          2|   32|         64|
    |ap_sig_allocacmp_accum_3_load_1         |   9|          2|   32|         64|
    |ap_sig_allocacmp_accum_40_load_1        |   9|          2|   32|         64|
    |ap_sig_allocacmp_accum_41_load_1        |   9|          2|   32|         64|
    |ap_sig_allocacmp_accum_42_load_1        |   9|          2|   32|         64|
    |ap_sig_allocacmp_accum_43_load_1        |   9|          2|   32|         64|
    |ap_sig_allocacmp_accum_44_load_1        |   9|          2|   32|         64|
    |ap_sig_allocacmp_accum_45_load_1        |   9|          2|   32|         64|
    |ap_sig_allocacmp_accum_46_load_1        |   9|          2|   32|         64|
    |ap_sig_allocacmp_accum_47_load_1        |   9|          2|   32|         64|
    |ap_sig_allocacmp_accum_48_load_1        |   9|          2|   32|         64|
    |ap_sig_allocacmp_accum_49_load_1        |   9|          2|   32|         64|
    |ap_sig_allocacmp_accum_4_load_1         |   9|          2|   32|         64|
    |ap_sig_allocacmp_accum_50_load_1        |   9|          2|   32|         64|
    |ap_sig_allocacmp_accum_51_load_1        |   9|          2|   32|         64|
    |ap_sig_allocacmp_accum_52_load_1        |   9|          2|   32|         64|
    |ap_sig_allocacmp_accum_53_load_1        |   9|          2|   32|         64|
    |ap_sig_allocacmp_accum_54_load_1        |   9|          2|   32|         64|
    |ap_sig_allocacmp_accum_55_load_1        |   9|          2|   32|         64|
    |ap_sig_allocacmp_accum_56_load_1        |   9|          2|   32|         64|
    |ap_sig_allocacmp_accum_57_load_1        |   9|          2|   32|         64|
    |ap_sig_allocacmp_accum_58_load_1        |   9|          2|   32|         64|
    |ap_sig_allocacmp_accum_59_load_1        |   9|          2|   32|         64|
    |ap_sig_allocacmp_accum_5_load_1         |   9|          2|   32|         64|
    |ap_sig_allocacmp_accum_60_load_1        |   9|          2|   32|         64|
    |ap_sig_allocacmp_accum_61_load_1        |   9|          2|   32|         64|
    |ap_sig_allocacmp_accum_62_load_1        |   9|          2|   32|         64|
    |ap_sig_allocacmp_accum_63_load_1        |   9|          2|   32|         64|
    |ap_sig_allocacmp_accum_64_load_1        |   9|          2|   32|         64|
    |ap_sig_allocacmp_accum_65_load_1        |   9|          2|   32|         64|
    |ap_sig_allocacmp_accum_66_load_1        |   9|          2|   32|         64|
    |ap_sig_allocacmp_accum_67_load_1        |   9|          2|   32|         64|
    |ap_sig_allocacmp_accum_68_load_1        |   9|          2|   32|         64|
    |ap_sig_allocacmp_accum_69_load_1        |   9|          2|   32|         64|
    |ap_sig_allocacmp_accum_6_load_1         |   9|          2|   32|         64|
    |ap_sig_allocacmp_accum_70_load_1        |   9|          2|   32|         64|
    |ap_sig_allocacmp_accum_71_load_1        |   9|          2|   32|         64|
    |ap_sig_allocacmp_accum_72_load_1        |   9|          2|   32|         64|
    |ap_sig_allocacmp_accum_73_load_1        |   9|          2|   32|         64|
    |ap_sig_allocacmp_accum_74_load_1        |   9|          2|   32|         64|
    |ap_sig_allocacmp_accum_75_load_1        |   9|          2|   32|         64|
    |ap_sig_allocacmp_accum_76_load_1        |   9|          2|   32|         64|
    |ap_sig_allocacmp_accum_77_load_1        |   9|          2|   32|         64|
    |ap_sig_allocacmp_accum_78_load_1        |   9|          2|   32|         64|
    |ap_sig_allocacmp_accum_79_load_1        |   9|          2|   32|         64|
    |ap_sig_allocacmp_accum_7_load_1         |   9|          2|   32|         64|
    |ap_sig_allocacmp_accum_80_load_1        |   9|          2|   32|         64|
    |ap_sig_allocacmp_accum_81_load_1        |   9|          2|   32|         64|
    |ap_sig_allocacmp_accum_82_load_1        |   9|          2|   32|         64|
    |ap_sig_allocacmp_accum_83_load_1        |   9|          2|   32|         64|
    |ap_sig_allocacmp_accum_84_load_1        |   9|          2|   32|         64|
    |ap_sig_allocacmp_accum_85_load_1        |   9|          2|   32|         64|
    |ap_sig_allocacmp_accum_86_load_1        |   9|          2|   32|         64|
    |ap_sig_allocacmp_accum_87_load_1        |   9|          2|   32|         64|
    |ap_sig_allocacmp_accum_88_load_1        |   9|          2|   32|         64|
    |ap_sig_allocacmp_accum_89_load_1        |   9|          2|   32|         64|
    |ap_sig_allocacmp_accum_8_load_1         |   9|          2|   32|         64|
    |ap_sig_allocacmp_accum_90_load_1        |   9|          2|   32|         64|
    |ap_sig_allocacmp_accum_91_load_1        |   9|          2|   32|         64|
    |ap_sig_allocacmp_accum_92_load_1        |   9|          2|   32|         64|
    |ap_sig_allocacmp_accum_93_load_1        |   9|          2|   32|         64|
    |ap_sig_allocacmp_accum_94_load_1        |   9|          2|   32|         64|
    |ap_sig_allocacmp_accum_95_load_1        |   9|          2|   32|         64|
    |ap_sig_allocacmp_accum_96_load_1        |   9|          2|   32|         64|
    |ap_sig_allocacmp_accum_97_load_1        |   9|          2|   32|         64|
    |ap_sig_allocacmp_accum_98_load_1        |   9|          2|   32|         64|
    |ap_sig_allocacmp_accum_99_load_1        |   9|          2|   32|         64|
    |ap_sig_allocacmp_accum_9_load_1         |   9|          2|   32|         64|
    |ap_sig_allocacmp_accum_load_1           |   9|          2|   32|         64|
    |ap_sig_allocacmp_group_1                |   9|          2|   30|         60|
    |group_fu_528                            |   9|          2|   30|         60|
    |phi_urem_fu_524                         |   9|          2|   30|         60|
    +----------------------------------------+----+-----------+-----+-----------+
    |Total                                   |2954|        656|10396|      20856|
    +----------------------------------------+----+-----------+-----+-----------+

    * Register: 
    +----------------------------------------+-----+----+-----+-----------+
    |                  Name                  |  FF | LUT| Bits| Const Bits|
    +----------------------------------------+-----+----+-----+-----------+
    |accum_100_fu_768                        |   32|   0|   32|          0|
    |accum_101_fu_764                        |   32|   0|   32|          0|
    |accum_102_fu_760                        |   32|   0|   32|          0|
    |accum_103_fu_756                        |   32|   0|   32|          0|
    |accum_104_fu_752                        |   32|   0|   32|          0|
    |accum_105_fu_748                        |   32|   0|   32|          0|
    |accum_106_fu_744                        |   32|   0|   32|          0|
    |accum_107_fu_740                        |   32|   0|   32|          0|
    |accum_108_fu_736                        |   32|   0|   32|          0|
    |accum_109_fu_732                        |   32|   0|   32|          0|
    |accum_10_fu_1128                        |   32|   0|   32|          0|
    |accum_110_fu_728                        |   32|   0|   32|          0|
    |accum_111_fu_724                        |   32|   0|   32|          0|
    |accum_112_fu_720                        |   32|   0|   32|          0|
    |accum_113_fu_716                        |   32|   0|   32|          0|
    |accum_114_fu_712                        |   32|   0|   32|          0|
    |accum_115_fu_708                        |   32|   0|   32|          0|
    |accum_116_fu_704                        |   32|   0|   32|          0|
    |accum_117_fu_700                        |   32|   0|   32|          0|
    |accum_118_fu_696                        |   32|   0|   32|          0|
    |accum_119_fu_692                        |   32|   0|   32|          0|
    |accum_11_fu_1124                        |   32|   0|   32|          0|
    |accum_120_fu_688                        |   32|   0|   32|          0|
    |accum_121_fu_684                        |   32|   0|   32|          0|
    |accum_122_fu_680                        |   32|   0|   32|          0|
    |accum_123_fu_676                        |   32|   0|   32|          0|
    |accum_124_fu_672                        |   32|   0|   32|          0|
    |accum_125_fu_668                        |   32|   0|   32|          0|
    |accum_126_fu_664                        |   32|   0|   32|          0|
    |accum_127_fu_660                        |   32|   0|   32|          0|
    |accum_128_fu_656                        |   32|   0|   32|          0|
    |accum_129_fu_652                        |   32|   0|   32|          0|
    |accum_12_fu_1120                        |   32|   0|   32|          0|
    |accum_130_fu_648                        |   32|   0|   32|          0|
    |accum_131_fu_644                        |   32|   0|   32|          0|
    |accum_132_fu_640                        |   32|   0|   32|          0|
    |accum_133_fu_636                        |   32|   0|   32|          0|
    |accum_134_fu_632                        |   32|   0|   32|          0|
    |accum_135_fu_628                        |   32|   0|   32|          0|
    |accum_136_fu_624                        |   32|   0|   32|          0|
    |accum_137_fu_620                        |   32|   0|   32|          0|
    |accum_138_fu_616                        |   32|   0|   32|          0|
    |accum_139_fu_612                        |   32|   0|   32|          0|
    |accum_13_fu_1116                        |   32|   0|   32|          0|
    |accum_140_fu_608                        |   32|   0|   32|          0|
    |accum_141_fu_604                        |   32|   0|   32|          0|
    |accum_142_fu_600                        |   32|   0|   32|          0|
    |accum_143_fu_596                        |   32|   0|   32|          0|
    |accum_144_fu_592                        |   32|   0|   32|          0|
    |accum_145_fu_588                        |   32|   0|   32|          0|
    |accum_146_fu_584                        |   32|   0|   32|          0|
    |accum_147_fu_580                        |   32|   0|   32|          0|
    |accum_148_fu_576                        |   32|   0|   32|          0|
    |accum_149_fu_572                        |   32|   0|   32|          0|
    |accum_14_fu_1112                        |   32|   0|   32|          0|
    |accum_150_fu_568                        |   32|   0|   32|          0|
    |accum_151_fu_564                        |   32|   0|   32|          0|
    |accum_152_fu_560                        |   32|   0|   32|          0|
    |accum_153_fu_556                        |   32|   0|   32|          0|
    |accum_154_fu_552                        |   32|   0|   32|          0|
    |accum_155_fu_548                        |   32|   0|   32|          0|
    |accum_156_fu_544                        |   32|   0|   32|          0|
    |accum_157_fu_540                        |   32|   0|   32|          0|
    |accum_158_fu_536                        |   32|   0|   32|          0|
    |accum_159_fu_532                        |   32|   0|   32|          0|
    |accum_15_fu_1108                        |   32|   0|   32|          0|
    |accum_160_reg_19646                     |   32|   0|   32|          0|
    |accum_161_reg_19436                     |   32|   0|   32|          0|
    |accum_162_reg_19450                     |   32|   0|   32|          0|
    |accum_163_reg_19464                     |   32|   0|   32|          0|
    |accum_164_reg_19478                     |   32|   0|   32|          0|
    |accum_165_reg_19492                     |   32|   0|   32|          0|
    |accum_166_reg_19506                     |   32|   0|   32|          0|
    |accum_167_reg_19520                     |   32|   0|   32|          0|
    |accum_168_reg_19534                     |   32|   0|   32|          0|
    |accum_169_reg_19548                     |   32|   0|   32|          0|
    |accum_16_fu_1104                        |   32|   0|   32|          0|
    |accum_170_reg_19562                     |   32|   0|   32|          0|
    |accum_171_reg_19576                     |   32|   0|   32|          0|
    |accum_172_reg_19590                     |   32|   0|   32|          0|
    |accum_173_reg_19604                     |   32|   0|   32|          0|
    |accum_174_reg_19618                     |   32|   0|   32|          0|
    |accum_175_reg_19632                     |   32|   0|   32|          0|
    |accum_17_fu_1100                        |   32|   0|   32|          0|
    |accum_18_fu_1096                        |   32|   0|   32|          0|
    |accum_19_fu_1092                        |   32|   0|   32|          0|
    |accum_1_fu_1164                         |   32|   0|   32|          0|
    |accum_20_fu_1088                        |   32|   0|   32|          0|
    |accum_21_fu_1084                        |   32|   0|   32|          0|
    |accum_22_fu_1080                        |   32|   0|   32|          0|
    |accum_23_fu_1076                        |   32|   0|   32|          0|
    |accum_24_fu_1072                        |   32|   0|   32|          0|
    |accum_25_fu_1068                        |   32|   0|   32|          0|
    |accum_26_fu_1064                        |   32|   0|   32|          0|
    |accum_27_fu_1060                        |   32|   0|   32|          0|
    |accum_28_fu_1056                        |   32|   0|   32|          0|
    |accum_29_fu_1052                        |   32|   0|   32|          0|
    |accum_2_fu_1160                         |   32|   0|   32|          0|
    |accum_30_fu_1048                        |   32|   0|   32|          0|
    |accum_31_fu_1044                        |   32|   0|   32|          0|
    |accum_32_fu_1040                        |   32|   0|   32|          0|
    |accum_33_fu_1036                        |   32|   0|   32|          0|
    |accum_34_fu_1032                        |   32|   0|   32|          0|
    |accum_35_fu_1028                        |   32|   0|   32|          0|
    |accum_36_fu_1024                        |   32|   0|   32|          0|
    |accum_37_fu_1020                        |   32|   0|   32|          0|
    |accum_38_fu_1016                        |   32|   0|   32|          0|
    |accum_39_fu_1012                        |   32|   0|   32|          0|
    |accum_3_fu_1156                         |   32|   0|   32|          0|
    |accum_40_fu_1008                        |   32|   0|   32|          0|
    |accum_41_fu_1004                        |   32|   0|   32|          0|
    |accum_42_fu_1000                        |   32|   0|   32|          0|
    |accum_43_fu_996                         |   32|   0|   32|          0|
    |accum_44_fu_992                         |   32|   0|   32|          0|
    |accum_45_fu_988                         |   32|   0|   32|          0|
    |accum_46_fu_984                         |   32|   0|   32|          0|
    |accum_47_fu_980                         |   32|   0|   32|          0|
    |accum_48_fu_976                         |   32|   0|   32|          0|
    |accum_49_fu_972                         |   32|   0|   32|          0|
    |accum_4_fu_1152                         |   32|   0|   32|          0|
    |accum_50_fu_968                         |   32|   0|   32|          0|
    |accum_51_fu_964                         |   32|   0|   32|          0|
    |accum_52_fu_960                         |   32|   0|   32|          0|
    |accum_53_fu_956                         |   32|   0|   32|          0|
    |accum_54_fu_952                         |   32|   0|   32|          0|
    |accum_55_fu_948                         |   32|   0|   32|          0|
    |accum_56_fu_944                         |   32|   0|   32|          0|
    |accum_57_fu_940                         |   32|   0|   32|          0|
    |accum_58_fu_936                         |   32|   0|   32|          0|
    |accum_59_fu_932                         |   32|   0|   32|          0|
    |accum_5_fu_1148                         |   32|   0|   32|          0|
    |accum_60_fu_928                         |   32|   0|   32|          0|
    |accum_61_fu_924                         |   32|   0|   32|          0|
    |accum_62_fu_920                         |   32|   0|   32|          0|
    |accum_63_fu_916                         |   32|   0|   32|          0|
    |accum_64_fu_912                         |   32|   0|   32|          0|
    |accum_65_fu_908                         |   32|   0|   32|          0|
    |accum_66_fu_904                         |   32|   0|   32|          0|
    |accum_67_fu_900                         |   32|   0|   32|          0|
    |accum_68_fu_896                         |   32|   0|   32|          0|
    |accum_69_fu_892                         |   32|   0|   32|          0|
    |accum_6_fu_1144                         |   32|   0|   32|          0|
    |accum_70_fu_888                         |   32|   0|   32|          0|
    |accum_71_fu_884                         |   32|   0|   32|          0|
    |accum_72_fu_880                         |   32|   0|   32|          0|
    |accum_73_fu_876                         |   32|   0|   32|          0|
    |accum_74_fu_872                         |   32|   0|   32|          0|
    |accum_75_fu_868                         |   32|   0|   32|          0|
    |accum_76_fu_864                         |   32|   0|   32|          0|
    |accum_77_fu_860                         |   32|   0|   32|          0|
    |accum_78_fu_856                         |   32|   0|   32|          0|
    |accum_79_fu_852                         |   32|   0|   32|          0|
    |accum_7_fu_1140                         |   32|   0|   32|          0|
    |accum_80_fu_848                         |   32|   0|   32|          0|
    |accum_81_fu_844                         |   32|   0|   32|          0|
    |accum_82_fu_840                         |   32|   0|   32|          0|
    |accum_83_fu_836                         |   32|   0|   32|          0|
    |accum_84_fu_832                         |   32|   0|   32|          0|
    |accum_85_fu_828                         |   32|   0|   32|          0|
    |accum_86_fu_824                         |   32|   0|   32|          0|
    |accum_87_fu_820                         |   32|   0|   32|          0|
    |accum_88_fu_816                         |   32|   0|   32|          0|
    |accum_89_fu_812                         |   32|   0|   32|          0|
    |accum_8_fu_1136                         |   32|   0|   32|          0|
    |accum_90_fu_808                         |   32|   0|   32|          0|
    |accum_91_fu_804                         |   32|   0|   32|          0|
    |accum_92_fu_800                         |   32|   0|   32|          0|
    |accum_93_fu_796                         |   32|   0|   32|          0|
    |accum_94_fu_792                         |   32|   0|   32|          0|
    |accum_95_fu_788                         |   32|   0|   32|          0|
    |accum_96_fu_784                         |   32|   0|   32|          0|
    |accum_97_fu_780                         |   32|   0|   32|          0|
    |accum_98_fu_776                         |   32|   0|   32|          0|
    |accum_99_fu_772                         |   32|   0|   32|          0|
    |accum_9_fu_1132                         |   32|   0|   32|          0|
    |accum_fu_1168                           |   32|   0|   32|          0|
    |add_ln39_102_reg_18351                  |    4|   0|    4|          0|
    |add_ln39_109_reg_18373                  |    4|   0|    4|          0|
    |add_ln39_116_reg_18395                  |    4|   0|    4|          0|
    |add_ln39_11_reg_18065                   |    4|   0|    4|          0|
    |add_ln39_18_reg_18087                   |    4|   0|    4|          0|
    |add_ln39_25_reg_18109                   |    4|   0|    4|          0|
    |add_ln39_32_reg_18131                   |    4|   0|    4|          0|
    |add_ln39_39_reg_18153                   |    4|   0|    4|          0|
    |add_ln39_46_reg_18175                   |    4|   0|    4|          0|
    |add_ln39_53_reg_18197                   |    4|   0|    4|          0|
    |add_ln39_60_reg_18219                   |    4|   0|    4|          0|
    |add_ln39_67_reg_18241                   |    4|   0|    4|          0|
    |add_ln39_74_reg_18263                   |    4|   0|    4|          0|
    |add_ln39_81_reg_18285                   |    4|   0|    4|          0|
    |add_ln39_88_reg_18307                   |    4|   0|    4|          0|
    |add_ln39_95_reg_18329                   |    4|   0|    4|          0|
    |ap_CS_fsm                               |    1|   0|    1|          0|
    |ap_done_reg                             |    1|   0|    1|          0|
    |ap_enable_reg_pp0_iter1                 |    1|   0|    1|          0|
    |ap_enable_reg_pp0_iter10                |    1|   0|    1|          0|
    |ap_enable_reg_pp0_iter11                |    1|   0|    1|          0|
    |ap_enable_reg_pp0_iter12                |    1|   0|    1|          0|
    |ap_enable_reg_pp0_iter13                |    1|   0|    1|          0|
    |ap_enable_reg_pp0_iter14                |    1|   0|    1|          0|
    |ap_enable_reg_pp0_iter15                |    1|   0|    1|          0|
    |ap_enable_reg_pp0_iter16                |    1|   0|    1|          0|
    |ap_enable_reg_pp0_iter17                |    1|   0|    1|          0|
    |ap_enable_reg_pp0_iter18                |    1|   0|    1|          0|
    |ap_enable_reg_pp0_iter19                |    1|   0|    1|          0|
    |ap_enable_reg_pp0_iter2                 |    1|   0|    1|          0|
    |ap_enable_reg_pp0_iter20                |    1|   0|    1|          0|
    |ap_enable_reg_pp0_iter21                |    1|   0|    1|          0|
    |ap_enable_reg_pp0_iter22                |    1|   0|    1|          0|
    |ap_enable_reg_pp0_iter23                |    1|   0|    1|          0|
    |ap_enable_reg_pp0_iter24                |    1|   0|    1|          0|
    |ap_enable_reg_pp0_iter25                |    1|   0|    1|          0|
    |ap_enable_reg_pp0_iter26                |    1|   0|    1|          0|
    |ap_enable_reg_pp0_iter27                |    1|   0|    1|          0|
    |ap_enable_reg_pp0_iter28                |    1|   0|    1|          0|
    |ap_enable_reg_pp0_iter29                |    1|   0|    1|          0|
    |ap_enable_reg_pp0_iter3                 |    1|   0|    1|          0|
    |ap_enable_reg_pp0_iter30                |    1|   0|    1|          0|
    |ap_enable_reg_pp0_iter31                |    1|   0|    1|          0|
    |ap_enable_reg_pp0_iter32                |    1|   0|    1|          0|
    |ap_enable_reg_pp0_iter33                |    1|   0|    1|          0|
    |ap_enable_reg_pp0_iter34                |    1|   0|    1|          0|
    |ap_enable_reg_pp0_iter4                 |    1|   0|    1|          0|
    |ap_enable_reg_pp0_iter5                 |    1|   0|    1|          0|
    |ap_enable_reg_pp0_iter6                 |    1|   0|    1|          0|
    |ap_enable_reg_pp0_iter7                 |    1|   0|    1|          0|
    |ap_enable_reg_pp0_iter8                 |    1|   0|    1|          0|
    |ap_enable_reg_pp0_iter9                 |    1|   0|    1|          0|
    |ap_loop_exit_ready_pp0_iter10_reg       |    1|   0|    1|          0|
    |ap_loop_exit_ready_pp0_iter11_reg       |    1|   0|    1|          0|
    |ap_loop_exit_ready_pp0_iter12_reg       |    1|   0|    1|          0|
    |ap_loop_exit_ready_pp0_iter13_reg       |    1|   0|    1|          0|
    |ap_loop_exit_ready_pp0_iter14_reg       |    1|   0|    1|          0|
    |ap_loop_exit_ready_pp0_iter15_reg       |    1|   0|    1|          0|
    |ap_loop_exit_ready_pp0_iter16_reg       |    1|   0|    1|          0|
    |ap_loop_exit_ready_pp0_iter17_reg       |    1|   0|    1|          0|
    |ap_loop_exit_ready_pp0_iter18_reg       |    1|   0|    1|          0|
    |ap_loop_exit_ready_pp0_iter19_reg       |    1|   0|    1|          0|
    |ap_loop_exit_ready_pp0_iter1_reg        |    1|   0|    1|          0|
    |ap_loop_exit_ready_pp0_iter20_reg       |    1|   0|    1|          0|
    |ap_loop_exit_ready_pp0_iter21_reg       |    1|   0|    1|          0|
    |ap_loop_exit_ready_pp0_iter22_reg       |    1|   0|    1|          0|
    |ap_loop_exit_ready_pp0_iter23_reg       |    1|   0|    1|          0|
    |ap_loop_exit_ready_pp0_iter24_reg       |    1|   0|    1|          0|
    |ap_loop_exit_ready_pp0_iter25_reg       |    1|   0|    1|          0|
    |ap_loop_exit_ready_pp0_iter26_reg       |    1|   0|    1|          0|
    |ap_loop_exit_ready_pp0_iter27_reg       |    1|   0|    1|          0|
    |ap_loop_exit_ready_pp0_iter28_reg       |    1|   0|    1|          0|
    |ap_loop_exit_ready_pp0_iter29_reg       |    1|   0|    1|          0|
    |ap_loop_exit_ready_pp0_iter2_reg        |    1|   0|    1|          0|
    |ap_loop_exit_ready_pp0_iter30_reg       |    1|   0|    1|          0|
    |ap_loop_exit_ready_pp0_iter31_reg       |    1|   0|    1|          0|
    |ap_loop_exit_ready_pp0_iter32_reg       |    1|   0|    1|          0|
    |ap_loop_exit_ready_pp0_iter33_reg       |    1|   0|    1|          0|
    |ap_loop_exit_ready_pp0_iter3_reg        |    1|   0|    1|          0|
    |ap_loop_exit_ready_pp0_iter4_reg        |    1|   0|    1|          0|
    |ap_loop_exit_ready_pp0_iter5_reg        |    1|   0|    1|          0|
    |ap_loop_exit_ready_pp0_iter6_reg        |    1|   0|    1|          0|
    |ap_loop_exit_ready_pp0_iter7_reg        |    1|   0|    1|          0|
    |ap_loop_exit_ready_pp0_iter8_reg        |    1|   0|    1|          0|
    |ap_loop_exit_ready_pp0_iter9_reg        |    1|   0|    1|          0|
    |ap_phi_reg_pp0_iter1_bits_138_reg_2414  |   32|   0|   32|          0|
    |ap_phi_reg_pp0_iter2_bits_138_reg_2414  |   32|   0|   32|          0|
    |ap_phi_reg_pp0_iter3_bits_138_reg_2414  |   32|   0|   32|          0|
    |ap_phi_reg_pp0_iter4_bits_138_reg_2414  |   32|   0|   32|          0|
    |ap_phi_reg_pp0_iter5_bits_138_reg_2414  |   32|   0|   32|          0|
    |ap_predicate_pred8283_state5            |    1|   0|    1|          0|
    |ap_predicate_pred8294_state5            |    1|   0|    1|          0|
    |ap_predicate_pred8300_state5            |    1|   0|    1|          0|
    |ap_predicate_pred8308_state4            |    1|   0|    1|          0|
    |bitcast_ln192_reg_18536                 |   32|   0|   32|          0|
    |bits_122_reg_18501                      |   32|   0|   32|          0|
    |bits_123_reg_18506                      |   32|   0|   32|          0|
    |bits_124_reg_18511                      |   32|   0|   32|          0|
    |bits_125_reg_18516                      |   32|   0|   32|          0|
    |bits_126_reg_18481                      |   32|   0|   32|          0|
    |bits_127_reg_18486                      |   32|   0|   32|          0|
    |bits_128_reg_18491                      |   32|   0|   32|          0|
    |bits_129_reg_18496                      |   32|   0|   32|          0|
    |bits_130_reg_18461                      |   32|   0|   32|          0|
    |bits_131_reg_18466                      |   32|   0|   32|          0|
    |bits_132_reg_18471                      |   32|   0|   32|          0|
    |bits_133_reg_18476                      |   32|   0|   32|          0|
    |bits_134_reg_18456                      |   32|   0|   32|          0|
    |bits_135_reg_18441                      |   32|   0|   32|          0|
    |bits_136_reg_18446                      |   32|   0|   32|          0|
    |bits_137_reg_18451                      |   32|   0|   32|          0|
    |chunk_10_reg_19366                      |   32|   0|   32|          0|
    |chunk_11_reg_19376                      |   32|   0|   32|          0|
    |chunk_12_reg_19386                      |   32|   0|   32|          0|
    |chunk_13_reg_19396                      |   32|   0|   32|          0|
    |chunk_14_reg_19406                      |   32|   0|   32|          0|
    |chunk_15_reg_19416                      |   32|   0|   32|          0|
    |chunk_1_reg_19276                       |   32|   0|   32|          0|
    |chunk_2_reg_19286                       |   32|   0|   32|          0|
    |chunk_3_reg_19296                       |   32|   0|   32|          0|
    |chunk_4_reg_19306                       |   32|   0|   32|          0|
    |chunk_5_reg_19316                       |   32|   0|   32|          0|
    |chunk_6_reg_19326                       |   32|   0|   32|          0|
    |chunk_7_reg_19336                       |   32|   0|   32|          0|
    |chunk_8_reg_19346                       |   32|   0|   32|          0|
    |chunk_9_reg_19356                       |   32|   0|   32|          0|
    |chunk_reg_19426                         |   32|   0|   32|          0|
    |exp_10_reg_17782                        |    5|   0|    5|          0|
    |exp_10_reg_17782_pp0_iter2_reg          |    5|   0|    5|          0|
    |exp_11_reg_17826                        |    5|   0|    5|          0|
    |exp_11_reg_17826_pp0_iter2_reg          |    5|   0|    5|          0|
    |exp_12_reg_17870                        |    5|   0|    5|          0|
    |exp_12_reg_17870_pp0_iter2_reg          |    5|   0|    5|          0|
    |exp_13_reg_17914                        |    5|   0|    5|          0|
    |exp_13_reg_17914_pp0_iter2_reg          |    5|   0|    5|          0|
    |exp_14_reg_17958                        |    5|   0|    5|          0|
    |exp_14_reg_17958_pp0_iter2_reg          |    5|   0|    5|          0|
    |exp_15_reg_18002                        |    5|   0|    5|          0|
    |exp_15_reg_18002_pp0_iter2_reg          |    5|   0|    5|          0|
    |exp_1_reg_17289                         |    5|   0|    5|          0|
    |exp_1_reg_17289_pp0_iter2_reg           |    5|   0|    5|          0|
    |exp_2_reg_17338                         |    5|   0|    5|          0|
    |exp_2_reg_17338_pp0_iter2_reg           |    5|   0|    5|          0|
    |exp_3_reg_17387                         |    5|   0|    5|          0|
    |exp_3_reg_17387_pp0_iter2_reg           |    5|   0|    5|          0|
    |exp_4_reg_17518                         |    5|   0|    5|          0|
    |exp_4_reg_17518_pp0_iter2_reg           |    5|   0|    5|          0|
    |exp_5_reg_17562                         |    5|   0|    5|          0|
    |exp_5_reg_17562_pp0_iter2_reg           |    5|   0|    5|          0|
    |exp_6_reg_17606                         |    5|   0|    5|          0|
    |exp_6_reg_17606_pp0_iter2_reg           |    5|   0|    5|          0|
    |exp_7_reg_17650                         |    5|   0|    5|          0|
    |exp_7_reg_17650_pp0_iter2_reg           |    5|   0|    5|          0|
    |exp_8_reg_17694                         |    5|   0|    5|          0|
    |exp_8_reg_17694_pp0_iter2_reg           |    5|   0|    5|          0|
    |exp_9_reg_17738                         |    5|   0|    5|          0|
    |exp_9_reg_17738_pp0_iter2_reg           |    5|   0|    5|          0|
    |exp_reg_17245                           |    5|   0|    5|          0|
    |frac_10_reg_17591                       |   10|   0|   10|          0|
    |frac_10_reg_17591_pp0_iter2_reg         |   10|   0|   10|          0|
    |frac_11_reg_17635                       |   10|   0|   10|          0|
    |frac_11_reg_17635_pp0_iter2_reg         |   10|   0|   10|          0|
    |frac_12_reg_17224                       |   10|   0|   10|          0|
    |frac_13_reg_17274                       |   10|   0|   10|          0|
    |frac_13_reg_17274_pp0_iter2_reg         |   10|   0|   10|          0|
    |frac_14_reg_17323                       |   10|   0|   10|          0|
    |frac_14_reg_17323_pp0_iter2_reg         |   10|   0|   10|          0|
    |frac_15_reg_17372                       |   10|   0|   10|          0|
    |frac_15_reg_17372_pp0_iter2_reg         |   10|   0|   10|          0|
    |frac_1_reg_17899                        |   10|   0|   10|          0|
    |frac_1_reg_17899_pp0_iter2_reg          |   10|   0|   10|          0|
    |frac_2_reg_17943                        |   10|   0|   10|          0|
    |frac_2_reg_17943_pp0_iter2_reg          |   10|   0|   10|          0|
    |frac_3_reg_17987                        |   10|   0|   10|          0|
    |frac_3_reg_17987_pp0_iter2_reg          |   10|   0|   10|          0|
    |frac_4_reg_17679                        |   10|   0|   10|          0|
    |frac_4_reg_17679_pp0_iter2_reg          |   10|   0|   10|          0|
    |frac_5_reg_17723                        |   10|   0|   10|          0|
    |frac_5_reg_17723_pp0_iter2_reg          |   10|   0|   10|          0|
    |frac_6_reg_17767                        |   10|   0|   10|          0|
    |frac_6_reg_17767_pp0_iter2_reg          |   10|   0|   10|          0|
    |frac_7_reg_17811                        |   10|   0|   10|          0|
    |frac_7_reg_17811_pp0_iter2_reg          |   10|   0|   10|          0|
    |frac_8_reg_17503                        |   10|   0|   10|          0|
    |frac_8_reg_17503_pp0_iter2_reg          |   10|   0|   10|          0|
    |frac_9_reg_17547                        |   10|   0|   10|          0|
    |frac_9_reg_17547_pp0_iter2_reg          |   10|   0|   10|          0|
    |frac_reg_17855                          |   10|   0|   10|          0|
    |frac_reg_17855_pp0_iter2_reg            |   10|   0|   10|          0|
    |group_fu_528                            |   30|   0|   30|          0|
    |icmp_ln168_reg_17168                    |    1|   0|    1|          0|
    |icmp_ln32_11_reg_17586                  |    1|   0|    1|          0|
    |icmp_ln32_11_reg_17586_pp0_iter2_reg    |    1|   0|    1|          0|
    |icmp_ln32_13_reg_17630                  |    1|   0|    1|          0|
    |icmp_ln32_13_reg_17630_pp0_iter2_reg    |    1|   0|    1|          0|
    |icmp_ln32_15_reg_17674                  |    1|   0|    1|          0|
    |icmp_ln32_15_reg_17674_pp0_iter2_reg    |    1|   0|    1|          0|
    |icmp_ln32_17_reg_17718                  |    1|   0|    1|          0|
    |icmp_ln32_17_reg_17718_pp0_iter2_reg    |    1|   0|    1|          0|
    |icmp_ln32_19_reg_17762                  |    1|   0|    1|          0|
    |icmp_ln32_19_reg_17762_pp0_iter2_reg    |    1|   0|    1|          0|
    |icmp_ln32_1_reg_17313                   |    1|   0|    1|          0|
    |icmp_ln32_1_reg_17313_pp0_iter2_reg     |    1|   0|    1|          0|
    |icmp_ln32_21_reg_17806                  |    1|   0|    1|          0|
    |icmp_ln32_21_reg_17806_pp0_iter2_reg    |    1|   0|    1|          0|
    |icmp_ln32_23_reg_17850                  |    1|   0|    1|          0|
    |icmp_ln32_23_reg_17850_pp0_iter2_reg    |    1|   0|    1|          0|
    |icmp_ln32_25_reg_17894                  |    1|   0|    1|          0|
    |icmp_ln32_25_reg_17894_pp0_iter2_reg    |    1|   0|    1|          0|
    |icmp_ln32_27_reg_17938                  |    1|   0|    1|          0|
    |icmp_ln32_27_reg_17938_pp0_iter2_reg    |    1|   0|    1|          0|
    |icmp_ln32_29_reg_17982                  |    1|   0|    1|          0|
    |icmp_ln32_29_reg_17982_pp0_iter2_reg    |    1|   0|    1|          0|
    |icmp_ln32_31_reg_18026                  |    1|   0|    1|          0|
    |icmp_ln32_31_reg_18026_pp0_iter2_reg    |    1|   0|    1|          0|
    |icmp_ln32_3_reg_17362                   |    1|   0|    1|          0|
    |icmp_ln32_3_reg_17362_pp0_iter2_reg     |    1|   0|    1|          0|
    |icmp_ln32_5_reg_17411                   |    1|   0|    1|          0|
    |icmp_ln32_5_reg_17411_pp0_iter2_reg     |    1|   0|    1|          0|
    |icmp_ln32_7_reg_17438                   |    1|   0|    1|          0|
    |icmp_ln32_7_reg_17438_pp0_iter2_reg     |    1|   0|    1|          0|
    |icmp_ln32_9_reg_17542                   |    1|   0|    1|          0|
    |icmp_ln32_9_reg_17542_pp0_iter2_reg     |    1|   0|    1|          0|
    |icmp_ln32_reg_17253                     |    1|   0|    1|          0|
    |left_10_reg_19211                       |   32|   0|   32|          0|
    |left_11_reg_19221                       |   32|   0|   32|          0|
    |left_12_reg_19231                       |   32|   0|   32|          0|
    |left_13_reg_19241                       |   32|   0|   32|          0|
    |left_14_reg_19251                       |   32|   0|   32|          0|
    |left_15_reg_19261                       |   32|   0|   32|          0|
    |left_1_reg_19121                        |   32|   0|   32|          0|
    |left_2_reg_19131                        |   32|   0|   32|          0|
    |left_3_reg_19141                        |   32|   0|   32|          0|
    |left_4_reg_19151                        |   32|   0|   32|          0|
    |left_5_reg_19161                        |   32|   0|   32|          0|
    |left_6_reg_19171                        |   32|   0|   32|          0|
    |left_7_reg_19181                        |   32|   0|   32|          0|
    |left_8_reg_19191                        |   32|   0|   32|          0|
    |left_9_reg_19201                        |   32|   0|   32|          0|
    |left_reg_19271                          |   32|   0|   32|          0|
    |mul94_11009_1_reg_18816                 |   32|   0|   32|          0|
    |mul94_11009_2_reg_18821                 |   32|   0|   32|          0|
    |mul94_11009_3_reg_18826                 |   32|   0|   32|          0|
    |mul94_1_1_1_reg_18896                   |   32|   0|   32|          0|
    |mul94_1_1_2_reg_18901                   |   32|   0|   32|          0|
    |mul94_1_1_3_reg_18906                   |   32|   0|   32|          0|
    |mul94_1_1_reg_18891                     |   32|   0|   32|          0|
    |mul94_1_2_1_reg_18916                   |   32|   0|   32|          0|
    |mul94_1_2_2_reg_18921                   |   32|   0|   32|          0|
    |mul94_1_2_3_reg_18926                   |   32|   0|   32|          0|
    |mul94_1_2_reg_18911                     |   32|   0|   32|          0|
    |mul94_1_3_1_reg_18936                   |   32|   0|   32|          0|
    |mul94_1_3_2_reg_18941                   |   32|   0|   32|          0|
    |mul94_1_3_3_reg_18946                   |   32|   0|   32|          0|
    |mul94_1_3_reg_18931                     |   32|   0|   32|          0|
    |mul94_1_4_reg_18881                     |   32|   0|   32|          0|
    |mul94_1_5_reg_18886                     |   32|   0|   32|          0|
    |mul94_1_reg_18871                       |   32|   0|   32|          0|
    |mul94_1_s_reg_18876                     |   32|   0|   32|          0|
    |mul94_21065_1_reg_18836                 |   32|   0|   32|          0|
    |mul94_21065_2_reg_18841                 |   32|   0|   32|          0|
    |mul94_21065_3_reg_18846                 |   32|   0|   32|          0|
    |mul94_2_1_1_reg_18976                   |   32|   0|   32|          0|
    |mul94_2_1_2_reg_18981                   |   32|   0|   32|          0|
    |mul94_2_1_3_reg_18986                   |   32|   0|   32|          0|
    |mul94_2_1_reg_18971                     |   32|   0|   32|          0|
    |mul94_2_2_1_reg_18996                   |   32|   0|   32|          0|
    |mul94_2_2_2_reg_19001                   |   32|   0|   32|          0|
    |mul94_2_2_3_reg_19006                   |   32|   0|   32|          0|
    |mul94_2_2_reg_18991                     |   32|   0|   32|          0|
    |mul94_2_3_1_reg_19016                   |   32|   0|   32|          0|
    |mul94_2_3_2_reg_19021                   |   32|   0|   32|          0|
    |mul94_2_3_3_reg_19026                   |   32|   0|   32|          0|
    |mul94_2_3_reg_19011                     |   32|   0|   32|          0|
    |mul94_2_4_reg_18961                     |   32|   0|   32|          0|
    |mul94_2_5_reg_18966                     |   32|   0|   32|          0|
    |mul94_2_reg_18951                       |   32|   0|   32|          0|
    |mul94_2_s_reg_18956                     |   32|   0|   32|          0|
    |mul94_31121_1_reg_18856                 |   32|   0|   32|          0|
    |mul94_31121_2_reg_18861                 |   32|   0|   32|          0|
    |mul94_31121_3_reg_18866                 |   32|   0|   32|          0|
    |mul94_3_1_1_reg_19056                   |   32|   0|   32|          0|
    |mul94_3_1_2_reg_19061                   |   32|   0|   32|          0|
    |mul94_3_1_3_reg_19066                   |   32|   0|   32|          0|
    |mul94_3_1_reg_19051                     |   32|   0|   32|          0|
    |mul94_3_2_1_reg_19076                   |   32|   0|   32|          0|
    |mul94_3_2_2_reg_19081                   |   32|   0|   32|          0|
    |mul94_3_2_3_reg_19086                   |   32|   0|   32|          0|
    |mul94_3_2_reg_19071                     |   32|   0|   32|          0|
    |mul94_3_3_1_reg_19096                   |   32|   0|   32|          0|
    |mul94_3_3_2_reg_19101                   |   32|   0|   32|          0|
    |mul94_3_3_3_reg_19106                   |   32|   0|   32|          0|
    |mul94_3_3_reg_19091                     |   32|   0|   32|          0|
    |mul94_3_4_reg_19041                     |   32|   0|   32|          0|
    |mul94_3_5_reg_19046                     |   32|   0|   32|          0|
    |mul94_3_reg_19031                       |   32|   0|   32|          0|
    |mul94_3_s_reg_19036                     |   32|   0|   32|          0|
    |mul94_4_reg_18801                       |   32|   0|   32|          0|
    |mul94_5_reg_18806                       |   32|   0|   32|          0|
    |mul94_6_reg_18811                       |   32|   0|   32|          0|
    |mul94_7_reg_18831                       |   32|   0|   32|          0|
    |mul94_8_reg_18851                       |   32|   0|   32|          0|
    |mul94_s_reg_18796                       |   32|   0|   32|          0|
    |mul_reg_19111                           |   32|   0|   32|          0|
    |normalized_108_reg_17525                |   11|   0|   11|          0|
    |normalized_116_reg_18136                |   11|   0|   11|          0|
    |normalized_127_reg_17569                |   11|   0|   11|          0|
    |normalized_135_reg_18158                |   11|   0|   11|          0|
    |normalized_146_reg_17613                |   11|   0|   11|          0|
    |normalized_154_reg_18180                |   11|   0|   11|          0|
    |normalized_165_reg_17657                |   11|   0|   11|          0|
    |normalized_173_reg_18202                |   11|   0|   11|          0|
    |normalized_196_reg_17701                |   11|   0|   11|          0|
    |normalized_204_reg_18224                |   11|   0|   11|          0|
    |normalized_215_reg_17745                |   11|   0|   11|          0|
    |normalized_223_reg_18246                |   11|   0|   11|          0|
    |normalized_234_reg_17789                |   11|   0|   11|          0|
    |normalized_242_reg_18268                |   11|   0|   11|          0|
    |normalized_24_reg_17296                 |   11|   0|   11|          0|
    |normalized_253_reg_17833                |   11|   0|   11|          0|
    |normalized_261_reg_18290                |   11|   0|   11|          0|
    |normalized_284_reg_17877                |   11|   0|   11|          0|
    |normalized_292_reg_18312                |   11|   0|   11|          0|
    |normalized_303_reg_17921                |   11|   0|   11|          0|
    |normalized_311_reg_18334                |   11|   0|   11|          0|
    |normalized_322_reg_17965                |   11|   0|   11|          0|
    |normalized_32_reg_18048                 |   11|   0|   11|          0|
    |normalized_330_reg_18356                |   11|   0|   11|          0|
    |normalized_341_reg_18009                |   11|   0|   11|          0|
    |normalized_349_reg_18378                |   11|   0|   11|          0|
    |normalized_43_reg_17345                 |   11|   0|   11|          0|
    |normalized_51_reg_18070                 |   11|   0|   11|          0|
    |normalized_62_reg_17394                 |   11|   0|   11|          0|
    |normalized_70_reg_18092                 |   11|   0|   11|          0|
    |normalized_80_reg_17421                 |   11|   0|   11|          0|
    |normalized_88_reg_18114                 |   11|   0|   11|          0|
    |normalized_9_reg_18031                  |   11|   0|   11|          0|
    |phi_urem_fu_524                         |   30|   0|   30|          0|
    |right_10_reg_19216                      |   32|   0|   32|          0|
    |right_11_reg_19226                      |   32|   0|   32|          0|
    |right_12_reg_19236                      |   32|   0|   32|          0|
    |right_13_reg_19246                      |   32|   0|   32|          0|
    |right_14_reg_19256                      |   32|   0|   32|          0|
    |right_15_reg_19266                      |   32|   0|   32|          0|
    |right_1_reg_19126                       |   32|   0|   32|          0|
    |right_2_reg_19136                       |   32|   0|   32|          0|
    |right_3_reg_19146                       |   32|   0|   32|          0|
    |right_4_reg_19156                       |   32|   0|   32|          0|
    |right_5_reg_19166                       |   32|   0|   32|          0|
    |right_6_reg_19176                       |   32|   0|   32|          0|
    |right_7_reg_19186                       |   32|   0|   32|          0|
    |right_8_reg_19196                       |   32|   0|   32|          0|
    |right_9_reg_19206                       |   32|   0|   32|          0|
    |right_reg_19116                         |   32|   0|   32|          0|
    |select_ln39_102_reg_17800               |    3|   0|    3|          0|
    |select_ln39_111_reg_17844               |    3|   0|    3|          0|
    |select_ln39_120_reg_17888               |    3|   0|    3|          0|
    |select_ln39_129_reg_17932               |    3|   0|    3|          0|
    |select_ln39_12_reg_17307                |    3|   0|    3|          0|
    |select_ln39_138_reg_17976               |    3|   0|    3|          0|
    |select_ln39_147_reg_18020               |    3|   0|    3|          0|
    |select_ln39_21_reg_17356                |    3|   0|    3|          0|
    |select_ln39_30_reg_17405                |    3|   0|    3|          0|
    |select_ln39_39_reg_17432                |    3|   0|    3|          0|
    |select_ln39_48_reg_17536                |    3|   0|    3|          0|
    |select_ln39_57_reg_17580                |    3|   0|    3|          0|
    |select_ln39_5_reg_18042                 |    3|   0|    3|          0|
    |select_ln39_66_reg_17624                |    3|   0|    3|          0|
    |select_ln39_75_reg_17668                |    3|   0|    3|          0|
    |select_ln39_84_reg_17712                |    3|   0|    3|          0|
    |select_ln39_8_reg_18425                 |    4|   0|    4|          0|
    |select_ln39_93_reg_17756                |    3|   0|    3|          0|
    |select_ln39_9_reg_18436                 |   10|   0|   10|          0|
    |tmp_100_reg_17575                       |    1|   0|    1|          0|
    |tmp_106_reg_18169                       |    1|   0|    1|          0|
    |tmp_109_reg_17598                       |    1|   0|    1|          0|
    |tmp_109_reg_17598_pp0_iter2_reg         |    1|   0|    1|          0|
    |tmp_10_reg_19381                        |   32|   0|   32|          0|
    |tmp_115_reg_17619                       |    1|   0|    1|          0|
    |tmp_119_reg_18191                       |    1|   0|    1|          0|
    |tmp_11_reg_19391                        |   32|   0|   32|          0|
    |tmp_124_reg_17642                       |    1|   0|    1|          0|
    |tmp_124_reg_17642_pp0_iter2_reg         |    1|   0|    1|          0|
    |tmp_128_reg_17663                       |    1|   0|    1|          0|
    |tmp_12_reg_19401                        |   32|   0|   32|          0|
    |tmp_134_reg_18213                       |    1|   0|    1|          0|
    |tmp_137_reg_17686                       |    1|   0|    1|          0|
    |tmp_137_reg_17686_pp0_iter2_reg         |    1|   0|    1|          0|
    |tmp_13_reg_19411                        |   32|   0|   32|          0|
    |tmp_143_reg_17707                       |    1|   0|    1|          0|
    |tmp_149_reg_18235                       |    1|   0|    1|          0|
    |tmp_14_reg_19421                        |   32|   0|   32|          0|
    |tmp_152_reg_17730                       |    1|   0|    1|          0|
    |tmp_152_reg_17730_pp0_iter2_reg         |    1|   0|    1|          0|
    |tmp_158_reg_17751                       |    1|   0|    1|          0|
    |tmp_162_reg_18257                       |    1|   0|    1|          0|
    |tmp_167_reg_17774                       |    1|   0|    1|          0|
    |tmp_167_reg_17774_pp0_iter2_reg         |    1|   0|    1|          0|
    |tmp_16_reg_17234                        |    1|   0|    1|          0|
    |tmp_171_reg_17795                       |    1|   0|    1|          0|
    |tmp_175_reg_18279                       |    1|   0|    1|          0|
    |tmp_178_reg_17818                       |    1|   0|    1|          0|
    |tmp_178_reg_17818_pp0_iter2_reg         |    1|   0|    1|          0|
    |tmp_17_reg_17257                        |    1|   0|    1|          0|
    |tmp_182_reg_17839                       |    1|   0|    1|          0|
    |tmp_186_reg_18301                       |    1|   0|    1|          0|
    |tmp_189_reg_17862                       |    1|   0|    1|          0|
    |tmp_189_reg_17862_pp0_iter2_reg         |    1|   0|    1|          0|
    |tmp_193_reg_17883                       |    1|   0|    1|          0|
    |tmp_197_reg_18323                       |    1|   0|    1|          0|
    |tmp_1_reg_19301                         |   32|   0|   32|          0|
    |tmp_200_reg_17906                       |    1|   0|    1|          0|
    |tmp_200_reg_17906_pp0_iter2_reg         |    1|   0|    1|          0|
    |tmp_204_reg_17927                       |    1|   0|    1|          0|
    |tmp_208_reg_18345                       |    1|   0|    1|          0|
    |tmp_211_reg_17950                       |    1|   0|    1|          0|
    |tmp_211_reg_17950_pp0_iter2_reg         |    1|   0|    1|          0|
    |tmp_215_reg_17971                       |    1|   0|    1|          0|
    |tmp_219_reg_18367                       |    1|   0|    1|          0|
    |tmp_21_reg_18037                        |    1|   0|    1|          0|
    |tmp_222_reg_17994                       |    1|   0|    1|          0|
    |tmp_222_reg_17994_pp0_iter2_reg         |    1|   0|    1|          0|
    |tmp_226_reg_18015                       |    1|   0|    1|          0|
    |tmp_230_reg_18389                       |    1|   0|    1|          0|
    |tmp_25_reg_18431                        |    1|   0|    1|          0|
    |tmp_26_reg_17281                        |    1|   0|    1|          0|
    |tmp_26_reg_17281_pp0_iter2_reg          |    1|   0|    1|          0|
    |tmp_2_reg_19311                         |   32|   0|   32|          0|
    |tmp_32_reg_17302                        |    1|   0|    1|          0|
    |tmp_36_reg_18059                        |    1|   0|    1|          0|
    |tmp_3_reg_19321                         |   32|   0|   32|          0|
    |tmp_41_reg_17330                        |    1|   0|    1|          0|
    |tmp_41_reg_17330_pp0_iter2_reg          |    1|   0|    1|          0|
    |tmp_45_reg_17351                        |    1|   0|    1|          0|
    |tmp_4_reg_19331                         |   32|   0|   32|          0|
    |tmp_51_reg_18081                        |    1|   0|    1|          0|
    |tmp_54_reg_17379                        |    1|   0|    1|          0|
    |tmp_54_reg_17379_pp0_iter2_reg          |    1|   0|    1|          0|
    |tmp_5_reg_19281                         |   32|   0|   32|          0|
    |tmp_60_reg_17400                        |    1|   0|    1|          0|
    |tmp_64_reg_18103                        |    1|   0|    1|          0|
    |tmp_6_reg_19341                         |   32|   0|   32|          0|
    |tmp_72_reg_17427                        |    1|   0|    1|          0|
    |tmp_78_reg_18125                        |    1|   0|    1|          0|
    |tmp_7_reg_19351                         |   32|   0|   32|          0|
    |tmp_81_reg_17510                        |    1|   0|    1|          0|
    |tmp_81_reg_17510_pp0_iter2_reg          |    1|   0|    1|          0|
    |tmp_87_reg_17531                        |    1|   0|    1|          0|
    |tmp_8_reg_19361                         |   32|   0|   32|          0|
    |tmp_91_reg_18147                        |    1|   0|    1|          0|
    |tmp_96_reg_17554                        |    1|   0|    1|          0|
    |tmp_96_reg_17554_pp0_iter2_reg          |    1|   0|    1|          0|
    |tmp_9_reg_19371                         |   32|   0|   32|          0|
    |tmp_reg_19431                           |   32|   0|   32|          0|
    |tmp_s_reg_19291                         |   32|   0|   32|          0|
    |trunc_ln171_reg_17172                   |    1|   0|    1|          0|
    |trunc_ln181_reg_18400                   |    4|   0|    4|          0|
    |trunc_ln40_reg_17264                    |    9|   0|    9|          0|
    |xbits_10_reg_17453                      |   32|   0|   32|          0|
    |xbits_11_reg_17458                      |   32|   0|   32|          0|
    |xbits_12_reg_17269                      |   32|   0|   32|          0|
    |xbits_13_reg_17318                      |   32|   0|   32|          0|
    |xbits_14_reg_17367                      |   32|   0|   32|          0|
    |xbits_15_reg_17416                      |   32|   0|   32|          0|
    |xbits_1_reg_17488                       |   32|   0|   32|          0|
    |xbits_2_reg_17493                       |   32|   0|   32|          0|
    |xbits_3_reg_17498                       |   32|   0|   32|          0|
    |xbits_4_reg_17463                       |   32|   0|   32|          0|
    |xbits_5_reg_17468                       |   32|   0|   32|          0|
    |xbits_6_reg_17473                       |   32|   0|   32|          0|
    |xbits_7_reg_17478                       |   32|   0|   32|          0|
    |xbits_8_reg_17443                       |   32|   0|   32|          0|
    |xbits_9_reg_17448                       |   32|   0|   32|          0|
    |xbits_reg_17483                         |   32|   0|   32|          0|
    |zext_ln35_10_reg_18098                  |    3|   0|    4|          1|
    |zext_ln35_13_reg_18120                  |    3|   0|    4|          1|
    |zext_ln35_16_reg_18142                  |    3|   0|    4|          1|
    |zext_ln35_19_reg_18164                  |    3|   0|    4|          1|
    |zext_ln35_22_reg_18186                  |    3|   0|    4|          1|
    |zext_ln35_25_reg_18208                  |    3|   0|    4|          1|
    |zext_ln35_28_reg_18230                  |    3|   0|    4|          1|
    |zext_ln35_31_reg_18252                  |    3|   0|    4|          1|
    |zext_ln35_34_reg_18274                  |    3|   0|    4|          1|
    |zext_ln35_37_reg_18296                  |    3|   0|    4|          1|
    |zext_ln35_40_reg_18318                  |    3|   0|    4|          1|
    |zext_ln35_43_reg_18340                  |    3|   0|    4|          1|
    |zext_ln35_46_reg_18362                  |    3|   0|    4|          1|
    |zext_ln35_49_reg_18384                  |    3|   0|    4|          1|
    |zext_ln35_4_reg_18054                   |    3|   0|    4|          1|
    |zext_ln35_7_reg_18076                   |    3|   0|    4|          1|
    |exp_reg_17245                           |   64|  32|    5|          0|
    |frac_12_reg_17224                       |   64|  32|   10|          0|
    |icmp_ln168_reg_17168                    |   64|  32|    1|          0|
    |icmp_ln32_reg_17253                     |   64|  32|    1|          0|
    |mul94_s_reg_18796                       |   64|  32|   32|          0|
    |right_reg_19116                         |   64|  32|   32|          0|
    |tmp_16_reg_17234                        |   64|  32|    1|          0|
    |trunc_ln181_reg_18400                   |   64|  32|    4|          0|
    |xbits_10_reg_17453                      |   64|  32|   32|          0|
    |xbits_11_reg_17458                      |   64|  32|   32|          0|
    |xbits_12_reg_17269                      |   64|  32|   32|          0|
    |xbits_13_reg_17318                      |   64|  32|   32|          0|
    |xbits_14_reg_17367                      |   64|  32|   32|          0|
    |xbits_15_reg_17416                      |   64|  32|   32|          0|
    |xbits_1_reg_17488                       |   64|  32|   32|          0|
    |xbits_2_reg_17493                       |   64|  32|   32|          0|
    |xbits_3_reg_17498                       |   64|  32|   32|          0|
    |xbits_4_reg_17463                       |   64|  32|   32|          0|
    |xbits_5_reg_17468                       |   64|  32|   32|          0|
    |xbits_6_reg_17473                       |   64|  32|   32|          0|
    |xbits_7_reg_17478                       |   64|  32|   32|          0|
    |xbits_8_reg_17443                       |   64|  32|   32|          0|
    |xbits_9_reg_17448                       |   64|  32|   32|          0|
    |xbits_reg_17483                         |   64|  32|   32|          0|
    +----------------------------------------+-----+----+-----+-----------+
    |Total                                   |13732| 768|12810|         16|
    +----------------------------------------+-----+----+-----+-----------+



================================================================
== Interface
================================================================
* Summary: 
+-------------------------------------------------+-----+-----+------------+---------------------------------------------------------------------+--------------+
|                    RTL Ports                    | Dir | Bits|  Protocol  |                            Source Object                            |    C Type    |
+-------------------------------------------------+-----+-----+------------+---------------------------------------------------------------------+--------------+
|ap_clk                                           |   in|    1|  ap_ctrl_hs|  (anonymous namespace)compute_weight_batch_Pipeline_VITIS_LOOP_168_9|  return value|
|ap_rst                                           |   in|    1|  ap_ctrl_hs|  (anonymous namespace)compute_weight_batch_Pipeline_VITIS_LOOP_168_9|  return value|
|ap_start                                         |   in|    1|  ap_ctrl_hs|  (anonymous namespace)compute_weight_batch_Pipeline_VITIS_LOOP_168_9|  return value|
|ap_done                                          |  out|    1|  ap_ctrl_hs|  (anonymous namespace)compute_weight_batch_Pipeline_VITIS_LOOP_168_9|  return value|
|ap_idle                                          |  out|    1|  ap_ctrl_hs|  (anonymous namespace)compute_weight_batch_Pipeline_VITIS_LOOP_168_9|  return value|
|ap_ready                                         |  out|    1|  ap_ctrl_hs|  (anonymous namespace)compute_weight_batch_Pipeline_VITIS_LOOP_168_9|  return value|
|grp_fu_1705_p_din0                               |  out|   32|  ap_ctrl_hs|  (anonymous namespace)compute_weight_batch_Pipeline_VITIS_LOOP_168_9|  return value|
|grp_fu_1705_p_din1                               |  out|   32|  ap_ctrl_hs|  (anonymous namespace)compute_weight_batch_Pipeline_VITIS_LOOP_168_9|  return value|
|grp_fu_1705_p_opcode                             |  out|    2|  ap_ctrl_hs|  (anonymous namespace)compute_weight_batch_Pipeline_VITIS_LOOP_168_9|  return value|
|grp_fu_1705_p_dout0                              |   in|   32|  ap_ctrl_hs|  (anonymous namespace)compute_weight_batch_Pipeline_VITIS_LOOP_168_9|  return value|
|grp_fu_1705_p_ce                                 |  out|    1|  ap_ctrl_hs|  (anonymous namespace)compute_weight_batch_Pipeline_VITIS_LOOP_168_9|  return value|
|grp_fu_1709_p_din0                               |  out|   32|  ap_ctrl_hs|  (anonymous namespace)compute_weight_batch_Pipeline_VITIS_LOOP_168_9|  return value|
|grp_fu_1709_p_din1                               |  out|   32|  ap_ctrl_hs|  (anonymous namespace)compute_weight_batch_Pipeline_VITIS_LOOP_168_9|  return value|
|grp_fu_1709_p_opcode                             |  out|    2|  ap_ctrl_hs|  (anonymous namespace)compute_weight_batch_Pipeline_VITIS_LOOP_168_9|  return value|
|grp_fu_1709_p_dout0                              |   in|   32|  ap_ctrl_hs|  (anonymous namespace)compute_weight_batch_Pipeline_VITIS_LOOP_168_9|  return value|
|grp_fu_1709_p_ce                                 |  out|    1|  ap_ctrl_hs|  (anonymous namespace)compute_weight_batch_Pipeline_VITIS_LOOP_168_9|  return value|
|grp_fu_1713_p_din0                               |  out|   32|  ap_ctrl_hs|  (anonymous namespace)compute_weight_batch_Pipeline_VITIS_LOOP_168_9|  return value|
|grp_fu_1713_p_din1                               |  out|   32|  ap_ctrl_hs|  (anonymous namespace)compute_weight_batch_Pipeline_VITIS_LOOP_168_9|  return value|
|grp_fu_1713_p_opcode                             |  out|    2|  ap_ctrl_hs|  (anonymous namespace)compute_weight_batch_Pipeline_VITIS_LOOP_168_9|  return value|
|grp_fu_1713_p_dout0                              |   in|   32|  ap_ctrl_hs|  (anonymous namespace)compute_weight_batch_Pipeline_VITIS_LOOP_168_9|  return value|
|grp_fu_1713_p_ce                                 |  out|    1|  ap_ctrl_hs|  (anonymous namespace)compute_weight_batch_Pipeline_VITIS_LOOP_168_9|  return value|
|grp_fu_1717_p_din0                               |  out|   32|  ap_ctrl_hs|  (anonymous namespace)compute_weight_batch_Pipeline_VITIS_LOOP_168_9|  return value|
|grp_fu_1717_p_din1                               |  out|   32|  ap_ctrl_hs|  (anonymous namespace)compute_weight_batch_Pipeline_VITIS_LOOP_168_9|  return value|
|grp_fu_1717_p_opcode                             |  out|    2|  ap_ctrl_hs|  (anonymous namespace)compute_weight_batch_Pipeline_VITIS_LOOP_168_9|  return value|
|grp_fu_1717_p_dout0                              |   in|   32|  ap_ctrl_hs|  (anonymous namespace)compute_weight_batch_Pipeline_VITIS_LOOP_168_9|  return value|
|grp_fu_1717_p_ce                                 |  out|    1|  ap_ctrl_hs|  (anonymous namespace)compute_weight_batch_Pipeline_VITIS_LOOP_168_9|  return value|
|grp_fu_1721_p_din0                               |  out|   32|  ap_ctrl_hs|  (anonymous namespace)compute_weight_batch_Pipeline_VITIS_LOOP_168_9|  return value|
|grp_fu_1721_p_din1                               |  out|   32|  ap_ctrl_hs|  (anonymous namespace)compute_weight_batch_Pipeline_VITIS_LOOP_168_9|  return value|
|grp_fu_1721_p_opcode                             |  out|    2|  ap_ctrl_hs|  (anonymous namespace)compute_weight_batch_Pipeline_VITIS_LOOP_168_9|  return value|
|grp_fu_1721_p_dout0                              |   in|   32|  ap_ctrl_hs|  (anonymous namespace)compute_weight_batch_Pipeline_VITIS_LOOP_168_9|  return value|
|grp_fu_1721_p_ce                                 |  out|    1|  ap_ctrl_hs|  (anonymous namespace)compute_weight_batch_Pipeline_VITIS_LOOP_168_9|  return value|
|grp_fu_1725_p_din0                               |  out|   32|  ap_ctrl_hs|  (anonymous namespace)compute_weight_batch_Pipeline_VITIS_LOOP_168_9|  return value|
|grp_fu_1725_p_din1                               |  out|   32|  ap_ctrl_hs|  (anonymous namespace)compute_weight_batch_Pipeline_VITIS_LOOP_168_9|  return value|
|grp_fu_1725_p_opcode                             |  out|    2|  ap_ctrl_hs|  (anonymous namespace)compute_weight_batch_Pipeline_VITIS_LOOP_168_9|  return value|
|grp_fu_1725_p_dout0                              |   in|   32|  ap_ctrl_hs|  (anonymous namespace)compute_weight_batch_Pipeline_VITIS_LOOP_168_9|  return value|
|grp_fu_1725_p_ce                                 |  out|    1|  ap_ctrl_hs|  (anonymous namespace)compute_weight_batch_Pipeline_VITIS_LOOP_168_9|  return value|
|grp_fu_1729_p_din0                               |  out|   32|  ap_ctrl_hs|  (anonymous namespace)compute_weight_batch_Pipeline_VITIS_LOOP_168_9|  return value|
|grp_fu_1729_p_din1                               |  out|   32|  ap_ctrl_hs|  (anonymous namespace)compute_weight_batch_Pipeline_VITIS_LOOP_168_9|  return value|
|grp_fu_1729_p_opcode                             |  out|    2|  ap_ctrl_hs|  (anonymous namespace)compute_weight_batch_Pipeline_VITIS_LOOP_168_9|  return value|
|grp_fu_1729_p_dout0                              |   in|   32|  ap_ctrl_hs|  (anonymous namespace)compute_weight_batch_Pipeline_VITIS_LOOP_168_9|  return value|
|grp_fu_1729_p_ce                                 |  out|    1|  ap_ctrl_hs|  (anonymous namespace)compute_weight_batch_Pipeline_VITIS_LOOP_168_9|  return value|
|grp_fu_1733_p_din0                               |  out|   32|  ap_ctrl_hs|  (anonymous namespace)compute_weight_batch_Pipeline_VITIS_LOOP_168_9|  return value|
|grp_fu_1733_p_din1                               |  out|   32|  ap_ctrl_hs|  (anonymous namespace)compute_weight_batch_Pipeline_VITIS_LOOP_168_9|  return value|
|grp_fu_1733_p_opcode                             |  out|    2|  ap_ctrl_hs|  (anonymous namespace)compute_weight_batch_Pipeline_VITIS_LOOP_168_9|  return value|
|grp_fu_1733_p_dout0                              |   in|   32|  ap_ctrl_hs|  (anonymous namespace)compute_weight_batch_Pipeline_VITIS_LOOP_168_9|  return value|
|grp_fu_1733_p_ce                                 |  out|    1|  ap_ctrl_hs|  (anonymous namespace)compute_weight_batch_Pipeline_VITIS_LOOP_168_9|  return value|
|grp_fu_1737_p_din0                               |  out|   32|  ap_ctrl_hs|  (anonymous namespace)compute_weight_batch_Pipeline_VITIS_LOOP_168_9|  return value|
|grp_fu_1737_p_din1                               |  out|   32|  ap_ctrl_hs|  (anonymous namespace)compute_weight_batch_Pipeline_VITIS_LOOP_168_9|  return value|
|grp_fu_1737_p_opcode                             |  out|    2|  ap_ctrl_hs|  (anonymous namespace)compute_weight_batch_Pipeline_VITIS_LOOP_168_9|  return value|
|grp_fu_1737_p_dout0                              |   in|   32|  ap_ctrl_hs|  (anonymous namespace)compute_weight_batch_Pipeline_VITIS_LOOP_168_9|  return value|
|grp_fu_1737_p_ce                                 |  out|    1|  ap_ctrl_hs|  (anonymous namespace)compute_weight_batch_Pipeline_VITIS_LOOP_168_9|  return value|
|grp_fu_1741_p_din0                               |  out|   32|  ap_ctrl_hs|  (anonymous namespace)compute_weight_batch_Pipeline_VITIS_LOOP_168_9|  return value|
|grp_fu_1741_p_din1                               |  out|   32|  ap_ctrl_hs|  (anonymous namespace)compute_weight_batch_Pipeline_VITIS_LOOP_168_9|  return value|
|grp_fu_1741_p_opcode                             |  out|    2|  ap_ctrl_hs|  (anonymous namespace)compute_weight_batch_Pipeline_VITIS_LOOP_168_9|  return value|
|grp_fu_1741_p_dout0                              |   in|   32|  ap_ctrl_hs|  (anonymous namespace)compute_weight_batch_Pipeline_VITIS_LOOP_168_9|  return value|
|grp_fu_1741_p_ce                                 |  out|    1|  ap_ctrl_hs|  (anonymous namespace)compute_weight_batch_Pipeline_VITIS_LOOP_168_9|  return value|
|grp_fu_1745_p_din0                               |  out|   32|  ap_ctrl_hs|  (anonymous namespace)compute_weight_batch_Pipeline_VITIS_LOOP_168_9|  return value|
|grp_fu_1745_p_din1                               |  out|   32|  ap_ctrl_hs|  (anonymous namespace)compute_weight_batch_Pipeline_VITIS_LOOP_168_9|  return value|
|grp_fu_1745_p_opcode                             |  out|    2|  ap_ctrl_hs|  (anonymous namespace)compute_weight_batch_Pipeline_VITIS_LOOP_168_9|  return value|
|grp_fu_1745_p_dout0                              |   in|   32|  ap_ctrl_hs|  (anonymous namespace)compute_weight_batch_Pipeline_VITIS_LOOP_168_9|  return value|
|grp_fu_1745_p_ce                                 |  out|    1|  ap_ctrl_hs|  (anonymous namespace)compute_weight_batch_Pipeline_VITIS_LOOP_168_9|  return value|
|grp_fu_1749_p_din0                               |  out|   32|  ap_ctrl_hs|  (anonymous namespace)compute_weight_batch_Pipeline_VITIS_LOOP_168_9|  return value|
|grp_fu_1749_p_din1                               |  out|   32|  ap_ctrl_hs|  (anonymous namespace)compute_weight_batch_Pipeline_VITIS_LOOP_168_9|  return value|
|grp_fu_1749_p_opcode                             |  out|    2|  ap_ctrl_hs|  (anonymous namespace)compute_weight_batch_Pipeline_VITIS_LOOP_168_9|  return value|
|grp_fu_1749_p_dout0                              |   in|   32|  ap_ctrl_hs|  (anonymous namespace)compute_weight_batch_Pipeline_VITIS_LOOP_168_9|  return value|
|grp_fu_1749_p_ce                                 |  out|    1|  ap_ctrl_hs|  (anonymous namespace)compute_weight_batch_Pipeline_VITIS_LOOP_168_9|  return value|
|grp_fu_1753_p_din0                               |  out|   32|  ap_ctrl_hs|  (anonymous namespace)compute_weight_batch_Pipeline_VITIS_LOOP_168_9|  return value|
|grp_fu_1753_p_din1                               |  out|   32|  ap_ctrl_hs|  (anonymous namespace)compute_weight_batch_Pipeline_VITIS_LOOP_168_9|  return value|
|grp_fu_1753_p_opcode                             |  out|    2|  ap_ctrl_hs|  (anonymous namespace)compute_weight_batch_Pipeline_VITIS_LOOP_168_9|  return value|
|grp_fu_1753_p_dout0                              |   in|   32|  ap_ctrl_hs|  (anonymous namespace)compute_weight_batch_Pipeline_VITIS_LOOP_168_9|  return value|
|grp_fu_1753_p_ce                                 |  out|    1|  ap_ctrl_hs|  (anonymous namespace)compute_weight_batch_Pipeline_VITIS_LOOP_168_9|  return value|
|grp_fu_1757_p_din0                               |  out|   32|  ap_ctrl_hs|  (anonymous namespace)compute_weight_batch_Pipeline_VITIS_LOOP_168_9|  return value|
|grp_fu_1757_p_din1                               |  out|   32|  ap_ctrl_hs|  (anonymous namespace)compute_weight_batch_Pipeline_VITIS_LOOP_168_9|  return value|
|grp_fu_1757_p_opcode                             |  out|    2|  ap_ctrl_hs|  (anonymous namespace)compute_weight_batch_Pipeline_VITIS_LOOP_168_9|  return value|
|grp_fu_1757_p_dout0                              |   in|   32|  ap_ctrl_hs|  (anonymous namespace)compute_weight_batch_Pipeline_VITIS_LOOP_168_9|  return value|
|grp_fu_1757_p_ce                                 |  out|    1|  ap_ctrl_hs|  (anonymous namespace)compute_weight_batch_Pipeline_VITIS_LOOP_168_9|  return value|
|grp_fu_1761_p_din0                               |  out|   32|  ap_ctrl_hs|  (anonymous namespace)compute_weight_batch_Pipeline_VITIS_LOOP_168_9|  return value|
|grp_fu_1761_p_din1                               |  out|   32|  ap_ctrl_hs|  (anonymous namespace)compute_weight_batch_Pipeline_VITIS_LOOP_168_9|  return value|
|grp_fu_1761_p_opcode                             |  out|    2|  ap_ctrl_hs|  (anonymous namespace)compute_weight_batch_Pipeline_VITIS_LOOP_168_9|  return value|
|grp_fu_1761_p_dout0                              |   in|   32|  ap_ctrl_hs|  (anonymous namespace)compute_weight_batch_Pipeline_VITIS_LOOP_168_9|  return value|
|grp_fu_1761_p_ce                                 |  out|    1|  ap_ctrl_hs|  (anonymous namespace)compute_weight_batch_Pipeline_VITIS_LOOP_168_9|  return value|
|grp_fu_1765_p_din0                               |  out|   32|  ap_ctrl_hs|  (anonymous namespace)compute_weight_batch_Pipeline_VITIS_LOOP_168_9|  return value|
|grp_fu_1765_p_din1                               |  out|   32|  ap_ctrl_hs|  (anonymous namespace)compute_weight_batch_Pipeline_VITIS_LOOP_168_9|  return value|
|grp_fu_1765_p_opcode                             |  out|    2|  ap_ctrl_hs|  (anonymous namespace)compute_weight_batch_Pipeline_VITIS_LOOP_168_9|  return value|
|grp_fu_1765_p_dout0                              |   in|   32|  ap_ctrl_hs|  (anonymous namespace)compute_weight_batch_Pipeline_VITIS_LOOP_168_9|  return value|
|grp_fu_1765_p_ce                                 |  out|    1|  ap_ctrl_hs|  (anonymous namespace)compute_weight_batch_Pipeline_VITIS_LOOP_168_9|  return value|
|grp_fu_1769_p_din0                               |  out|   32|  ap_ctrl_hs|  (anonymous namespace)compute_weight_batch_Pipeline_VITIS_LOOP_168_9|  return value|
|grp_fu_1769_p_din1                               |  out|   32|  ap_ctrl_hs|  (anonymous namespace)compute_weight_batch_Pipeline_VITIS_LOOP_168_9|  return value|
|grp_fu_1769_p_opcode                             |  out|    2|  ap_ctrl_hs|  (anonymous namespace)compute_weight_batch_Pipeline_VITIS_LOOP_168_9|  return value|
|grp_fu_1769_p_dout0                              |   in|   32|  ap_ctrl_hs|  (anonymous namespace)compute_weight_batch_Pipeline_VITIS_LOOP_168_9|  return value|
|grp_fu_1769_p_ce                                 |  out|    1|  ap_ctrl_hs|  (anonymous namespace)compute_weight_batch_Pipeline_VITIS_LOOP_168_9|  return value|
|grp_fu_1773_p_din0                               |  out|   32|  ap_ctrl_hs|  (anonymous namespace)compute_weight_batch_Pipeline_VITIS_LOOP_168_9|  return value|
|grp_fu_1773_p_din1                               |  out|   32|  ap_ctrl_hs|  (anonymous namespace)compute_weight_batch_Pipeline_VITIS_LOOP_168_9|  return value|
|grp_fu_1773_p_opcode                             |  out|    2|  ap_ctrl_hs|  (anonymous namespace)compute_weight_batch_Pipeline_VITIS_LOOP_168_9|  return value|
|grp_fu_1773_p_dout0                              |   in|   32|  ap_ctrl_hs|  (anonymous namespace)compute_weight_batch_Pipeline_VITIS_LOOP_168_9|  return value|
|grp_fu_1773_p_ce                                 |  out|    1|  ap_ctrl_hs|  (anonymous namespace)compute_weight_batch_Pipeline_VITIS_LOOP_168_9|  return value|
|grp_fu_1777_p_din0                               |  out|   32|  ap_ctrl_hs|  (anonymous namespace)compute_weight_batch_Pipeline_VITIS_LOOP_168_9|  return value|
|grp_fu_1777_p_din1                               |  out|   32|  ap_ctrl_hs|  (anonymous namespace)compute_weight_batch_Pipeline_VITIS_LOOP_168_9|  return value|
|grp_fu_1777_p_opcode                             |  out|    2|  ap_ctrl_hs|  (anonymous namespace)compute_weight_batch_Pipeline_VITIS_LOOP_168_9|  return value|
|grp_fu_1777_p_dout0                              |   in|   32|  ap_ctrl_hs|  (anonymous namespace)compute_weight_batch_Pipeline_VITIS_LOOP_168_9|  return value|
|grp_fu_1777_p_ce                                 |  out|    1|  ap_ctrl_hs|  (anonymous namespace)compute_weight_batch_Pipeline_VITIS_LOOP_168_9|  return value|
|grp_fu_1781_p_din0                               |  out|   32|  ap_ctrl_hs|  (anonymous namespace)compute_weight_batch_Pipeline_VITIS_LOOP_168_9|  return value|
|grp_fu_1781_p_din1                               |  out|   32|  ap_ctrl_hs|  (anonymous namespace)compute_weight_batch_Pipeline_VITIS_LOOP_168_9|  return value|
|grp_fu_1781_p_opcode                             |  out|    2|  ap_ctrl_hs|  (anonymous namespace)compute_weight_batch_Pipeline_VITIS_LOOP_168_9|  return value|
|grp_fu_1781_p_dout0                              |   in|   32|  ap_ctrl_hs|  (anonymous namespace)compute_weight_batch_Pipeline_VITIS_LOOP_168_9|  return value|
|grp_fu_1781_p_ce                                 |  out|    1|  ap_ctrl_hs|  (anonymous namespace)compute_weight_batch_Pipeline_VITIS_LOOP_168_9|  return value|
|grp_fu_1785_p_din0                               |  out|   32|  ap_ctrl_hs|  (anonymous namespace)compute_weight_batch_Pipeline_VITIS_LOOP_168_9|  return value|
|grp_fu_1785_p_din1                               |  out|   32|  ap_ctrl_hs|  (anonymous namespace)compute_weight_batch_Pipeline_VITIS_LOOP_168_9|  return value|
|grp_fu_1785_p_opcode                             |  out|    2|  ap_ctrl_hs|  (anonymous namespace)compute_weight_batch_Pipeline_VITIS_LOOP_168_9|  return value|
|grp_fu_1785_p_dout0                              |   in|   32|  ap_ctrl_hs|  (anonymous namespace)compute_weight_batch_Pipeline_VITIS_LOOP_168_9|  return value|
|grp_fu_1785_p_ce                                 |  out|    1|  ap_ctrl_hs|  (anonymous namespace)compute_weight_batch_Pipeline_VITIS_LOOP_168_9|  return value|
|grp_fu_1789_p_din0                               |  out|   32|  ap_ctrl_hs|  (anonymous namespace)compute_weight_batch_Pipeline_VITIS_LOOP_168_9|  return value|
|grp_fu_1789_p_din1                               |  out|   32|  ap_ctrl_hs|  (anonymous namespace)compute_weight_batch_Pipeline_VITIS_LOOP_168_9|  return value|
|grp_fu_1789_p_opcode                             |  out|    2|  ap_ctrl_hs|  (anonymous namespace)compute_weight_batch_Pipeline_VITIS_LOOP_168_9|  return value|
|grp_fu_1789_p_dout0                              |   in|   32|  ap_ctrl_hs|  (anonymous namespace)compute_weight_batch_Pipeline_VITIS_LOOP_168_9|  return value|
|grp_fu_1789_p_ce                                 |  out|    1|  ap_ctrl_hs|  (anonymous namespace)compute_weight_batch_Pipeline_VITIS_LOOP_168_9|  return value|
|grp_fu_1793_p_din0                               |  out|   32|  ap_ctrl_hs|  (anonymous namespace)compute_weight_batch_Pipeline_VITIS_LOOP_168_9|  return value|
|grp_fu_1793_p_din1                               |  out|   32|  ap_ctrl_hs|  (anonymous namespace)compute_weight_batch_Pipeline_VITIS_LOOP_168_9|  return value|
|grp_fu_1793_p_opcode                             |  out|    2|  ap_ctrl_hs|  (anonymous namespace)compute_weight_batch_Pipeline_VITIS_LOOP_168_9|  return value|
|grp_fu_1793_p_dout0                              |   in|   32|  ap_ctrl_hs|  (anonymous namespace)compute_weight_batch_Pipeline_VITIS_LOOP_168_9|  return value|
|grp_fu_1793_p_ce                                 |  out|    1|  ap_ctrl_hs|  (anonymous namespace)compute_weight_batch_Pipeline_VITIS_LOOP_168_9|  return value|
|grp_fu_1797_p_din0                               |  out|   32|  ap_ctrl_hs|  (anonymous namespace)compute_weight_batch_Pipeline_VITIS_LOOP_168_9|  return value|
|grp_fu_1797_p_din1                               |  out|   32|  ap_ctrl_hs|  (anonymous namespace)compute_weight_batch_Pipeline_VITIS_LOOP_168_9|  return value|
|grp_fu_1797_p_opcode                             |  out|    2|  ap_ctrl_hs|  (anonymous namespace)compute_weight_batch_Pipeline_VITIS_LOOP_168_9|  return value|
|grp_fu_1797_p_dout0                              |   in|   32|  ap_ctrl_hs|  (anonymous namespace)compute_weight_batch_Pipeline_VITIS_LOOP_168_9|  return value|
|grp_fu_1797_p_ce                                 |  out|    1|  ap_ctrl_hs|  (anonymous namespace)compute_weight_batch_Pipeline_VITIS_LOOP_168_9|  return value|
|grp_fu_1801_p_din0                               |  out|   32|  ap_ctrl_hs|  (anonymous namespace)compute_weight_batch_Pipeline_VITIS_LOOP_168_9|  return value|
|grp_fu_1801_p_din1                               |  out|   32|  ap_ctrl_hs|  (anonymous namespace)compute_weight_batch_Pipeline_VITIS_LOOP_168_9|  return value|
|grp_fu_1801_p_opcode                             |  out|    2|  ap_ctrl_hs|  (anonymous namespace)compute_weight_batch_Pipeline_VITIS_LOOP_168_9|  return value|
|grp_fu_1801_p_dout0                              |   in|   32|  ap_ctrl_hs|  (anonymous namespace)compute_weight_batch_Pipeline_VITIS_LOOP_168_9|  return value|
|grp_fu_1801_p_ce                                 |  out|    1|  ap_ctrl_hs|  (anonymous namespace)compute_weight_batch_Pipeline_VITIS_LOOP_168_9|  return value|
|grp_fu_1805_p_din0                               |  out|   32|  ap_ctrl_hs|  (anonymous namespace)compute_weight_batch_Pipeline_VITIS_LOOP_168_9|  return value|
|grp_fu_1805_p_din1                               |  out|   32|  ap_ctrl_hs|  (anonymous namespace)compute_weight_batch_Pipeline_VITIS_LOOP_168_9|  return value|
|grp_fu_1805_p_opcode                             |  out|    2|  ap_ctrl_hs|  (anonymous namespace)compute_weight_batch_Pipeline_VITIS_LOOP_168_9|  return value|
|grp_fu_1805_p_dout0                              |   in|   32|  ap_ctrl_hs|  (anonymous namespace)compute_weight_batch_Pipeline_VITIS_LOOP_168_9|  return value|
|grp_fu_1805_p_ce                                 |  out|    1|  ap_ctrl_hs|  (anonymous namespace)compute_weight_batch_Pipeline_VITIS_LOOP_168_9|  return value|
|grp_fu_1809_p_din0                               |  out|   32|  ap_ctrl_hs|  (anonymous namespace)compute_weight_batch_Pipeline_VITIS_LOOP_168_9|  return value|
|grp_fu_1809_p_din1                               |  out|   32|  ap_ctrl_hs|  (anonymous namespace)compute_weight_batch_Pipeline_VITIS_LOOP_168_9|  return value|
|grp_fu_1809_p_opcode                             |  out|    2|  ap_ctrl_hs|  (anonymous namespace)compute_weight_batch_Pipeline_VITIS_LOOP_168_9|  return value|
|grp_fu_1809_p_dout0                              |   in|   32|  ap_ctrl_hs|  (anonymous namespace)compute_weight_batch_Pipeline_VITIS_LOOP_168_9|  return value|
|grp_fu_1809_p_ce                                 |  out|    1|  ap_ctrl_hs|  (anonymous namespace)compute_weight_batch_Pipeline_VITIS_LOOP_168_9|  return value|
|grp_fu_1813_p_din0                               |  out|   32|  ap_ctrl_hs|  (anonymous namespace)compute_weight_batch_Pipeline_VITIS_LOOP_168_9|  return value|
|grp_fu_1813_p_din1                               |  out|   32|  ap_ctrl_hs|  (anonymous namespace)compute_weight_batch_Pipeline_VITIS_LOOP_168_9|  return value|
|grp_fu_1813_p_opcode                             |  out|    2|  ap_ctrl_hs|  (anonymous namespace)compute_weight_batch_Pipeline_VITIS_LOOP_168_9|  return value|
|grp_fu_1813_p_dout0                              |   in|   32|  ap_ctrl_hs|  (anonymous namespace)compute_weight_batch_Pipeline_VITIS_LOOP_168_9|  return value|
|grp_fu_1813_p_ce                                 |  out|    1|  ap_ctrl_hs|  (anonymous namespace)compute_weight_batch_Pipeline_VITIS_LOOP_168_9|  return value|
|grp_fu_1817_p_din0                               |  out|   32|  ap_ctrl_hs|  (anonymous namespace)compute_weight_batch_Pipeline_VITIS_LOOP_168_9|  return value|
|grp_fu_1817_p_din1                               |  out|   32|  ap_ctrl_hs|  (anonymous namespace)compute_weight_batch_Pipeline_VITIS_LOOP_168_9|  return value|
|grp_fu_1817_p_opcode                             |  out|    2|  ap_ctrl_hs|  (anonymous namespace)compute_weight_batch_Pipeline_VITIS_LOOP_168_9|  return value|
|grp_fu_1817_p_dout0                              |   in|   32|  ap_ctrl_hs|  (anonymous namespace)compute_weight_batch_Pipeline_VITIS_LOOP_168_9|  return value|
|grp_fu_1817_p_ce                                 |  out|    1|  ap_ctrl_hs|  (anonymous namespace)compute_weight_batch_Pipeline_VITIS_LOOP_168_9|  return value|
|grp_fu_1821_p_din0                               |  out|   32|  ap_ctrl_hs|  (anonymous namespace)compute_weight_batch_Pipeline_VITIS_LOOP_168_9|  return value|
|grp_fu_1821_p_din1                               |  out|   32|  ap_ctrl_hs|  (anonymous namespace)compute_weight_batch_Pipeline_VITIS_LOOP_168_9|  return value|
|grp_fu_1821_p_opcode                             |  out|    2|  ap_ctrl_hs|  (anonymous namespace)compute_weight_batch_Pipeline_VITIS_LOOP_168_9|  return value|
|grp_fu_1821_p_dout0                              |   in|   32|  ap_ctrl_hs|  (anonymous namespace)compute_weight_batch_Pipeline_VITIS_LOOP_168_9|  return value|
|grp_fu_1821_p_ce                                 |  out|    1|  ap_ctrl_hs|  (anonymous namespace)compute_weight_batch_Pipeline_VITIS_LOOP_168_9|  return value|
|grp_fu_1825_p_din0                               |  out|   32|  ap_ctrl_hs|  (anonymous namespace)compute_weight_batch_Pipeline_VITIS_LOOP_168_9|  return value|
|grp_fu_1825_p_din1                               |  out|   32|  ap_ctrl_hs|  (anonymous namespace)compute_weight_batch_Pipeline_VITIS_LOOP_168_9|  return value|
|grp_fu_1825_p_opcode                             |  out|    2|  ap_ctrl_hs|  (anonymous namespace)compute_weight_batch_Pipeline_VITIS_LOOP_168_9|  return value|
|grp_fu_1825_p_dout0                              |   in|   32|  ap_ctrl_hs|  (anonymous namespace)compute_weight_batch_Pipeline_VITIS_LOOP_168_9|  return value|
|grp_fu_1825_p_ce                                 |  out|    1|  ap_ctrl_hs|  (anonymous namespace)compute_weight_batch_Pipeline_VITIS_LOOP_168_9|  return value|
|grp_fu_1829_p_din0                               |  out|   32|  ap_ctrl_hs|  (anonymous namespace)compute_weight_batch_Pipeline_VITIS_LOOP_168_9|  return value|
|grp_fu_1829_p_din1                               |  out|   32|  ap_ctrl_hs|  (anonymous namespace)compute_weight_batch_Pipeline_VITIS_LOOP_168_9|  return value|
|grp_fu_1829_p_opcode                             |  out|    2|  ap_ctrl_hs|  (anonymous namespace)compute_weight_batch_Pipeline_VITIS_LOOP_168_9|  return value|
|grp_fu_1829_p_dout0                              |   in|   32|  ap_ctrl_hs|  (anonymous namespace)compute_weight_batch_Pipeline_VITIS_LOOP_168_9|  return value|
|grp_fu_1829_p_ce                                 |  out|    1|  ap_ctrl_hs|  (anonymous namespace)compute_weight_batch_Pipeline_VITIS_LOOP_168_9|  return value|
|grp_fu_1833_p_din0                               |  out|   32|  ap_ctrl_hs|  (anonymous namespace)compute_weight_batch_Pipeline_VITIS_LOOP_168_9|  return value|
|grp_fu_1833_p_din1                               |  out|   32|  ap_ctrl_hs|  (anonymous namespace)compute_weight_batch_Pipeline_VITIS_LOOP_168_9|  return value|
|grp_fu_1833_p_opcode                             |  out|    2|  ap_ctrl_hs|  (anonymous namespace)compute_weight_batch_Pipeline_VITIS_LOOP_168_9|  return value|
|grp_fu_1833_p_dout0                              |   in|   32|  ap_ctrl_hs|  (anonymous namespace)compute_weight_batch_Pipeline_VITIS_LOOP_168_9|  return value|
|grp_fu_1833_p_ce                                 |  out|    1|  ap_ctrl_hs|  (anonymous namespace)compute_weight_batch_Pipeline_VITIS_LOOP_168_9|  return value|
|grp_fu_1837_p_din0                               |  out|   32|  ap_ctrl_hs|  (anonymous namespace)compute_weight_batch_Pipeline_VITIS_LOOP_168_9|  return value|
|grp_fu_1837_p_din1                               |  out|   32|  ap_ctrl_hs|  (anonymous namespace)compute_weight_batch_Pipeline_VITIS_LOOP_168_9|  return value|
|grp_fu_1837_p_opcode                             |  out|    2|  ap_ctrl_hs|  (anonymous namespace)compute_weight_batch_Pipeline_VITIS_LOOP_168_9|  return value|
|grp_fu_1837_p_dout0                              |   in|   32|  ap_ctrl_hs|  (anonymous namespace)compute_weight_batch_Pipeline_VITIS_LOOP_168_9|  return value|
|grp_fu_1837_p_ce                                 |  out|    1|  ap_ctrl_hs|  (anonymous namespace)compute_weight_batch_Pipeline_VITIS_LOOP_168_9|  return value|
|grp_fu_1841_p_din0                               |  out|   32|  ap_ctrl_hs|  (anonymous namespace)compute_weight_batch_Pipeline_VITIS_LOOP_168_9|  return value|
|grp_fu_1841_p_din1                               |  out|   32|  ap_ctrl_hs|  (anonymous namespace)compute_weight_batch_Pipeline_VITIS_LOOP_168_9|  return value|
|grp_fu_1841_p_opcode                             |  out|    2|  ap_ctrl_hs|  (anonymous namespace)compute_weight_batch_Pipeline_VITIS_LOOP_168_9|  return value|
|grp_fu_1841_p_dout0                              |   in|   32|  ap_ctrl_hs|  (anonymous namespace)compute_weight_batch_Pipeline_VITIS_LOOP_168_9|  return value|
|grp_fu_1841_p_ce                                 |  out|    1|  ap_ctrl_hs|  (anonymous namespace)compute_weight_batch_Pipeline_VITIS_LOOP_168_9|  return value|
|grp_fu_1845_p_din0                               |  out|   32|  ap_ctrl_hs|  (anonymous namespace)compute_weight_batch_Pipeline_VITIS_LOOP_168_9|  return value|
|grp_fu_1845_p_din1                               |  out|   32|  ap_ctrl_hs|  (anonymous namespace)compute_weight_batch_Pipeline_VITIS_LOOP_168_9|  return value|
|grp_fu_1845_p_opcode                             |  out|    2|  ap_ctrl_hs|  (anonymous namespace)compute_weight_batch_Pipeline_VITIS_LOOP_168_9|  return value|
|grp_fu_1845_p_dout0                              |   in|   32|  ap_ctrl_hs|  (anonymous namespace)compute_weight_batch_Pipeline_VITIS_LOOP_168_9|  return value|
|grp_fu_1845_p_ce                                 |  out|    1|  ap_ctrl_hs|  (anonymous namespace)compute_weight_batch_Pipeline_VITIS_LOOP_168_9|  return value|
|grp_fu_1849_p_din0                               |  out|   32|  ap_ctrl_hs|  (anonymous namespace)compute_weight_batch_Pipeline_VITIS_LOOP_168_9|  return value|
|grp_fu_1849_p_din1                               |  out|   32|  ap_ctrl_hs|  (anonymous namespace)compute_weight_batch_Pipeline_VITIS_LOOP_168_9|  return value|
|grp_fu_1849_p_opcode                             |  out|    2|  ap_ctrl_hs|  (anonymous namespace)compute_weight_batch_Pipeline_VITIS_LOOP_168_9|  return value|
|grp_fu_1849_p_dout0                              |   in|   32|  ap_ctrl_hs|  (anonymous namespace)compute_weight_batch_Pipeline_VITIS_LOOP_168_9|  return value|
|grp_fu_1849_p_ce                                 |  out|    1|  ap_ctrl_hs|  (anonymous namespace)compute_weight_batch_Pipeline_VITIS_LOOP_168_9|  return value|
|grp_fu_1853_p_din0                               |  out|   32|  ap_ctrl_hs|  (anonymous namespace)compute_weight_batch_Pipeline_VITIS_LOOP_168_9|  return value|
|grp_fu_1853_p_din1                               |  out|   32|  ap_ctrl_hs|  (anonymous namespace)compute_weight_batch_Pipeline_VITIS_LOOP_168_9|  return value|
|grp_fu_1853_p_opcode                             |  out|    2|  ap_ctrl_hs|  (anonymous namespace)compute_weight_batch_Pipeline_VITIS_LOOP_168_9|  return value|
|grp_fu_1853_p_dout0                              |   in|   32|  ap_ctrl_hs|  (anonymous namespace)compute_weight_batch_Pipeline_VITIS_LOOP_168_9|  return value|
|grp_fu_1853_p_ce                                 |  out|    1|  ap_ctrl_hs|  (anonymous namespace)compute_weight_batch_Pipeline_VITIS_LOOP_168_9|  return value|
|grp_fu_1857_p_din0                               |  out|   32|  ap_ctrl_hs|  (anonymous namespace)compute_weight_batch_Pipeline_VITIS_LOOP_168_9|  return value|
|grp_fu_1857_p_din1                               |  out|   32|  ap_ctrl_hs|  (anonymous namespace)compute_weight_batch_Pipeline_VITIS_LOOP_168_9|  return value|
|grp_fu_1857_p_opcode                             |  out|    2|  ap_ctrl_hs|  (anonymous namespace)compute_weight_batch_Pipeline_VITIS_LOOP_168_9|  return value|
|grp_fu_1857_p_dout0                              |   in|   32|  ap_ctrl_hs|  (anonymous namespace)compute_weight_batch_Pipeline_VITIS_LOOP_168_9|  return value|
|grp_fu_1857_p_ce                                 |  out|    1|  ap_ctrl_hs|  (anonymous namespace)compute_weight_batch_Pipeline_VITIS_LOOP_168_9|  return value|
|grp_fu_1861_p_din0                               |  out|   32|  ap_ctrl_hs|  (anonymous namespace)compute_weight_batch_Pipeline_VITIS_LOOP_168_9|  return value|
|grp_fu_1861_p_din1                               |  out|   32|  ap_ctrl_hs|  (anonymous namespace)compute_weight_batch_Pipeline_VITIS_LOOP_168_9|  return value|
|grp_fu_1861_p_opcode                             |  out|    2|  ap_ctrl_hs|  (anonymous namespace)compute_weight_batch_Pipeline_VITIS_LOOP_168_9|  return value|
|grp_fu_1861_p_dout0                              |   in|   32|  ap_ctrl_hs|  (anonymous namespace)compute_weight_batch_Pipeline_VITIS_LOOP_168_9|  return value|
|grp_fu_1861_p_ce                                 |  out|    1|  ap_ctrl_hs|  (anonymous namespace)compute_weight_batch_Pipeline_VITIS_LOOP_168_9|  return value|
|grp_fu_1865_p_din0                               |  out|   32|  ap_ctrl_hs|  (anonymous namespace)compute_weight_batch_Pipeline_VITIS_LOOP_168_9|  return value|
|grp_fu_1865_p_din1                               |  out|   32|  ap_ctrl_hs|  (anonymous namespace)compute_weight_batch_Pipeline_VITIS_LOOP_168_9|  return value|
|grp_fu_1865_p_opcode                             |  out|    2|  ap_ctrl_hs|  (anonymous namespace)compute_weight_batch_Pipeline_VITIS_LOOP_168_9|  return value|
|grp_fu_1865_p_dout0                              |   in|   32|  ap_ctrl_hs|  (anonymous namespace)compute_weight_batch_Pipeline_VITIS_LOOP_168_9|  return value|
|grp_fu_1865_p_ce                                 |  out|    1|  ap_ctrl_hs|  (anonymous namespace)compute_weight_batch_Pipeline_VITIS_LOOP_168_9|  return value|
|grp_fu_1869_p_din0                               |  out|   32|  ap_ctrl_hs|  (anonymous namespace)compute_weight_batch_Pipeline_VITIS_LOOP_168_9|  return value|
|grp_fu_1869_p_din1                               |  out|   32|  ap_ctrl_hs|  (anonymous namespace)compute_weight_batch_Pipeline_VITIS_LOOP_168_9|  return value|
|grp_fu_1869_p_opcode                             |  out|    2|  ap_ctrl_hs|  (anonymous namespace)compute_weight_batch_Pipeline_VITIS_LOOP_168_9|  return value|
|grp_fu_1869_p_dout0                              |   in|   32|  ap_ctrl_hs|  (anonymous namespace)compute_weight_batch_Pipeline_VITIS_LOOP_168_9|  return value|
|grp_fu_1869_p_ce                                 |  out|    1|  ap_ctrl_hs|  (anonymous namespace)compute_weight_batch_Pipeline_VITIS_LOOP_168_9|  return value|
|grp_fu_1873_p_din0                               |  out|   32|  ap_ctrl_hs|  (anonymous namespace)compute_weight_batch_Pipeline_VITIS_LOOP_168_9|  return value|
|grp_fu_1873_p_din1                               |  out|   32|  ap_ctrl_hs|  (anonymous namespace)compute_weight_batch_Pipeline_VITIS_LOOP_168_9|  return value|
|grp_fu_1873_p_opcode                             |  out|    2|  ap_ctrl_hs|  (anonymous namespace)compute_weight_batch_Pipeline_VITIS_LOOP_168_9|  return value|
|grp_fu_1873_p_dout0                              |   in|   32|  ap_ctrl_hs|  (anonymous namespace)compute_weight_batch_Pipeline_VITIS_LOOP_168_9|  return value|
|grp_fu_1873_p_ce                                 |  out|    1|  ap_ctrl_hs|  (anonymous namespace)compute_weight_batch_Pipeline_VITIS_LOOP_168_9|  return value|
|grp_fu_1877_p_din0                               |  out|   32|  ap_ctrl_hs|  (anonymous namespace)compute_weight_batch_Pipeline_VITIS_LOOP_168_9|  return value|
|grp_fu_1877_p_din1                               |  out|   32|  ap_ctrl_hs|  (anonymous namespace)compute_weight_batch_Pipeline_VITIS_LOOP_168_9|  return value|
|grp_fu_1877_p_opcode                             |  out|    2|  ap_ctrl_hs|  (anonymous namespace)compute_weight_batch_Pipeline_VITIS_LOOP_168_9|  return value|
|grp_fu_1877_p_dout0                              |   in|   32|  ap_ctrl_hs|  (anonymous namespace)compute_weight_batch_Pipeline_VITIS_LOOP_168_9|  return value|
|grp_fu_1877_p_ce                                 |  out|    1|  ap_ctrl_hs|  (anonymous namespace)compute_weight_batch_Pipeline_VITIS_LOOP_168_9|  return value|
|grp_fu_1881_p_din0                               |  out|   32|  ap_ctrl_hs|  (anonymous namespace)compute_weight_batch_Pipeline_VITIS_LOOP_168_9|  return value|
|grp_fu_1881_p_din1                               |  out|   32|  ap_ctrl_hs|  (anonymous namespace)compute_weight_batch_Pipeline_VITIS_LOOP_168_9|  return value|
|grp_fu_1881_p_opcode                             |  out|    2|  ap_ctrl_hs|  (anonymous namespace)compute_weight_batch_Pipeline_VITIS_LOOP_168_9|  return value|
|grp_fu_1881_p_dout0                              |   in|   32|  ap_ctrl_hs|  (anonymous namespace)compute_weight_batch_Pipeline_VITIS_LOOP_168_9|  return value|
|grp_fu_1881_p_ce                                 |  out|    1|  ap_ctrl_hs|  (anonymous namespace)compute_weight_batch_Pipeline_VITIS_LOOP_168_9|  return value|
|grp_fu_1885_p_din0                               |  out|   32|  ap_ctrl_hs|  (anonymous namespace)compute_weight_batch_Pipeline_VITIS_LOOP_168_9|  return value|
|grp_fu_1885_p_din1                               |  out|   32|  ap_ctrl_hs|  (anonymous namespace)compute_weight_batch_Pipeline_VITIS_LOOP_168_9|  return value|
|grp_fu_1885_p_opcode                             |  out|    2|  ap_ctrl_hs|  (anonymous namespace)compute_weight_batch_Pipeline_VITIS_LOOP_168_9|  return value|
|grp_fu_1885_p_dout0                              |   in|   32|  ap_ctrl_hs|  (anonymous namespace)compute_weight_batch_Pipeline_VITIS_LOOP_168_9|  return value|
|grp_fu_1885_p_ce                                 |  out|    1|  ap_ctrl_hs|  (anonymous namespace)compute_weight_batch_Pipeline_VITIS_LOOP_168_9|  return value|
|grp_fu_1889_p_din0                               |  out|   32|  ap_ctrl_hs|  (anonymous namespace)compute_weight_batch_Pipeline_VITIS_LOOP_168_9|  return value|
|grp_fu_1889_p_din1                               |  out|   32|  ap_ctrl_hs|  (anonymous namespace)compute_weight_batch_Pipeline_VITIS_LOOP_168_9|  return value|
|grp_fu_1889_p_opcode                             |  out|    2|  ap_ctrl_hs|  (anonymous namespace)compute_weight_batch_Pipeline_VITIS_LOOP_168_9|  return value|
|grp_fu_1889_p_dout0                              |   in|   32|  ap_ctrl_hs|  (anonymous namespace)compute_weight_batch_Pipeline_VITIS_LOOP_168_9|  return value|
|grp_fu_1889_p_ce                                 |  out|    1|  ap_ctrl_hs|  (anonymous namespace)compute_weight_batch_Pipeline_VITIS_LOOP_168_9|  return value|
|grp_fu_1893_p_din0                               |  out|   32|  ap_ctrl_hs|  (anonymous namespace)compute_weight_batch_Pipeline_VITIS_LOOP_168_9|  return value|
|grp_fu_1893_p_din1                               |  out|   32|  ap_ctrl_hs|  (anonymous namespace)compute_weight_batch_Pipeline_VITIS_LOOP_168_9|  return value|
|grp_fu_1893_p_opcode                             |  out|    2|  ap_ctrl_hs|  (anonymous namespace)compute_weight_batch_Pipeline_VITIS_LOOP_168_9|  return value|
|grp_fu_1893_p_dout0                              |   in|   32|  ap_ctrl_hs|  (anonymous namespace)compute_weight_batch_Pipeline_VITIS_LOOP_168_9|  return value|
|grp_fu_1893_p_ce                                 |  out|    1|  ap_ctrl_hs|  (anonymous namespace)compute_weight_batch_Pipeline_VITIS_LOOP_168_9|  return value|
|active_K_groups                                  |   in|   30|     ap_none|                                                      active_K_groups|        scalar|
|mul_ln189                                        |   in|   12|     ap_none|                                                            mul_ln189|        scalar|
|mul_ln186                                        |   in|   11|     ap_none|                                                            mul_ln186|        scalar|
|weight_cache_address0                            |  out|   12|   ap_memory|                                                         weight_cache|         array|
|weight_cache_ce0                                 |  out|    1|   ap_memory|                                                         weight_cache|         array|
|weight_cache_q0                                  |   in|  128|   ap_memory|                                                         weight_cache|         array|
|weight_cache_1_address0                          |  out|   12|   ap_memory|                                                       weight_cache_1|         array|
|weight_cache_1_ce0                               |  out|    1|   ap_memory|                                                       weight_cache_1|         array|
|weight_cache_1_q0                                |   in|  128|   ap_memory|                                                       weight_cache_1|         array|
|weight_cache_2_address0                          |  out|   12|   ap_memory|                                                       weight_cache_2|         array|
|weight_cache_2_ce0                               |  out|    1|   ap_memory|                                                       weight_cache_2|         array|
|weight_cache_2_q0                                |   in|  128|   ap_memory|                                                       weight_cache_2|         array|
|weight_cache_3_address0                          |  out|   12|   ap_memory|                                                       weight_cache_3|         array|
|weight_cache_3_ce0                               |  out|    1|   ap_memory|                                                       weight_cache_3|         array|
|weight_cache_3_q0                                |   in|  128|   ap_memory|                                                       weight_cache_3|         array|
|accum_load_out                                   |  out|   32|      ap_vld|                                                       accum_load_out|       pointer|
|accum_load_out_ap_vld                            |  out|    1|      ap_vld|                                                       accum_load_out|       pointer|
|accum_1_load_out                                 |  out|   32|      ap_vld|                                                     accum_1_load_out|       pointer|
|accum_1_load_out_ap_vld                          |  out|    1|      ap_vld|                                                     accum_1_load_out|       pointer|
|accum_2_load_out                                 |  out|   32|      ap_vld|                                                     accum_2_load_out|       pointer|
|accum_2_load_out_ap_vld                          |  out|    1|      ap_vld|                                                     accum_2_load_out|       pointer|
|accum_3_load_out                                 |  out|   32|      ap_vld|                                                     accum_3_load_out|       pointer|
|accum_3_load_out_ap_vld                          |  out|    1|      ap_vld|                                                     accum_3_load_out|       pointer|
|accum_4_load_out                                 |  out|   32|      ap_vld|                                                     accum_4_load_out|       pointer|
|accum_4_load_out_ap_vld                          |  out|    1|      ap_vld|                                                     accum_4_load_out|       pointer|
|accum_5_load_out                                 |  out|   32|      ap_vld|                                                     accum_5_load_out|       pointer|
|accum_5_load_out_ap_vld                          |  out|    1|      ap_vld|                                                     accum_5_load_out|       pointer|
|accum_6_load_out                                 |  out|   32|      ap_vld|                                                     accum_6_load_out|       pointer|
|accum_6_load_out_ap_vld                          |  out|    1|      ap_vld|                                                     accum_6_load_out|       pointer|
|accum_7_load_out                                 |  out|   32|      ap_vld|                                                     accum_7_load_out|       pointer|
|accum_7_load_out_ap_vld                          |  out|    1|      ap_vld|                                                     accum_7_load_out|       pointer|
|accum_8_load_out                                 |  out|   32|      ap_vld|                                                     accum_8_load_out|       pointer|
|accum_8_load_out_ap_vld                          |  out|    1|      ap_vld|                                                     accum_8_load_out|       pointer|
|accum_9_load_out                                 |  out|   32|      ap_vld|                                                     accum_9_load_out|       pointer|
|accum_9_load_out_ap_vld                          |  out|    1|      ap_vld|                                                     accum_9_load_out|       pointer|
|accum_10_load_out                                |  out|   32|      ap_vld|                                                    accum_10_load_out|       pointer|
|accum_10_load_out_ap_vld                         |  out|    1|      ap_vld|                                                    accum_10_load_out|       pointer|
|accum_11_load_out                                |  out|   32|      ap_vld|                                                    accum_11_load_out|       pointer|
|accum_11_load_out_ap_vld                         |  out|    1|      ap_vld|                                                    accum_11_load_out|       pointer|
|accum_12_load_out                                |  out|   32|      ap_vld|                                                    accum_12_load_out|       pointer|
|accum_12_load_out_ap_vld                         |  out|    1|      ap_vld|                                                    accum_12_load_out|       pointer|
|accum_13_load_out                                |  out|   32|      ap_vld|                                                    accum_13_load_out|       pointer|
|accum_13_load_out_ap_vld                         |  out|    1|      ap_vld|                                                    accum_13_load_out|       pointer|
|accum_14_load_out                                |  out|   32|      ap_vld|                                                    accum_14_load_out|       pointer|
|accum_14_load_out_ap_vld                         |  out|    1|      ap_vld|                                                    accum_14_load_out|       pointer|
|accum_15_load_out                                |  out|   32|      ap_vld|                                                    accum_15_load_out|       pointer|
|accum_15_load_out_ap_vld                         |  out|    1|      ap_vld|                                                    accum_15_load_out|       pointer|
|accum_16_load_out                                |  out|   32|      ap_vld|                                                    accum_16_load_out|       pointer|
|accum_16_load_out_ap_vld                         |  out|    1|      ap_vld|                                                    accum_16_load_out|       pointer|
|accum_17_load_out                                |  out|   32|      ap_vld|                                                    accum_17_load_out|       pointer|
|accum_17_load_out_ap_vld                         |  out|    1|      ap_vld|                                                    accum_17_load_out|       pointer|
|accum_18_load_out                                |  out|   32|      ap_vld|                                                    accum_18_load_out|       pointer|
|accum_18_load_out_ap_vld                         |  out|    1|      ap_vld|                                                    accum_18_load_out|       pointer|
|accum_19_load_out                                |  out|   32|      ap_vld|                                                    accum_19_load_out|       pointer|
|accum_19_load_out_ap_vld                         |  out|    1|      ap_vld|                                                    accum_19_load_out|       pointer|
|accum_20_load_out                                |  out|   32|      ap_vld|                                                    accum_20_load_out|       pointer|
|accum_20_load_out_ap_vld                         |  out|    1|      ap_vld|                                                    accum_20_load_out|       pointer|
|accum_21_load_out                                |  out|   32|      ap_vld|                                                    accum_21_load_out|       pointer|
|accum_21_load_out_ap_vld                         |  out|    1|      ap_vld|                                                    accum_21_load_out|       pointer|
|accum_22_load_out                                |  out|   32|      ap_vld|                                                    accum_22_load_out|       pointer|
|accum_22_load_out_ap_vld                         |  out|    1|      ap_vld|                                                    accum_22_load_out|       pointer|
|accum_23_load_out                                |  out|   32|      ap_vld|                                                    accum_23_load_out|       pointer|
|accum_23_load_out_ap_vld                         |  out|    1|      ap_vld|                                                    accum_23_load_out|       pointer|
|accum_24_load_out                                |  out|   32|      ap_vld|                                                    accum_24_load_out|       pointer|
|accum_24_load_out_ap_vld                         |  out|    1|      ap_vld|                                                    accum_24_load_out|       pointer|
|accum_25_load_out                                |  out|   32|      ap_vld|                                                    accum_25_load_out|       pointer|
|accum_25_load_out_ap_vld                         |  out|    1|      ap_vld|                                                    accum_25_load_out|       pointer|
|accum_26_load_out                                |  out|   32|      ap_vld|                                                    accum_26_load_out|       pointer|
|accum_26_load_out_ap_vld                         |  out|    1|      ap_vld|                                                    accum_26_load_out|       pointer|
|accum_27_load_out                                |  out|   32|      ap_vld|                                                    accum_27_load_out|       pointer|
|accum_27_load_out_ap_vld                         |  out|    1|      ap_vld|                                                    accum_27_load_out|       pointer|
|accum_28_load_out                                |  out|   32|      ap_vld|                                                    accum_28_load_out|       pointer|
|accum_28_load_out_ap_vld                         |  out|    1|      ap_vld|                                                    accum_28_load_out|       pointer|
|accum_29_load_out                                |  out|   32|      ap_vld|                                                    accum_29_load_out|       pointer|
|accum_29_load_out_ap_vld                         |  out|    1|      ap_vld|                                                    accum_29_load_out|       pointer|
|accum_30_load_out                                |  out|   32|      ap_vld|                                                    accum_30_load_out|       pointer|
|accum_30_load_out_ap_vld                         |  out|    1|      ap_vld|                                                    accum_30_load_out|       pointer|
|accum_31_load_out                                |  out|   32|      ap_vld|                                                    accum_31_load_out|       pointer|
|accum_31_load_out_ap_vld                         |  out|    1|      ap_vld|                                                    accum_31_load_out|       pointer|
|accum_32_load_out                                |  out|   32|      ap_vld|                                                    accum_32_load_out|       pointer|
|accum_32_load_out_ap_vld                         |  out|    1|      ap_vld|                                                    accum_32_load_out|       pointer|
|accum_33_load_out                                |  out|   32|      ap_vld|                                                    accum_33_load_out|       pointer|
|accum_33_load_out_ap_vld                         |  out|    1|      ap_vld|                                                    accum_33_load_out|       pointer|
|accum_34_load_out                                |  out|   32|      ap_vld|                                                    accum_34_load_out|       pointer|
|accum_34_load_out_ap_vld                         |  out|    1|      ap_vld|                                                    accum_34_load_out|       pointer|
|accum_35_load_out                                |  out|   32|      ap_vld|                                                    accum_35_load_out|       pointer|
|accum_35_load_out_ap_vld                         |  out|    1|      ap_vld|                                                    accum_35_load_out|       pointer|
|accum_36_load_out                                |  out|   32|      ap_vld|                                                    accum_36_load_out|       pointer|
|accum_36_load_out_ap_vld                         |  out|    1|      ap_vld|                                                    accum_36_load_out|       pointer|
|accum_37_load_out                                |  out|   32|      ap_vld|                                                    accum_37_load_out|       pointer|
|accum_37_load_out_ap_vld                         |  out|    1|      ap_vld|                                                    accum_37_load_out|       pointer|
|accum_38_load_out                                |  out|   32|      ap_vld|                                                    accum_38_load_out|       pointer|
|accum_38_load_out_ap_vld                         |  out|    1|      ap_vld|                                                    accum_38_load_out|       pointer|
|accum_39_load_out                                |  out|   32|      ap_vld|                                                    accum_39_load_out|       pointer|
|accum_39_load_out_ap_vld                         |  out|    1|      ap_vld|                                                    accum_39_load_out|       pointer|
|accum_40_load_out                                |  out|   32|      ap_vld|                                                    accum_40_load_out|       pointer|
|accum_40_load_out_ap_vld                         |  out|    1|      ap_vld|                                                    accum_40_load_out|       pointer|
|accum_41_load_out                                |  out|   32|      ap_vld|                                                    accum_41_load_out|       pointer|
|accum_41_load_out_ap_vld                         |  out|    1|      ap_vld|                                                    accum_41_load_out|       pointer|
|accum_42_load_out                                |  out|   32|      ap_vld|                                                    accum_42_load_out|       pointer|
|accum_42_load_out_ap_vld                         |  out|    1|      ap_vld|                                                    accum_42_load_out|       pointer|
|accum_43_load_out                                |  out|   32|      ap_vld|                                                    accum_43_load_out|       pointer|
|accum_43_load_out_ap_vld                         |  out|    1|      ap_vld|                                                    accum_43_load_out|       pointer|
|accum_44_load_out                                |  out|   32|      ap_vld|                                                    accum_44_load_out|       pointer|
|accum_44_load_out_ap_vld                         |  out|    1|      ap_vld|                                                    accum_44_load_out|       pointer|
|accum_45_load_out                                |  out|   32|      ap_vld|                                                    accum_45_load_out|       pointer|
|accum_45_load_out_ap_vld                         |  out|    1|      ap_vld|                                                    accum_45_load_out|       pointer|
|accum_46_load_out                                |  out|   32|      ap_vld|                                                    accum_46_load_out|       pointer|
|accum_46_load_out_ap_vld                         |  out|    1|      ap_vld|                                                    accum_46_load_out|       pointer|
|accum_47_load_out                                |  out|   32|      ap_vld|                                                    accum_47_load_out|       pointer|
|accum_47_load_out_ap_vld                         |  out|    1|      ap_vld|                                                    accum_47_load_out|       pointer|
|accum_48_load_out                                |  out|   32|      ap_vld|                                                    accum_48_load_out|       pointer|
|accum_48_load_out_ap_vld                         |  out|    1|      ap_vld|                                                    accum_48_load_out|       pointer|
|accum_49_load_out                                |  out|   32|      ap_vld|                                                    accum_49_load_out|       pointer|
|accum_49_load_out_ap_vld                         |  out|    1|      ap_vld|                                                    accum_49_load_out|       pointer|
|accum_50_load_out                                |  out|   32|      ap_vld|                                                    accum_50_load_out|       pointer|
|accum_50_load_out_ap_vld                         |  out|    1|      ap_vld|                                                    accum_50_load_out|       pointer|
|accum_51_load_out                                |  out|   32|      ap_vld|                                                    accum_51_load_out|       pointer|
|accum_51_load_out_ap_vld                         |  out|    1|      ap_vld|                                                    accum_51_load_out|       pointer|
|accum_52_load_out                                |  out|   32|      ap_vld|                                                    accum_52_load_out|       pointer|
|accum_52_load_out_ap_vld                         |  out|    1|      ap_vld|                                                    accum_52_load_out|       pointer|
|accum_53_load_out                                |  out|   32|      ap_vld|                                                    accum_53_load_out|       pointer|
|accum_53_load_out_ap_vld                         |  out|    1|      ap_vld|                                                    accum_53_load_out|       pointer|
|accum_54_load_out                                |  out|   32|      ap_vld|                                                    accum_54_load_out|       pointer|
|accum_54_load_out_ap_vld                         |  out|    1|      ap_vld|                                                    accum_54_load_out|       pointer|
|accum_55_load_out                                |  out|   32|      ap_vld|                                                    accum_55_load_out|       pointer|
|accum_55_load_out_ap_vld                         |  out|    1|      ap_vld|                                                    accum_55_load_out|       pointer|
|accum_56_load_out                                |  out|   32|      ap_vld|                                                    accum_56_load_out|       pointer|
|accum_56_load_out_ap_vld                         |  out|    1|      ap_vld|                                                    accum_56_load_out|       pointer|
|accum_57_load_out                                |  out|   32|      ap_vld|                                                    accum_57_load_out|       pointer|
|accum_57_load_out_ap_vld                         |  out|    1|      ap_vld|                                                    accum_57_load_out|       pointer|
|accum_58_load_out                                |  out|   32|      ap_vld|                                                    accum_58_load_out|       pointer|
|accum_58_load_out_ap_vld                         |  out|    1|      ap_vld|                                                    accum_58_load_out|       pointer|
|accum_59_load_out                                |  out|   32|      ap_vld|                                                    accum_59_load_out|       pointer|
|accum_59_load_out_ap_vld                         |  out|    1|      ap_vld|                                                    accum_59_load_out|       pointer|
|accum_60_load_out                                |  out|   32|      ap_vld|                                                    accum_60_load_out|       pointer|
|accum_60_load_out_ap_vld                         |  out|    1|      ap_vld|                                                    accum_60_load_out|       pointer|
|accum_61_load_out                                |  out|   32|      ap_vld|                                                    accum_61_load_out|       pointer|
|accum_61_load_out_ap_vld                         |  out|    1|      ap_vld|                                                    accum_61_load_out|       pointer|
|accum_62_load_out                                |  out|   32|      ap_vld|                                                    accum_62_load_out|       pointer|
|accum_62_load_out_ap_vld                         |  out|    1|      ap_vld|                                                    accum_62_load_out|       pointer|
|accum_63_load_out                                |  out|   32|      ap_vld|                                                    accum_63_load_out|       pointer|
|accum_63_load_out_ap_vld                         |  out|    1|      ap_vld|                                                    accum_63_load_out|       pointer|
|accum_64_load_out                                |  out|   32|      ap_vld|                                                    accum_64_load_out|       pointer|
|accum_64_load_out_ap_vld                         |  out|    1|      ap_vld|                                                    accum_64_load_out|       pointer|
|accum_65_load_out                                |  out|   32|      ap_vld|                                                    accum_65_load_out|       pointer|
|accum_65_load_out_ap_vld                         |  out|    1|      ap_vld|                                                    accum_65_load_out|       pointer|
|accum_66_load_out                                |  out|   32|      ap_vld|                                                    accum_66_load_out|       pointer|
|accum_66_load_out_ap_vld                         |  out|    1|      ap_vld|                                                    accum_66_load_out|       pointer|
|accum_67_load_out                                |  out|   32|      ap_vld|                                                    accum_67_load_out|       pointer|
|accum_67_load_out_ap_vld                         |  out|    1|      ap_vld|                                                    accum_67_load_out|       pointer|
|accum_68_load_out                                |  out|   32|      ap_vld|                                                    accum_68_load_out|       pointer|
|accum_68_load_out_ap_vld                         |  out|    1|      ap_vld|                                                    accum_68_load_out|       pointer|
|accum_69_load_out                                |  out|   32|      ap_vld|                                                    accum_69_load_out|       pointer|
|accum_69_load_out_ap_vld                         |  out|    1|      ap_vld|                                                    accum_69_load_out|       pointer|
|accum_70_load_out                                |  out|   32|      ap_vld|                                                    accum_70_load_out|       pointer|
|accum_70_load_out_ap_vld                         |  out|    1|      ap_vld|                                                    accum_70_load_out|       pointer|
|accum_71_load_out                                |  out|   32|      ap_vld|                                                    accum_71_load_out|       pointer|
|accum_71_load_out_ap_vld                         |  out|    1|      ap_vld|                                                    accum_71_load_out|       pointer|
|accum_72_load_out                                |  out|   32|      ap_vld|                                                    accum_72_load_out|       pointer|
|accum_72_load_out_ap_vld                         |  out|    1|      ap_vld|                                                    accum_72_load_out|       pointer|
|accum_73_load_out                                |  out|   32|      ap_vld|                                                    accum_73_load_out|       pointer|
|accum_73_load_out_ap_vld                         |  out|    1|      ap_vld|                                                    accum_73_load_out|       pointer|
|accum_74_load_out                                |  out|   32|      ap_vld|                                                    accum_74_load_out|       pointer|
|accum_74_load_out_ap_vld                         |  out|    1|      ap_vld|                                                    accum_74_load_out|       pointer|
|accum_75_load_out                                |  out|   32|      ap_vld|                                                    accum_75_load_out|       pointer|
|accum_75_load_out_ap_vld                         |  out|    1|      ap_vld|                                                    accum_75_load_out|       pointer|
|accum_76_load_out                                |  out|   32|      ap_vld|                                                    accum_76_load_out|       pointer|
|accum_76_load_out_ap_vld                         |  out|    1|      ap_vld|                                                    accum_76_load_out|       pointer|
|accum_77_load_out                                |  out|   32|      ap_vld|                                                    accum_77_load_out|       pointer|
|accum_77_load_out_ap_vld                         |  out|    1|      ap_vld|                                                    accum_77_load_out|       pointer|
|accum_78_load_out                                |  out|   32|      ap_vld|                                                    accum_78_load_out|       pointer|
|accum_78_load_out_ap_vld                         |  out|    1|      ap_vld|                                                    accum_78_load_out|       pointer|
|accum_79_load_out                                |  out|   32|      ap_vld|                                                    accum_79_load_out|       pointer|
|accum_79_load_out_ap_vld                         |  out|    1|      ap_vld|                                                    accum_79_load_out|       pointer|
|accum_80_load_out                                |  out|   32|      ap_vld|                                                    accum_80_load_out|       pointer|
|accum_80_load_out_ap_vld                         |  out|    1|      ap_vld|                                                    accum_80_load_out|       pointer|
|accum_81_load_out                                |  out|   32|      ap_vld|                                                    accum_81_load_out|       pointer|
|accum_81_load_out_ap_vld                         |  out|    1|      ap_vld|                                                    accum_81_load_out|       pointer|
|accum_82_load_out                                |  out|   32|      ap_vld|                                                    accum_82_load_out|       pointer|
|accum_82_load_out_ap_vld                         |  out|    1|      ap_vld|                                                    accum_82_load_out|       pointer|
|accum_83_load_out                                |  out|   32|      ap_vld|                                                    accum_83_load_out|       pointer|
|accum_83_load_out_ap_vld                         |  out|    1|      ap_vld|                                                    accum_83_load_out|       pointer|
|accum_84_load_out                                |  out|   32|      ap_vld|                                                    accum_84_load_out|       pointer|
|accum_84_load_out_ap_vld                         |  out|    1|      ap_vld|                                                    accum_84_load_out|       pointer|
|accum_85_load_out                                |  out|   32|      ap_vld|                                                    accum_85_load_out|       pointer|
|accum_85_load_out_ap_vld                         |  out|    1|      ap_vld|                                                    accum_85_load_out|       pointer|
|accum_86_load_out                                |  out|   32|      ap_vld|                                                    accum_86_load_out|       pointer|
|accum_86_load_out_ap_vld                         |  out|    1|      ap_vld|                                                    accum_86_load_out|       pointer|
|accum_87_load_out                                |  out|   32|      ap_vld|                                                    accum_87_load_out|       pointer|
|accum_87_load_out_ap_vld                         |  out|    1|      ap_vld|                                                    accum_87_load_out|       pointer|
|accum_88_load_out                                |  out|   32|      ap_vld|                                                    accum_88_load_out|       pointer|
|accum_88_load_out_ap_vld                         |  out|    1|      ap_vld|                                                    accum_88_load_out|       pointer|
|accum_89_load_out                                |  out|   32|      ap_vld|                                                    accum_89_load_out|       pointer|
|accum_89_load_out_ap_vld                         |  out|    1|      ap_vld|                                                    accum_89_load_out|       pointer|
|accum_90_load_out                                |  out|   32|      ap_vld|                                                    accum_90_load_out|       pointer|
|accum_90_load_out_ap_vld                         |  out|    1|      ap_vld|                                                    accum_90_load_out|       pointer|
|accum_91_load_out                                |  out|   32|      ap_vld|                                                    accum_91_load_out|       pointer|
|accum_91_load_out_ap_vld                         |  out|    1|      ap_vld|                                                    accum_91_load_out|       pointer|
|accum_92_load_out                                |  out|   32|      ap_vld|                                                    accum_92_load_out|       pointer|
|accum_92_load_out_ap_vld                         |  out|    1|      ap_vld|                                                    accum_92_load_out|       pointer|
|accum_93_load_out                                |  out|   32|      ap_vld|                                                    accum_93_load_out|       pointer|
|accum_93_load_out_ap_vld                         |  out|    1|      ap_vld|                                                    accum_93_load_out|       pointer|
|accum_94_load_out                                |  out|   32|      ap_vld|                                                    accum_94_load_out|       pointer|
|accum_94_load_out_ap_vld                         |  out|    1|      ap_vld|                                                    accum_94_load_out|       pointer|
|accum_95_load_out                                |  out|   32|      ap_vld|                                                    accum_95_load_out|       pointer|
|accum_95_load_out_ap_vld                         |  out|    1|      ap_vld|                                                    accum_95_load_out|       pointer|
|accum_96_load_out                                |  out|   32|      ap_vld|                                                    accum_96_load_out|       pointer|
|accum_96_load_out_ap_vld                         |  out|    1|      ap_vld|                                                    accum_96_load_out|       pointer|
|accum_97_load_out                                |  out|   32|      ap_vld|                                                    accum_97_load_out|       pointer|
|accum_97_load_out_ap_vld                         |  out|    1|      ap_vld|                                                    accum_97_load_out|       pointer|
|accum_98_load_out                                |  out|   32|      ap_vld|                                                    accum_98_load_out|       pointer|
|accum_98_load_out_ap_vld                         |  out|    1|      ap_vld|                                                    accum_98_load_out|       pointer|
|accum_99_load_out                                |  out|   32|      ap_vld|                                                    accum_99_load_out|       pointer|
|accum_99_load_out_ap_vld                         |  out|    1|      ap_vld|                                                    accum_99_load_out|       pointer|
|accum_100_load_out                               |  out|   32|      ap_vld|                                                   accum_100_load_out|       pointer|
|accum_100_load_out_ap_vld                        |  out|    1|      ap_vld|                                                   accum_100_load_out|       pointer|
|accum_101_load_out                               |  out|   32|      ap_vld|                                                   accum_101_load_out|       pointer|
|accum_101_load_out_ap_vld                        |  out|    1|      ap_vld|                                                   accum_101_load_out|       pointer|
|accum_102_load_out                               |  out|   32|      ap_vld|                                                   accum_102_load_out|       pointer|
|accum_102_load_out_ap_vld                        |  out|    1|      ap_vld|                                                   accum_102_load_out|       pointer|
|accum_103_load_out                               |  out|   32|      ap_vld|                                                   accum_103_load_out|       pointer|
|accum_103_load_out_ap_vld                        |  out|    1|      ap_vld|                                                   accum_103_load_out|       pointer|
|accum_104_load_out                               |  out|   32|      ap_vld|                                                   accum_104_load_out|       pointer|
|accum_104_load_out_ap_vld                        |  out|    1|      ap_vld|                                                   accum_104_load_out|       pointer|
|accum_105_load_out                               |  out|   32|      ap_vld|                                                   accum_105_load_out|       pointer|
|accum_105_load_out_ap_vld                        |  out|    1|      ap_vld|                                                   accum_105_load_out|       pointer|
|accum_106_load_out                               |  out|   32|      ap_vld|                                                   accum_106_load_out|       pointer|
|accum_106_load_out_ap_vld                        |  out|    1|      ap_vld|                                                   accum_106_load_out|       pointer|
|accum_107_load_out                               |  out|   32|      ap_vld|                                                   accum_107_load_out|       pointer|
|accum_107_load_out_ap_vld                        |  out|    1|      ap_vld|                                                   accum_107_load_out|       pointer|
|accum_108_load_out                               |  out|   32|      ap_vld|                                                   accum_108_load_out|       pointer|
|accum_108_load_out_ap_vld                        |  out|    1|      ap_vld|                                                   accum_108_load_out|       pointer|
|accum_109_load_out                               |  out|   32|      ap_vld|                                                   accum_109_load_out|       pointer|
|accum_109_load_out_ap_vld                        |  out|    1|      ap_vld|                                                   accum_109_load_out|       pointer|
|accum_110_load_out                               |  out|   32|      ap_vld|                                                   accum_110_load_out|       pointer|
|accum_110_load_out_ap_vld                        |  out|    1|      ap_vld|                                                   accum_110_load_out|       pointer|
|accum_111_load_out                               |  out|   32|      ap_vld|                                                   accum_111_load_out|       pointer|
|accum_111_load_out_ap_vld                        |  out|    1|      ap_vld|                                                   accum_111_load_out|       pointer|
|accum_112_load_out                               |  out|   32|      ap_vld|                                                   accum_112_load_out|       pointer|
|accum_112_load_out_ap_vld                        |  out|    1|      ap_vld|                                                   accum_112_load_out|       pointer|
|accum_113_load_out                               |  out|   32|      ap_vld|                                                   accum_113_load_out|       pointer|
|accum_113_load_out_ap_vld                        |  out|    1|      ap_vld|                                                   accum_113_load_out|       pointer|
|accum_114_load_out                               |  out|   32|      ap_vld|                                                   accum_114_load_out|       pointer|
|accum_114_load_out_ap_vld                        |  out|    1|      ap_vld|                                                   accum_114_load_out|       pointer|
|accum_115_load_out                               |  out|   32|      ap_vld|                                                   accum_115_load_out|       pointer|
|accum_115_load_out_ap_vld                        |  out|    1|      ap_vld|                                                   accum_115_load_out|       pointer|
|accum_116_load_out                               |  out|   32|      ap_vld|                                                   accum_116_load_out|       pointer|
|accum_116_load_out_ap_vld                        |  out|    1|      ap_vld|                                                   accum_116_load_out|       pointer|
|accum_117_load_out                               |  out|   32|      ap_vld|                                                   accum_117_load_out|       pointer|
|accum_117_load_out_ap_vld                        |  out|    1|      ap_vld|                                                   accum_117_load_out|       pointer|
|accum_118_load_out                               |  out|   32|      ap_vld|                                                   accum_118_load_out|       pointer|
|accum_118_load_out_ap_vld                        |  out|    1|      ap_vld|                                                   accum_118_load_out|       pointer|
|accum_119_load_out                               |  out|   32|      ap_vld|                                                   accum_119_load_out|       pointer|
|accum_119_load_out_ap_vld                        |  out|    1|      ap_vld|                                                   accum_119_load_out|       pointer|
|accum_120_load_out                               |  out|   32|      ap_vld|                                                   accum_120_load_out|       pointer|
|accum_120_load_out_ap_vld                        |  out|    1|      ap_vld|                                                   accum_120_load_out|       pointer|
|accum_121_load_out                               |  out|   32|      ap_vld|                                                   accum_121_load_out|       pointer|
|accum_121_load_out_ap_vld                        |  out|    1|      ap_vld|                                                   accum_121_load_out|       pointer|
|accum_122_load_out                               |  out|   32|      ap_vld|                                                   accum_122_load_out|       pointer|
|accum_122_load_out_ap_vld                        |  out|    1|      ap_vld|                                                   accum_122_load_out|       pointer|
|accum_123_load_out                               |  out|   32|      ap_vld|                                                   accum_123_load_out|       pointer|
|accum_123_load_out_ap_vld                        |  out|    1|      ap_vld|                                                   accum_123_load_out|       pointer|
|accum_124_load_out                               |  out|   32|      ap_vld|                                                   accum_124_load_out|       pointer|
|accum_124_load_out_ap_vld                        |  out|    1|      ap_vld|                                                   accum_124_load_out|       pointer|
|accum_125_load_out                               |  out|   32|      ap_vld|                                                   accum_125_load_out|       pointer|
|accum_125_load_out_ap_vld                        |  out|    1|      ap_vld|                                                   accum_125_load_out|       pointer|
|accum_126_load_out                               |  out|   32|      ap_vld|                                                   accum_126_load_out|       pointer|
|accum_126_load_out_ap_vld                        |  out|    1|      ap_vld|                                                   accum_126_load_out|       pointer|
|accum_127_load_out                               |  out|   32|      ap_vld|                                                   accum_127_load_out|       pointer|
|accum_127_load_out_ap_vld                        |  out|    1|      ap_vld|                                                   accum_127_load_out|       pointer|
|accum_128_load_out                               |  out|   32|      ap_vld|                                                   accum_128_load_out|       pointer|
|accum_128_load_out_ap_vld                        |  out|    1|      ap_vld|                                                   accum_128_load_out|       pointer|
|accum_129_load_out                               |  out|   32|      ap_vld|                                                   accum_129_load_out|       pointer|
|accum_129_load_out_ap_vld                        |  out|    1|      ap_vld|                                                   accum_129_load_out|       pointer|
|accum_130_load_out                               |  out|   32|      ap_vld|                                                   accum_130_load_out|       pointer|
|accum_130_load_out_ap_vld                        |  out|    1|      ap_vld|                                                   accum_130_load_out|       pointer|
|accum_131_load_out                               |  out|   32|      ap_vld|                                                   accum_131_load_out|       pointer|
|accum_131_load_out_ap_vld                        |  out|    1|      ap_vld|                                                   accum_131_load_out|       pointer|
|accum_132_load_out                               |  out|   32|      ap_vld|                                                   accum_132_load_out|       pointer|
|accum_132_load_out_ap_vld                        |  out|    1|      ap_vld|                                                   accum_132_load_out|       pointer|
|accum_133_load_out                               |  out|   32|      ap_vld|                                                   accum_133_load_out|       pointer|
|accum_133_load_out_ap_vld                        |  out|    1|      ap_vld|                                                   accum_133_load_out|       pointer|
|accum_134_load_out                               |  out|   32|      ap_vld|                                                   accum_134_load_out|       pointer|
|accum_134_load_out_ap_vld                        |  out|    1|      ap_vld|                                                   accum_134_load_out|       pointer|
|accum_135_load_out                               |  out|   32|      ap_vld|                                                   accum_135_load_out|       pointer|
|accum_135_load_out_ap_vld                        |  out|    1|      ap_vld|                                                   accum_135_load_out|       pointer|
|accum_136_load_out                               |  out|   32|      ap_vld|                                                   accum_136_load_out|       pointer|
|accum_136_load_out_ap_vld                        |  out|    1|      ap_vld|                                                   accum_136_load_out|       pointer|
|accum_137_load_out                               |  out|   32|      ap_vld|                                                   accum_137_load_out|       pointer|
|accum_137_load_out_ap_vld                        |  out|    1|      ap_vld|                                                   accum_137_load_out|       pointer|
|accum_138_load_out                               |  out|   32|      ap_vld|                                                   accum_138_load_out|       pointer|
|accum_138_load_out_ap_vld                        |  out|    1|      ap_vld|                                                   accum_138_load_out|       pointer|
|accum_139_load_out                               |  out|   32|      ap_vld|                                                   accum_139_load_out|       pointer|
|accum_139_load_out_ap_vld                        |  out|    1|      ap_vld|                                                   accum_139_load_out|       pointer|
|accum_140_load_out                               |  out|   32|      ap_vld|                                                   accum_140_load_out|       pointer|
|accum_140_load_out_ap_vld                        |  out|    1|      ap_vld|                                                   accum_140_load_out|       pointer|
|accum_141_load_out                               |  out|   32|      ap_vld|                                                   accum_141_load_out|       pointer|
|accum_141_load_out_ap_vld                        |  out|    1|      ap_vld|                                                   accum_141_load_out|       pointer|
|accum_142_load_out                               |  out|   32|      ap_vld|                                                   accum_142_load_out|       pointer|
|accum_142_load_out_ap_vld                        |  out|    1|      ap_vld|                                                   accum_142_load_out|       pointer|
|accum_143_load_out                               |  out|   32|      ap_vld|                                                   accum_143_load_out|       pointer|
|accum_143_load_out_ap_vld                        |  out|    1|      ap_vld|                                                   accum_143_load_out|       pointer|
|accum_144_load_out                               |  out|   32|      ap_vld|                                                   accum_144_load_out|       pointer|
|accum_144_load_out_ap_vld                        |  out|    1|      ap_vld|                                                   accum_144_load_out|       pointer|
|accum_145_load_out                               |  out|   32|      ap_vld|                                                   accum_145_load_out|       pointer|
|accum_145_load_out_ap_vld                        |  out|    1|      ap_vld|                                                   accum_145_load_out|       pointer|
|accum_146_load_out                               |  out|   32|      ap_vld|                                                   accum_146_load_out|       pointer|
|accum_146_load_out_ap_vld                        |  out|    1|      ap_vld|                                                   accum_146_load_out|       pointer|
|accum_147_load_out                               |  out|   32|      ap_vld|                                                   accum_147_load_out|       pointer|
|accum_147_load_out_ap_vld                        |  out|    1|      ap_vld|                                                   accum_147_load_out|       pointer|
|accum_148_load_out                               |  out|   32|      ap_vld|                                                   accum_148_load_out|       pointer|
|accum_148_load_out_ap_vld                        |  out|    1|      ap_vld|                                                   accum_148_load_out|       pointer|
|accum_149_load_out                               |  out|   32|      ap_vld|                                                   accum_149_load_out|       pointer|
|accum_149_load_out_ap_vld                        |  out|    1|      ap_vld|                                                   accum_149_load_out|       pointer|
|accum_150_load_out                               |  out|   32|      ap_vld|                                                   accum_150_load_out|       pointer|
|accum_150_load_out_ap_vld                        |  out|    1|      ap_vld|                                                   accum_150_load_out|       pointer|
|accum_151_load_out                               |  out|   32|      ap_vld|                                                   accum_151_load_out|       pointer|
|accum_151_load_out_ap_vld                        |  out|    1|      ap_vld|                                                   accum_151_load_out|       pointer|
|accum_152_load_out                               |  out|   32|      ap_vld|                                                   accum_152_load_out|       pointer|
|accum_152_load_out_ap_vld                        |  out|    1|      ap_vld|                                                   accum_152_load_out|       pointer|
|accum_153_load_out                               |  out|   32|      ap_vld|                                                   accum_153_load_out|       pointer|
|accum_153_load_out_ap_vld                        |  out|    1|      ap_vld|                                                   accum_153_load_out|       pointer|
|accum_154_load_out                               |  out|   32|      ap_vld|                                                   accum_154_load_out|       pointer|
|accum_154_load_out_ap_vld                        |  out|    1|      ap_vld|                                                   accum_154_load_out|       pointer|
|accum_155_load_out                               |  out|   32|      ap_vld|                                                   accum_155_load_out|       pointer|
|accum_155_load_out_ap_vld                        |  out|    1|      ap_vld|                                                   accum_155_load_out|       pointer|
|accum_156_load_out                               |  out|   32|      ap_vld|                                                   accum_156_load_out|       pointer|
|accum_156_load_out_ap_vld                        |  out|    1|      ap_vld|                                                   accum_156_load_out|       pointer|
|accum_157_load_out                               |  out|   32|      ap_vld|                                                   accum_157_load_out|       pointer|
|accum_157_load_out_ap_vld                        |  out|    1|      ap_vld|                                                   accum_157_load_out|       pointer|
|accum_158_load_out                               |  out|   32|      ap_vld|                                                   accum_158_load_out|       pointer|
|accum_158_load_out_ap_vld                        |  out|    1|      ap_vld|                                                   accum_158_load_out|       pointer|
|accum_159_load_out                               |  out|   32|      ap_vld|                                                   accum_159_load_out|       pointer|
|accum_159_load_out_ap_vld                        |  out|    1|      ap_vld|                                                   accum_159_load_out|       pointer|
|p_ZN12_GLOBAL_N_116activation_cacheE_3_address0  |  out|   13|   ap_memory|                               p_ZN12_GLOBAL_N_116activation_cacheE_3|         array|
|p_ZN12_GLOBAL_N_116activation_cacheE_3_ce0       |  out|    1|   ap_memory|                               p_ZN12_GLOBAL_N_116activation_cacheE_3|         array|
|p_ZN12_GLOBAL_N_116activation_cacheE_3_q0        |   in|  256|   ap_memory|                               p_ZN12_GLOBAL_N_116activation_cacheE_3|         array|
|p_ZN12_GLOBAL_N_116activation_cacheE_2_address0  |  out|   13|   ap_memory|                               p_ZN12_GLOBAL_N_116activation_cacheE_2|         array|
|p_ZN12_GLOBAL_N_116activation_cacheE_2_ce0       |  out|    1|   ap_memory|                               p_ZN12_GLOBAL_N_116activation_cacheE_2|         array|
|p_ZN12_GLOBAL_N_116activation_cacheE_2_q0        |   in|  256|   ap_memory|                               p_ZN12_GLOBAL_N_116activation_cacheE_2|         array|
|p_ZN12_GLOBAL_N_116activation_cacheE_1_address0  |  out|   13|   ap_memory|                               p_ZN12_GLOBAL_N_116activation_cacheE_1|         array|
|p_ZN12_GLOBAL_N_116activation_cacheE_1_ce0       |  out|    1|   ap_memory|                               p_ZN12_GLOBAL_N_116activation_cacheE_1|         array|
|p_ZN12_GLOBAL_N_116activation_cacheE_1_q0        |   in|  256|   ap_memory|                               p_ZN12_GLOBAL_N_116activation_cacheE_1|         array|
|p_ZN12_GLOBAL_N_116activation_cacheE_0_address0  |  out|   13|   ap_memory|                               p_ZN12_GLOBAL_N_116activation_cacheE_0|         array|
|p_ZN12_GLOBAL_N_116activation_cacheE_0_ce0       |  out|    1|   ap_memory|                               p_ZN12_GLOBAL_N_116activation_cacheE_0|         array|
|p_ZN12_GLOBAL_N_116activation_cacheE_0_q0        |   in|  256|   ap_memory|                               p_ZN12_GLOBAL_N_116activation_cacheE_0|         array|
+-------------------------------------------------+-----+-----+------------+---------------------------------------------------------------------+--------------+

