RM10_HLS_ROOT=/tmp/rm10-a-ra-fixed10-cosim-20260926T040100Z

****** Vitis HLS - High-Level Synthesis from C, C++ and OpenCL v2024.2 (64-bit)
  **** SW Build 5238294 on Nov  8 2024
  **** IP Build 5239520 on Sun Nov 10 16:12:51 MST 2024
  **** SharedData Build 5239561 on Fri Nov 08 14:39:27 MST 2024
  **** Start of session at: Sat Sep 26 01:54:28 2026
    ** Copyright 1986-2022 Xilinx, Inc. All Rights Reserved.
    ** Copyright 2022-2024 Advanced Micro Devices, Inc. All Rights Reserved.

source /home/zhiro/research/kv260-vlm/tools/Xilinx/Vitis/2024.2/scripts/vitis_hls/hls.tcl -notrace
INFO: [HLS 200-10] For user 'zhiro' on host 'zhiro-ThinkBook-16p-G5-IRX' (Linux_x86_64 version 7.0.0-31-generic) on Sat Sep 26 01:54:29 CST 2026
INFO: [HLS 200-10] On os Ubuntu 24.04.5 LTS
INFO: [HLS 200-10] In directory '/home/zhiro/research/kv260-vlm-workers/RM10-A-resource-aware'
WARNING: [HLS 200-2053] The vitis_hls executable is deprecated. Consider using vitis-run --mode hls --tcl
Sourcing Tcl script '/home/zhiro/research/kv260-vlm-workers/RM10-A-resource-aware/scripts/run_rm10_a_ra.tcl'
INFO: [HLS 200-1510] Running: open_project -reset /tmp/rm10-a-ra-fixed10-cosim-20260926T040100Z/project 
INFO: [HLS 200-10] Creating and opening project '/tmp/rm10-a-ra-fixed10-cosim-20260926T040100Z/project'.
INFO: [HLS 200-1510] Running: set_top vision_ffn_down_tile 
INFO: [HLS 200-1510] Running: add_files /home/zhiro/research/kv260-vlm-workers/RM10-A-resource-aware/experiments/rm10_a_resource_aware/source/vision_ffn_down.cpp -cflags -I/home/zhiro/research/kv260-vlm-workers/RM10-A-resource-aware/experiments/rm10_a_resource_aware/source -DRM10_ARCH=4 -ffp-contract=off 
INFO: [HLS 200-10] Adding design file '/home/zhiro/research/kv260-vlm-workers/RM10-A-resource-aware/experiments/rm10_a_resource_aware/source/vision_ffn_down.cpp' to the project
INFO: [HLS 200-1510] Running: add_files -tb /home/zhiro/research/kv260-vlm-workers/RM10-A-resource-aware/experiments/rm10_a_resource_aware/source/tb_rm10.cpp -cflags -I/home/zhiro/research/kv260-vlm-workers/RM10-A-resource-aware/experiments/rm10_a_resource_aware/source -DRM10_ARCH=4 -ffp-contract=off 
INFO: [HLS 200-10] Adding test bench file '/home/zhiro/research/kv260-vlm-workers/RM10-A-resource-aware/experiments/rm10_a_resource_aware/source/tb_rm10.cpp' to the project
INFO: [HLS 200-1510] Running: open_solution -reset solution1 
INFO: [HLS 200-10] Creating and opening solution '/tmp/rm10-a-ra-fixed10-cosim-20260926T040100Z/project/solution1'.
INFO: [HLS 200-10] Cleaning up the solution database.
INFO: [HLS 200-1505] Using default flow_target 'vivado'
Resolution: For help on HLS 200-1505 see docs.xilinx.com/access/sources/dita/topic?Doc_Version=2024.2%20English&url=ug1448-hls-guidance&resourceid=200-1505.html
INFO: [HLS 200-1510] Running: set_part xck26-sfvc784-2LV-c 
INFO: [HLS 200-1611] Setting target device to 'xck26-sfvc784-2LV-c'
INFO: [HLS 200-1510] Running: create_clock -period 5.0 -name default 
INFO: [SYN 201-201] Setting up clock 'default' with a period of 5ns.
INFO: [HLS 200-1510] Running: config_interface -m_axi_max_widen_bitwidth 512 
INFO: [HLS 200-1510] Running: csim_design 
INFO: [SIM 211-2] *************** CSIM start ***************
INFO: [SIM 211-4] CSIM will launch CLANG as the compiler.
INFO: [HLS 200-2036] Building debug C Simulation binaries
   Compiling ../../../../../../home/zhiro/research/kv260-vlm-workers/RM10-A-resource-aware/experiments/rm10_a_resource_aware/source/tb_rm10.cpp in debug mode
   Compiling ../../../../../../home/zhiro/research/kv260-vlm-workers/RM10-A-resource-aware/experiments/rm10_a_resource_aware/source/vision_ffn_down.cpp in debug mode
   Generating csim.exe
RM10 C-sim PASS: all 4096 outputs are 4304
INFO: [SIM 211-1] CSim done with 0 errors.
INFO: [SIM 211-3] *************** CSIM finish ***************
INFO: [HLS 200-2161] Finished Command csim_design Elapsed time: 00:00:02; Allocated memory: 0.227 MB.
INFO: [HLS 200-1510] Running: csynth_design 
INFO: [HLS 200-111] Finished File checks and directory preparation: CPU user time: 0.03 seconds. CPU system time: 0.01 seconds. Elapsed time: 0.04 seconds; current allocated memory: 310.523 MB.
INFO: [HLS 200-10] Analyzing design file '/home/zhiro/research/kv260-vlm-workers/RM10-A-resource-aware/experiments/rm10_a_resource_aware/source/vision_ffn_down.cpp' ... 
INFO: [HLS 200-111] Finished Source Code Analysis and Preprocessing: CPU user time: 1.29 seconds. CPU system time: 0.27 seconds. Elapsed time: 1.57 seconds; current allocated memory: 313.527 MB.
INFO: [HLS 200-777] Using interface defaults for 'Vivado' flow target.
INFO: [HLS 200-1995] There were 686 instructions in the design after the 'Compile/Link' phase of compilation. See the Design Size Report for more details: /tmp/rm10-a-ra-fixed10-cosim-20260926T040100Z/project/solution1/syn/report/csynth_design_size.rpt
INFO: [HLS 200-1995] There were 9,893 instructions in the design after the 'Unroll/Inline (step 1)' phase of compilation. See the Design Size Report for more details: /tmp/rm10-a-ra-fixed10-cosim-20260926T040100Z/project/solution1/syn/report/csynth_design_size.rpt
INFO: [HLS 200-1995] There were 6,287 instructions in the design after the 'Unroll/Inline (step 2)' phase of compilation. See the Design Size Report for more details: /tmp/rm10-a-ra-fixed10-cosim-20260926T040100Z/project/solution1/syn/report/csynth_design_size.rpt
INFO: [HLS 200-1995] There were 6,213 instructions in the design after the 'Unroll/Inline (step 3)' phase of compilation. See the Design Size Report for more details: /tmp/rm10-a-ra-fixed10-cosim-20260926T040100Z/project/solution1/syn/report/csynth_design_size.rpt
INFO: [HLS 200-1995] There were 6,213 instructions in the design after the 'Unroll/Inline (step 4)' phase of compilation. See the Design Size Report for more details: /tmp/rm10-a-ra-fixed10-cosim-20260926T040100Z/project/solution1/syn/report/csynth_design_size.rpt
INFO: [HLS 200-1995] There were 8,121 instructions in the design after the 'Array/Struct (step 1)' phase of compilation. See the Design Size Report for more details: /tmp/rm10-a-ra-fixed10-cosim-20260926T040100Z/project/solution1/syn/report/csynth_design_size.rpt
INFO: [HLS 200-1995] There were 7,566 instructions in the design after the 'Array/Struct (step 2)' phase of compilation. See the Design Size Report for more details: /tmp/rm10-a-ra-fixed10-cosim-20260926T040100Z/project/solution1/syn/report/csynth_design_size.rpt
INFO: [HLS 200-1995] There were 7,566 instructions in the design after the 'Array/Struct (step 3)' phase of compilation. See the Design Size Report for more details: /tmp/rm10-a-ra-fixed10-cosim-20260926T040100Z/project/solution1/syn/report/csynth_design_size.rpt
INFO: [HLS 200-1995] There were 7,551 instructions in the design after the 'Array/Struct (step 4)' phase of compilation. See the Design Size Report for more details: /tmp/rm10-a-ra-fixed10-cosim-20260926T040100Z/project/solution1/syn/report/csynth_design_size.rpt
INFO: [HLS 200-1995] There were 7,565 instructions in the design after the 'Array/Struct (step 5)' phase of compilation. See the Design Size Report for more details: /tmp/rm10-a-ra-fixed10-cosim-20260926T040100Z/project/solution1/syn/report/csynth_design_size.rpt
INFO: [HLS 200-1995] There were 7,564 instructions in the design after the 'Performance (step 1)' phase of compilation. See the Design Size Report for more details: /tmp/rm10-a-ra-fixed10-cosim-20260926T040100Z/project/solution1/syn/report/csynth_design_size.rpt
INFO: [HLS 200-1995] There were 7,563 instructions in the design after the 'Performance (step 2)' phase of compilation. See the Design Size Report for more details: /tmp/rm10-a-ra-fixed10-cosim-20260926T040100Z/project/solution1/syn/report/csynth_design_size.rpt
INFO: [HLS 200-1995] There were 7,563 instructions in the design after the 'Performance (step 3)' phase of compilation. See the Design Size Report for more details: /tmp/rm10-a-ra-fixed10-cosim-20260926T040100Z/project/solution1/syn/report/csynth_design_size.rpt
INFO: [HLS 200-1995] There were 7,563 instructions in the design after the 'Performance (step 4)' phase of compilation. See the Design Size Report for more details: /tmp/rm10-a-ra-fixed10-cosim-20260926T040100Z/project/solution1/syn/report/csynth_design_size.rpt
INFO: [HLS 200-1995] There were 7,581 instructions in the design after the 'HW Transforms' phase of compilation. See the Design Size Report for more details: /tmp/rm10-a-ra-fixed10-cosim-20260926T040100Z/project/solution1/syn/report/csynth_design_size.rpt
INFO: [HLS 200-1995] There were 7,074 instructions in the design after the 'HW Transforms (step 2)' phase of compilation. See the Design Size Report for more details: /tmp/rm10-a-ra-fixed10-cosim-20260926T040100Z/project/solution1/syn/report/csynth_design_size.rpt
INFO: [HLS 214-131] Inlining function '(anonymous namespace)::half_to_float(unsigned short)' into '(anonymous namespace)::compute_weight_batch(ap_uint<128> const*, ap_uint<256>*, int)' (/home/zhiro/research/kv260-vlm-workers/RM10-A-resource-aware/experiments/rm10_a_resource_aware/source/vision_ffn_down.cpp:187:54)
INFO: [HLS 214-291] Loop 'VITIS_LOOP_173_10' is marked as complete unroll implied by the pipeline pragma (/home/zhiro/research/kv260-vlm-workers/RM10-A-resource-aware/experiments/rm10_a_resource_aware/source/vision_ffn_down.cpp:173:40)
INFO: [HLS 214-291] Loop 'VITIS_LOOP_175_11' is marked as complete unroll implied by the pipeline pragma (/home/zhiro/research/kv260-vlm-workers/RM10-A-resource-aware/experiments/rm10_a_resource_aware/source/vision_ffn_down.cpp:175:21)
INFO: [HLS 214-291] Loop 'VITIS_LOOP_179_12' is marked as complete unroll implied by the pipeline pragma (/home/zhiro/research/kv260-vlm-workers/RM10-A-resource-aware/experiments/rm10_a_resource_aware/source/vision_ffn_down.cpp:179:21)
INFO: [HLS 214-291] Loop 'VITIS_LOOP_37_1' is marked as complete unroll implied by the pipeline pragma (/home/zhiro/research/kv260-vlm-workers/RM10-A-resource-aware/experiments/rm10_a_resource_aware/source/vision_ffn_down.cpp:37:30)
INFO: [HLS 214-291] Loop 'VITIS_LOOP_370_17' is marked as complete unroll implied by the pipeline pragma (/home/zhiro/research/kv260-vlm-workers/RM10-A-resource-aware/experiments/rm10_a_resource_aware/source/vision_ffn_down.cpp:370:36)
INFO: [HLS 214-186] Unrolling loop 'VITIS_LOOP_156_6' (/home/zhiro/research/kv260-vlm-workers/RM10-A-resource-aware/experiments/rm10_a_resource_aware/source/vision_ffn_down.cpp:156:20) in function '(anonymous namespace)::compute_weight_batch' completely with a factor of 4 (/home/zhiro/research/kv260-vlm-workers/RM10-A-resource-aware/experiments/rm10_a_resource_aware/source/vision_ffn_down.cpp:73:0)
INFO: [HLS 214-186] Unrolling loop 'VITIS_LOOP_158_7' (/home/zhiro/research/kv260-vlm-workers/RM10-A-resource-aware/experiments/rm10_a_resource_aware/source/vision_ffn_down.cpp:158:20) in function '(anonymous namespace)::compute_weight_batch' completely with a factor of 4 (/home/zhiro/research/kv260-vlm-workers/RM10-A-resource-aware/experiments/rm10_a_resource_aware/source/vision_ffn_down.cpp:73:0)
INFO: [HLS 214-186] Unrolling loop 'VITIS_LOOP_160_8' (/home/zhiro/research/kv260-vlm-workers/RM10-A-resource-aware/experiments/rm10_a_resource_aware/source/vision_ffn_down.cpp:160:20) in function '(anonymous namespace)::compute_weight_batch' completely with a factor of 10 (/home/zhiro/research/kv260-vlm-workers/RM10-A-resource-aware/experiments/rm10_a_resource_aware/source/vision_ffn_down.cpp:73:0)
INFO: [HLS 214-186] Unrolling loop 'VITIS_LOOP_173_10' (/home/zhiro/research/kv260-vlm-workers/RM10-A-resource-aware/experiments/rm10_a_resource_aware/source/vision_ffn_down.cpp:173:40) in function '(anonymous namespace)::compute_weight_batch' completely with a factor of 4 (/home/zhiro/research/kv260-vlm-workers/RM10-A-resource-aware/experiments/rm10_a_resource_aware/source/vision_ffn_down.cpp:73:0)
INFO: [HLS 214-186] Unrolling loop 'VITIS_LOOP_175_11' (/home/zhiro/research/kv260-vlm-workers/RM10-A-resource-aware/experiments/rm10_a_resource_aware/source/vision_ffn_down.cpp:175:21) in function '(anonymous namespace)::compute_weight_batch' completely with a factor of 4 (/home/zhiro/research/kv260-vlm-workers/RM10-A-resource-aware/experiments/rm10_a_resource_aware/source/vision_ffn_down.cpp:73:0)
INFO: [HLS 214-186] Unrolling loop 'VITIS_LOOP_179_12' (/home/zhiro/research/kv260-vlm-workers/RM10-A-resource-aware/experiments/rm10_a_resource_aware/source/vision_ffn_down.cpp:179:21) in function '(anonymous namespace)::compute_weight_batch' completely with a factor of 4 (/home/zhiro/research/kv260-vlm-workers/RM10-A-resource-aware/experiments/rm10_a_resource_aware/source/vision_ffn_down.cpp:73:0)
INFO: [HLS 214-186] Unrolling loop 'VITIS_LOOP_37_1' (/home/zhiro/research/kv260-vlm-workers/RM10-A-resource-aware/experiments/rm10_a_resource_aware/source/vision_ffn_down.cpp:37:30) in function '(anonymous namespace)::compute_weight_batch' completely with a factor of 10 (/home/zhiro/research/kv260-vlm-workers/RM10-A-resource-aware/experiments/rm10_a_resource_aware/source/vision_ffn_down.cpp:73:0)
INFO: [HLS 214-186] Unrolling loop 'VITIS_LOOP_202_13' (/home/zhiro/research/kv260-vlm-workers/RM10-A-resource-aware/experiments/rm10_a_resource_aware/source/vision_ffn_down.cpp:202:36) in function '(anonymous namespace)::compute_weight_batch' completely with a factor of 4 (/home/zhiro/research/kv260-vlm-workers/RM10-A-resource-aware/experiments/rm10_a_resource_aware/source/vision_ffn_down.cpp:73:0)
INFO: [HLS 214-186] Unrolling loop 'VITIS_LOOP_204_14' (/home/zhiro/research/kv260-vlm-workers/RM10-A-resource-aware/experiments/rm10_a_resource_aware/source/vision_ffn_down.cpp:204:21) in function '(anonymous namespace)::compute_weight_batch' completely with a factor of 4 (/home/zhiro/research/kv260-vlm-workers/RM10-A-resource-aware/experiments/rm10_a_resource_aware/source/vision_ffn_down.cpp:73:0)
INFO: [HLS 214-186] Unrolling loop 'VITIS_LOOP_370_17' (/home/zhiro/research/kv260-vlm-workers/RM10-A-resource-aware/experiments/rm10_a_resource_aware/source/vision_ffn_down.cpp:370:36) in function '(anonymous namespace)::compute_weight_batch' completely with a factor of 8 (/home/zhiro/research/kv260-vlm-workers/RM10-A-resource-aware/experiments/rm10_a_resource_aware/source/vision_ffn_down.cpp:73:0)
INFO: [HLS 214-248] Applying array_partition to '_ZN12_GLOBAL__N_116activation_cacheE': Cyclic partitioning with factor 4 on dimension 1. (/home/zhiro/research/kv260-vlm-workers/RM10-A-resource-aware/experiments/rm10_a_resource_aware/source/vision_ffn_down.cpp:23:0)
INFO: [HLS 214-248] Applying array_partition to 'weight_cache': Cyclic partitioning with factor 4 on dimension 1. (/home/zhiro/research/kv260-vlm-workers/RM10-A-resource-aware/experiments/rm10_a_resource_aware/source/vision_ffn_down.cpp:75:15)
INFO: [HLS 214-248] Applying array_partition to 'result_tile': Complete partitioning on dimension 2. (/home/zhiro/research/kv260-vlm-workers/RM10-A-resource-aware/experiments/rm10_a_resource_aware/source/vision_ffn_down.cpp:88:15)
INFO: [HLS 214-248] Applying array_partition to 'accum': Complete partitioning on dimension 1. Complete partitioning on dimension 2. Complete partitioning on dimension 3. (/home/zhiro/research/kv260-vlm-workers/RM10-A-resource-aware/experiments/rm10_a_resource_aware/source/vision_ffn_down.cpp:154:23)
INFO: [HLS 214-115] Multiple burst reads of variable length and bit width 256 has been inferred on bundle 'gmem_x'. These burst requests might be further partitioned into multiple requests during RTL generation, based on max_read_burst_length or max_write_burst_length settings. (/home/zhiro/research/kv260-vlm-workers/RM10-A-resource-aware/experiments/rm10_a_resource_aware/source/vision_ffn_down.cpp:63:19)
INFO: [HLS 214-115] Multiple burst reads of length 68864 and bit width 128 in loop 'VITIS_LOOP_79_1'(/home/zhiro/research/kv260-vlm-workers/RM10-A-resource-aware/experiments/rm10_a_resource_aware/source/vision_ffn_down.cpp:79:19) has been inferred on bundle 'gmem_w'. These burst requests might be further partitioned into multiple requests during RTL generation, based on max_read_burst_length or max_write_burst_length settings. (/home/zhiro/research/kv260-vlm-workers/RM10-A-resource-aware/experiments/rm10_a_resource_aware/source/vision_ffn_down.cpp:79:19)
INFO: [HLS 214-115] Multiple burst writes of variable length and bit width 256 has been inferred on bundle 'gmem_y'. These burst requests might be further partitioned into multiple requests during RTL generation, based on max_read_burst_length or max_write_burst_length settings. (/home/zhiro/research/kv260-vlm-workers/RM10-A-resource-aware/experiments/rm10_a_resource_aware/source/vision_ffn_down.cpp:366:28)
INFO: [HLS 200-111] Finished Compiling Optimization and Transform: CPU user time: 6.69 seconds. CPU system time: 0.28 seconds. Elapsed time: 11.63 seconds; current allocated memory: 325.012 MB.
INFO: [HLS 200-111] Finished Checking Pragmas: CPU user time: 0 seconds. CPU system time: 0 seconds. Elapsed time: 0 seconds; current allocated memory: 325.012 MB.
INFO: [HLS 200-10] Starting code transformations ...
INFO: [HLS 200-111] Finished Standard Transforms: CPU user time: 0.31 seconds. CPU system time: 0.01 seconds. Elapsed time: 0.31 seconds; current allocated memory: 334.582 MB.
INFO: [HLS 200-10] Checking synthesizability ...
WARNING: [SYNCHK 200-23] /home/zhiro/research/kv260-vlm-workers/RM10-A-resource-aware/experiments/rm10_a_resource_aware/source/vision_ffn_down.cpp:186: variable-indexed range selection may cause suboptimal QoR.
INFO: [SYNCHK 200-10] 0 error(s), 1 warning(s).
INFO: [HLS 200-111] Finished Checking Synthesizability: CPU user time: 0.24 seconds. CPU system time: 0 seconds. Elapsed time: 0.24 seconds; current allocated memory: 341.547 MB.
INFO: [XFORM 203-401] Performing if-conversion on hyperblock from (/home/zhiro/research/kv260-vlm-workers/RM10-A-resource-aware/experiments/rm10_a_resource_aware/source/vision_ffn_down.cpp:30:19) to (/home/zhiro/research/kv260-vlm-workers/RM10-A-resource-aware/experiments/rm10_a_resource_aware/source/vision_ffn_down.cpp:197:47) in function '(anonymous namespace)::compute_weight_batch'... converting 16 basic blocks.
INFO: [XFORM 203-401] Performing if-conversion on hyperblock from (/home/zhiro/research/kv260-vlm-workers/RM10-A-resource-aware/experiments/rm10_a_resource_aware/source/vision_ffn_down.cpp:181:12) to (/home/zhiro/research/kv260-vlm-workers/RM10-A-resource-aware/experiments/rm10_a_resource_aware/source/vision_ffn_down.cpp:197:47) in function '(anonymous namespace)::compute_weight_batch'... converting 21 basic blocks.
INFO: [XFORM 203-401] Performing if-conversion on hyperblock from (/home/zhiro/research/kv260-vlm-workers/RM10-A-resource-aware/experiments/rm10_a_resource_aware/source/vision_ffn_down.cpp:181:12) to (/home/zhiro/research/kv260-vlm-workers/RM10-A-resource-aware/experiments/rm10_a_resource_aware/source/vision_ffn_down.cpp:197:47) in function '(anonymous namespace)::compute_weight_batch'... converting 21 basic blocks.
INFO: [XFORM 203-401] Performing if-conversion on hyperblock from (/home/zhiro/research/kv260-vlm-workers/RM10-A-resource-aware/experiments/rm10_a_resource_aware/source/vision_ffn_down.cpp:181:12) to (/home/zhiro/research/kv260-vlm-workers/RM10-A-resource-aware/experiments/rm10_a_resource_aware/source/vision_ffn_down.cpp:197:47) in function '(anonymous namespace)::compute_weight_batch'... converting 21 basic blocks.
INFO: [XFORM 203-401] Performing if-conversion on hyperblock from (/home/zhiro/research/kv260-vlm-workers/RM10-A-resource-aware/experiments/rm10_a_resource_aware/source/vision_ffn_down.cpp:181:12) to (/home/zhiro/research/kv260-vlm-workers/RM10-A-resource-aware/experiments/rm10_a_resource_aware/source/vision_ffn_down.cpp:197:47) in function '(anonymous namespace)::compute_weight_batch'... converting 21 basic blocks.
INFO: [XFORM 203-401] Performing if-conversion on hyperblock from (/home/zhiro/research/kv260-vlm-workers/RM10-A-resource-aware/experiments/rm10_a_resource_aware/source/vision_ffn_down.cpp:181:12) to (/home/zhiro/research/kv260-vlm-workers/RM10-A-resource-aware/experiments/rm10_a_resource_aware/source/vision_ffn_down.cpp:197:47) in function '(anonymous namespace)::compute_weight_batch'... converting 21 basic blocks.
INFO: [XFORM 203-401] Performing if-conversion on hyperblock from (/home/zhiro/research/kv260-vlm-workers/RM10-A-resource-aware/experiments/rm10_a_resource_aware/source/vision_ffn_down.cpp:181:12) to (/home/zhiro/research/kv260-vlm-workers/RM10-A-resource-aware/experiments/rm10_a_resource_aware/source/vision_ffn_down.cpp:197:47) in function '(anonymous namespace)::compute_weight_batch'... converting 21 basic blocks.
INFO: [XFORM 203-401] Performing if-conversion on hyperblock from (/home/zhiro/research/kv260-vlm-workers/RM10-A-resource-aware/experiments/rm10_a_resource_aware/source/vision_ffn_down.cpp:181:12) to (/home/zhiro/research/kv260-vlm-workers/RM10-A-resource-aware/experiments/rm10_a_resource_aware/source/vision_ffn_down.cpp:197:47) in function '(anonymous namespace)::compute_weight_batch'... converting 21 basic blocks.
INFO: [XFORM 203-401] Performing if-conversion on hyperblock from (/home/zhiro/research/kv260-vlm-workers/RM10-A-resource-aware/experiments/rm10_a_resource_aware/source/vision_ffn_down.cpp:181:12) to (/home/zhiro/research/kv260-vlm-workers/RM10-A-resource-aware/experiments/rm10_a_resource_aware/source/vision_ffn_down.cpp:197:47) in function '(anonymous namespace)::compute_weight_batch'... converting 21 basic blocks.
INFO: [XFORM 203-401] Performing if-conversion on hyperblock from (/home/zhiro/research/kv260-vlm-workers/RM10-A-resource-aware/experiments/rm10_a_resource_aware/source/vision_ffn_down.cpp:181:12) to (/home/zhiro/research/kv260-vlm-workers/RM10-A-resource-aware/experiments/rm10_a_resource_aware/source/vision_ffn_down.cpp:197:47) in function '(anonymous namespace)::compute_weight_batch'... converting 21 basic blocks.
INFO: [XFORM 203-401] Performing if-conversion on hyperblock from (/home/zhiro/research/kv260-vlm-workers/RM10-A-resource-aware/experiments/rm10_a_resource_aware/source/vision_ffn_down.cpp:181:12) to (/home/zhiro/research/kv260-vlm-workers/RM10-A-resource-aware/experiments/rm10_a_resource_aware/source/vision_ffn_down.cpp:197:47) in function '(anonymous namespace)::compute_weight_batch'... converting 21 basic blocks.
INFO: [XFORM 203-401] Performing if-conversion on hyperblock from (/home/zhiro/research/kv260-vlm-workers/RM10-A-resource-aware/experiments/rm10_a_resource_aware/source/vision_ffn_down.cpp:181:12) to (/home/zhiro/research/kv260-vlm-workers/RM10-A-resource-aware/experiments/rm10_a_resource_aware/source/vision_ffn_down.cpp:197:47) in function '(anonymous namespace)::compute_weight_batch'... converting 21 basic blocks.
INFO: [XFORM 203-401] Performing if-conversion on hyperblock from (/home/zhiro/research/kv260-vlm-workers/RM10-A-resource-aware/experiments/rm10_a_resource_aware/source/vision_ffn_down.cpp:181:12) to (/home/zhiro/research/kv260-vlm-workers/RM10-A-resource-aware/experiments/rm10_a_resource_aware/source/vision_ffn_down.cpp:197:47) in function '(anonymous namespace)::compute_weight_batch'... converting 21 basic blocks.
INFO: [XFORM 203-401] Performing if-conversion on hyperblock from (/home/zhiro/research/kv260-vlm-workers/RM10-A-resource-aware/experiments/rm10_a_resource_aware/source/vision_ffn_down.cpp:181:12) to (/home/zhiro/research/kv260-vlm-workers/RM10-A-resource-aware/experiments/rm10_a_resource_aware/source/vision_ffn_down.cpp:197:47) in function '(anonymous namespace)::compute_weight_batch'... converting 21 basic blocks.
INFO: [XFORM 203-401] Performing if-conversion on hyperblock from (/home/zhiro/research/kv260-vlm-workers/RM10-A-resource-aware/experiments/rm10_a_resource_aware/source/vision_ffn_down.cpp:181:12) to (/home/zhiro/research/kv260-vlm-workers/RM10-A-resource-aware/experiments/rm10_a_resource_aware/source/vision_ffn_down.cpp:197:47) in function '(anonymous namespace)::compute_weight_batch'... converting 21 basic blocks.
INFO: [XFORM 203-401] Performing if-conversion on hyperblock from (/home/zhiro/research/kv260-vlm-workers/RM10-A-resource-aware/experiments/rm10_a_resource_aware/source/vision_ffn_down.cpp:181:12) to (/home/zhiro/research/kv260-vlm-workers/RM10-A-resource-aware/experiments/rm10_a_resource_aware/source/vision_ffn_down.cpp:197:47) in function '(anonymous namespace)::compute_weight_batch'... converting 21 basic blocks.
INFO: [XFORM 203-11] Balancing expressions in function 'vision_ffn_down_tile' (/home/zhiro/research/kv260-vlm-workers/RM10-A-resource-aware/experiments/rm10_a_resource_aware/source/vision_ffn_down.cpp:385:5)...3 expression(s) balanced.
INFO: [HLS 200-111] Finished Loop, function and other optimizations: CPU user time: 1.4 seconds. CPU system time: 0.01 seconds. Elapsed time: 1.41 seconds; current allocated memory: 383.160 MB.
INFO: [HLS 200-2061] Successfully converted nested loops 'VITIS_LOOP_63_1'(/home/zhiro/research/kv260-vlm-workers/RM10-A-resource-aware/experiments/rm10_a_resource_aware/source/vision_ffn_down.cpp:63:19) and 'VITIS_LOOP_64_2'(/home/zhiro/research/kv260-vlm-workers/RM10-A-resource-aware/experiments/rm10_a_resource_aware/source/vision_ffn_down.cpp:64:26) in function '(anonymous namespace)::stage_activation' into perfectly nested loops.
INFO: [HLS 200-2061] Successfully converted nested loops 'VITIS_LOOP_80_2'(/home/zhiro/research/kv260-vlm-workers/RM10-A-resource-aware/experiments/rm10_a_resource_aware/source/vision_ffn_down.cpp:80:26) and 'VITIS_LOOP_81_3'(/home/zhiro/research/kv260-vlm-workers/RM10-A-resource-aware/experiments/rm10_a_resource_aware/source/vision_ffn_down.cpp:81:30) in function '(anonymous namespace)::compute_weight_batch' into perfectly nested loops.
INFO: [HLS 200-2061] Successfully converted nested loops 'VITIS_LOOP_366_15'(/home/zhiro/research/kv260-vlm-workers/RM10-A-resource-aware/experiments/rm10_a_resource_aware/source/vision_ffn_down.cpp:366:28) and 'VITIS_LOOP_367_16'(/home/zhiro/research/kv260-vlm-workers/RM10-A-resource-aware/experiments/rm10_a_resource_aware/source/vision_ffn_down.cpp:367:32) in function '(anonymous namespace)::compute_weight_batch' into perfectly nested loops.
INFO: [XFORM 203-541] Flattening a loop nest 'VITIS_LOOP_63_1' (/home/zhiro/research/kv260-vlm-workers/RM10-A-resource-aware/experiments/rm10_a_resource_aware/source/vision_ffn_down.cpp:63:19) in function '(anonymous namespace)::stage_activation'.
INFO: [XFORM 203-541] Flattening a loop nest 'VITIS_LOOP_80_2' (/home/zhiro/research/kv260-vlm-workers/RM10-A-resource-aware/experiments/rm10_a_resource_aware/source/vision_ffn_down.cpp:80:26) in function '(anonymous namespace)::compute_weight_batch'.
INFO: [XFORM 203-541] Flattening a loop nest 'VITIS_LOOP_366_15' (/home/zhiro/research/kv260-vlm-workers/RM10-A-resource-aware/experiments/rm10_a_resource_aware/source/vision_ffn_down.cpp:366:28) in function '(anonymous namespace)::compute_weight_batch'.
INFO: [ANALYSIS 214-51] Found inter dependency for variable 'accum.159' (/home/zhiro/research/kv260-vlm-workers/RM10-A-resource-aware/experiments/rm10_a_resource_aware/source/vision_ffn_down.cpp:154) (distance = 10).
INFO: [ANALYSIS 214-51] Found inter dependency for variable 'accum.158' (/home/zhiro/research/kv260-vlm-workers/RM10-A-resource-aware/experiments/rm10_a_resource_aware/source/vision_ffn_down.cpp:154) (distance = 10).
INFO: [ANALYSIS 214-51] Found inter dependency for variable 'accum.157' (/home/zhiro/research/kv260-vlm-workers/RM10-A-resource-aware/experiments/rm10_a_resource_aware/source/vision_ffn_down.cpp:154) (distance = 10).
INFO: [ANALYSIS 214-51] Found inter dependency for variable 'accum.156' (/home/zhiro/research/kv260-vlm-workers/RM10-A-resource-aware/experiments/rm10_a_resource_aware/source/vision_ffn_down.cpp:154) (distance = 10).
INFO: [ANALYSIS 214-51] Found inter dependency for variable 'accum.155' (/home/zhiro/research/kv260-vlm-workers/RM10-A-resource-aware/experiments/rm10_a_resource_aware/source/vision_ffn_down.cpp:154) (distance = 10).
INFO: [ANALYSIS 214-51] Found inter dependency for variable 'accum.154' (/home/zhiro/research/kv260-vlm-workers/RM10-A-resource-aware/experiments/rm10_a_resource_aware/source/vision_ffn_down.cpp:154) (distance = 10).
INFO: [ANALYSIS 214-51] Found inter dependency for variable 'accum.153' (/home/zhiro/research/kv260-vlm-workers/RM10-A-resource-aware/experiments/rm10_a_resource_aware/source/vision_ffn_down.cpp:154) (distance = 10).
INFO: [ANALYSIS 214-51] Found inter dependency for variable 'accum.152' (/home/zhiro/research/kv260-vlm-workers/RM10-A-resource-aware/experiments/rm10_a_resource_aware/source/vision_ffn_down.cpp:154) (distance = 10).
INFO: [ANALYSIS 214-51] Found inter dependency for variable 'accum.151' (/home/zhiro/research/kv260-vlm-workers/RM10-A-resource-aware/experiments/rm10_a_resource_aware/source/vision_ffn_down.cpp:154) (distance = 10).
INFO: [ANALYSIS 214-51] Found inter dependency for variable 'accum.150' (/home/zhiro/research/kv260-vlm-workers/RM10-A-resource-aware/experiments/rm10_a_resource_aware/source/vision_ffn_down.cpp:154) (distance = 10).
INFO: [ANALYSIS 214-51] Found inter dependency for variable 'accum.149' (/home/zhiro/research/kv260-vlm-workers/RM10-A-resource-aware/experiments/rm10_a_resource_aware/source/vision_ffn_down.cpp:154) (distance = 10).
INFO: [ANALYSIS 214-51] Found inter dependency for variable 'accum.148' (/home/zhiro/research/kv260-vlm-workers/RM10-A-resource-aware/experiments/rm10_a_resource_aware/source/vision_ffn_down.cpp:154) (distance = 10).
INFO: [ANALYSIS 214-51] Found inter dependency for variable 'accum.147' (/home/zhiro/research/kv260-vlm-workers/RM10-A-resource-aware/experiments/rm10_a_resource_aware/source/vision_ffn_down.cpp:154) (distance = 10).
INFO: [ANALYSIS 214-51] Found inter dependency for variable 'accum.146' (/home/zhiro/research/kv260-vlm-workers/RM10-A-resource-aware/experiments/rm10_a_resource_aware/source/vision_ffn_down.cpp:154) (distance = 10).
INFO: [ANALYSIS 214-51] Found inter dependency for variable 'accum.145' (/home/zhiro/research/kv260-vlm-workers/RM10-A-resource-aware/experiments/rm10_a_resource_aware/source/vision_ffn_down.cpp:154) (distance = 10).
INFO: [ANALYSIS 214-51] Found inter dependency for variable 'accum.144' (/home/zhiro/research/kv260-vlm-workers/RM10-A-resource-aware/experiments/rm10_a_resource_aware/source/vision_ffn_down.cpp:154) (distance = 10).
INFO: [ANALYSIS 214-51] Found inter dependency for variable 'accum.143' (/home/zhiro/research/kv260-vlm-workers/RM10-A-resource-aware/experiments/rm10_a_resource_aware/source/vision_ffn_down.cpp:154) (distance = 10).
INFO: [ANALYSIS 214-51] Found inter dependency for variable 'accum.142' (/home/zhiro/research/kv260-vlm-workers/RM10-A-resource-aware/experiments/rm10_a_resource_aware/source/vision_ffn_down.cpp:154) (distance = 10).
INFO: [ANALYSIS 214-51] Found inter dependency for variable 'accum.141' (/home/zhiro/research/kv260-vlm-workers/RM10-A-resource-aware/experiments/rm10_a_resource_aware/source/vision_ffn_down.cpp:154) (distance = 10).
INFO: [ANALYSIS 214-51] Found inter dependency for variable 'accum.140' (/home/zhiro/research/kv260-vlm-workers/RM10-A-resource-aware/experiments/rm10_a_resource_aware/source/vision_ffn_down.cpp:154) (distance = 10).
INFO: [ANALYSIS 214-51] Found inter dependency for variable 'accum.139' (/home/zhiro/research/kv260-vlm-workers/RM10-A-resource-aware/experiments/rm10_a_resource_aware/source/vision_ffn_down.cpp:154) (distance = 10).
INFO: [ANALYSIS 214-51] Found inter dependency for variable 'accum.138' (/home/zhiro/research/kv260-vlm-workers/RM10-A-resource-aware/experiments/rm10_a_resource_aware/source/vision_ffn_down.cpp:154) (distance = 10).
INFO: [ANALYSIS 214-51] Found inter dependency for variable 'accum.137' (/home/zhiro/research/kv260-vlm-workers/RM10-A-resource-aware/experiments/rm10_a_resource_aware/source/vision_ffn_down.cpp:154) (distance = 10).
INFO: [ANALYSIS 214-51] Found inter dependency for variable 'accum.136' (/home/zhiro/research/kv260-vlm-workers/RM10-A-resource-aware/experiments/rm10_a_resource_aware/source/vision_ffn_down.cpp:154) (distance = 10).
INFO: [ANALYSIS 214-51] Found inter dependency for variable 'accum.135' (/home/zhiro/research/kv260-vlm-workers/RM10-A-resource-aware/experiments/rm10_a_resource_aware/source/vision_ffn_down.cpp:154) (distance = 10).
INFO: [ANALYSIS 214-51] Found inter dependency for variable 'accum.134' (/home/zhiro/research/kv260-vlm-workers/RM10-A-resource-aware/experiments/rm10_a_resource_aware/source/vision_ffn_down.cpp:154) (distance = 10).
INFO: [ANALYSIS 214-51] Found inter dependency for variable 'accum.133' (/home/zhiro/research/kv260-vlm-workers/RM10-A-resource-aware/experiments/rm10_a_resource_aware/source/vision_ffn_down.cpp:154) (distance = 10).
INFO: [ANALYSIS 214-51] Found inter dependency for variable 'accum.132' (/home/zhiro/research/kv260-vlm-workers/RM10-A-resource-aware/experiments/rm10_a_resource_aware/source/vision_ffn_down.cpp:154) (distance = 10).
INFO: [ANALYSIS 214-51] Found inter dependency for variable 'accum.131' (/home/zhiro/research/kv260-vlm-workers/RM10-A-resource-aware/experiments/rm10_a_resource_aware/source/vision_ffn_down.cpp:154) (distance = 10).
INFO: [ANALYSIS 214-51] Found inter dependency for variable 'accum.130' (/home/zhiro/research/kv260-vlm-workers/RM10-A-resource-aware/experiments/rm10_a_resource_aware/source/vision_ffn_down.cpp:154) (distance = 10).
INFO: [ANALYSIS 214-51] Found inter dependency for variable 'accum.129' (/home/zhiro/research/kv260-vlm-workers/RM10-A-resource-aware/experiments/rm10_a_resource_aware/source/vision_ffn_down.cpp:154) (distance = 10).
INFO: [ANALYSIS 214-51] Found inter dependency for variable 'accum.128' (/home/zhiro/research/kv260-vlm-workers/RM10-A-resource-aware/experiments/rm10_a_resource_aware/source/vision_ffn_down.cpp:154) (distance = 10).
INFO: [ANALYSIS 214-51] Found inter dependency for variable 'accum.127' (/home/zhiro/research/kv260-vlm-workers/RM10-A-resource-aware/experiments/rm10_a_resource_aware/source/vision_ffn_down.cpp:154) (distance = 10).
INFO: [ANALYSIS 214-51] Found inter dependency for variable 'accum.126' (/home/zhiro/research/kv260-vlm-workers/RM10-A-resource-aware/experiments/rm10_a_resource_aware/source/vision_ffn_down.cpp:154) (distance = 10).
INFO: [ANALYSIS 214-51] Found inter dependency for variable 'accum.125' (/home/zhiro/research/kv260-vlm-workers/RM10-A-resource-aware/experiments/rm10_a_resource_aware/source/vision_ffn_down.cpp:154) (distance = 10).
INFO: [ANALYSIS 214-51] Found inter dependency for variable 'accum.124' (/home/zhiro/research/kv260-vlm-workers/RM10-A-resource-aware/experiments/rm10_a_resource_aware/source/vision_ffn_down.cpp:154) (distance = 10).
INFO: [ANALYSIS 214-51] Found inter dependency for variable 'accum.123' (/home/zhiro/research/kv260-vlm-workers/RM10-A-resource-aware/experiments/rm10_a_resource_aware/source/vision_ffn_down.cpp:154) (distance = 10).
INFO: [ANALYSIS 214-51] Found inter dependency for variable 'accum.122' (/home/zhiro/research/kv260-vlm-workers/RM10-A-resource-aware/experiments/rm10_a_resource_aware/source/vision_ffn_down.cpp:154) (distance = 10).
INFO: [ANALYSIS 214-51] Found inter dependency for variable 'accum.121' (/home/zhiro/research/kv260-vlm-workers/RM10-A-resource-aware/experiments/rm10_a_resource_aware/source/vision_ffn_down.cpp:154) (distance = 10).
INFO: [ANALYSIS 214-51] Found inter dependency for variable 'accum.120' (/home/zhiro/research/kv260-vlm-workers/RM10-A-resource-aware/experiments/rm10_a_resource_aware/source/vision_ffn_down.cpp:154) (distance = 10).
INFO: [ANALYSIS 214-51] Found inter dependency for variable 'accum.119' (/home/zhiro/research/kv260-vlm-workers/RM10-A-resource-aware/experiments/rm10_a_resource_aware/source/vision_ffn_down.cpp:154) (distance = 10).
INFO: [ANALYSIS 214-51] Found inter dependency for variable 'accum.118' (/home/zhiro/research/kv260-vlm-workers/RM10-A-resource-aware/experiments/rm10_a_resource_aware/source/vision_ffn_down.cpp:154) (distance = 10).
INFO: [ANALYSIS 214-51] Found inter dependency for variable 'accum.117' (/home/zhiro/research/kv260-vlm-workers/RM10-A-resource-aware/experiments/rm10_a_resource_aware/source/vision_ffn_down.cpp:154) (distance = 10).
INFO: [ANALYSIS 214-51] Found inter dependency for variable 'accum.116' (/home/zhiro/research/kv260-vlm-workers/RM10-A-resource-aware/experiments/rm10_a_resource_aware/source/vision_ffn_down.cpp:154) (distance = 10).
INFO: [ANALYSIS 214-51] Found inter dependency for variable 'accum.115' (/home/zhiro/research/kv260-vlm-workers/RM10-A-resource-aware/experiments/rm10_a_resource_aware/source/vision_ffn_down.cpp:154) (distance = 10).
INFO: [ANALYSIS 214-51] Found inter dependency for variable 'accum.114' (/home/zhiro/research/kv260-vlm-workers/RM10-A-resource-aware/experiments/rm10_a_resource_aware/source/vision_ffn_down.cpp:154) (distance = 10).
INFO: [ANALYSIS 214-51] Found inter dependency for variable 'accum.113' (/home/zhiro/research/kv260-vlm-workers/RM10-A-resource-aware/experiments/rm10_a_resource_aware/source/vision_ffn_down.cpp:154) (distance = 10).
INFO: [ANALYSIS 214-51] Found inter dependency for variable 'accum.112' (/home/zhiro/research/kv260-vlm-workers/RM10-A-resource-aware/experiments/rm10_a_resource_aware/source/vision_ffn_down.cpp:154) (distance = 10).
INFO: [ANALYSIS 214-51] Found inter dependency for variable 'accum.111' (/home/zhiro/research/kv260-vlm-workers/RM10-A-resource-aware/experiments/rm10_a_resource_aware/source/vision_ffn_down.cpp:154) (distance = 10).
INFO: [ANALYSIS 214-51] Found inter dependency for variable 'accum.110' (/home/zhiro/research/kv260-vlm-workers/RM10-A-resource-aware/experiments/rm10_a_resource_aware/source/vision_ffn_down.cpp:154) (distance = 10).
INFO: [ANALYSIS 214-51] Found inter dependency for variable 'accum.109' (/home/zhiro/research/kv260-vlm-workers/RM10-A-resource-aware/experiments/rm10_a_resource_aware/source/vision_ffn_down.cpp:154) (distance = 10).
INFO: [ANALYSIS 214-51] Found inter dependency for variable 'accum.108' (/home/zhiro/research/kv260-vlm-workers/RM10-A-resource-aware/experiments/rm10_a_resource_aware/source/vision_ffn_down.cpp:154) (distance = 10).
INFO: [ANALYSIS 214-51] Found inter dependency for variable 'accum.107' (/home/zhiro/research/kv260-vlm-workers/RM10-A-resource-aware/experiments/rm10_a_resource_aware/source/vision_ffn_down.cpp:154) (distance = 10).
INFO: [ANALYSIS 214-51] Found inter dependency for variable 'accum.106' (/home/zhiro/research/kv260-vlm-workers/RM10-A-resource-aware/experiments/rm10_a_resource_aware/source/vision_ffn_down.cpp:154) (distance = 10).
INFO: [ANALYSIS 214-51] Found inter dependency for variable 'accum.105' (/home/zhiro/research/kv260-vlm-workers/RM10-A-resource-aware/experiments/rm10_a_resource_aware/source/vision_ffn_down.cpp:154) (distance = 10).
INFO: [ANALYSIS 214-51] Found inter dependency for variable 'accum.104' (/home/zhiro/research/kv260-vlm-workers/RM10-A-resource-aware/experiments/rm10_a_resource_aware/source/vision_ffn_down.cpp:154) (distance = 10).
INFO: [ANALYSIS 214-51] Found inter dependency for variable 'accum.103' (/home/zhiro/research/kv260-vlm-workers/RM10-A-resource-aware/experiments/rm10_a_resource_aware/source/vision_ffn_down.cpp:154) (distance = 10).
INFO: [ANALYSIS 214-51] Found inter dependency for variable 'accum.102' (/home/zhiro/research/kv260-vlm-workers/RM10-A-resource-aware/experiments/rm10_a_resource_aware/source/vision_ffn_down.cpp:154) (distance = 10).
INFO: [ANALYSIS 214-51] Found inter dependency for variable 'accum.101' (/home/zhiro/research/kv260-vlm-workers/RM10-A-resource-aware/experiments/rm10_a_resource_aware/source/vision_ffn_down.cpp:154) (distance = 10).
INFO: [ANALYSIS 214-51] Found inter dependency for variable 'accum.100' (/home/zhiro/research/kv260-vlm-workers/RM10-A-resource-aware/experiments/rm10_a_resource_aware/source/vision_ffn_down.cpp:154) (distance = 10).
INFO: [ANALYSIS 214-51] Found inter dependency for variable 'accum.99' (/home/zhiro/research/kv260-vlm-workers/RM10-A-resource-aware/experiments/rm10_a_resource_aware/source/vision_ffn_down.cpp:154) (distance = 10).
INFO: [ANALYSIS 214-51] Found inter dependency for variable 'accum.98' (/home/zhiro/research/kv260-vlm-workers/RM10-A-resource-aware/experiments/rm10_a_resource_aware/source/vision_ffn_down.cpp:154) (distance = 10).
INFO: [ANALYSIS 214-51] Found inter dependency for variable 'accum.97' (/home/zhiro/research/kv260-vlm-workers/RM10-A-resource-aware/experiments/rm10_a_resource_aware/source/vision_ffn_down.cpp:154) (distance = 10).
INFO: [ANALYSIS 214-51] Found inter dependency for variable 'accum.96' (/home/zhiro/research/kv260-vlm-workers/RM10-A-resource-aware/experiments/rm10_a_resource_aware/source/vision_ffn_down.cpp:154) (distance = 10).
INFO: [ANALYSIS 214-51] Found inter dependency for variable 'accum.95' (/home/zhiro/research/kv260-vlm-workers/RM10-A-resource-aware/experiments/rm10_a_resource_aware/source/vision_ffn_down.cpp:154) (distance = 10).
INFO: [ANALYSIS 214-51] Found inter dependency for variable 'accum.94' (/home/zhiro/research/kv260-vlm-workers/RM10-A-resource-aware/experiments/rm10_a_resource_aware/source/vision_ffn_down.cpp:154) (distance = 10).
INFO: [ANALYSIS 214-51] Found inter dependency for variable 'accum.93' (/home/zhiro/research/kv260-vlm-workers/RM10-A-resource-aware/experiments/rm10_a_resource_aware/source/vision_ffn_down.cpp:154) (distance = 10).
INFO: [ANALYSIS 214-51] Found inter dependency for variable 'accum.92' (/home/zhiro/research/kv260-vlm-workers/RM10-A-resource-aware/experiments/rm10_a_resource_aware/source/vision_ffn_down.cpp:154) (distance = 10).
INFO: [ANALYSIS 214-51] Found inter dependency for variable 'accum.91' (/home/zhiro/research/kv260-vlm-workers/RM10-A-resource-aware/experiments/rm10_a_resource_aware/source/vision_ffn_down.cpp:154) (distance = 10).
INFO: [ANALYSIS 214-51] Found inter dependency for variable 'accum.90' (/home/zhiro/research/kv260-vlm-workers/RM10-A-resource-aware/experiments/rm10_a_resource_aware/source/vision_ffn_down.cpp:154) (distance = 10).
INFO: [ANALYSIS 214-51] Found inter dependency for variable 'accum.89' (/home/zhiro/research/kv260-vlm-workers/RM10-A-resource-aware/experiments/rm10_a_resource_aware/source/vision_ffn_down.cpp:154) (distance = 10).
INFO: [ANALYSIS 214-51] Found inter dependency for variable 'accum.88' (/home/zhiro/research/kv260-vlm-workers/RM10-A-resource-aware/experiments/rm10_a_resource_aware/source/vision_ffn_down.cpp:154) (distance = 10).
INFO: [ANALYSIS 214-51] Found inter dependency for variable 'accum.87' (/home/zhiro/research/kv260-vlm-workers/RM10-A-resource-aware/experiments/rm10_a_resource_aware/source/vision_ffn_down.cpp:154) (distance = 10).
INFO: [ANALYSIS 214-51] Found inter dependency for variable 'accum.86' (/home/zhiro/research/kv260-vlm-workers/RM10-A-resource-aware/experiments/rm10_a_resource_aware/source/vision_ffn_down.cpp:154) (distance = 10).
INFO: [ANALYSIS 214-51] Found inter dependency for variable 'accum.85' (/home/zhiro/research/kv260-vlm-workers/RM10-A-resource-aware/experiments/rm10_a_resource_aware/source/vision_ffn_down.cpp:154) (distance = 10).
INFO: [ANALYSIS 214-51] Found inter dependency for variable 'accum.84' (/home/zhiro/research/kv260-vlm-workers/RM10-A-resource-aware/experiments/rm10_a_resource_aware/source/vision_ffn_down.cpp:154) (distance = 10).
INFO: [ANALYSIS 214-51] Found inter dependency for variable 'accum.83' (/home/zhiro/research/kv260-vlm-workers/RM10-A-resource-aware/experiments/rm10_a_resource_aware/source/vision_ffn_down.cpp:154) (distance = 10).
INFO: [ANALYSIS 214-51] Found inter dependency for variable 'accum.82' (/home/zhiro/research/kv260-vlm-workers/RM10-A-resource-aware/experiments/rm10_a_resource_aware/source/vision_ffn_down.cpp:154) (distance = 10).
INFO: [ANALYSIS 214-51] Found inter dependency for variable 'accum.81' (/home/zhiro/research/kv260-vlm-workers/RM10-A-resource-aware/experiments/rm10_a_resource_aware/source/vision_ffn_down.cpp:154) (distance = 10).
INFO: [ANALYSIS 214-51] Found inter dependency for variable 'accum.80' (/home/zhiro/research/kv260-vlm-workers/RM10-A-resource-aware/experiments/rm10_a_resource_aware/source/vision_ffn_down.cpp:154) (distance = 10).
INFO: [ANALYSIS 214-51] Found inter dependency for variable 'accum.79' (/home/zhiro/research/kv260-vlm-workers/RM10-A-resource-aware/experiments/rm10_a_resource_aware/source/vision_ffn_down.cpp:154) (distance = 10).
INFO: [ANALYSIS 214-51] Found inter dependency for variable 'accum.78' (/home/zhiro/research/kv260-vlm-workers/RM10-A-resource-aware/experiments/rm10_a_resource_aware/source/vision_ffn_down.cpp:154) (distance = 10).
INFO: [ANALYSIS 214-51] Found inter dependency for variable 'accum.77' (/home/zhiro/research/kv260-vlm-workers/RM10-A-resource-aware/experiments/rm10_a_resource_aware/source/vision_ffn_down.cpp:154) (distance = 10).
INFO: [ANALYSIS 214-51] Found inter dependency for variable 'accum.76' (/home/zhiro/research/kv260-vlm-workers/RM10-A-resource-aware/experiments/rm10_a_resource_aware/source/vision_ffn_down.cpp:154) (distance = 10).
INFO: [ANALYSIS 214-51] Found inter dependency for variable 'accum.75' (/home/zhiro/research/kv260-vlm-workers/RM10-A-resource-aware/experiments/rm10_a_resource_aware/source/vision_ffn_down.cpp:154) (distance = 10).
INFO: [ANALYSIS 214-51] Found inter dependency for variable 'accum.74' (/home/zhiro/research/kv260-vlm-workers/RM10-A-resource-aware/experiments/rm10_a_resource_aware/source/vision_ffn_down.cpp:154) (distance = 10).
INFO: [ANALYSIS 214-51] Found inter dependency for variable 'accum.73' (/home/zhiro/research/kv260-vlm-workers/RM10-A-resource-aware/experiments/rm10_a_resource_aware/source/vision_ffn_down.cpp:154) (distance = 10).
INFO: [ANALYSIS 214-51] Found inter dependency for variable 'accum.72' (/home/zhiro/research/kv260-vlm-workers/RM10-A-resource-aware/experiments/rm10_a_resource_aware/source/vision_ffn_down.cpp:154) (distance = 10).
INFO: [ANALYSIS 214-51] Found inter dependency for variable 'accum.71' (/home/zhiro/research/kv260-vlm-workers/RM10-A-resource-aware/experiments/rm10_a_resource_aware/source/vision_ffn_down.cpp:154) (distance = 10).
INFO: [ANALYSIS 214-51] Found inter dependency for variable 'accum.70' (/home/zhiro/research/kv260-vlm-workers/RM10-A-resource-aware/experiments/rm10_a_resource_aware/source/vision_ffn_down.cpp:154) (distance = 10).
INFO: [ANALYSIS 214-51] Found inter dependency for variable 'accum.69' (/home/zhiro/research/kv260-vlm-workers/RM10-A-resource-aware/experiments/rm10_a_resource_aware/source/vision_ffn_down.cpp:154) (distance = 10).
INFO: [ANALYSIS 214-51] Found inter dependency for variable 'accum.68' (/home/zhiro/research/kv260-vlm-workers/RM10-A-resource-aware/experiments/rm10_a_resource_aware/source/vision_ffn_down.cpp:154) (distance = 10).
INFO: [ANALYSIS 214-51] Found inter dependency for variable 'accum.67' (/home/zhiro/research/kv260-vlm-workers/RM10-A-resource-aware/experiments/rm10_a_resource_aware/source/vision_ffn_down.cpp:154) (distance = 10).
INFO: [ANALYSIS 214-51] Found inter dependency for variable 'accum.66' (/home/zhiro/research/kv260-vlm-workers/RM10-A-resource-aware/experiments/rm10_a_resource_aware/source/vision_ffn_down.cpp:154) (distance = 10).
INFO: [ANALYSIS 214-51] Found inter dependency for variable 'accum.65' (/home/zhiro/research/kv260-vlm-workers/RM10-A-resource-aware/experiments/rm10_a_resource_aware/source/vision_ffn_down.cpp:154) (distance = 10).
INFO: [ANALYSIS 214-51] Found inter dependency for variable 'accum.64' (/home/zhiro/research/kv260-vlm-workers/RM10-A-resource-aware/experiments/rm10_a_resource_aware/source/vision_ffn_down.cpp:154) (distance = 10).
INFO: [ANALYSIS 214-51] Found inter dependency for variable 'accum.63' (/home/zhiro/research/kv260-vlm-workers/RM10-A-resource-aware/experiments/rm10_a_resource_aware/source/vision_ffn_down.cpp:154) (distance = 10).
INFO: [ANALYSIS 214-51] Found inter dependency for variable 'accum.62' (/home/zhiro/research/kv260-vlm-workers/RM10-A-resource-aware/experiments/rm10_a_resource_aware/source/vision_ffn_down.cpp:154) (distance = 10).
INFO: [ANALYSIS 214-51] Found inter dependency for variable 'accum.61' (/home/zhiro/research/kv260-vlm-workers/RM10-A-resource-aware/experiments/rm10_a_resource_aware/source/vision_ffn_down.cpp:154) (distance = 10).
INFO: [ANALYSIS 214-51] Found inter dependency for variable 'accum.60' (/home/zhiro/research/kv260-vlm-workers/RM10-A-resource-aware/experiments/rm10_a_resource_aware/source/vision_ffn_down.cpp:154) (distance = 10).
INFO: [ANALYSIS 214-51] Found inter dependency for variable 'accum.59' (/home/zhiro/research/kv260-vlm-workers/RM10-A-resource-aware/experiments/rm10_a_resource_aware/source/vision_ffn_down.cpp:154) (distance = 10).
INFO: [ANALYSIS 214-51] Found inter dependency for variable 'accum.58' (/home/zhiro/research/kv260-vlm-workers/RM10-A-resource-aware/experiments/rm10_a_resource_aware/source/vision_ffn_down.cpp:154) (distance = 10).
INFO: [ANALYSIS 214-51] Found inter dependency for variable 'accum.57' (/home/zhiro/research/kv260-vlm-workers/RM10-A-resource-aware/experiments/rm10_a_resource_aware/source/vision_ffn_down.cpp:154) (distance = 10).
INFO: [ANALYSIS 214-51] Found inter dependency for variable 'accum.56' (/home/zhiro/research/kv260-vlm-workers/RM10-A-resource-aware/experiments/rm10_a_resource_aware/source/vision_ffn_down.cpp:154) (distance = 10).
INFO: [ANALYSIS 214-51] Found inter dependency for variable 'accum.55' (/home/zhiro/research/kv260-vlm-workers/RM10-A-resource-aware/experiments/rm10_a_resource_aware/source/vision_ffn_down.cpp:154) (distance = 10).
INFO: [ANALYSIS 214-51] Found inter dependency for variable 'accum.54' (/home/zhiro/research/kv260-vlm-workers/RM10-A-resource-aware/experiments/rm10_a_resource_aware/source/vision_ffn_down.cpp:154) (distance = 10).
INFO: [ANALYSIS 214-51] Found inter dependency for variable 'accum.53' (/home/zhiro/research/kv260-vlm-workers/RM10-A-resource-aware/experiments/rm10_a_resource_aware/source/vision_ffn_down.cpp:154) (distance = 10).
INFO: [ANALYSIS 214-51] Found inter dependency for variable 'accum.52' (/home/zhiro/research/kv260-vlm-workers/RM10-A-resource-aware/experiments/rm10_a_resource_aware/source/vision_ffn_down.cpp:154) (distance = 10).
INFO: [ANALYSIS 214-51] Found inter dependency for variable 'accum.51' (/home/zhiro/research/kv260-vlm-workers/RM10-A-resource-aware/experiments/rm10_a_resource_aware/source/vision_ffn_down.cpp:154) (distance = 10).
INFO: [ANALYSIS 214-51] Found inter dependency for variable 'accum.50' (/home/zhiro/research/kv260-vlm-workers/RM10-A-resource-aware/experiments/rm10_a_resource_aware/source/vision_ffn_down.cpp:154) (distance = 10).
INFO: [ANALYSIS 214-51] Found inter dependency for variable 'accum.49' (/home/zhiro/research/kv260-vlm-workers/RM10-A-resource-aware/experiments/rm10_a_resource_aware/source/vision_ffn_down.cpp:154) (distance = 10).
INFO: [ANALYSIS 214-51] Found inter dependency for variable 'accum.48' (/home/zhiro/research/kv260-vlm-workers/RM10-A-resource-aware/experiments/rm10_a_resource_aware/source/vision_ffn_down.cpp:154) (distance = 10).
INFO: [ANALYSIS 214-51] Found inter dependency for variable 'accum.47' (/home/zhiro/research/kv260-vlm-workers/RM10-A-resource-aware/experiments/rm10_a_resource_aware/source/vision_ffn_down.cpp:154) (distance = 10).
INFO: [ANALYSIS 214-51] Found inter dependency for variable 'accum.46' (/home/zhiro/research/kv260-vlm-workers/RM10-A-resource-aware/experiments/rm10_a_resource_aware/source/vision_ffn_down.cpp:154) (distance = 10).
INFO: [ANALYSIS 214-51] Found inter dependency for variable 'accum.45' (/home/zhiro/research/kv260-vlm-workers/RM10-A-resource-aware/experiments/rm10_a_resource_aware/source/vision_ffn_down.cpp:154) (distance = 10).
INFO: [ANALYSIS 214-51] Found inter dependency for variable 'accum.44' (/home/zhiro/research/kv260-vlm-workers/RM10-A-resource-aware/experiments/rm10_a_resource_aware/source/vision_ffn_down.cpp:154) (distance = 10).
INFO: [ANALYSIS 214-51] Found inter dependency for variable 'accum.43' (/home/zhiro/research/kv260-vlm-workers/RM10-A-resource-aware/experiments/rm10_a_resource_aware/source/vision_ffn_down.cpp:154) (distance = 10).
INFO: [ANALYSIS 214-51] Found inter dependency for variable 'accum.42' (/home/zhiro/research/kv260-vlm-workers/RM10-A-resource-aware/experiments/rm10_a_resource_aware/source/vision_ffn_down.cpp:154) (distance = 10).
INFO: [ANALYSIS 214-51] Found inter dependency for variable 'accum.41' (/home/zhiro/research/kv260-vlm-workers/RM10-A-resource-aware/experiments/rm10_a_resource_aware/source/vision_ffn_down.cpp:154) (distance = 10).
INFO: [ANALYSIS 214-51] Found inter dependency for variable 'accum.40' (/home/zhiro/research/kv260-vlm-workers/RM10-A-resource-aware/experiments/rm10_a_resource_aware/source/vision_ffn_down.cpp:154) (distance = 10).
INFO: [ANALYSIS 214-51] Found inter dependency for variable 'accum.39' (/home/zhiro/research/kv260-vlm-workers/RM10-A-resource-aware/experiments/rm10_a_resource_aware/source/vision_ffn_down.cpp:154) (distance = 10).
INFO: [ANALYSIS 214-51] Found inter dependency for variable 'accum.38' (/home/zhiro/research/kv260-vlm-workers/RM10-A-resource-aware/experiments/rm10_a_resource_aware/source/vision_ffn_down.cpp:154) (distance = 10).
INFO: [ANALYSIS 214-51] Found inter dependency for variable 'accum.37' (/home/zhiro/research/kv260-vlm-workers/RM10-A-resource-aware/experiments/rm10_a_resource_aware/source/vision_ffn_down.cpp:154) (distance = 10).
INFO: [ANALYSIS 214-51] Found inter dependency for variable 'accum.36' (/home/zhiro/research/kv260-vlm-workers/RM10-A-resource-aware/experiments/rm10_a_resource_aware/source/vision_ffn_down.cpp:154) (distance = 10).
INFO: [ANALYSIS 214-51] Found inter dependency for variable 'accum.35' (/home/zhiro/research/kv260-vlm-workers/RM10-A-resource-aware/experiments/rm10_a_resource_aware/source/vision_ffn_down.cpp:154) (distance = 10).
INFO: [ANALYSIS 214-51] Found inter dependency for variable 'accum.34' (/home/zhiro/research/kv260-vlm-workers/RM10-A-resource-aware/experiments/rm10_a_resource_aware/source/vision_ffn_down.cpp:154) (distance = 10).
INFO: [ANALYSIS 214-51] Found inter dependency for variable 'accum.33' (/home/zhiro/research/kv260-vlm-workers/RM10-A-resource-aware/experiments/rm10_a_resource_aware/source/vision_ffn_down.cpp:154) (distance = 10).
INFO: [ANALYSIS 214-51] Found inter dependency for variable 'accum.32' (/home/zhiro/research/kv260-vlm-workers/RM10-A-resource-aware/experiments/rm10_a_resource_aware/source/vision_ffn_down.cpp:154) (distance = 10).
INFO: [ANALYSIS 214-51] Found inter dependency for variable 'accum.31' (/home/zhiro/research/kv260-vlm-workers/RM10-A-resource-aware/experiments/rm10_a_resource_aware/source/vision_ffn_down.cpp:154) (distance = 10).
INFO: [ANALYSIS 214-51] Found inter dependency for variable 'accum.30' (/home/zhiro/research/kv260-vlm-workers/RM10-A-resource-aware/experiments/rm10_a_resource_aware/source/vision_ffn_down.cpp:154) (distance = 10).
INFO: [ANALYSIS 214-51] Found inter dependency for variable 'accum.29' (/home/zhiro/research/kv260-vlm-workers/RM10-A-resource-aware/experiments/rm10_a_resource_aware/source/vision_ffn_down.cpp:154) (distance = 10).
INFO: [ANALYSIS 214-51] Found inter dependency for variable 'accum.28' (/home/zhiro/research/kv260-vlm-workers/RM10-A-resource-aware/experiments/rm10_a_resource_aware/source/vision_ffn_down.cpp:154) (distance = 10).
INFO: [ANALYSIS 214-51] Found inter dependency for variable 'accum.27' (/home/zhiro/research/kv260-vlm-workers/RM10-A-resource-aware/experiments/rm10_a_resource_aware/source/vision_ffn_down.cpp:154) (distance = 10).
INFO: [ANALYSIS 214-51] Found inter dependency for variable 'accum.26' (/home/zhiro/research/kv260-vlm-workers/RM10-A-resource-aware/experiments/rm10_a_resource_aware/source/vision_ffn_down.cpp:154) (distance = 10).
INFO: [ANALYSIS 214-51] Found inter dependency for variable 'accum.25' (/home/zhiro/research/kv260-vlm-workers/RM10-A-resource-aware/experiments/rm10_a_resource_aware/source/vision_ffn_down.cpp:154) (distance = 10).
INFO: [ANALYSIS 214-51] Found inter dependency for variable 'accum.24' (/home/zhiro/research/kv260-vlm-workers/RM10-A-resource-aware/experiments/rm10_a_resource_aware/source/vision_ffn_down.cpp:154) (distance = 10).
INFO: [ANALYSIS 214-51] Found inter dependency for variable 'accum.23' (/home/zhiro/research/kv260-vlm-workers/RM10-A-resource-aware/experiments/rm10_a_resource_aware/source/vision_ffn_down.cpp:154) (distance = 10).
INFO: [ANALYSIS 214-51] Found inter dependency for variable 'accum.22' (/home/zhiro/research/kv260-vlm-workers/RM10-A-resource-aware/experiments/rm10_a_resource_aware/source/vision_ffn_down.cpp:154) (distance = 10).
INFO: [ANALYSIS 214-51] Found inter dependency for variable 'accum.21' (/home/zhiro/research/kv260-vlm-workers/RM10-A-resource-aware/experiments/rm10_a_resource_aware/source/vision_ffn_down.cpp:154) (distance = 10).
INFO: [ANALYSIS 214-51] Found inter dependency for variable 'accum.20' (/home/zhiro/research/kv260-vlm-workers/RM10-A-resource-aware/experiments/rm10_a_resource_aware/source/vision_ffn_down.cpp:154) (distance = 10).
INFO: [ANALYSIS 214-51] Found inter dependency for variable 'accum.19' (/home/zhiro/research/kv260-vlm-workers/RM10-A-resource-aware/experiments/rm10_a_resource_aware/source/vision_ffn_down.cpp:154) (distance = 10).
INFO: [ANALYSIS 214-51] Found inter dependency for variable 'accum.18' (/home/zhiro/research/kv260-vlm-workers/RM10-A-resource-aware/experiments/rm10_a_resource_aware/source/vision_ffn_down.cpp:154) (distance = 10).
INFO: [ANALYSIS 214-51] Found inter dependency for variable 'accum.17' (/home/zhiro/research/kv260-vlm-workers/RM10-A-resource-aware/experiments/rm10_a_resource_aware/source/vision_ffn_down.cpp:154) (distance = 10).
INFO: [ANALYSIS 214-51] Found inter dependency for variable 'accum.16' (/home/zhiro/research/kv260-vlm-workers/RM10-A-resource-aware/experiments/rm10_a_resource_aware/source/vision_ffn_down.cpp:154) (distance = 10).
INFO: [ANALYSIS 214-51] Found inter dependency for variable 'accum.15' (/home/zhiro/research/kv260-vlm-workers/RM10-A-resource-aware/experiments/rm10_a_resource_aware/source/vision_ffn_down.cpp:154) (distance = 10).
INFO: [ANALYSIS 214-51] Found inter dependency for variable 'accum.14' (/home/zhiro/research/kv260-vlm-workers/RM10-A-resource-aware/experiments/rm10_a_resource_aware/source/vision_ffn_down.cpp:154) (distance = 10).
INFO: [ANALYSIS 214-51] Found inter dependency for variable 'accum.13' (/home/zhiro/research/kv260-vlm-workers/RM10-A-resource-aware/experiments/rm10_a_resource_aware/source/vision_ffn_down.cpp:154) (distance = 10).
INFO: [ANALYSIS 214-51] Found inter dependency for variable 'accum.12' (/home/zhiro/research/kv260-vlm-workers/RM10-A-resource-aware/experiments/rm10_a_resource_aware/source/vision_ffn_down.cpp:154) (distance = 10).
INFO: [ANALYSIS 214-51] Found inter dependency for variable 'accum.11' (/home/zhiro/research/kv260-vlm-workers/RM10-A-resource-aware/experiments/rm10_a_resource_aware/source/vision_ffn_down.cpp:154) (distance = 10).
INFO: [ANALYSIS 214-51] Found inter dependency for variable 'accum.10' (/home/zhiro/research/kv260-vlm-workers/RM10-A-resource-aware/experiments/rm10_a_resource_aware/source/vision_ffn_down.cpp:154) (distance = 10).
INFO: [ANALYSIS 214-51] Found inter dependency for variable 'accum.9' (/home/zhiro/research/kv260-vlm-workers/RM10-A-resource-aware/experiments/rm10_a_resource_aware/source/vision_ffn_down.cpp:154) (distance = 10).
INFO: [ANALYSIS 214-51] Found inter dependency for variable 'accum.8' (/home/zhiro/research/kv260-vlm-workers/RM10-A-resource-aware/experiments/rm10_a_resource_aware/source/vision_ffn_down.cpp:154) (distance = 10).
INFO: [ANALYSIS 214-51] Found inter dependency for variable 'accum.7' (/home/zhiro/research/kv260-vlm-workers/RM10-A-resource-aware/experiments/rm10_a_resource_aware/source/vision_ffn_down.cpp:154) (distance = 10).
INFO: [ANALYSIS 214-51] Found inter dependency for variable 'accum.6' (/home/zhiro/research/kv260-vlm-workers/RM10-A-resource-aware/experiments/rm10_a_resource_aware/source/vision_ffn_down.cpp:154) (distance = 10).
INFO: [ANALYSIS 214-51] Found inter dependency for variable 'accum.5' (/home/zhiro/research/kv260-vlm-workers/RM10-A-resource-aware/experiments/rm10_a_resource_aware/source/vision_ffn_down.cpp:154) (distance = 10).
INFO: [ANALYSIS 214-51] Found inter dependency for variable 'accum.4' (/home/zhiro/research/kv260-vlm-workers/RM10-A-resource-aware/experiments/rm10_a_resource_aware/source/vision_ffn_down.cpp:154) (distance = 10).
INFO: [ANALYSIS 214-51] Found inter dependency for variable 'accum.3' (/home/zhiro/research/kv260-vlm-workers/RM10-A-resource-aware/experiments/rm10_a_resource_aware/source/vision_ffn_down.cpp:154) (distance = 10).
INFO: [ANALYSIS 214-51] Found inter dependency for variable 'accum.2' (/home/zhiro/research/kv260-vlm-workers/RM10-A-resource-aware/experiments/rm10_a_resource_aware/source/vision_ffn_down.cpp:154) (distance = 10).
INFO: [ANALYSIS 214-51] Found inter dependency for variable 'accum.1' (/home/zhiro/research/kv260-vlm-workers/RM10-A-resource-aware/experiments/rm10_a_resource_aware/source/vision_ffn_down.cpp:154) (distance = 10).
INFO: [ANALYSIS 214-51] Found inter dependency for variable 'accum' (/home/zhiro/research/kv260-vlm-workers/RM10-A-resource-aware/experiments/rm10_a_resource_aware/source/vision_ffn_down.cpp:154) (distance = 10).
INFO: [ANALYSIS 214-51] Found inter dependency for variable 'accum.159' (/home/zhiro/research/kv260-vlm-workers/RM10-A-resource-aware/experiments/rm10_a_resource_aware/source/vision_ffn_down.cpp:154) (distance = 10).
INFO: [ANALYSIS 214-51] Found inter dependency for variable 'accum.158' (/home/zhiro/research/kv260-vlm-workers/RM10-A-resource-aware/experiments/rm10_a_resource_aware/source/vision_ffn_down.cpp:154) (distance = 10).
INFO: [ANALYSIS 214-51] Found inter dependency for variable 'accum.157' (/home/zhiro/research/kv260-vlm-workers/RM10-A-resource-aware/experiments/rm10_a_resource_aware/source/vision_ffn_down.cpp:154) (distance = 10).
INFO: [ANALYSIS 214-51] Found inter dependency for variable 'accum.156' (/home/zhiro/research/kv260-vlm-workers/RM10-A-resource-aware/experiments/rm10_a_resource_aware/source/vision_ffn_down.cpp:154) (distance = 10).
INFO: [ANALYSIS 214-51] Found inter dependency for variable 'accum.155' (/home/zhiro/research/kv260-vlm-workers/RM10-A-resource-aware/experiments/rm10_a_resource_aware/source/vision_ffn_down.cpp:154) (distance = 10).
INFO: [ANALYSIS 214-51] Found inter dependency for variable 'accum.154' (/home/zhiro/research/kv260-vlm-workers/RM10-A-resource-aware/experiments/rm10_a_resource_aware/source/vision_ffn_down.cpp:154) (distance = 10).
INFO: [ANALYSIS 214-51] Found inter dependency for variable 'accum.153' (/home/zhiro/research/kv260-vlm-workers/RM10-A-resource-aware/experiments/rm10_a_resource_aware/source/vision_ffn_down.cpp:154) (distance = 10).
INFO: [ANALYSIS 214-51] Found inter dependency for variable 'accum.152' (/home/zhiro/research/kv260-vlm-workers/RM10-A-resource-aware/experiments/rm10_a_resource_aware/source/vision_ffn_down.cpp:154) (distance = 10).
INFO: [ANALYSIS 214-51] Found inter dependency for variable 'accum.151' (/home/zhiro/research/kv260-vlm-workers/RM10-A-resource-aware/experiments/rm10_a_resource_aware/source/vision_ffn_down.cpp:154) (distance = 10).
INFO: [ANALYSIS 214-51] Found inter dependency for variable 'accum.150' (/home/zhiro/research/kv260-vlm-workers/RM10-A-resource-aware/experiments/rm10_a_resource_aware/source/vision_ffn_down.cpp:154) (distance = 10).
INFO: [ANALYSIS 214-51] Found inter dependency for variable 'accum.149' (/home/zhiro/research/kv260-vlm-workers/RM10-A-resource-aware/experiments/rm10_a_resource_aware/source/vision_ffn_down.cpp:154) (distance = 10).
INFO: [ANALYSIS 214-51] Found inter dependency for variable 'accum.148' (/home/zhiro/research/kv260-vlm-workers/RM10-A-resource-aware/experiments/rm10_a_resource_aware/source/vision_ffn_down.cpp:154) (distance = 10).
INFO: [ANALYSIS 214-51] Found inter dependency for variable 'accum.147' (/home/zhiro/research/kv260-vlm-workers/RM10-A-resource-aware/experiments/rm10_a_resource_aware/source/vision_ffn_down.cpp:154) (distance = 10).
INFO: [ANALYSIS 214-51] Found inter dependency for variable 'accum.146' (/home/zhiro/research/kv260-vlm-workers/RM10-A-resource-aware/experiments/rm10_a_resource_aware/source/vision_ffn_down.cpp:154) (distance = 10).
INFO: [ANALYSIS 214-51] Found inter dependency for variable 'accum.145' (/home/zhiro/research/kv260-vlm-workers/RM10-A-resource-aware/experiments/rm10_a_resource_aware/source/vision_ffn_down.cpp:154) (distance = 10).
INFO: [ANALYSIS 214-51] Found inter dependency for variable 'accum.144' (/home/zhiro/research/kv260-vlm-workers/RM10-A-resource-aware/experiments/rm10_a_resource_aware/source/vision_ffn_down.cpp:154) (distance = 10).
INFO: [ANALYSIS 214-51] Found inter dependency for variable 'accum.143' (/home/zhiro/research/kv260-vlm-workers/RM10-A-resource-aware/experiments/rm10_a_resource_aware/source/vision_ffn_down.cpp:154) (distance = 10).
INFO: [ANALYSIS 214-51] Found inter dependency for variable 'accum.142' (/home/zhiro/research/kv260-vlm-workers/RM10-A-resource-aware/experiments/rm10_a_resource_aware/source/vision_ffn_down.cpp:154) (distance = 10).
INFO: [ANALYSIS 214-51] Found inter dependency for variable 'accum.141' (/home/zhiro/research/kv260-vlm-workers/RM10-A-resource-aware/experiments/rm10_a_resource_aware/source/vision_ffn_down.cpp:154) (distance = 10).
INFO: [ANALYSIS 214-51] Found inter dependency for variable 'accum.140' (/home/zhiro/research/kv260-vlm-workers/RM10-A-resource-aware/experiments/rm10_a_resource_aware/source/vision_ffn_down.cpp:154) (distance = 10).
INFO: [ANALYSIS 214-51] Found inter dependency for variable 'accum.139' (/home/zhiro/research/kv260-vlm-workers/RM10-A-resource-aware/experiments/rm10_a_resource_aware/source/vision_ffn_down.cpp:154) (distance = 10).
INFO: [ANALYSIS 214-51] Found inter dependency for variable 'accum.138' (/home/zhiro/research/kv260-vlm-workers/RM10-A-resource-aware/experiments/rm10_a_resource_aware/source/vision_ffn_down.cpp:154) (distance = 10).
INFO: [ANALYSIS 214-51] Found inter dependency for variable 'accum.137' (/home/zhiro/research/kv260-vlm-workers/RM10-A-resource-aware/experiments/rm10_a_resource_aware/source/vision_ffn_down.cpp:154) (distance = 10).
INFO: [ANALYSIS 214-51] Found inter dependency for variable 'accum.136' (/home/zhiro/research/kv260-vlm-workers/RM10-A-resource-aware/experiments/rm10_a_resource_aware/source/vision_ffn_down.cpp:154) (distance = 10).
INFO: [ANALYSIS 214-51] Found inter dependency for variable 'accum.135' (/home/zhiro/research/kv260-vlm-workers/RM10-A-resource-aware/experiments/rm10_a_resource_aware/source/vision_ffn_down.cpp:154) (distance = 10).
INFO: [ANALYSIS 214-51] Found inter dependency for variable 'accum.134' (/home/zhiro/research/kv260-vlm-workers/RM10-A-resource-aware/experiments/rm10_a_resource_aware/source/vision_ffn_down.cpp:154) (distance = 10).
INFO: [ANALYSIS 214-51] Found inter dependency for variable 'accum.133' (/home/zhiro/research/kv260-vlm-workers/RM10-A-resource-aware/experiments/rm10_a_resource_aware/source/vision_ffn_down.cpp:154) (distance = 10).
INFO: [ANALYSIS 214-51] Found inter dependency for variable 'accum.132' (/home/zhiro/research/kv260-vlm-workers/RM10-A-resource-aware/experiments/rm10_a_resource_aware/source/vision_ffn_down.cpp:154) (distance = 10).
INFO: [ANALYSIS 214-51] Found inter dependency for variable 'accum.131' (/home/zhiro/research/kv260-vlm-workers/RM10-A-resource-aware/experiments/rm10_a_resource_aware/source/vision_ffn_down.cpp:154) (distance = 10).
INFO: [ANALYSIS 214-51] Found inter dependency for variable 'accum.130' (/home/zhiro/research/kv260-vlm-workers/RM10-A-resource-aware/experiments/rm10_a_resource_aware/source/vision_ffn_down.cpp:154) (distance = 10).
INFO: [ANALYSIS 214-51] Found inter dependency for variable 'accum.129' (/home/zhiro/research/kv260-vlm-workers/RM10-A-resource-aware/experiments/rm10_a_resource_aware/source/vision_ffn_down.cpp:154) (distance = 10).
INFO: [ANALYSIS 214-51] Found inter dependency for variable 'accum.128' (/home/zhiro/research/kv260-vlm-workers/RM10-A-resource-aware/experiments/rm10_a_resource_aware/source/vision_ffn_down.cpp:154) (distance = 10).
INFO: [ANALYSIS 214-51] Found inter dependency for variable 'accum.127' (/home/zhiro/research/kv260-vlm-workers/RM10-A-resource-aware/experiments/rm10_a_resource_aware/source/vision_ffn_down.cpp:154) (distance = 10).
INFO: [ANALYSIS 214-51] Found inter dependency for variable 'accum.126' (/home/zhiro/research/kv260-vlm-workers/RM10-A-resource-aware/experiments/rm10_a_resource_aware/source/vision_ffn_down.cpp:154) (distance = 10).
INFO: [ANALYSIS 214-51] Found inter dependency for variable 'accum.125' (/home/zhiro/research/kv260-vlm-workers/RM10-A-resource-aware/experiments/rm10_a_resource_aware/source/vision_ffn_down.cpp:154) (distance = 10).
INFO: [ANALYSIS 214-51] Found inter dependency for variable 'accum.124' (/home/zhiro/research/kv260-vlm-workers/RM10-A-resource-aware/experiments/rm10_a_resource_aware/source/vision_ffn_down.cpp:154) (distance = 10).
INFO: [ANALYSIS 214-51] Found inter dependency for variable 'accum.123' (/home/zhiro/research/kv260-vlm-workers/RM10-A-resource-aware/experiments/rm10_a_resource_aware/source/vision_ffn_down.cpp:154) (distance = 10).
INFO: [ANALYSIS 214-51] Found inter dependency for variable 'accum.122' (/home/zhiro/research/kv260-vlm-workers/RM10-A-resource-aware/experiments/rm10_a_resource_aware/source/vision_ffn_down.cpp:154) (distance = 10).
INFO: [ANALYSIS 214-51] Found inter dependency for variable 'accum.121' (/home/zhiro/research/kv260-vlm-workers/RM10-A-resource-aware/experiments/rm10_a_resource_aware/source/vision_ffn_down.cpp:154) (distance = 10).
INFO: [ANALYSIS 214-51] Found inter dependency for variable 'accum.120' (/home/zhiro/research/kv260-vlm-workers/RM10-A-resource-aware/experiments/rm10_a_resource_aware/source/vision_ffn_down.cpp:154) (distance = 10).
INFO: [ANALYSIS 214-51] Found inter dependency for variable 'accum.119' (/home/zhiro/research/kv260-vlm-workers/RM10-A-resource-aware/experiments/rm10_a_resource_aware/source/vision_ffn_down.cpp:154) (distance = 10).
INFO: [ANALYSIS 214-51] Found inter dependency for variable 'accum.118' (/home/zhiro/research/kv260-vlm-workers/RM10-A-resource-aware/experiments/rm10_a_resource_aware/source/vision_ffn_down.cpp:154) (distance = 10).
INFO: [ANALYSIS 214-51] Found inter dependency for variable 'accum.117' (/home/zhiro/research/kv260-vlm-workers/RM10-A-resource-aware/experiments/rm10_a_resource_aware/source/vision_ffn_down.cpp:154) (distance = 10).
INFO: [ANALYSIS 214-51] Found inter dependency for variable 'accum.116' (/home/zhiro/research/kv260-vlm-workers/RM10-A-resource-aware/experiments/rm10_a_resource_aware/source/vision_ffn_down.cpp:154) (distance = 10).
INFO: [ANALYSIS 214-51] Found inter dependency for variable 'accum.115' (/home/zhiro/research/kv260-vlm-workers/RM10-A-resource-aware/experiments/rm10_a_resource_aware/source/vision_ffn_down.cpp:154) (distance = 10).
INFO: [ANALYSIS 214-51] Found inter dependency for variable 'accum.114' (/home/zhiro/research/kv260-vlm-workers/RM10-A-resource-aware/experiments/rm10_a_resource_aware/source/vision_ffn_down.cpp:154) (distance = 10).
INFO: [ANALYSIS 214-51] Found inter dependency for variable 'accum.113' (/home/zhiro/research/kv260-vlm-workers/RM10-A-resource-aware/experiments/rm10_a_resource_aware/source/vision_ffn_down.cpp:154) (distance = 10).
INFO: [ANALYSIS 214-51] Found inter dependency for variable 'accum.112' (/home/zhiro/research/kv260-vlm-workers/RM10-A-resource-aware/experiments/rm10_a_resource_aware/source/vision_ffn_down.cpp:154) (distance = 10).
INFO: [ANALYSIS 214-51] Found inter dependency for variable 'accum.111' (/home/zhiro/research/kv260-vlm-workers/RM10-A-resource-aware/experiments/rm10_a_resource_aware/source/vision_ffn_down.cpp:154) (distance = 10).
INFO: [ANALYSIS 214-51] Found inter dependency for variable 'accum.110' (/home/zhiro/research/kv260-vlm-workers/RM10-A-resource-aware/experiments/rm10_a_resource_aware/source/vision_ffn_down.cpp:154) (distance = 10).
INFO: [ANALYSIS 214-51] Found inter dependency for variable 'accum.109' (/home/zhiro/research/kv260-vlm-workers/RM10-A-resource-aware/experiments/rm10_a_resource_aware/source/vision_ffn_down.cpp:154) (distance = 10).
INFO: [ANALYSIS 214-51] Found inter dependency for variable 'accum.108' (/home/zhiro/research/kv260-vlm-workers/RM10-A-resource-aware/experiments/rm10_a_resource_aware/source/vision_ffn_down.cpp:154) (distance = 10).
INFO: [ANALYSIS 214-51] Found inter dependency for variable 'accum.107' (/home/zhiro/research/kv260-vlm-workers/RM10-A-resource-aware/experiments/rm10_a_resource_aware/source/vision_ffn_down.cpp:154) (distance = 10).
INFO: [ANALYSIS 214-51] Found inter dependency for variable 'accum.106' (/home/zhiro/research/kv260-vlm-workers/RM10-A-resource-aware/experiments/rm10_a_resource_aware/source/vision_ffn_down.cpp:154) (distance = 10).
INFO: [ANALYSIS 214-51] Found inter dependency for variable 'accum.105' (/home/zhiro/research/kv260-vlm-workers/RM10-A-resource-aware/experiments/rm10_a_resource_aware/source/vision_ffn_down.cpp:154) (distance = 10).
INFO: [ANALYSIS 214-51] Found inter dependency for variable 'accum.104' (/home/zhiro/research/kv260-vlm-workers/RM10-A-resource-aware/experiments/rm10_a_resource_aware/source/vision_ffn_down.cpp:154) (distance = 10).
INFO: [ANALYSIS 214-51] Found inter dependency for variable 'accum.103' (/home/zhiro/research/kv260-vlm-workers/RM10-A-resource-aware/experiments/rm10_a_resource_aware/source/vision_ffn_down.cpp:154) (distance = 10).
INFO: [ANALYSIS 214-51] Found inter dependency for variable 'accum.102' (/home/zhiro/research/kv260-vlm-workers/RM10-A-resource-aware/experiments/rm10_a_resource_aware/source/vision_ffn_down.cpp:154) (distance = 10).
INFO: [ANALYSIS 214-51] Found inter dependency for variable 'accum.101' (/home/zhiro/research/kv260-vlm-workers/RM10-A-resource-aware/experiments/rm10_a_resource_aware/source/vision_ffn_down.cpp:154) (distance = 10).
INFO: [ANALYSIS 214-51] Found inter dependency for variable 'accum.100' (/home/zhiro/research/kv260-vlm-workers/RM10-A-resource-aware/experiments/rm10_a_resource_aware/source/vision_ffn_down.cpp:154) (distance = 10).
INFO: [ANALYSIS 214-51] Found inter dependency for variable 'accum.99' (/home/zhiro/research/kv260-vlm-workers/RM10-A-resource-aware/experiments/rm10_a_resource_aware/source/vision_ffn_down.cpp:154) (distance = 10).
INFO: [ANALYSIS 214-51] Found inter dependency for variable 'accum.98' (/home/zhiro/research/kv260-vlm-workers/RM10-A-resource-aware/experiments/rm10_a_resource_aware/source/vision_ffn_down.cpp:154) (distance = 10).
INFO: [ANALYSIS 214-51] Found inter dependency for variable 'accum.97' (/home/zhiro/research/kv260-vlm-workers/RM10-A-resource-aware/experiments/rm10_a_resource_aware/source/vision_ffn_down.cpp:154) (distance = 10).
INFO: [ANALYSIS 214-51] Found inter dependency for variable 'accum.96' (/home/zhiro/research/kv260-vlm-workers/RM10-A-resource-aware/experiments/rm10_a_resource_aware/source/vision_ffn_down.cpp:154) (distance = 10).
INFO: [ANALYSIS 214-51] Found inter dependency for variable 'accum.95' (/home/zhiro/research/kv260-vlm-workers/RM10-A-resource-aware/experiments/rm10_a_resource_aware/source/vision_ffn_down.cpp:154) (distance = 10).
INFO: [ANALYSIS 214-51] Found inter dependency for variable 'accum.94' (/home/zhiro/research/kv260-vlm-workers/RM10-A-resource-aware/experiments/rm10_a_resource_aware/source/vision_ffn_down.cpp:154) (distance = 10).
INFO: [ANALYSIS 214-51] Found inter dependency for variable 'accum.93' (/home/zhiro/research/kv260-vlm-workers/RM10-A-resource-aware/experiments/rm10_a_resource_aware/source/vision_ffn_down.cpp:154) (distance = 10).
INFO: [ANALYSIS 214-51] Found inter dependency for variable 'accum.92' (/home/zhiro/research/kv260-vlm-workers/RM10-A-resource-aware/experiments/rm10_a_resource_aware/source/vision_ffn_down.cpp:154) (distance = 10).
INFO: [ANALYSIS 214-51] Found inter dependency for variable 'accum.91' (/home/zhiro/research/kv260-vlm-workers/RM10-A-resource-aware/experiments/rm10_a_resource_aware/source/vision_ffn_down.cpp:154) (distance = 10).
INFO: [ANALYSIS 214-51] Found inter dependency for variable 'accum.90' (/home/zhiro/research/kv260-vlm-workers/RM10-A-resource-aware/experiments/rm10_a_resource_aware/source/vision_ffn_down.cpp:154) (distance = 10).
INFO: [ANALYSIS 214-51] Found inter dependency for variable 'accum.89' (/home/zhiro/research/kv260-vlm-workers/RM10-A-resource-aware/experiments/rm10_a_resource_aware/source/vision_ffn_down.cpp:154) (distance = 10).
INFO: [ANALYSIS 214-51] Found inter dependency for variable 'accum.88' (/home/zhiro/research/kv260-vlm-workers/RM10-A-resource-aware/experiments/rm10_a_resource_aware/source/vision_ffn_down.cpp:154) (distance = 10).
INFO: [ANALYSIS 214-51] Found inter dependency for variable 'accum.87' (/home/zhiro/research/kv260-vlm-workers/RM10-A-resource-aware/experiments/rm10_a_resource_aware/source/vision_ffn_down.cpp:154) (distance = 10).
INFO: [ANALYSIS 214-51] Found inter dependency for variable 'accum.86' (/home/zhiro/research/kv260-vlm-workers/RM10-A-resource-aware/experiments/rm10_a_resource_aware/source/vision_ffn_down.cpp:154) (distance = 10).
INFO: [ANALYSIS 214-51] Found inter dependency for variable 'accum.85' (/home/zhiro/research/kv260-vlm-workers/RM10-A-resource-aware/experiments/rm10_a_resource_aware/source/vision_ffn_down.cpp:154) (distance = 10).
INFO: [ANALYSIS 214-51] Found inter dependency for variable 'accum.84' (/home/zhiro/research/kv260-vlm-workers/RM10-A-resource-aware/experiments/rm10_a_resource_aware/source/vision_ffn_down.cpp:154) (distance = 10).
INFO: [ANALYSIS 214-51] Found inter dependency for variable 'accum.83' (/home/zhiro/research/kv260-vlm-workers/RM10-A-resource-aware/experiments/rm10_a_resource_aware/source/vision_ffn_down.cpp:154) (distance = 10).
INFO: [ANALYSIS 214-51] Found inter dependency for variable 'accum.82' (/home/zhiro/research/kv260-vlm-workers/RM10-A-resource-aware/experiments/rm10_a_resource_aware/source/vision_ffn_down.cpp:154) (distance = 10).
INFO: [ANALYSIS 214-51] Found inter dependency for variable 'accum.81' (/home/zhiro/research/kv260-vlm-workers/RM10-A-resource-aware/experiments/rm10_a_resource_aware/source/vision_ffn_down.cpp:154) (distance = 10).
INFO: [ANALYSIS 214-51] Found inter dependency for variable 'accum.80' (/home/zhiro/research/kv260-vlm-workers/RM10-A-resource-aware/experiments/rm10_a_resource_aware/source/vision_ffn_down.cpp:154) (distance = 10).
INFO: [ANALYSIS 214-51] Found inter dependency for variable 'accum.79' (/home/zhiro/research/kv260-vlm-workers/RM10-A-resource-aware/experiments/rm10_a_resource_aware/source/vision_ffn_down.cpp:154) (distance = 10).
INFO: [ANALYSIS 214-51] Found inter dependency for variable 'accum.78' (/home/zhiro/research/kv260-vlm-workers/RM10-A-resource-aware/experiments/rm10_a_resource_aware/source/vision_ffn_down.cpp:154) (distance = 10).
INFO: [ANALYSIS 214-51] Found inter dependency for variable 'accum.77' (/home/zhiro/research/kv260-vlm-workers/RM10-A-resource-aware/experiments/rm10_a_resource_aware/source/vision_ffn_down.cpp:154) (distance = 10).
INFO: [ANALYSIS 214-51] Found inter dependency for variable 'accum.76' (/home/zhiro/research/kv260-vlm-workers/RM10-A-resource-aware/experiments/rm10_a_resource_aware/source/vision_ffn_down.cpp:154) (distance = 10).
INFO: [ANALYSIS 214-51] Found inter dependency for variable 'accum.75' (/home/zhiro/research/kv260-vlm-workers/RM10-A-resource-aware/experiments/rm10_a_resource_aware/source/vision_ffn_down.cpp:154) (distance = 10).
INFO: [ANALYSIS 214-51] Found inter dependency for variable 'accum.74' (/home/zhiro/research/kv260-vlm-workers/RM10-A-resource-aware/experiments/rm10_a_resource_aware/source/vision_ffn_down.cpp:154) (distance = 10).
INFO: [ANALYSIS 214-51] Found inter dependency for variable 'accum.73' (/home/zhiro/research/kv260-vlm-workers/RM10-A-resource-aware/experiments/rm10_a_resource_aware/source/vision_ffn_down.cpp:154) (distance = 10).
INFO: [ANALYSIS 214-51] Found inter dependency for variable 'accum.72' (/home/zhiro/research/kv260-vlm-workers/RM10-A-resource-aware/experiments/rm10_a_resource_aware/source/vision_ffn_down.cpp:154) (distance = 10).
INFO: [ANALYSIS 214-51] Found inter dependency for variable 'accum.71' (/home/zhiro/research/kv260-vlm-workers/RM10-A-resource-aware/experiments/rm10_a_resource_aware/source/vision_ffn_down.cpp:154) (distance = 10).
INFO: [ANALYSIS 214-51] Found inter dependency for variable 'accum.70' (/home/zhiro/research/kv260-vlm-workers/RM10-A-resource-aware/experiments/rm10_a_resource_aware/source/vision_ffn_down.cpp:154) (distance = 10).
INFO: [ANALYSIS 214-51] Found inter dependency for variable 'accum.69' (/home/zhiro/research/kv260-vlm-workers/RM10-A-resource-aware/experiments/rm10_a_resource_aware/source/vision_ffn_down.cpp:154) (distance = 10).
INFO: [ANALYSIS 214-51] Found inter dependency for variable 'accum.68' (/home/zhiro/research/kv260-vlm-workers/RM10-A-resource-aware/experiments/rm10_a_resource_aware/source/vision_ffn_down.cpp:154) (distance = 10).
INFO: [ANALYSIS 214-51] Found inter dependency for variable 'accum.67' (/home/zhiro/research/kv260-vlm-workers/RM10-A-resource-aware/experiments/rm10_a_resource_aware/source/vision_ffn_down.cpp:154) (distance = 10).
INFO: [ANALYSIS 214-51] Found inter dependency for variable 'accum.66' (/home/zhiro/research/kv260-vlm-workers/RM10-A-resource-aware/experiments/rm10_a_resource_aware/source/vision_ffn_down.cpp:154) (distance = 10).
INFO: [ANALYSIS 214-51] Found inter dependency for variable 'accum.65' (/home/zhiro/research/kv260-vlm-workers/RM10-A-resource-aware/experiments/rm10_a_resource_aware/source/vision_ffn_down.cpp:154) (distance = 10).
INFO: [ANALYSIS 214-51] Found inter dependency for variable 'accum.64' (/home/zhiro/research/kv260-vlm-workers/RM10-A-resource-aware/experiments/rm10_a_resource_aware/source/vision_ffn_down.cpp:154) (distance = 10).
INFO: [ANALYSIS 214-51] Found inter dependency for variable 'accum.63' (/home/zhiro/research/kv260-vlm-workers/RM10-A-resource-aware/experiments/rm10_a_resource_aware/source/vision_ffn_down.cpp:154) (distance = 10).
INFO: [ANALYSIS 214-51] Found inter dependency for variable 'accum.62' (/home/zhiro/research/kv260-vlm-workers/RM10-A-resource-aware/experiments/rm10_a_resource_aware/source/vision_ffn_down.cpp:154) (distance = 10).
INFO: [ANALYSIS 214-51] Found inter dependency for variable 'accum.61' (/home/zhiro/research/kv260-vlm-workers/RM10-A-resource-aware/experiments/rm10_a_resource_aware/source/vision_ffn_down.cpp:154) (distance = 10).
INFO: [ANALYSIS 214-51] Found inter dependency for variable 'accum.60' (/home/zhiro/research/kv260-vlm-workers/RM10-A-resource-aware/experiments/rm10_a_resource_aware/source/vision_ffn_down.cpp:154) (distance = 10).
INFO: [ANALYSIS 214-51] Found inter dependency for variable 'accum.59' (/home/zhiro/research/kv260-vlm-workers/RM10-A-resource-aware/experiments/rm10_a_resource_aware/source/vision_ffn_down.cpp:154) (distance = 10).
INFO: [ANALYSIS 214-51] Found inter dependency for variable 'accum.58' (/home/zhiro/research/kv260-vlm-workers/RM10-A-resource-aware/experiments/rm10_a_resource_aware/source/vision_ffn_down.cpp:154) (distance = 10).
INFO: [ANALYSIS 214-51] Found inter dependency for variable 'accum.57' (/home/zhiro/research/kv260-vlm-workers/RM10-A-resource-aware/experiments/rm10_a_resource_aware/source/vision_ffn_down.cpp:154) (distance = 10).
INFO: [ANALYSIS 214-51] Found inter dependency for variable 'accum.56' (/home/zhiro/research/kv260-vlm-workers/RM10-A-resource-aware/experiments/rm10_a_resource_aware/source/vision_ffn_down.cpp:154) (distance = 10).
INFO: [ANALYSIS 214-51] Found inter dependency for variable 'accum.55' (/home/zhiro/research/kv260-vlm-workers/RM10-A-resource-aware/experiments/rm10_a_resource_aware/source/vision_ffn_down.cpp:154) (distance = 10).
INFO: [ANALYSIS 214-51] Found inter dependency for variable 'accum.54' (/home/zhiro/research/kv260-vlm-workers/RM10-A-resource-aware/experiments/rm10_a_resource_aware/source/vision_ffn_down.cpp:154) (distance = 10).
INFO: [ANALYSIS 214-51] Found inter dependency for variable 'accum.53' (/home/zhiro/research/kv260-vlm-workers/RM10-A-resource-aware/experiments/rm10_a_resource_aware/source/vision_ffn_down.cpp:154) (distance = 10).
INFO: [ANALYSIS 214-51] Found inter dependency for variable 'accum.52' (/home/zhiro/research/kv260-vlm-workers/RM10-A-resource-aware/experiments/rm10_a_resource_aware/source/vision_ffn_down.cpp:154) (distance = 10).
INFO: [ANALYSIS 214-51] Found inter dependency for variable 'accum.51' (/home/zhiro/research/kv260-vlm-workers/RM10-A-resource-aware/experiments/rm10_a_resource_aware/source/vision_ffn_down.cpp:154) (distance = 10).
INFO: [ANALYSIS 214-51] Found inter dependency for variable 'accum.50' (/home/zhiro/research/kv260-vlm-workers/RM10-A-resource-aware/experiments/rm10_a_resource_aware/source/vision_ffn_down.cpp:154) (distance = 10).
INFO: [ANALYSIS 214-51] Found inter dependency for variable 'accum.49' (/home/zhiro/research/kv260-vlm-workers/RM10-A-resource-aware/experiments/rm10_a_resource_aware/source/vision_ffn_down.cpp:154) (distance = 10).
INFO: [ANALYSIS 214-51] Found inter dependency for variable 'accum.48' (/home/zhiro/research/kv260-vlm-workers/RM10-A-resource-aware/experiments/rm10_a_resource_aware/source/vision_ffn_down.cpp:154) (distance = 10).
INFO: [ANALYSIS 214-51] Found inter dependency for variable 'accum.47' (/home/zhiro/research/kv260-vlm-workers/RM10-A-resource-aware/experiments/rm10_a_resource_aware/source/vision_ffn_down.cpp:154) (distance = 10).
INFO: [ANALYSIS 214-51] Found inter dependency for variable 'accum.46' (/home/zhiro/research/kv260-vlm-workers/RM10-A-resource-aware/experiments/rm10_a_resource_aware/source/vision_ffn_down.cpp:154) (distance = 10).
INFO: [ANALYSIS 214-51] Found inter dependency for variable 'accum.45' (/home/zhiro/research/kv260-vlm-workers/RM10-A-resource-aware/experiments/rm10_a_resource_aware/source/vision_ffn_down.cpp:154) (distance = 10).
INFO: [ANALYSIS 214-51] Found inter dependency for variable 'accum.44' (/home/zhiro/research/kv260-vlm-workers/RM10-A-resource-aware/experiments/rm10_a_resource_aware/source/vision_ffn_down.cpp:154) (distance = 10).
INFO: [ANALYSIS 214-51] Found inter dependency for variable 'accum.43' (/home/zhiro/research/kv260-vlm-workers/RM10-A-resource-aware/experiments/rm10_a_resource_aware/source/vision_ffn_down.cpp:154) (distance = 10).
INFO: [ANALYSIS 214-51] Found inter dependency for variable 'accum.42' (/home/zhiro/research/kv260-vlm-workers/RM10-A-resource-aware/experiments/rm10_a_resource_aware/source/vision_ffn_down.cpp:154) (distance = 10).
INFO: [ANALYSIS 214-51] Found inter dependency for variable 'accum.41' (/home/zhiro/research/kv260-vlm-workers/RM10-A-resource-aware/experiments/rm10_a_resource_aware/source/vision_ffn_down.cpp:154) (distance = 10).
INFO: [ANALYSIS 214-51] Found inter dependency for variable 'accum.40' (/home/zhiro/research/kv260-vlm-workers/RM10-A-resource-aware/experiments/rm10_a_resource_aware/source/vision_ffn_down.cpp:154) (distance = 10).
INFO: [ANALYSIS 214-51] Found inter dependency for variable 'accum.39' (/home/zhiro/research/kv260-vlm-workers/RM10-A-resource-aware/experiments/rm10_a_resource_aware/source/vision_ffn_down.cpp:154) (distance = 10).
INFO: [ANALYSIS 214-51] Found inter dependency for variable 'accum.38' (/home/zhiro/research/kv260-vlm-workers/RM10-A-resource-aware/experiments/rm10_a_resource_aware/source/vision_ffn_down.cpp:154) (distance = 10).
INFO: [ANALYSIS 214-51] Found inter dependency for variable 'accum.37' (/home/zhiro/research/kv260-vlm-workers/RM10-A-resource-aware/experiments/rm10_a_resource_aware/source/vision_ffn_down.cpp:154) (distance = 10).
INFO: [ANALYSIS 214-51] Found inter dependency for variable 'accum.36' (/home/zhiro/research/kv260-vlm-workers/RM10-A-resource-aware/experiments/rm10_a_resource_aware/source/vision_ffn_down.cpp:154) (distance = 10).
INFO: [ANALYSIS 214-51] Found inter dependency for variable 'accum.35' (/home/zhiro/research/kv260-vlm-workers/RM10-A-resource-aware/experiments/rm10_a_resource_aware/source/vision_ffn_down.cpp:154) (distance = 10).
INFO: [ANALYSIS 214-51] Found inter dependency for variable 'accum.34' (/home/zhiro/research/kv260-vlm-workers/RM10-A-resource-aware/experiments/rm10_a_resource_aware/source/vision_ffn_down.cpp:154) (distance = 10).
INFO: [ANALYSIS 214-51] Found inter dependency for variable 'accum.33' (/home/zhiro/research/kv260-vlm-workers/RM10-A-resource-aware/experiments/rm10_a_resource_aware/source/vision_ffn_down.cpp:154) (distance = 10).
INFO: [ANALYSIS 214-51] Found inter dependency for variable 'accum.32' (/home/zhiro/research/kv260-vlm-workers/RM10-A-resource-aware/experiments/rm10_a_resource_aware/source/vision_ffn_down.cpp:154) (distance = 10).
INFO: [ANALYSIS 214-51] Found inter dependency for variable 'accum.31' (/home/zhiro/research/kv260-vlm-workers/RM10-A-resource-aware/experiments/rm10_a_resource_aware/source/vision_ffn_down.cpp:154) (distance = 10).
INFO: [ANALYSIS 214-51] Found inter dependency for variable 'accum.30' (/home/zhiro/research/kv260-vlm-workers/RM10-A-resource-aware/experiments/rm10_a_resource_aware/source/vision_ffn_down.cpp:154) (distance = 10).
INFO: [ANALYSIS 214-51] Found inter dependency for variable 'accum.29' (/home/zhiro/research/kv260-vlm-workers/RM10-A-resource-aware/experiments/rm10_a_resource_aware/source/vision_ffn_down.cpp:154) (distance = 10).
INFO: [ANALYSIS 214-51] Found inter dependency for variable 'accum.28' (/home/zhiro/research/kv260-vlm-workers/RM10-A-resource-aware/experiments/rm10_a_resource_aware/source/vision_ffn_down.cpp:154) (distance = 10).
INFO: [ANALYSIS 214-51] Found inter dependency for variable 'accum.27' (/home/zhiro/research/kv260-vlm-workers/RM10-A-resource-aware/experiments/rm10_a_resource_aware/source/vision_ffn_down.cpp:154) (distance = 10).
INFO: [ANALYSIS 214-51] Found inter dependency for variable 'accum.26' (/home/zhiro/research/kv260-vlm-workers/RM10-A-resource-aware/experiments/rm10_a_resource_aware/source/vision_ffn_down.cpp:154) (distance = 10).
INFO: [ANALYSIS 214-51] Found inter dependency for variable 'accum.25' (/home/zhiro/research/kv260-vlm-workers/RM10-A-resource-aware/experiments/rm10_a_resource_aware/source/vision_ffn_down.cpp:154) (distance = 10).
INFO: [ANALYSIS 214-51] Found inter dependency for variable 'accum.24' (/home/zhiro/research/kv260-vlm-workers/RM10-A-resource-aware/experiments/rm10_a_resource_aware/source/vision_ffn_down.cpp:154) (distance = 10).
INFO: [ANALYSIS 214-51] Found inter dependency for variable 'accum.23' (/home/zhiro/research/kv260-vlm-workers/RM10-A-resource-aware/experiments/rm10_a_resource_aware/source/vision_ffn_down.cpp:154) (distance = 10).
INFO: [ANALYSIS 214-51] Found inter dependency for variable 'accum.22' (/home/zhiro/research/kv260-vlm-workers/RM10-A-resource-aware/experiments/rm10_a_resource_aware/source/vision_ffn_down.cpp:154) (distance = 10).
INFO: [ANALYSIS 214-51] Found inter dependency for variable 'accum.21' (/home/zhiro/research/kv260-vlm-workers/RM10-A-resource-aware/experiments/rm10_a_resource_aware/source/vision_ffn_down.cpp:154) (distance = 10).
INFO: [ANALYSIS 214-51] Found inter dependency for variable 'accum.20' (/home/zhiro/research/kv260-vlm-workers/RM10-A-resource-aware/experiments/rm10_a_resource_aware/source/vision_ffn_down.cpp:154) (distance = 10).
INFO: [ANALYSIS 214-51] Found inter dependency for variable 'accum.19' (/home/zhiro/research/kv260-vlm-workers/RM10-A-resource-aware/experiments/rm10_a_resource_aware/source/vision_ffn_down.cpp:154) (distance = 10).
INFO: [ANALYSIS 214-51] Found inter dependency for variable 'accum.18' (/home/zhiro/research/kv260-vlm-workers/RM10-A-resource-aware/experiments/rm10_a_resource_aware/source/vision_ffn_down.cpp:154) (distance = 10).
INFO: [ANALYSIS 214-51] Found inter dependency for variable 'accum.17' (/home/zhiro/research/kv260-vlm-workers/RM10-A-resource-aware/experiments/rm10_a_resource_aware/source/vision_ffn_down.cpp:154) (distance = 10).
INFO: [ANALYSIS 214-51] Found inter dependency for variable 'accum.16' (/home/zhiro/research/kv260-vlm-workers/RM10-A-resource-aware/experiments/rm10_a_resource_aware/source/vision_ffn_down.cpp:154) (distance = 10).
INFO: [ANALYSIS 214-51] Found inter dependency for variable 'accum.15' (/home/zhiro/research/kv260-vlm-workers/RM10-A-resource-aware/experiments/rm10_a_resource_aware/source/vision_ffn_down.cpp:154) (distance = 10).
INFO: [ANALYSIS 214-51] Found inter dependency for variable 'accum.14' (/home/zhiro/research/kv260-vlm-workers/RM10-A-resource-aware/experiments/rm10_a_resource_aware/source/vision_ffn_down.cpp:154) (distance = 10).
INFO: [ANALYSIS 214-51] Found inter dependency for variable 'accum.13' (/home/zhiro/research/kv260-vlm-workers/RM10-A-resource-aware/experiments/rm10_a_resource_aware/source/vision_ffn_down.cpp:154) (distance = 10).
INFO: [ANALYSIS 214-51] Found inter dependency for variable 'accum.12' (/home/zhiro/research/kv260-vlm-workers/RM10-A-resource-aware/experiments/rm10_a_resource_aware/source/vision_ffn_down.cpp:154) (distance = 10).
INFO: [ANALYSIS 214-51] Found inter dependency for variable 'accum.11' (/home/zhiro/research/kv260-vlm-workers/RM10-A-resource-aware/experiments/rm10_a_resource_aware/source/vision_ffn_down.cpp:154) (distance = 10).
INFO: [ANALYSIS 214-51] Found inter dependency for variable 'accum.10' (/home/zhiro/research/kv260-vlm-workers/RM10-A-resource-aware/experiments/rm10_a_resource_aware/source/vision_ffn_down.cpp:154) (distance = 10).
INFO: [ANALYSIS 214-51] Found inter dependency for variable 'accum.9' (/home/zhiro/research/kv260-vlm-workers/RM10-A-resource-aware/experiments/rm10_a_resource_aware/source/vision_ffn_down.cpp:154) (distance = 10).
INFO: [ANALYSIS 214-51] Found inter dependency for variable 'accum.8' (/home/zhiro/research/kv260-vlm-workers/RM10-A-resource-aware/experiments/rm10_a_resource_aware/source/vision_ffn_down.cpp:154) (distance = 10).
INFO: [ANALYSIS 214-51] Found inter dependency for variable 'accum.7' (/home/zhiro/research/kv260-vlm-workers/RM10-A-resource-aware/experiments/rm10_a_resource_aware/source/vision_ffn_down.cpp:154) (distance = 10).
INFO: [ANALYSIS 214-51] Found inter dependency for variable 'accum.6' (/home/zhiro/research/kv260-vlm-workers/RM10-A-resource-aware/experiments/rm10_a_resource_aware/source/vision_ffn_down.cpp:154) (distance = 10).
INFO: [ANALYSIS 214-51] Found inter dependency for variable 'accum.5' (/home/zhiro/research/kv260-vlm-workers/RM10-A-resource-aware/experiments/rm10_a_resource_aware/source/vision_ffn_down.cpp:154) (distance = 10).
INFO: [ANALYSIS 214-51] Found inter dependency for variable 'accum.4' (/home/zhiro/research/kv260-vlm-workers/RM10-A-resource-aware/experiments/rm10_a_resource_aware/source/vision_ffn_down.cpp:154) (distance = 10).
INFO: [ANALYSIS 214-51] Found inter dependency for variable 'accum.3' (/home/zhiro/research/kv260-vlm-workers/RM10-A-resource-aware/experiments/rm10_a_resource_aware/source/vision_ffn_down.cpp:154) (distance = 10).
INFO: [ANALYSIS 214-51] Found inter dependency for variable 'accum.2' (/home/zhiro/research/kv260-vlm-workers/RM10-A-resource-aware/experiments/rm10_a_resource_aware/source/vision_ffn_down.cpp:154) (distance = 10).
INFO: [ANALYSIS 214-51] Found inter dependency for variable 'accum.1' (/home/zhiro/research/kv260-vlm-workers/RM10-A-resource-aware/experiments/rm10_a_resource_aware/source/vision_ffn_down.cpp:154) (distance = 10).
INFO: [ANALYSIS 214-51] Found inter dependency for variable 'accum' (/home/zhiro/research/kv260-vlm-workers/RM10-A-resource-aware/experiments/rm10_a_resource_aware/source/vision_ffn_down.cpp:154) (distance = 10).
INFO: [HLS 200-111] Finished Architecture Synthesis: CPU user time: 1.18 seconds. CPU system time: 0.03 seconds. Elapsed time: 1.21 seconds; current allocated memory: 431.160 MB.
INFO: [HLS 200-10] Starting hardware synthesis ...
INFO: [HLS 200-10] Synthesizing 'vision_ffn_down_tile' ...
WARNING: [SYN 201-103] Legalizing function name '(anonymous namespace)compute_weight_batch_Pipeline_VITIS_LOOP_80_2_VITIS_LOOP_81' to 'p_anonymous_namespace_compute_weight_batch_Pipeline_VITIS_LOOP_80_2_VITIS_LOOP_81'.
WARNING: [SYN 201-103] Legalizing function name '(anonymous namespace)compute_weight_batch_Pipeline_VITIS_LOOP_168_9' to 'p_anonymous_namespace_compute_weight_batch_Pipeline_VITIS_LOOP_168_9'.
WARNING: [SYN 201-103] Legalizing function name '(anonymous namespace)compute_weight_batch_Pipeline_VITIS_LOOP_366_15_VITIS_LOOP_' to 'p_anonymous_namespace_compute_weight_batch_Pipeline_VITIS_LOOP_366_15_VITIS_LOOP_s'.
WARNING: [SYN 201-103] Legalizing function name '(anonymous namespace)compute_weight_batch' to 'p_anonymous_namespace_compute_weight_batch'.
WARNING: [SYN 201-103] Legalizing function name '(anonymous namespace)stage_activation_Pipeline_VITIS_LOOP_63_1_VITIS_LOOP_64_2' to 'p_anonymous_namespace_stage_activation_Pipeline_VITIS_LOOP_63_1_VITIS_LOOP_64_2'.
WARNING: [SYN 201-103] Legalizing function name '(anonymous namespace)stage_activation' to 'p_anonymous_namespace_stage_activation'.
INFO: [HLS 200-10] ----------------------------------------------------------------
INFO: [HLS 200-42] -- Implementing module 'p_anonymous_namespace_compute_weight_batch_Pipeline_VITIS_LOOP_80_2_VITIS_LOOP_81' 
INFO: [HLS 200-10] ----------------------------------------------------------------
INFO: [SCHED 204-11] Starting scheduling ...
INFO: [HLS 200-486] Changing DSP latency (root=add_ln84) to 3 in order to utilize available DSP registers.
WARNING: [HLS 200-2042] Usage of URAM can potentially cause worse II as Vitis HLS does not exploit read-first mode for URAMs. Consider using BRAMs instead.
WARNING: [HLS 200-2042] Usage of URAM can potentially cause worse II as Vitis HLS does not exploit read-first mode for URAMs. Consider using BRAMs instead.
WARNING: [HLS 200-2042] Usage of URAM can potentially cause worse II as Vitis HLS does not exploit read-first mode for URAMs. Consider using BRAMs instead.
WARNING: [HLS 200-2042] Usage of URAM can potentially cause worse II as Vitis HLS does not exploit read-first mode for URAMs. Consider using BRAMs instead.
INFO: [SCHED 204-61] Pipelining loop 'VITIS_LOOP_80_2_VITIS_LOOP_81_3'.
INFO: [HLS 200-1470] Pipelining result : Target II = 1, Final II = 1, Depth = 4, loop 'VITIS_LOOP_80_2_VITIS_LOOP_81_3'
INFO: [SCHED 204-11] Finished scheduling.
INFO: [HLS 200-111] Finished Scheduling: CPU user time: 0.22 seconds. CPU system time: 0.02 seconds. Elapsed time: 0.25 seconds; current allocated memory: 431.160 MB.
INFO: [BIND 205-100] Starting micro-architecture generation ...
INFO: [BIND 205-101] Performing variable lifetime analysis.
INFO: [BIND 205-101] Exploring resource sharing.
INFO: [BIND 205-101] Binding ...
INFO: [BIND 205-100] Finished micro-architecture generation.
INFO: [HLS 200-111] Finished Binding: CPU user time: 0.02 seconds. CPU system time: 0 seconds. Elapsed time: 0.02 seconds; current allocated memory: 431.160 MB.
INFO: [HLS 200-10] ----------------------------------------------------------------
INFO: [HLS 200-42] -- Implementing module 'p_anonymous_namespace_compute_weight_batch_Pipeline_VITIS_LOOP_168_9' 
INFO: [HLS 200-10] ----------------------------------------------------------------
INFO: [SCHED 204-11] Starting scheduling ...
WARNING: [HLS 200-2042] Usage of URAM can potentially cause worse II as Vitis HLS does not exploit read-first mode for URAMs. Consider using BRAMs instead.
WARNING: [HLS 200-2042] Usage of URAM can potentially cause worse II as Vitis HLS does not exploit read-first mode for URAMs. Consider using BRAMs instead.
WARNING: [HLS 200-2042] Usage of URAM can potentially cause worse II as Vitis HLS does not exploit read-first mode for URAMs. Consider using BRAMs instead.
WARNING: [HLS 200-2042] Usage of URAM can potentially cause worse II as Vitis HLS does not exploit read-first mode for URAMs. Consider using BRAMs instead.
WARNING: [HLS 200-2042] Usage of URAM can potentially cause worse II as Vitis HLS does not exploit read-first mode for URAMs. Consider using BRAMs instead.
WARNING: [HLS 200-2042] Usage of URAM can potentially cause worse II as Vitis HLS does not exploit read-first mode for URAMs. Consider using BRAMs instead.
WARNING: [HLS 200-2042] Usage of URAM can potentially cause worse II as Vitis HLS does not exploit read-first mode for URAMs. Consider using BRAMs instead.
WARNING: [HLS 200-2042] Usage of URAM can potentially cause worse II as Vitis HLS does not exploit read-first mode for URAMs. Consider using BRAMs instead.
INFO: [SCHED 204-61] Pipelining loop 'VITIS_LOOP_168_9'.
INFO: [HLS 200-1470] Pipelining result : Target II = 1, Final II = 1, Depth = 35, loop 'VITIS_LOOP_168_9'
INFO: [SCHED 204-11] Finished scheduling.
INFO: [HLS 200-111] Finished Scheduling: CPU user time: 0.76 seconds. CPU system time: 0.01 seconds. Elapsed time: 0.77 seconds; current allocated memory: 459.613 MB.
INFO: [BIND 205-100] Starting micro-architecture generation ...
INFO: [BIND 205-101] Performing variable lifetime analysis.
INFO: [BIND 205-101] Exploring resource sharing.
INFO: [BIND 205-101] Binding ...
INFO: [BIND 205-100] Finished micro-architecture generation.
INFO: [HLS 200-111] Finished Binding: CPU user time: 0.23 seconds. CPU system time: 0.01 seconds. Elapsed time: 0.24 seconds; current allocated memory: 471.938 MB.
INFO: [HLS 200-10] ----------------------------------------------------------------
INFO: [HLS 200-42] -- Implementing module 'p_anonymous_namespace_compute_weight_batch_Pipeline_VITIS_LOOP_366_15_VITIS_LOOP_s' 
INFO: [HLS 200-10] ----------------------------------------------------------------
INFO: [SCHED 204-11] Starting scheduling ...
INFO: [SCHED 204-61] Pipelining loop 'VITIS_LOOP_366_15_VITIS_LOOP_367_16'.
INFO: [HLS 200-1470] Pipelining result : Target II = 1, Final II = 1, Depth = 5, loop 'VITIS_LOOP_366_15_VITIS_LOOP_367_16'
INFO: [SCHED 204-11] Finished scheduling.
INFO: [HLS 200-111] Finished Scheduling: CPU user time: 0.18 seconds. CPU system time: 0 seconds. Elapsed time: 0.18 seconds; current allocated memory: 471.938 MB.
INFO: [BIND 205-100] Starting micro-architecture generation ...
INFO: [BIND 205-101] Performing variable lifetime analysis.
INFO: [BIND 205-101] Exploring resource sharing.
INFO: [BIND 205-101] Binding ...
INFO: [BIND 205-100] Finished micro-architecture generation.
INFO: [HLS 200-111] Finished Binding: CPU user time: 0.02 seconds. CPU system time: 0 seconds. Elapsed time: 0.02 seconds; current allocated memory: 471.938 MB.
INFO: [HLS 200-10] ----------------------------------------------------------------
INFO: [HLS 200-42] -- Implementing module 'p_anonymous_namespace_compute_weight_batch' 
INFO: [HLS 200-10] ----------------------------------------------------------------
INFO: [SCHED 204-11] Starting scheduling ...
INFO: [SCHED 204-11] Finished scheduling.
INFO: [HLS 200-111] Finished Scheduling: CPU user time: 0.18 seconds. CPU system time: 0.01 seconds. Elapsed time: 0.19 seconds; current allocated memory: 475.734 MB.
INFO: [BIND 205-100] Starting micro-architecture generation ...
INFO: [BIND 205-101] Performing variable lifetime analysis.
INFO: [BIND 205-101] Exploring resource sharing.
WARNING: [BIND 205-102] The specified resource core for memory 'result_tile' will be ignored if a simpler one can be used.
WARNING: [BIND 205-102] The specified resource core for memory 'result_tile_1' will be ignored if a simpler one can be used.
WARNING: [BIND 205-102] The specified resource core for memory 'result_tile_2' will be ignored if a simpler one can be used.
WARNING: [BIND 205-102] The specified resource core for memory 'result_tile_3' will be ignored if a simpler one can be used.
WARNING: [BIND 205-102] The specified resource core for memory 'result_tile_4' will be ignored if a simpler one can be used.
WARNING: [BIND 205-102] The specified resource core for memory 'result_tile_5' will be ignored if a simpler one can be used.
WARNING: [BIND 205-102] The specified resource core for memory 'result_tile_6' will be ignored if a simpler one can be used.
WARNING: [BIND 205-102] The specified resource core for memory 'result_tile_7' will be ignored if a simpler one can be used.
WARNING: [BIND 205-102] The specified resource core for memory 'result_tile_8' will be ignored if a simpler one can be used.
WARNING: [BIND 205-102] The specified resource core for memory 'result_tile_9' will be ignored if a simpler one can be used.
WARNING: [BIND 205-102] The specified resource core for memory 'result_tile_10' will be ignored if a simpler one can be used.
WARNING: [BIND 205-102] The specified resource core for memory 'result_tile_11' will be ignored if a simpler one can be used.
WARNING: [BIND 205-102] The specified resource core for memory 'result_tile_12' will be ignored if a simpler one can be used.
WARNING: [BIND 205-102] The specified resource core for memory 'result_tile_13' will be ignored if a simpler one can be used.
WARNING: [BIND 205-102] The specified resource core for memory 'result_tile_14' will be ignored if a simpler one can be used.
WARNING: [BIND 205-102] The specified resource core for memory 'result_tile_15' will be ignored if a simpler one can be used.
INFO: [BIND 205-101] Binding ...
INFO: [BIND 205-100] Finished micro-architecture generation.
INFO: [HLS 200-111] Finished Binding: CPU user time: 0.1 seconds. CPU system time: 0 seconds. Elapsed time: 0.11 seconds; current allocated memory: 476.875 MB.
INFO: [HLS 200-10] ----------------------------------------------------------------
INFO: [HLS 200-42] -- Implementing module 'p_anonymous_namespace_stage_activation_Pipeline_VITIS_LOOP_63_1_VITIS_LOOP_64_2' 
INFO: [HLS 200-10] ----------------------------------------------------------------
INFO: [SCHED 204-11] Starting scheduling ...
INFO: [HLS 200-486] Changing DSP latency (root=add_ln66) to 3 in order to utilize available DSP registers.
WARNING: [HLS 200-2042] Usage of URAM can potentially cause worse II as Vitis HLS does not exploit read-first mode for URAMs. Consider using BRAMs instead.
WARNING: [HLS 200-2042] Usage of URAM can potentially cause worse II as Vitis HLS does not exploit read-first mode for URAMs. Consider using BRAMs instead.
WARNING: [HLS 200-2042] Usage of URAM can potentially cause worse II as Vitis HLS does not exploit read-first mode for URAMs. Consider using BRAMs instead.
WARNING: [HLS 200-2042] Usage of URAM can potentially cause worse II as Vitis HLS does not exploit read-first mode for URAMs. Consider using BRAMs instead.
INFO: [SCHED 204-61] Pipelining loop 'VITIS_LOOP_63_1_VITIS_LOOP_64_2'.
INFO: [HLS 200-1470] Pipelining result : Target II = 1, Final II = 1, Depth = 5, loop 'VITIS_LOOP_63_1_VITIS_LOOP_64_2'
INFO: [SCHED 204-11] Finished scheduling.
INFO: [HLS 200-111] Finished Scheduling: CPU user time: 0.09 seconds. CPU system time: 0.01 seconds. Elapsed time: 0.08 seconds; current allocated memory: 478.195 MB.
INFO: [BIND 205-100] Starting micro-architecture generation ...
INFO: [BIND 205-101] Performing variable lifetime analysis.
INFO: [BIND 205-101] Exploring resource sharing.
INFO: [BIND 205-101] Binding ...
INFO: [BIND 205-100] Finished micro-architecture generation.
INFO: [HLS 200-111] Finished Binding: CPU user time: 0.01 seconds. CPU system time: 0 seconds. Elapsed time: 0.01 seconds; current allocated memory: 478.195 MB.
INFO: [HLS 200-10] ----------------------------------------------------------------
INFO: [HLS 200-42] -- Implementing module 'p_anonymous_namespace_stage_activation' 
INFO: [HLS 200-10] ----------------------------------------------------------------
INFO: [SCHED 204-11] Starting scheduling ...
INFO: [SCHED 204-11] Finished scheduling.
INFO: [HLS 200-111] Finished Scheduling: CPU user time: 0.02 seconds. CPU system time: 0 seconds. Elapsed time: 0.03 seconds; current allocated memory: 478.578 MB.
INFO: [BIND 205-100] Starting micro-architecture generation ...
INFO: [BIND 205-101] Performing variable lifetime analysis.
INFO: [BIND 205-101] Exploring resource sharing.
INFO: [BIND 205-101] Binding ...
INFO: [BIND 205-100] Finished micro-architecture generation.
INFO: [HLS 200-111] Finished Binding: CPU user time: 0.02 seconds. CPU system time: 0 seconds. Elapsed time: 0.02 seconds; current allocated memory: 478.578 MB.
INFO: [HLS 200-10] ----------------------------------------------------------------
INFO: [HLS 200-42] -- Implementing module 'vision_ffn_down_tile' 
INFO: [HLS 200-10] ----------------------------------------------------------------
INFO: [SCHED 204-11] Starting scheduling ...
INFO: [SCHED 204-11] Finished scheduling.
INFO: [HLS 200-111] Finished Scheduling: CPU user time: 0.03 seconds. CPU system time: 0 seconds. Elapsed time: 0.03 seconds; current allocated memory: 479.043 MB.
INFO: [BIND 205-100] Starting micro-architecture generation ...
INFO: [BIND 205-101] Performing variable lifetime analysis.
INFO: [BIND 205-101] Exploring resource sharing.
INFO: [BIND 205-101] Binding ...
INFO: [BIND 205-100] Finished micro-architecture generation.
INFO: [HLS 200-111] Finished Binding: CPU user time: 0.03 seconds. CPU system time: 0 seconds. Elapsed time: 0.04 seconds; current allocated memory: 479.441 MB.
INFO: [HLS 200-10] ----------------------------------------------------------------
INFO: [HLS 200-10] -- Generating RTL for module 'p_anonymous_namespace_compute_weight_batch_Pipeline_VITIS_LOOP_80_2_VITIS_LOOP_81' 
INFO: [HLS 200-10] ----------------------------------------------------------------
INFO: [HLS 200-1030] Apply Unified Pipeline Control on module 'p_anonymous_namespace_compute_weight_batch_Pipeline_VITIS_LOOP_80_2_VITIS_LOOP_81' pipeline 'VITIS_LOOP_80_2_VITIS_LOOP_81_3' pipeline type 'loop pipeline'
WARNING: [RTGEN 206-101] Setting dangling out port 'p_anonymous_namespace_compute_weight_batch_Pipeline_VITIS_LOOP_80_2_VITIS_LOOP_81/m_axi_gmem_w_0_ARVALID' to 0.
WARNING: [RTGEN 206-101] Setting dangling out port 'p_anonymous_namespace_compute_weight_batch_Pipeline_VITIS_LOOP_80_2_VITIS_LOOP_81/m_axi_gmem_w_0_ARADDR' to 0.
WARNING: [RTGEN 206-101] Setting dangling out port 'p_anonymous_namespace_compute_weight_batch_Pipeline_VITIS_LOOP_80_2_VITIS_LOOP_81/m_axi_gmem_w_0_ARID' to 0.
WARNING: [RTGEN 206-101] Setting dangling out port 'p_anonymous_namespace_compute_weight_batch_Pipeline_VITIS_LOOP_80_2_VITIS_LOOP_81/m_axi_gmem_w_0_ARLEN' to 0.
WARNING: [RTGEN 206-101] Setting dangling out port 'p_anonymous_namespace_compute_weight_batch_Pipeline_VITIS_LOOP_80_2_VITIS_LOOP_81/m_axi_gmem_w_0_ARSIZE' to 0.
WARNING: [RTGEN 206-101] Setting dangling out port 'p_anonymous_namespace_compute_weight_batch_Pipeline_VITIS_LOOP_80_2_VITIS_LOOP_81/m_axi_gmem_w_0_ARBURST' to 0.
WARNING: [RTGEN 206-101] Setting dangling out port 'p_anonymous_namespace_compute_weight_batch_Pipeline_VITIS_LOOP_80_2_VITIS_LOOP_81/m_axi_gmem_w_0_ARLOCK' to 0.
WARNING: [RTGEN 206-101] Setting dangling out port 'p_anonymous_namespace_compute_weight_batch_Pipeline_VITIS_LOOP_80_2_VITIS_LOOP_81/m_axi_gmem_w_0_ARCACHE' to 0.
WARNING: [RTGEN 206-101] Setting dangling out port 'p_anonymous_namespace_compute_weight_batch_Pipeline_VITIS_LOOP_80_2_VITIS_LOOP_81/m_axi_gmem_w_0_ARPROT' to 0.
WARNING: [RTGEN 206-101] Setting dangling out port 'p_anonymous_namespace_compute_weight_batch_Pipeline_VITIS_LOOP_80_2_VITIS_LOOP_81/m_axi_gmem_w_0_ARQOS' to 0.
WARNING: [RTGEN 206-101] Setting dangling out port 'p_anonymous_namespace_compute_weight_batch_Pipeline_VITIS_LOOP_80_2_VITIS_LOOP_81/m_axi_gmem_w_0_ARREGION' to 0.
WARNING: [RTGEN 206-101] Setting dangling out port 'p_anonymous_namespace_compute_weight_batch_Pipeline_VITIS_LOOP_80_2_VITIS_LOOP_81/m_axi_gmem_w_0_ARUSER' to 0.
INFO: [RTGEN 206-100] Generating core module 'mac_muladd_10ns_2ns_10ns_12_4_1': 1 instance(s).
INFO: [RTGEN 206-100] Finished creating RTL model for 'p_anonymous_namespace_compute_weight_batch_Pipeline_VITIS_LOOP_80_2_VITIS_LOOP_81'.
INFO: [HLS 200-111] Finished Creating RTL model: CPU user time: 0.08 seconds. CPU system time: 0 seconds. Elapsed time: 0.08 seconds; current allocated memory: 480.348 MB.
INFO: [HLS 200-10] ----------------------------------------------------------------
INFO: [HLS 200-10] -- Generating RTL for module 'p_anonymous_namespace_compute_weight_batch_Pipeline_VITIS_LOOP_168_9' 
INFO: [HLS 200-10] ----------------------------------------------------------------
INFO: [HLS 200-1030] Apply Unified Pipeline Control on module 'p_anonymous_namespace_compute_weight_batch_Pipeline_VITIS_LOOP_168_9' pipeline 'VITIS_LOOP_168_9' pipeline type 'loop pipeline'
INFO: [RTGEN 206-104] Estimated max fanout for 'p_anonymous_namespace_compute_weight_batch_Pipeline_VITIS_LOOP_168_9' is 12200 from HDL expression: (1'b0 == ap_block_pp0_stage0_11001)
INFO: [RTGEN 206-100] Generating core module 'fadd_32ns_32ns_32_8_full_dsp_1': 64 instance(s).
INFO: [RTGEN 206-100] Generating core module 'fmul_32ns_32ns_32_5_max_dsp_1': 64 instance(s).
INFO: [RTGEN 206-100] Generating core module 'partselect_16ns_128ns_32ns_16_1_1': 16 instance(s).
INFO: [RTGEN 206-100] Generating core module 'partselect_32ns_256ns_32ns_32_1_1': 16 instance(s).
INFO: [RTGEN 206-100] Generating core module 'sparsemux_21_4_32_1_1': 16 instance(s).
INFO: [RTGEN 206-100] Generating core module 'sparsemux_9_3_32_1_1': 16 instance(s).
INFO: [RTGEN 206-100] Finished creating RTL model for 'p_anonymous_namespace_compute_weight_batch_Pipeline_VITIS_LOOP_168_9'.
INFO: [HLS 200-111] Finished Creating RTL model: CPU user time: 0.62 seconds. CPU system time: 0.02 seconds. Elapsed time: 0.64 seconds; current allocated memory: 515.891 MB.
INFO: [HLS 200-10] ----------------------------------------------------------------
INFO: [HLS 200-10] -- Generating RTL for module 'p_anonymous_namespace_compute_weight_batch_Pipeline_VITIS_LOOP_366_15_VITIS_LOOP_s' 
INFO: [HLS 200-10] ----------------------------------------------------------------
INFO: [HLS 200-1030] Apply Unified Pipeline Control on module 'p_anonymous_namespace_compute_weight_batch_Pipeline_VITIS_LOOP_366_15_VITIS_LOOP_s' pipeline 'VITIS_LOOP_366_15_VITIS_LOOP_367_16' pipeline type 'loop pipeline'
WARNING: [RTGEN 206-101] Setting dangling out port 'p_anonymous_namespace_compute_weight_batch_Pipeline_VITIS_LOOP_366_15_VITIS_LOOP_s/m_axi_gmem_y_0_AWVALID' to 0.
WARNING: [RTGEN 206-101] Setting dangling out port 'p_anonymous_namespace_compute_weight_batch_Pipeline_VITIS_LOOP_366_15_VITIS_LOOP_s/m_axi_gmem_y_0_AWADDR' to 0.
WARNING: [RTGEN 206-101] Setting dangling out port 'p_anonymous_namespace_compute_weight_batch_Pipeline_VITIS_LOOP_366_15_VITIS_LOOP_s/m_axi_gmem_y_0_AWID' to 0.
WARNING: [RTGEN 206-101] Setting dangling out port 'p_anonymous_namespace_compute_weight_batch_Pipeline_VITIS_LOOP_366_15_VITIS_LOOP_s/m_axi_gmem_y_0_AWLEN' to 0.
WARNING: [RTGEN 206-101] Setting dangling out port 'p_anonymous_namespace_compute_weight_batch_Pipeline_VITIS_LOOP_366_15_VITIS_LOOP_s/m_axi_gmem_y_0_AWSIZE' to 0.
WARNING: [RTGEN 206-101] Setting dangling out port 'p_anonymous_namespace_compute_weight_batch_Pipeline_VITIS_LOOP_366_15_VITIS_LOOP_s/m_axi_gmem_y_0_AWBURST' to 0.
WARNING: [RTGEN 206-101] Setting dangling out port 'p_anonymous_namespace_compute_weight_batch_Pipeline_VITIS_LOOP_366_15_VITIS_LOOP_s/m_axi_gmem_y_0_AWLOCK' to 0.
WARNING: [RTGEN 206-101] Setting dangling out port 'p_anonymous_namespace_compute_weight_batch_Pipeline_VITIS_LOOP_366_15_VITIS_LOOP_s/m_axi_gmem_y_0_AWCACHE' to 0.
WARNING: [RTGEN 206-101] Setting dangling out port 'p_anonymous_namespace_compute_weight_batch_Pipeline_VITIS_LOOP_366_15_VITIS_LOOP_s/m_axi_gmem_y_0_AWPROT' to 0.
WARNING: [RTGEN 206-101] Setting dangling out port 'p_anonymous_namespace_compute_weight_batch_Pipeline_VITIS_LOOP_366_15_VITIS_LOOP_s/m_axi_gmem_y_0_AWQOS' to 0.
WARNING: [RTGEN 206-101] Setting dangling out port 'p_anonymous_namespace_compute_weight_batch_Pipeline_VITIS_LOOP_366_15_VITIS_LOOP_s/m_axi_gmem_y_0_AWREGION' to 0.
WARNING: [RTGEN 206-101] Setting dangling out port 'p_anonymous_namespace_compute_weight_batch_Pipeline_VITIS_LOOP_366_15_VITIS_LOOP_s/m_axi_gmem_y_0_AWUSER' to 0.
WARNING: [RTGEN 206-101] Setting dangling out port 'p_anonymous_namespace_compute_weight_batch_Pipeline_VITIS_LOOP_366_15_VITIS_LOOP_s/m_axi_gmem_y_0_BREADY' to 0.
INFO: [RTGEN 206-100] Finished creating RTL model for 'p_anonymous_namespace_compute_weight_batch_Pipeline_VITIS_LOOP_366_15_VITIS_LOOP_s'.
INFO: [HLS 200-111] Finished Creating RTL model: CPU user time: 0.6 seconds. CPU system time: 0.02 seconds. Elapsed time: 0.63 seconds; current allocated memory: 570.051 MB.
INFO: [HLS 200-10] ----------------------------------------------------------------
INFO: [HLS 200-10] -- Generating RTL for module 'p_anonymous_namespace_compute_weight_batch' 
INFO: [HLS 200-10] ----------------------------------------------------------------
INFO: [RTGEN 206-100] Generating core module 'fadd_32ns_32ns_32_8_full_dsp_1': 48 instance(s).
INFO: [RTGEN 206-100] Generating core module 'mul_2ns_11ns_11_1_1': 1 instance(s).
INFO: [RTGEN 206-100] Generating core module 'mul_3ns_11ns_12_1_1': 1 instance(s).
INFO: [RTGEN 206-100] Finished creating RTL model for 'p_anonymous_namespace_compute_weight_batch'.
INFO: [RTMG 210-278] Implementing memory 'vision_ffn_down_tile_p_anonymous_namespace_compute_weight_batch_weight_cache_RAM_2P_URAM_1R1W' using ultra RAMs.
INFO: [RTMG 210-278] Implementing memory 'vision_ffn_down_tile_p_anonymous_namespace_compute_weight_batch_result_tile_RAM_2P_BRAM_1R1W' using block RAMs.
INFO: [HLS 200-111] Finished Creating RTL model: CPU user time: 0.12 seconds. CPU system time: 0.01 seconds. Elapsed time: 0.13 seconds; current allocated memory: 570.051 MB.
INFO: [HLS 200-10] ----------------------------------------------------------------
INFO: [HLS 200-10] -- Generating RTL for module 'p_anonymous_namespace_stage_activation_Pipeline_VITIS_LOOP_63_1_VITIS_LOOP_64_2' 
INFO: [HLS 200-10] ----------------------------------------------------------------
INFO: [HLS 200-1030] Apply Unified Pipeline Control on module 'p_anonymous_namespace_stage_activation_Pipeline_VITIS_LOOP_63_1_VITIS_LOOP_64_2' pipeline 'VITIS_LOOP_63_1_VITIS_LOOP_64_2' pipeline type 'loop pipeline'
WARNING: [RTGEN 206-101] Setting dangling out port 'p_anonymous_namespace_stage_activation_Pipeline_VITIS_LOOP_63_1_VITIS_LOOP_64_2/m_axi_gmem_x_0_ARVALID' to 0.
WARNING: [RTGEN 206-101] Setting dangling out port 'p_anonymous_namespace_stage_activation_Pipeline_VITIS_LOOP_63_1_VITIS_LOOP_64_2/m_axi_gmem_x_0_ARADDR' to 0.
WARNING: [RTGEN 206-101] Setting dangling out port 'p_anonymous_namespace_stage_activation_Pipeline_VITIS_LOOP_63_1_VITIS_LOOP_64_2/m_axi_gmem_x_0_ARID' to 0.
WARNING: [RTGEN 206-101] Setting dangling out port 'p_anonymous_namespace_stage_activation_Pipeline_VITIS_LOOP_63_1_VITIS_LOOP_64_2/m_axi_gmem_x_0_ARLEN' to 0.
WARNING: [RTGEN 206-101] Setting dangling out port 'p_anonymous_namespace_stage_activation_Pipeline_VITIS_LOOP_63_1_VITIS_LOOP_64_2/m_axi_gmem_x_0_ARSIZE' to 0.
WARNING: [RTGEN 206-101] Setting dangling out port 'p_anonymous_namespace_stage_activation_Pipeline_VITIS_LOOP_63_1_VITIS_LOOP_64_2/m_axi_gmem_x_0_ARBURST' to 0.
WARNING: [RTGEN 206-101] Setting dangling out port 'p_anonymous_namespace_stage_activation_Pipeline_VITIS_LOOP_63_1_VITIS_LOOP_64_2/m_axi_gmem_x_0_ARLOCK' to 0.
WARNING: [RTGEN 206-101] Setting dangling out port 'p_anonymous_namespace_stage_activation_Pipeline_VITIS_LOOP_63_1_VITIS_LOOP_64_2/m_axi_gmem_x_0_ARCACHE' to 0.
WARNING: [RTGEN 206-101] Setting dangling out port 'p_anonymous_namespace_stage_activation_Pipeline_VITIS_LOOP_63_1_VITIS_LOOP_64_2/m_axi_gmem_x_0_ARPROT' to 0.
WARNING: [RTGEN 206-101] Setting dangling out port 'p_anonymous_namespace_stage_activation_Pipeline_VITIS_LOOP_63_1_VITIS_LOOP_64_2/m_axi_gmem_x_0_ARQOS' to 0.
WARNING: [RTGEN 206-101] Setting dangling out port 'p_anonymous_namespace_stage_activation_Pipeline_VITIS_LOOP_63_1_VITIS_LOOP_64_2/m_axi_gmem_x_0_ARREGION' to 0.
WARNING: [RTGEN 206-101] Setting dangling out port 'p_anonymous_namespace_stage_activation_Pipeline_VITIS_LOOP_63_1_VITIS_LOOP_64_2/m_axi_gmem_x_0_ARUSER' to 0.
INFO: [RTGEN 206-100] Generating core module 'mac_muladd_10ns_3ns_10ns_13_4_1': 1 instance(s).
INFO: [RTGEN 206-100] Finished creating RTL model for 'p_anonymous_namespace_stage_activation_Pipeline_VITIS_LOOP_63_1_VITIS_LOOP_64_2'.
INFO: [HLS 200-111] Finished Creating RTL model: CPU user time: 0.2 seconds. CPU system time: 0.01 seconds. Elapsed time: 0.21 seconds; current allocated memory: 580.012 MB.
INFO: [HLS 200-10] ----------------------------------------------------------------
INFO: [HLS 200-10] -- Generating RTL for module 'p_anonymous_namespace_stage_activation' 
INFO: [HLS 200-10] ----------------------------------------------------------------
INFO: [RTGEN 206-100] Generating core module 'mul_15s_11ns_15_1_1': 1 instance(s).
INFO: [RTGEN 206-100] Finished creating RTL model for 'p_anonymous_namespace_stage_activation'.
INFO: [HLS 200-111] Finished Creating RTL model: CPU user time: 0.04 seconds. CPU system time: 0 seconds. Elapsed time: 0.05 seconds; current allocated memory: 584.109 MB.
INFO: [HLS 200-10] ----------------------------------------------------------------
INFO: [HLS 200-10] -- Generating RTL for module 'vision_ffn_down_tile' 
INFO: [HLS 200-10] ----------------------------------------------------------------
WARNING: [RTGEN 206-101] Design contains AXI ports. Reset is fixed to synchronous and active low.
INFO: [RTGEN 206-500] Setting interface mode on port 'vision_ffn_down_tile/gmem_w' to 'm_axi'.
INFO: [RTGEN 206-500] Setting interface mode on port 'vision_ffn_down_tile/gmem_x' to 'm_axi'.
INFO: [RTGEN 206-500] Setting interface mode on port 'vision_ffn_down_tile/gmem_y' to 'm_axi'.
INFO: [RTGEN 206-500] Setting interface mode on port 'vision_ffn_down_tile/weight_batch_f16' to 's_axilite & ap_none'.
INFO: [RTGEN 206-500] Setting interface mode on port 'vision_ffn_down_tile/activation_tile_f32' to 's_axilite & ap_none'.
INFO: [RTGEN 206-500] Setting interface mode on port 'vision_ffn_down_tile/output_batch_f32' to 's_axilite & ap_none'.
INFO: [RTGEN 206-500] Setting interface mode on port 'vision_ffn_down_tile/task_r' to 's_axilite & ap_none'.
INFO: [RTGEN 206-500] Setting interface mode on port 'vision_ffn_down_tile/active_N' to 's_axilite & ap_none'.
INFO: [RTGEN 206-500] Setting interface mode on port 'vision_ffn_down_tile/n_base' to 's_axilite & ap_none'.
INFO: [RTGEN 206-500] Setting interface mode on port 'vision_ffn_down_tile/m_base' to 's_axilite & ap_none'.
INFO: [RTGEN 206-500] Setting interface mode on port 'vision_ffn_down_tile/tile_rows' to 's_axilite & ap_none'.
INFO: [RTGEN 206-500] Setting interface mode on function 'vision_ffn_down_tile' to 's_axilite & ap_ctrl_hs'.
WARNING: [RTGEN 206-101] Register 'cached_active_N' is power-on initialization.
WARNING: [RTGEN 206-101] Register 'cached_n_base' is power-on initialization.
WARNING: [RTGEN 206-101] Register 'cached_tile_rows' is power-on initialization.
WARNING: [RTGEN 206-101] Register 'cache_valid' is power-on initialization.
INFO: [RTGEN 206-100] Bundling port 'return', 'weight_batch_f16', 'activation_tile_f32', 'output_batch_f32', 'task_r', 'n_base', 'm_base' and 'tile_rows' to AXI-Lite port control.
INFO: [RTGEN 206-100] Finished creating RTL model for 'vision_ffn_down_tile'.
INFO: [RTMG 210-278] Implementing memory 'vision_ffn_down_tile_p_ZN12_GLOBAL_N_116activation_cacheE_0_RAM_2P_URAM_1R1W' using ultra RAMs.
INFO: [HLS 200-111] Finished Creating RTL model: CPU user time: 0.09 seconds. CPU system time: 0.01 seconds. Elapsed time: 0.09 seconds; current allocated memory: 585.965 MB.
INFO: [HLS 200-111] Finished Generating all RTL models: CPU user time: 0.21 seconds. CPU system time: 0.01 seconds. Elapsed time: 0.22 seconds; current allocated memory: 589.105 MB.
INFO: [HLS 200-1603] Design has inferred MAXI bursts and missed bursts, see Vitis HLS GUI synthesis summary report for detailed information.
INFO: [HLS 200-111] Finished Updating report files: CPU user time: 0.65 seconds. CPU system time: 0.01 seconds. Elapsed time: 0.66 seconds; current allocated memory: 615.438 MB.
INFO: [VHDL 208-304] Generating VHDL RTL for vision_ffn_down_tile.
INFO: [VLOG 209-307] Generating Verilog RTL for vision_ffn_down_tile.
INFO: [HLS 200-790] **** Loop Constraint Status: All loop constraints were satisfied.
INFO: [HLS 200-789] **** Estimated Fmax: 259.26 MHz
INFO: [HLS 200-2161] Finished Command csynth_design Elapsed time: 00:00:21; Allocated memory: 305.301 MB.
INFO: [HLS 200-1510] Running: cosim_design -rtl verilog 
INFO: [COSIM 212-47] Using XSIM for RTL simulation.
INFO: [COSIM 212-14] Instrumenting C test bench ...
   Build using "/home/zhiro/research/kv260-vlm/tools/Xilinx/Vitis/2024.2/vcxx/libexec//clang++"
   Compiling apatb_vision_ffn_down_tile.cpp
   Compiling tb_rm10.cpp_pre.cpp.tb.cpp
   Compiling vision_ffn_down.cpp_pre.cpp.tb.cpp
   Compiling apatb_vision_ffn_down_tile_ir.ll
   Generating cosim.tv.exe
INFO: [COSIM 212-302] Starting C TB testing ... 
RM10 C-sim PASS: all 4096 outputs are 4304
INFO: [COSIM 212-333] Generating C post check test bench ...
INFO: [COSIM 212-12] Generating RTL test bench ...
WARNING: /home/zhiro/research/kv260-vlm/tools/Xilinx/Vivado/2024.2/tps/lnx64/jre11.0.16_1 does not exist.

****** Vivado v2024.2 (64-bit)
  **** SW Build 5239630 on Fri Nov 08 22:34:34 MST 2024
  **** IP Build 5239520 on Sun Nov 10 16:12:51 MST 2024
  **** SharedData Build 5239561 on Fri Nov 08 14:39:27 MST 2024
  **** Start of session at: Sat Sep 26 01:55:03 2026
    ** Copyright 1986-2022 Xilinx, Inc. All Rights Reserved.
    ** Copyright 2022-2024 Advanced Micro Devices, Inc. All Rights Reserved.

source run_vivado_gen_ip.tcl -notrace
INFO: [IP_Flow 19-234] Refreshing IP repositories
INFO: [IP_Flow 19-1704] No user IP repositories specified
INFO: [IP_Flow 19-2313] Loaded Vivado IP repository '/home/zhiro/research/kv260-vlm/tools/Xilinx/Vivado/2024.2/data/ip'.
INFO: [IP_Flow 19-1686] Generating 'Synthesis' target for IP 'vision_ffn_down_tile_fadd_32ns_32ns_32_8_full_dsp_1_ip'...
INFO: [IP_Flow 19-1686] Generating 'Simulation' target for IP 'vision_ffn_down_tile_fadd_32ns_32ns_32_8_full_dsp_1_ip'...
INFO: [IP_Flow 19-1686] Generating 'Synthesis' target for IP 'vision_ffn_down_tile_fmul_32ns_32ns_32_5_max_dsp_1_ip'...
INFO: [IP_Flow 19-1686] Generating 'Simulation' target for IP 'vision_ffn_down_tile_fmul_32ns_32ns_32_5_max_dsp_1_ip'...
INFO: [Common 17-206] Exiting Vivado at Sat Sep 26 01:55:08 2026...
INFO: [COSIM 212-1] *** C/RTL co-simulation file generation completed. ***
INFO: [COSIM 212-323] Starting verilog simulation. 
INFO: [COSIM 212-15] Starting XSIM ...
Vivado Simulator v2024.2.0
Copyright 1986-2022 Xilinx, Inc. All Rights Reserved.
Copyright 2022-2024 Advanced Micro Devices, Inc. All Rights Reserved.
Running: /home/zhiro/research/kv260-vlm/tools/Xilinx/Vivado/2024.2/bin/unwrapped/lnx64.o/xelab xil_defaultlib.apatb_vision_ffn_down_tile_top glbl -Oenable_linking_all_libraries -prj vision_ffn_down_tile.prj -L smartconnect_v1_0 -L axi_protocol_checker_v1_1_12 -L axi_protocol_checker_v1_1_13 -L axis_protocol_checker_v1_1_11 -L axis_protocol_checker_v1_1_12 -L xil_defaultlib -L unisims_ver -L xpm -L floating_point_v7_0_24 -L floating_point_v7_1_19 --lib ieee_proposed=./ieee_proposed -s vision_ffn_down_tile 
Multi-threading is on. Using 22 slave threads.
WARNING: [XSIM 43-3431] One or more environment variables have been detected which affect the operation of the C compiler. These are typically not set in standard installations and are not tested by AMD, however they may be appropriate for your system, so the flow will attempt to continue.  If errors occur, try running xelab with the "-mt off -v 1" switches to see more information from the C compiler. The following environment variables have been detected:
    LIBRARY_PATH
INFO: [VRFC 10-2263] Analyzing SystemVerilog file "/tmp/rm10-a-ra-fixed10-cosim-20260926T040100Z/project/solution1/sim/verilog/ip/xil_defaultlib/vision_ffn_down_tile_fadd_32ns_32ns_32_8_full_dsp_1_ip.v" into library xil_defaultlib
INFO: [VRFC 10-311] analyzing module vision_ffn_down_tile_fadd_32ns_32ns_32_8_full_dsp_1_ip
INFO: [VRFC 10-2263] Analyzing SystemVerilog file "/tmp/rm10-a-ra-fixed10-cosim-20260926T040100Z/project/solution1/sim/verilog/ip/xil_defaultlib/vision_ffn_down_tile_fmul_32ns_32ns_32_5_max_dsp_1_ip.v" into library xil_defaultlib
INFO: [VRFC 10-311] analyzing module vision_ffn_down_tile_fmul_32ns_32ns_32_5_max_dsp_1_ip
INFO: [VRFC 10-2263] Analyzing SystemVerilog file "/tmp/rm10-a-ra-fixed10-cosim-20260926T040100Z/project/solution1/sim/verilog/glbl.v" into library work
INFO: [VRFC 10-311] analyzing module glbl
INFO: [VRFC 10-2263] Analyzing SystemVerilog file "/tmp/rm10-a-ra-fixed10-cosim-20260926T040100Z/project/solution1/sim/verilog/vision_ffn_down_tile_p_anonymous_namespace_stage_activation_Pipeline_VITIS_LOOP_63_1_VITIS_LOOP_64_2.v" into library xil_defaultlib
INFO: [VRFC 10-311] analyzing module vision_ffn_down_tile_p_anonymous_namespace_stage_activation_Pipeline_VITIS_LOOP_63_1_VITIS_LOOP_64_2
INFO: [VRFC 10-2263] Analyzing SystemVerilog file "/tmp/rm10-a-ra-fixed10-cosim-20260926T040100Z/project/solution1/sim/verilog/vision_ffn_down_tile_p_anonymous_namespace_compute_weight_batch_weight_cache_RAM_2P_URAM_1R1W.v" into library xil_defaultlib
INFO: [VRFC 10-311] analyzing module vision_ffn_down_tile_p_anonymous_namespace_compute_weight_batch_weight_cache_RAM_2P_URAM_1R1W
INFO: [VRFC 10-2263] Analyzing SystemVerilog file "/tmp/rm10-a-ra-fixed10-cosim-20260926T040100Z/project/solution1/sim/verilog/vision_ffn_down_tile.v" into library xil_defaultlib
INFO: [VRFC 10-311] analyzing module vision_ffn_down_tile
INFO: [VRFC 10-2263] Analyzing SystemVerilog file "/tmp/rm10-a-ra-fixed10-cosim-20260926T040100Z/project/solution1/sim/verilog/AESL_axi_master_gmem_x.v" into library xil_defaultlib
INFO: [VRFC 10-311] analyzing module AESL_axi_master_gmem_x
INFO: [VRFC 10-2263] Analyzing SystemVerilog file "/tmp/rm10-a-ra-fixed10-cosim-20260926T040100Z/project/solution1/sim/verilog/vision_ffn_down_tile_sparsemux_21_4_32_1_1.v" into library xil_defaultlib
INFO: [VRFC 10-311] analyzing module vision_ffn_down_tile_sparsemux_21_4_32_1_1
INFO: [VRFC 10-2263] Analyzing SystemVerilog file "/tmp/rm10-a-ra-fixed10-cosim-20260926T040100Z/project/solution1/sim/verilog/vision_ffn_down_tile_mul_3ns_11ns_12_1_1.v" into library xil_defaultlib
INFO: [VRFC 10-311] analyzing module vision_ffn_down_tile_mul_3ns_11ns_12_1_1
INFO: [VRFC 10-2263] Analyzing SystemVerilog file "/tmp/rm10-a-ra-fixed10-cosim-20260926T040100Z/project/solution1/sim/verilog/vision_ffn_down_tile_p_ZN12_GLOBAL_N_116activation_cacheE_0_RAM_2P_URAM_1R1W.v" into library xil_defaultlib
INFO: [VRFC 10-311] analyzing module vision_ffn_down_tile_p_ZN12_GLOBAL_N_116activation_cacheE_0_RAM_2P_URAM_1R1W
INFO: [VRFC 10-2263] Analyzing SystemVerilog file "/tmp/rm10-a-ra-fixed10-cosim-20260926T040100Z/project/solution1/sim/verilog/AESL_axi_slave_control.v" into library xil_defaultlib
INFO: [VRFC 10-311] analyzing module AESL_axi_slave_control
INFO: [VRFC 10-2263] Analyzing SystemVerilog file "/tmp/rm10-a-ra-fixed10-cosim-20260926T040100Z/project/solution1/sim/verilog/vision_ffn_down_tile_p_anonymous_namespace_compute_weight_batch_Pipeline_VITIS_LOOP_366_15_VITIS_LOOP_s.v" into library xil_defaultlib
INFO: [VRFC 10-311] analyzing module vision_ffn_down_tile_p_anonymous_namespace_compute_weight_batch_Pipeline_VITIS_LOOP_366_15_VITIS_LOOP_s
INFO: [VRFC 10-2263] Analyzing SystemVerilog file "/tmp/rm10-a-ra-fixed10-cosim-20260926T040100Z/project/solution1/sim/verilog/vision_ffn_down_tile_mac_muladd_10ns_3ns_10ns_13_4_1.v" into library xil_defaultlib
INFO: [VRFC 10-311] analyzing module vision_ffn_down_tile_mac_muladd_10ns_3ns_10ns_13_4_1_DSP48_0
INFO: [VRFC 10-311] analyzing module vision_ffn_down_tile_mac_muladd_10ns_3ns_10ns_13_4_1
INFO: [VRFC 10-2263] Analyzing SystemVerilog file "/tmp/rm10-a-ra-fixed10-cosim-20260926T040100Z/project/solution1/sim/verilog/vision_ffn_down_tile_p_anonymous_namespace_compute_weight_batch.v" into library xil_defaultlib
INFO: [VRFC 10-311] analyzing module vision_ffn_down_tile_p_anonymous_namespace_compute_weight_batch
INFO: [VRFC 10-2263] Analyzing SystemVerilog file "/tmp/rm10-a-ra-fixed10-cosim-20260926T040100Z/project/solution1/sim/verilog/vision_ffn_down_tile_gmem_x_m_axi.v" into library xil_defaultlib
INFO: [VRFC 10-311] analyzing module vision_ffn_down_tile_gmem_x_m_axi
INFO: [VRFC 10-311] analyzing module vision_ffn_down_tile_gmem_x_m_axi_load
INFO: [VRFC 10-311] analyzing module vision_ffn_down_tile_gmem_x_m_axi_store
INFO: [VRFC 10-311] analyzing module vision_ffn_down_tile_gmem_x_m_axi_read
INFO: [VRFC 10-311] analyzing module vision_ffn_down_tile_gmem_x_m_axi_write
INFO: [VRFC 10-311] analyzing module vision_ffn_down_tile_gmem_x_m_axi_burst_converter
INFO: [VRFC 10-311] analyzing module vision_ffn_down_tile_gmem_x_m_axi_throttle
INFO: [VRFC 10-311] analyzing module vision_ffn_down_tile_gmem_x_m_axi_reg_slice
INFO: [VRFC 10-311] analyzing module vision_ffn_down_tile_gmem_x_m_axi_fifo
INFO: [VRFC 10-311] analyzing module vision_ffn_down_tile_gmem_x_m_axi_srl
INFO: [VRFC 10-311] analyzing module vision_ffn_down_tile_gmem_x_m_axi_mem
INFO: [VRFC 10-2263] Analyzing SystemVerilog file "/tmp/rm10-a-ra-fixed10-cosim-20260926T040100Z/project/solution1/sim/verilog/vision_ffn_down_tile_flow_control_loop_pipe_sequential_init.v" into library xil_defaultlib
INFO: [VRFC 10-311] analyzing module vision_ffn_down_tile_flow_control_loop_pipe_sequential_init
INFO: [VRFC 10-2263] Analyzing SystemVerilog file "/tmp/rm10-a-ra-fixed10-cosim-20260926T040100Z/project/solution1/sim/verilog/vision_ffn_down_tile_fadd_32ns_32ns_32_8_full_dsp_1.v" into library xil_defaultlib
INFO: [VRFC 10-311] analyzing module vision_ffn_down_tile_fadd_32ns_32ns_32_8_full_dsp_1
INFO: [VRFC 10-2263] Analyzing SystemVerilog file "/tmp/rm10-a-ra-fixed10-cosim-20260926T040100Z/project/solution1/sim/verilog/vision_ffn_down_tile_partselect_16ns_128ns_32ns_16_1_1.v" into library xil_defaultlib
INFO: [VRFC 10-311] analyzing module vision_ffn_down_tile_partselect_16ns_128ns_32ns_16_1_1
INFO: [VRFC 10-2263] Analyzing SystemVerilog file "/tmp/rm10-a-ra-fixed10-cosim-20260926T040100Z/project/solution1/sim/verilog/vision_ffn_down_tile_p_anonymous_namespace_stage_activation.v" into library xil_defaultlib
INFO: [VRFC 10-311] analyzing module vision_ffn_down_tile_p_anonymous_namespace_stage_activation
INFO: [VRFC 10-2263] Analyzing SystemVerilog file "/tmp/rm10-a-ra-fixed10-cosim-20260926T040100Z/project/solution1/sim/verilog/vision_ffn_down_tile_p_anonymous_namespace_compute_weight_batch_Pipeline_VITIS_LOOP_80_2_VITIS_LOOP_81.v" into library xil_defaultlib
INFO: [VRFC 10-311] analyzing module vision_ffn_down_tile_p_anonymous_namespace_compute_weight_batch_Pipeline_VITIS_LOOP_80_2_VITIS_LOOP_81
INFO: [VRFC 10-2263] Analyzing SystemVerilog file "/tmp/rm10-a-ra-fixed10-cosim-20260926T040100Z/project/solution1/sim/verilog/vision_ffn_down_tile_partselect_32ns_256ns_32ns_32_1_1.v" into library xil_defaultlib
INFO: [VRFC 10-311] analyzing module vision_ffn_down_tile_partselect_32ns_256ns_32ns_32_1_1
INFO: [VRFC 10-2263] Analyzing SystemVerilog file "/tmp/rm10-a-ra-fixed10-cosim-20260926T040100Z/project/solution1/sim/verilog/vision_ffn_down_tile_mul_15s_11ns_15_1_1.v" into library xil_defaultlib
INFO: [VRFC 10-311] analyzing module vision_ffn_down_tile_mul_15s_11ns_15_1_1
INFO: [VRFC 10-2263] Analyzing SystemVerilog file "/tmp/rm10-a-ra-fixed10-cosim-20260926T040100Z/project/solution1/sim/verilog/vision_ffn_down_tile_mac_muladd_10ns_2ns_10ns_12_4_1.v" into library xil_defaultlib
INFO: [VRFC 10-311] analyzing module vision_ffn_down_tile_mac_muladd_10ns_2ns_10ns_12_4_1_DSP48_0
INFO: [VRFC 10-311] analyzing module vision_ffn_down_tile_mac_muladd_10ns_2ns_10ns_12_4_1
INFO: [VRFC 10-2263] Analyzing SystemVerilog file "/tmp/rm10-a-ra-fixed10-cosim-20260926T040100Z/project/solution1/sim/verilog/vision_ffn_down_tile_sparsemux_9_3_32_1_1.v" into library xil_defaultlib
INFO: [VRFC 10-311] analyzing module vision_ffn_down_tile_sparsemux_9_3_32_1_1
INFO: [VRFC 10-2263] Analyzing SystemVerilog file "/tmp/rm10-a-ra-fixed10-cosim-20260926T040100Z/project/solution1/sim/verilog/vision_ffn_down_tile_fmul_32ns_32ns_32_5_max_dsp_1.v" into library xil_defaultlib
INFO: [VRFC 10-311] analyzing module vision_ffn_down_tile_fmul_32ns_32ns_32_5_max_dsp_1
INFO: [VRFC 10-2263] Analyzing SystemVerilog file "/tmp/rm10-a-ra-fixed10-cosim-20260926T040100Z/project/solution1/sim/verilog/vision_ffn_down_tile_p_anonymous_namespace_compute_weight_batch_result_tile_RAM_2P_BRAM_1R1W.v" into library xil_defaultlib
INFO: [VRFC 10-311] analyzing module vision_ffn_down_tile_p_anonymous_namespace_compute_weight_batch_result_tile_RAM_2P_BRAM_1R1W
INFO: [VRFC 10-2263] Analyzing SystemVerilog file "/tmp/rm10-a-ra-fixed10-cosim-20260926T040100Z/project/solution1/sim/verilog/vision_ffn_down_tile_gmem_w_m_axi.v" into library xil_defaultlib
INFO: [VRFC 10-311] analyzing module vision_ffn_down_tile_gmem_w_m_axi
INFO: [VRFC 10-311] analyzing module vision_ffn_down_tile_gmem_w_m_axi_load
INFO: [VRFC 10-311] analyzing module vision_ffn_down_tile_gmem_w_m_axi_store
INFO: [VRFC 10-311] analyzing module vision_ffn_down_tile_gmem_w_m_axi_read
INFO: [VRFC 10-311] analyzing module vision_ffn_down_tile_gmem_w_m_axi_write
INFO: [VRFC 10-311] analyzing module vision_ffn_down_tile_gmem_w_m_axi_burst_converter
INFO: [VRFC 10-311] analyzing module vision_ffn_down_tile_gmem_w_m_axi_throttle
INFO: [VRFC 10-311] analyzing module vision_ffn_down_tile_gmem_w_m_axi_reg_slice
INFO: [VRFC 10-311] analyzing module vision_ffn_down_tile_gmem_w_m_axi_fifo
INFO: [VRFC 10-311] analyzing module vision_ffn_down_tile_gmem_w_m_axi_srl
INFO: [VRFC 10-311] analyzing module vision_ffn_down_tile_gmem_w_m_axi_mem
INFO: [VRFC 10-2263] Analyzing SystemVerilog file "/tmp/rm10-a-ra-fixed10-cosim-20260926T040100Z/project/solution1/sim/verilog/vision_ffn_down_tile_control_s_axi.v" into library xil_defaultlib
INFO: [VRFC 10-311] analyzing module vision_ffn_down_tile_control_s_axi
INFO: [VRFC 10-2263] Analyzing SystemVerilog file "/tmp/rm10-a-ra-fixed10-cosim-20260926T040100Z/project/solution1/sim/verilog/vision_ffn_down_tile_p_anonymous_namespace_compute_weight_batch_Pipeline_VITIS_LOOP_168_9.v" into library xil_defaultlib
INFO: [VRFC 10-311] analyzing module vision_ffn_down_tile_p_anonymous_namespace_compute_weight_batch_Pipeline_VITIS_LOOP_168_9
INFO: [VRFC 10-2263] Analyzing SystemVerilog file "/tmp/rm10-a-ra-fixed10-cosim-20260926T040100Z/project/solution1/sim/verilog/vision_ffn_down_tile_mul_2ns_11ns_11_1_1.v" into library xil_defaultlib
INFO: [VRFC 10-311] analyzing module vision_ffn_down_tile_mul_2ns_11ns_11_1_1
INFO: [VRFC 10-2263] Analyzing SystemVerilog file "/tmp/rm10-a-ra-fixed10-cosim-20260926T040100Z/project/solution1/sim/verilog/vision_ffn_down_tile_gmem_y_m_axi.v" into library xil_defaultlib
INFO: [VRFC 10-311] analyzing module vision_ffn_down_tile_gmem_y_m_axi
INFO: [VRFC 10-311] analyzing module vision_ffn_down_tile_gmem_y_m_axi_load
INFO: [VRFC 10-311] analyzing module vision_ffn_down_tile_gmem_y_m_axi_store
INFO: [VRFC 10-311] analyzing module vision_ffn_down_tile_gmem_y_m_axi_read
INFO: [VRFC 10-311] analyzing module vision_ffn_down_tile_gmem_y_m_axi_write
INFO: [VRFC 10-311] analyzing module vision_ffn_down_tile_gmem_y_m_axi_burst_converter
INFO: [VRFC 10-311] analyzing module vision_ffn_down_tile_gmem_y_m_axi_throttle
INFO: [VRFC 10-311] analyzing module vision_ffn_down_tile_gmem_y_m_axi_reg_slice
INFO: [VRFC 10-311] analyzing module vision_ffn_down_tile_gmem_y_m_axi_fifo
INFO: [VRFC 10-311] analyzing module vision_ffn_down_tile_gmem_y_m_axi_srl
INFO: [VRFC 10-311] analyzing module vision_ffn_down_tile_gmem_y_m_axi_mem
INFO: [VRFC 10-2263] Analyzing SystemVerilog file "/tmp/rm10-a-ra-fixed10-cosim-20260926T040100Z/project/solution1/sim/verilog/AESL_axi_master_gmem_w.v" into library xil_defaultlib
INFO: [VRFC 10-311] analyzing module AESL_axi_master_gmem_w
INFO: [VRFC 10-2263] Analyzing SystemVerilog file "/tmp/rm10-a-ra-fixed10-cosim-20260926T040100Z/project/solution1/sim/verilog/AESL_axi_master_gmem_y.v" into library xil_defaultlib
INFO: [VRFC 10-311] analyzing module AESL_axi_master_gmem_y
INFO: [VRFC 10-2263] Analyzing SystemVerilog file "/tmp/rm10-a-ra-fixed10-cosim-20260926T040100Z/project/solution1/sim/verilog/vision_ffn_down_tile.autotb.v" into library xil_defaultlib
INFO: [VRFC 10-311] analyzing module apatb_vision_ffn_down_tile_top
INFO: [VRFC 10-2263] Analyzing SystemVerilog file "/tmp/rm10-a-ra-fixed10-cosim-20260926T040100Z/project/solution1/sim/verilog/dataflow_monitor.sv" into library xil_defaultlib
INFO: [VRFC 10-311] analyzing module dataflow_monitor
Starting static elaboration
Pass Through NonSizing Optimizer
Completed static elaboration
Starting simulation data flow analysis
Completed simulation data flow analysis
Time Resolution for simulation is 1ps
Compiling package std.standard
Compiling package std.textio
Compiling package ieee.std_logic_1164
Compiling package floating_point_v7_1_19.floating_point_v7_1_19_viv_comp
Compiling package ieee.numeric_std
Compiling package xbip_utils_v3_0_14.xbip_utils_v3_0_14_pkg
Compiling package axi_utils_v2_0_10.axi_utils_v2_0_10_pkg
Compiling package floating_point_v7_1_19.floating_point_v7_1_19_consts
Compiling package ieee.math_real
Compiling package floating_point_v7_1_19.floating_point_v7_1_19_exp_table...
Compiling package mult_gen_v12_0_22.mult_gen_v12_0_22_pkg
Compiling package ieee.std_logic_arith
Compiling package ieee.std_logic_signed
Compiling package floating_point_v7_1_19.floating_point_v7_1_19_pkg
Compiling package floating_point_v7_1_19.flt_utils
Compiling package xbip_pipe_v3_0_10.xbip_pipe_v3_0_10_viv_comp
Compiling package unisim.vcomponents
Compiling package ieee.vital_timing
Compiling package ieee.vital_primitives
Compiling package unisim.vpkg
Compiling package xil_defaultlib.$unit_dataflow_monitor_sv
Compiling module xil_defaultlib.vision_ffn_down_tile_p_ZN12_GLOB...
Compiling module xil_defaultlib.vision_ffn_down_tile_p_anonymous...
Compiling module xil_defaultlib.vision_ffn_down_tile_p_anonymous...
Compiling module xil_defaultlib.vision_ffn_down_tile_mac_muladd_...
Compiling module xil_defaultlib.vision_ffn_down_tile_mac_muladd_...
Compiling module xil_defaultlib.vision_ffn_down_tile_flow_contro...
Compiling module xil_defaultlib.vision_ffn_down_tile_p_anonymous...
Compiling architecture muxcy_v of entity unisim.MUXCY [muxcy_default]
Compiling architecture synth of entity xbip_pipe_v3_0_10.xbip_pipe_v3_0_10_viv [\xbip_pipe_v3_0_10_viv(c_has_ce=...]
Compiling architecture rtl of entity floating_point_v7_1_19.delay [\delay(width=7,length=0)\]
Compiling architecture struct of entity floating_point_v7_1_19.carry_chain [\carry_chain(c_xdevicefamily="zy...]
Compiling architecture synth of entity floating_point_v7_1_19.compare_eq_im [\compare_eq_im(c_xdevicefamily="...]
Compiling architecture xorcy_v of entity unisim.XORCY [xorcy_default]
Compiling architecture struct of entity floating_point_v7_1_19.carry_chain [\carry_chain(c_xdevicefamily="zy...]
Compiling architecture synth of entity xbip_pipe_v3_0_10.xbip_pipe_v3_0_10_viv [\xbip_pipe_v3_0_10_viv(c_has_ce=...]
Compiling architecture rtl of entity floating_point_v7_1_19.delay [\delay(length=0)\]
Compiling architecture synth of entity xbip_pipe_v3_0_10.xbip_pipe_v3_0_10_viv [\xbip_pipe_v3_0_10_viv(c_has_ce=...]
Compiling architecture rtl of entity floating_point_v7_1_19.delay [\delay(width=24,length=0,fast_in...]
Compiling architecture synth of entity xbip_pipe_v3_0_10.xbip_pipe_v3_0_10_viv [\xbip_pipe_v3_0_10_viv(c_has_ce=...]
Compiling architecture rtl of entity floating_point_v7_1_19.delay [\delay(width=16,length=0)\]
Compiling architecture dsp48e1_v of entity unisim.DSP48E1 [\DSP48E1(acascreg=0,adreg=0,areg...]
Compiling architecture synth of entity xbip_pipe_v3_0_10.xbip_pipe_v3_0_10_viv [\xbip_pipe_v3_0_10_viv(c_has_ce=...]
Compiling architecture rtl of entity floating_point_v7_1_19.delay [\delay(width=4,length=0)\]
Compiling architecture synth of entity xbip_pipe_v3_0_10.xbip_pipe_v3_0_10_viv [\xbip_pipe_v3_0_10_viv(c_has_ce=...]
Compiling architecture rtl of entity floating_point_v7_1_19.delay [\delay(width=48,length=0)\]
Compiling architecture synth of entity xbip_pipe_v3_0_10.xbip_pipe_v3_0_10_viv [\xbip_pipe_v3_0_10_viv(c_has_ce=...]
Compiling architecture rtl of entity floating_point_v7_1_19.delay [\delay(width=24,length=0)\]
Compiling architecture rtl of entity floating_point_v7_1_19.dsp48e1_wrapper [\dsp48e1_wrapper(c_part="xck26-s...]
Compiling architecture synth of entity xbip_pipe_v3_0_10.xbip_pipe_v3_0_10_viv [\xbip_pipe_v3_0_10_viv(c_latency...]
Compiling architecture rtl of entity floating_point_v7_1_19.delay [delay_default]
Compiling architecture synth of entity xbip_pipe_v3_0_10.xbip_pipe_v3_0_10_viv [\xbip_pipe_v3_0_10_viv(c_latency...]
Compiling architecture rtl of entity floating_point_v7_1_19.delay [\delay(length=2)\]
Compiling architecture synth of entity xbip_pipe_v3_0_10.xbip_pipe_v3_0_10_viv [\xbip_pipe_v3_0_10_viv(c_latency...]
Compiling architecture rtl of entity floating_point_v7_1_19.delay [\delay(width=13)\]
Compiling architecture synth of entity xbip_pipe_v3_0_10.xbip_pipe_v3_0_10_viv [\xbip_pipe_v3_0_10_viv(c_latency...]
Compiling architecture rtl of entity floating_point_v7_1_19.delay [\delay(width=27)\]
Compiling architecture synth of entity floating_point_v7_1_19.align_add_dsp48e1_sgl [\align_add_dsp48e1_sgl(c_xdevice...]
Compiling architecture lut5_v of entity unisim.LUT5 [\LUT5(init="00000000000000001111...]
Compiling architecture lut5_v of entity unisim.LUT5 [\LUT5(init="00000000000000000000...]
Compiling architecture synth of entity xbip_pipe_v3_0_10.xbip_pipe_v3_0_10_viv [\xbip_pipe_v3_0_10_viv(c_has_ce=...]
Compiling architecture rtl of entity floating_point_v7_1_19.delay [\delay(width=27,length=0)\]
Compiling architecture synth of entity xbip_pipe_v3_0_10.xbip_pipe_v3_0_10_viv [\xbip_pipe_v3_0_10_viv(c_latency...]
Compiling architecture rtl of entity floating_point_v7_1_19.delay [\delay(width=16)\]
Compiling architecture synth of entity xbip_pipe_v3_0_10.xbip_pipe_v3_0_10_viv [\xbip_pipe_v3_0_10_viv(c_latency...]
Compiling architecture rtl of entity floating_point_v7_1_19.delay [\delay(width=5)\]
Compiling architecture rtl of entity floating_point_v7_1_19.lead_zero_encode_shift [\lead_zero_encode_shift(ab_fw=24...]
Compiling architecture synth of entity xbip_pipe_v3_0_10.xbip_pipe_v3_0_10_viv [\xbip_pipe_v3_0_10_viv(c_has_ce=...]
Compiling architecture rtl of entity floating_point_v7_1_19.delay [\delay(width=3,length=0)\]
Compiling architecture lut6_v of entity unisim.LUT6 [\LUT6(init="11111110010101001011...]
Compiling architecture lut5_v of entity unisim.LUT5 [\LUT5(init="00010001010111110000...]
Compiling architecture lut5_v of entity unisim.LUT5 [\LUT5(init="11101110101000001111...]
Compiling architecture synth of entity xbip_pipe_v3_0_10.xbip_pipe_v3_0_10_viv [\xbip_pipe_v3_0_10_viv(c_latency...]
Compiling architecture rtl of entity floating_point_v7_1_19.delay [\delay(width=2)\]
Compiling architecture dsp48e1_v of entity unisim.DSP48E1 [\DSP48E1(adreg=0,bcascreg=0,breg...]
Compiling architecture synth of entity xbip_pipe_v3_0_10.xbip_pipe_v3_0_10_viv [\xbip_pipe_v3_0_10_viv(c_has_ce=...]
Compiling architecture rtl of entity floating_point_v7_1_19.delay [\delay(width=25,length=0)\]
Compiling architecture rtl of entity floating_point_v7_1_19.dsp48e1_wrapper [\dsp48e1_wrapper(a_width=24,c_wi...]
Compiling architecture rtl of entity floating_point_v7_1_19.norm_and_round_dsp48e1_sgl [\norm_and_round_dsp48e1_sgl(c_mu...]
Compiling architecture lut5_v of entity unisim.LUT5 [\LUT5(init="10011001100110011001...]
Compiling architecture lut5_v of entity unisim.LUT5 [\LUT5(init="11111111000000001111...]
Compiling architecture synth of entity xbip_pipe_v3_0_10.xbip_pipe_v3_0_10_viv [\xbip_pipe_v3_0_10_viv(c_has_ce=...]
Compiling architecture rtl of entity floating_point_v7_1_19.delay [\delay(width=9,length=0)\]
Compiling architecture struct of entity floating_point_v7_1_19.carry_chain [\carry_chain(c_xdevicefamily="zy...]
Compiling architecture synth of entity xbip_pipe_v3_0_10.xbip_pipe_v3_0_10_viv [\xbip_pipe_v3_0_10_viv(c_has_ce=...]
Compiling architecture rtl of entity floating_point_v7_1_19.delay [\delay(width=8,length=0)\]
Compiling architecture synth of entity xbip_pipe_v3_0_10.xbip_pipe_v3_0_10_viv [\xbip_pipe_v3_0_10_viv(c_latency...]
Compiling architecture rtl of entity floating_point_v7_1_19.delay [\delay(width=9,length=3)\]
Compiling architecture synth of entity xbip_pipe_v3_0_10.xbip_pipe_v3_0_10_viv [\xbip_pipe_v3_0_10_viv(c_has_ce=...]
Compiling architecture rtl of entity floating_point_v7_1_19.delay [\delay(width=10,length=0)\]
Compiling architecture synth of entity xbip_pipe_v3_0_10.xbip_pipe_v3_0_10_viv [\xbip_pipe_v3_0_10_viv(c_latency...]
Compiling architecture rtl of entity floating_point_v7_1_19.delay [\delay(width=4,fast_input=true)\]
Compiling architecture fdre_v of entity unisim.FDRE [fdre_default]
Compiling architecture fde_v of entity unisim.FDE [fde_default]
Compiling architecture struct of entity floating_point_v7_1_19.carry_chain [\carry_chain(c_xdevicefamily="zy...]
Compiling architecture synth of entity floating_point_v7_1_19.compare_eq_im [\compare_eq_im(c_xdevicefamily="...]
Compiling architecture synth of entity xbip_pipe_v3_0_10.xbip_pipe_v3_0_10_viv [\xbip_pipe_v3_0_10_viv(c_latency...]
Compiling architecture rtl of entity floating_point_v7_1_19.delay [\delay(fast_input=true)\]
Compiling architecture rtl of entity floating_point_v7_1_19.special_detect [\special_detect(c_xdevicefamily=...]
Compiling architecture struct of entity floating_point_v7_1_19.carry_chain [\carry_chain(c_xdevicefamily="zy...]
Compiling architecture synth of entity floating_point_v7_1_19.compare_gt [\compare_gt(c_xdevicefamily="zyn...]
Compiling architecture synth of entity floating_point_v7_1_19.compare [\compare(c_xdevicefamily="zynqup...]
Compiling architecture synth of entity xbip_pipe_v3_0_10.xbip_pipe_v3_0_10_viv [\xbip_pipe_v3_0_10_viv(c_latency...]
Compiling architecture rtl of entity floating_point_v7_1_19.delay [\delay(width=8)\]
Compiling architecture synth of entity xbip_pipe_v3_0_10.xbip_pipe_v3_0_10_viv [\xbip_pipe_v3_0_10_viv(c_latency...]
Compiling architecture rtl of entity floating_point_v7_1_19.delay [\delay(width=9)\]
Compiling architecture synth of entity xbip_pipe_v3_0_10.xbip_pipe_v3_0_10_viv [\xbip_pipe_v3_0_10_viv(c_latency...]
Compiling architecture rtl of entity floating_point_v7_1_19.delay [\delay(width=2,length=4,fast_inp...]
Compiling architecture synth of entity xbip_pipe_v3_0_10.xbip_pipe_v3_0_10_viv [\xbip_pipe_v3_0_10_viv(c_latency...]
Compiling architecture rtl of entity floating_point_v7_1_19.delay [\delay(length=4,fast_input=true)...]
Compiling architecture synth of entity xbip_pipe_v3_0_10.xbip_pipe_v3_0_10_viv [\xbip_pipe_v3_0_10_viv(c_latency...]
Compiling architecture rtl of entity floating_point_v7_1_19.delay [\delay(length=2,fast_input=true)...]
Compiling architecture synth of entity xbip_pipe_v3_0_10.xbip_pipe_v3_0_10_viv [\xbip_pipe_v3_0_10_viv(c_has_ce=...]
Compiling architecture rtl of entity floating_point_v7_1_19.delay [\delay(width=4,length=0,fast_inp...]
Compiling architecture synth of entity xbip_pipe_v3_0_10.xbip_pipe_v3_0_10_viv [\xbip_pipe_v3_0_10_viv(c_has_ce=...]
Compiling architecture rtl of entity floating_point_v7_1_19.delay [\delay(length=0,fast_input=true)...]
Compiling architecture synth of entity xbip_pipe_v3_0_10.xbip_pipe_v3_0_10_viv [\xbip_pipe_v3_0_10_viv(c_has_ce=...]
Compiling architecture rtl of entity floating_point_v7_1_19.delay [\delay(width=2,length=0,fast_inp...]
Compiling architecture synth of entity xbip_pipe_v3_0_10.xbip_pipe_v3_0_10_viv [\xbip_pipe_v3_0_10_viv(c_has_ce=...]
Compiling architecture rtl of entity floating_point_v7_1_19.delay [\delay(width=12,length=0)\]
Compiling architecture rtl of entity floating_point_v7_1_19.flt_add_exp_sp [\flt_add_exp_sp(c_xdevicefamily=...]
Compiling architecture synth of entity xbip_pipe_v3_0_10.xbip_pipe_v3_0_10_viv [\xbip_pipe_v3_0_10_viv(c_latency...]
Compiling architecture rtl of entity floating_point_v7_1_19.delay [\delay(width=23)\]
Compiling architecture synth of entity floating_point_v7_1_19.flt_dec_op [\flt_dec_op(c_xdevicefamily="zyn...]
Compiling architecture rtl of entity floating_point_v7_1_19.flt_add_dsp [\flt_add_dsp(c_xdevicefamily="zy...]
Compiling architecture rtl of entity floating_point_v7_1_19.flt_add [\flt_add(c_xdevicefamily="zynqup...]
Compiling module unisims_ver.x_lut1_mux2
Compiling module unisims_ver.LUT1
Compiling architecture synth of entity xbip_pipe_v3_0_10.xbip_pipe_v3_0_10_viv [\xbip_pipe_v3_0_10_viv(c_latency...]
Compiling architecture synth of entity xbip_pipe_v3_0_10.xbip_pipe_v3_0_10_viv [\xbip_pipe_v3_0_10_viv(c_has_ce=...]
Compiling architecture rtl of entity floating_point_v7_1_19.delay [\delay(width=32,length=0)\]
Compiling architecture xilinx of entity floating_point_v7_1_19.floating_point_v7_1_19_viv [\floating_point_v7_1_19_viv(c_xd...]
Compiling architecture xilinx of entity floating_point_v7_1_19.floating_point_v7_1_19 [\floating_point_v7_1_19(c_xdevic...]
Compiling module xil_defaultlib.vision_ffn_down_tile_fadd_32ns_3...
Compiling module xil_defaultlib.vision_ffn_down_tile_fadd_32ns_3...
Compiling architecture dsp48e1_v of entity unisim.DSP48E1 [\DSP48E1(acascreg=0,adreg=0,alum...]
Compiling architecture synth of entity xbip_pipe_v3_0_10.xbip_pipe_v3_0_10_viv [\xbip_pipe_v3_0_10_viv(c_has_ce=...]
Compiling architecture rtl of entity floating_point_v7_1_19.delay [\delay(width=17,length=0)\]
Compiling architecture rtl of entity floating_point_v7_1_19.dsp48e1_wrapper [\dsp48e1_wrapper(a_width=24,b_wi...]
Compiling architecture dsp48e1_v of entity unisim.DSP48E1 [\DSP48E1(adreg=0,alumodereg=0,a_...]
Compiling architecture rtl of entity floating_point_v7_1_19.dsp48e1_wrapper [\dsp48e1_wrapper(a_width=24,b_wi...]
Compiling architecture struct of entity floating_point_v7_1_19.fix_mult_dsp48e1_sgl [\fix_mult_dsp48e1_sgl(registers=...]
Compiling architecture rtl of entity floating_point_v7_1_19.fix_mult [\fix_mult(c_xdevicefamily="zynqu...]
Compiling architecture synth of entity xbip_pipe_v3_0_10.xbip_pipe_v3_0_10_viv [\xbip_pipe_v3_0_10_viv(c_latency...]
Compiling architecture rtl of entity floating_point_v7_1_19.delay [\delay(width=7)\]
Compiling architecture synth of entity xbip_pipe_v3_0_10.xbip_pipe_v3_0_10_viv [\xbip_pipe_v3_0_10_viv(c_latency...]
Compiling architecture rtl of entity floating_point_v7_1_19.delay [\delay(width=8,fast_input=true)\]
Compiling architecture struct of entity floating_point_v7_1_19.carry_chain [\carry_chain(c_xdevicefamily="zy...]
Compiling architecture struct of entity floating_point_v7_1_19.carry_chain [\carry_chain(c_xdevicefamily="zy...]
Compiling architecture synth of entity floating_point_v7_1_19.compare_eq_im [\compare_eq_im(c_xdevicefamily="...]
Compiling architecture rtl of entity floating_point_v7_1_19.special_detect [\special_detect(c_xdevicefamily=...]
Compiling architecture synth of entity xbip_pipe_v3_0_10.xbip_pipe_v3_0_10_viv [\xbip_pipe_v3_0_10_viv(c_latency...]
Compiling architecture rtl of entity floating_point_v7_1_19.delay [\delay(width=2,fast_input=true)\]
Compiling architecture synth of entity xbip_pipe_v3_0_10.xbip_pipe_v3_0_10_viv [\xbip_pipe_v3_0_10_viv(c_has_ce=...]
Compiling architecture rtl of entity floating_point_v7_1_19.delay [\delay(width=3,length=0,fast_inp...]
Compiling architecture synth of entity xbip_pipe_v3_0_10.xbip_pipe_v3_0_10_viv [\xbip_pipe_v3_0_10_viv(c_has_ce=...]
Compiling architecture rtl of entity floating_point_v7_1_19.delay [\delay(width=14,length=0)\]
Compiling architecture rtl of entity floating_point_v7_1_19.flt_mult_exp [\flt_mult_exp(c_xdevicefamily="z...]
Compiling architecture dsp48e1_v of entity unisim.DSP48E1 [\DSP48E1(acascreg=0,adreg=0,alum...]
Compiling architecture synth of entity xbip_pipe_v3_0_10.xbip_pipe_v3_0_10_viv [\xbip_pipe_v3_0_10_viv(c_has_ce=...]
Compiling architecture rtl of entity floating_point_v7_1_19.delay [\delay(width=30,length=0)\]
Compiling architecture synth of entity xbip_pipe_v3_0_10.xbip_pipe_v3_0_10_viv [\xbip_pipe_v3_0_10_viv(c_has_ce=...]
Compiling architecture rtl of entity floating_point_v7_1_19.delay [\delay(width=18,length=0)\]
Compiling architecture rtl of entity floating_point_v7_1_19.dsp48e1_wrapper [\dsp48e1_wrapper(a_width=30,b_wi...]
Compiling architecture struct of entity floating_point_v7_1_19.flt_round_dsp_opt_full [\flt_round_dsp_opt_full(c_xdevic...]
Compiling architecture rtl of entity floating_point_v7_1_19.flt_mult_round [\flt_mult_round(c_xdevicefamily=...]
Compiling architecture synth of entity floating_point_v7_1_19.flt_dec_op_lat [\flt_dec_op_lat(c_xdevicefamily=...]
Compiling architecture rtl of entity floating_point_v7_1_19.flt_mult [\flt_mult(c_xdevicefamily="zynqu...]
Compiling architecture synth of entity xbip_pipe_v3_0_10.xbip_pipe_v3_0_10_viv [\xbip_pipe_v3_0_10_viv(c_latency...]
Compiling architecture xilinx of entity floating_point_v7_1_19.floating_point_v7_1_19_viv [\floating_point_v7_1_19_viv(c_xd...]
Compiling architecture xilinx of entity floating_point_v7_1_19.floating_point_v7_1_19 [\floating_point_v7_1_19(c_xdevic...]
Compiling module xil_defaultlib.vision_ffn_down_tile_fmul_32ns_3...
Compiling module xil_defaultlib.vision_ffn_down_tile_fmul_32ns_3...
Compiling module xil_defaultlib.vision_ffn_down_tile_partselect_...
Compiling module xil_defaultlib.vision_ffn_down_tile_partselect_...
Compiling module xil_defaultlib.vision_ffn_down_tile_sparsemux_9...
Compiling module xil_defaultlib.vision_ffn_down_tile_sparsemux_2...
Compiling module xil_defaultlib.vision_ffn_down_tile_p_anonymous...
Compiling module xil_defaultlib.vision_ffn_down_tile_p_anonymous...
Compiling module xil_defaultlib.vision_ffn_down_tile_mul_3ns_11n...
Compiling module xil_defaultlib.vision_ffn_down_tile_mul_2ns_11n...
Compiling module xil_defaultlib.vision_ffn_down_tile_p_anonymous...
Compiling module xil_defaultlib.vision_ffn_down_tile_mac_muladd_...
Compiling module xil_defaultlib.vision_ffn_down_tile_mac_muladd_...
Compiling module xil_defaultlib.vision_ffn_down_tile_p_anonymous...
Compiling module xil_defaultlib.vision_ffn_down_tile_mul_15s_11n...
Compiling module xil_defaultlib.vision_ffn_down_tile_p_anonymous...
Compiling module xil_defaultlib.vision_ffn_down_tile_control_s_a...
Compiling module xil_defaultlib.vision_ffn_down_tile_gmem_w_m_ax...
Compiling module xil_defaultlib.vision_ffn_down_tile_gmem_w_m_ax...
Compiling module xil_defaultlib.vision_ffn_down_tile_gmem_w_m_ax...
Compiling module xil_defaultlib.vision_ffn_down_tile_gmem_w_m_ax...
Compiling module xil_defaultlib.vision_ffn_down_tile_gmem_w_m_ax...
Compiling module xil_defaultlib.vision_ffn_down_tile_gmem_w_m_ax...
Compiling module xil_defaultlib.vision_ffn_down_tile_gmem_w_m_ax...
Compiling module xil_defaultlib.vision_ffn_down_tile_gmem_w_m_ax...
Compiling module xil_defaultlib.vision_ffn_down_tile_gmem_w_m_ax...
Compiling module xil_defaultlib.vision_ffn_down_tile_gmem_w_m_ax...
Compiling module xil_defaultlib.vision_ffn_down_tile_gmem_w_m_ax...
Compiling module xil_defaultlib.vision_ffn_down_tile_gmem_w_m_ax...
Compiling module xil_defaultlib.vision_ffn_down_tile_gmem_x_m_ax...
Compiling module xil_defaultlib.vision_ffn_down_tile_gmem_x_m_ax...
Compiling module xil_defaultlib.vision_ffn_down_tile_gmem_x_m_ax...
Compiling module xil_defaultlib.vision_ffn_down_tile_gmem_x_m_ax...
Compiling module xil_defaultlib.vision_ffn_down_tile_gmem_x_m_ax...
Compiling module xil_defaultlib.vision_ffn_down_tile_gmem_x_m_ax...
Compiling module xil_defaultlib.vision_ffn_down_tile_gmem_x_m_ax...
Compiling module xil_defaultlib.vision_ffn_down_tile_gmem_x_m_ax...
Compiling module xil_defaultlib.vision_ffn_down_tile_gmem_x_m_ax...
Compiling module xil_defaultlib.vision_ffn_down_tile_gmem_x_m_ax...
Compiling module xil_defaultlib.vision_ffn_down_tile_gmem_x_m_ax...
Compiling module xil_defaultlib.vision_ffn_down_tile_gmem_x_m_ax...
Compiling module xil_defaultlib.vision_ffn_down_tile_gmem_y_m_ax...
Compiling module xil_defaultlib.vision_ffn_down_tile_gmem_y_m_ax...
Compiling module xil_defaultlib.vision_ffn_down_tile_gmem_y_m_ax...
Compiling module xil_defaultlib.vision_ffn_down_tile_gmem_y_m_ax...
Compiling module xil_defaultlib.vision_ffn_down_tile_gmem_y_m_ax...
Compiling module xil_defaultlib.vision_ffn_down_tile_gmem_y_m_ax...
Compiling module xil_defaultlib.vision_ffn_down_tile_gmem_y_m_ax...
Compiling module xil_defaultlib.vision_ffn_down_tile_gmem_y_m_ax...
Compiling module xil_defaultlib.vision_ffn_down_tile_gmem_y_m_ax...
Compiling module xil_defaultlib.vision_ffn_down_tile_gmem_y_m_ax...
Compiling module xil_defaultlib.vision_ffn_down_tile_gmem_y_m_ax...
Compiling module xil_defaultlib.vision_ffn_down_tile_gmem_y_m_ax...
Compiling module xil_defaultlib.vision_ffn_down_tile_gmem_y_m_ax...
Compiling module xil_defaultlib.vision_ffn_down_tile_gmem_y_m_ax...
Compiling module xil_defaultlib.vision_ffn_down_tile_gmem_y_m_ax...
Compiling module xil_defaultlib.vision_ffn_down_tile_gmem_y_m_ax...
Compiling module xil_defaultlib.vision_ffn_down_tile_gmem_y_m_ax...
Compiling module xil_defaultlib.vision_ffn_down_tile_gmem_y_m_ax...
Compiling module xil_defaultlib.vision_ffn_down_tile_gmem_y_m_ax...
Compiling module xil_defaultlib.vision_ffn_down_tile_gmem_y_m_ax...
Compiling module xil_defaultlib.vision_ffn_down_tile_gmem_y_m_ax...
Compiling module xil_defaultlib.vision_ffn_down_tile_gmem_y_m_ax...
Compiling module xil_defaultlib.vision_ffn_down_tile
Compiling module xil_defaultlib.AESL_axi_master_gmem_w
Compiling module xil_defaultlib.AESL_axi_master_gmem_x
Compiling module xil_defaultlib.AESL_axi_master_gmem_y
Compiling module xil_defaultlib.AESL_axi_slave_control
Compiling module xil_defaultlib.nodf_module_intf_default
Compiling module xil_defaultlib.seq_loop_intf(FSM_WIDTH=58)
Compiling module xil_defaultlib.upc_loop_intf(FSM_WIDTH=1)
Compiling module xil_defaultlib.dataflow_monitor_1
Compiling module xil_defaultlib.apatb_vision_ffn_down_tile_top
Compiling module work.glbl
Built simulation snapshot vision_ffn_down_tile

****** xsim v2024.2 (64-bit)
  **** SW Build 5239630 on Fri Nov 08 22:34:34 MST 2024
  **** IP Build 5239520 on Sun Nov 10 16:12:51 MST 2024
  **** SharedData Build 5239561 on Fri Nov 08 14:39:27 MST 2024
  **** Start of session at: Sat Sep 26 01:55:34 2026
    ** Copyright 1986-2022 Xilinx, Inc. All Rights Reserved.
    ** Copyright 2022-2024 Advanced Micro Devices, Inc. All Rights Reserved.

source xsim.dir/vision_ffn_down_tile/xsim_script.tcl
# xsim {vision_ffn_down_tile} -autoloadwcfg -tclbatch {vision_ffn_down_tile.tcl}
Time resolution is 1 ps
source vision_ffn_down_tile.tcl
## run all
////////////////////////////////////////////////////////////////////////////////////
// Inter-Transaction Progress: Completed Transaction / Total Transaction
// Intra-Transaction Progress: Measured Latency / Latency Estimation * 100%
//
// RTL Simulation : "Inter-Transaction Progress" ["Intra-Transaction Progress"] @ "Simulation Time"
////////////////////////////////////////////////////////////////////////////////////
// RTL Simulation : 0 / 2 [n/a] @ "113000"
// RTL Simulation : 1 / 2 [n/a] @ "11398000"
// RTL Simulation : 2 / 2 [n/a] @ "541198000"
////////////////////////////////////////////////////////////////////////////////////
$finish called at time : 541227500 ps : File "/tmp/rm10-a-ra-fixed10-cosim-20260926T040100Z/project/solution1/sim/verilog/vision_ffn_down_tile.autotb.v" Line 791
run: Time (s): cpu = 00:00:00.02 ; elapsed = 00:01:31 . Memory (MB): peak = 1276.855 ; gain = 0.000 ; free physical = 11876 ; free virtual = 31870
## quit
INFO: xsimkernel Simulation Memory Usage: 399520 KB (Peak: 443548 KB), Simulation CPU Usage: 91840 ms
INFO: [Common 17-206] Exiting xsim at Sat Sep 26 01:57:07 2026...
INFO: [COSIM 212-316] Starting C post checking ...
RM10 C-sim PASS: all 4096 outputs are 4304
INFO: [COSIM 212-1000] *** C/RTL co-simulation finished: PASS ***
INFO: [HLS 200-2161] Finished Command cosim_design Elapsed time: 00:02:14; Allocated memory: 7.441 MB.
INFO: [HLS 200-112] Total CPU user time: 191.12 seconds. Total CPU system time: 4.3 seconds. Total elapsed time: 159.62 seconds; peak allocated memory: 615.438 MB.
