

================================================================
== Vitis HLS Report for 'vision_gemm_Pipeline_VITIS_LOOP_147_10'
================================================================
* Date:           Thu Sep 24 16:34:02 2026

* Version:        2024.2 (Build 5238294 on Nov  8 2024)
* Project:        project
* Solution:       solution1 (Vivado IP Flow Target)
* Product family: zynquplus
* Target device:  xck26-sfvc784-2LV-c


================================================================
== Performance Estimates
================================================================
+ Timing: 
    * Summary: 
    +--------+---------+----------+------------+
    |  Clock |  Target | Estimated| Uncertainty|
    +--------+---------+----------+------------+
    |ap_clk  |  5.00 ns|  4.045 ns|     1.35 ns|
    +--------+---------+----------+------------+

+ Latency: 
    * Summary: 
    +---------+---------+-----------+-----------+------+------+------------------------------------------------+
    |  Latency (cycles) |   Latency (absolute)  |   Interval  |                    Pipeline                    |
    |   min   |   max   |    min    |    max    |  min |  max |                      Type                      |
    +---------+---------+-----------+-----------+------+------+------------------------------------------------+
    |     5395|     5395|  26.975 us|  26.975 us|  5385|  5385|  loop auto-rewind stp (delay=0 clock cycles(s))|
    +---------+---------+-----------+-----------+------+------+------------------------------------------------+

    + Detail: 
        * Instance: 
        N/A

        * Loop: 
        +---------------------+---------+---------+----------+-----------+-----------+------+----------+
        |                     |  Latency (cycles) | Iteration|  Initiation Interval  | Trip |          |
        |      Loop Name      |   min   |   max   |  Latency |  achieved |   target  | Count| Pipelined|
        +---------------------+---------+---------+----------+-----------+-----------+------+----------+
        |- VITIS_LOOP_147_10  |     5393|     5393|        19|          5|          1|  1076|       yes|
        +---------------------+---------+---------+----------+-----------+-----------+------+----------+



================================================================
== Utilization Estimates
================================================================
* Summary: 
+-----------------+---------+------+--------+--------+-----+
|       Name      | BRAM_18K|  DSP |   FF   |   LUT  | URAM|
+-----------------+---------+------+--------+--------+-----+
|DSP              |        -|     -|       -|       -|    -|
|Expression       |        -|     -|       0|    2867|    -|
|FIFO             |        -|     -|       -|       -|    -|
|Instance         |        -|    39|    5577|    9788|    -|
|Memory           |        -|     -|       -|       -|    -|
|Multiplexer      |        -|     -|       0|    2870|    -|
|Register         |        -|     -|    7257|      32|    -|
+-----------------+---------+------+--------+--------+-----+
|Total            |        0|    39|   12834|   15557|    0|
+-----------------+---------+------+--------+--------+-----+
|Available        |      288|  1248|  234240|  117120|   64|
+-----------------+---------+------+--------+--------+-----+
|Utilization (%)  |        0|     3|       5|      13|    0|
+-----------------+---------+------+--------+--------+-----+

+ Detail: 
    * Instance: 
    +---------------------------------------+-----------------------------------+---------+----+-----+-----+-----+
    |                Instance               |               Module              | BRAM_18K| DSP|  FF | LUT | URAM|
    +---------------------------------------+-----------------------------------+---------+----+-----+-----+-----+
    |fadd_32ns_32ns_32_6_no_dsp_1_U19       |fadd_32ns_32ns_32_6_no_dsp_1       |        0|   0|  278|  411|    0|
    |fadd_32ns_32ns_32_6_no_dsp_1_U20       |fadd_32ns_32ns_32_6_no_dsp_1       |        0|   0|  278|  411|    0|
    |fadd_32ns_32ns_32_6_no_dsp_1_U21       |fadd_32ns_32ns_32_6_no_dsp_1       |        0|   0|  278|  411|    0|
    |fadd_32ns_32ns_32_6_no_dsp_1_U22       |fadd_32ns_32ns_32_6_no_dsp_1       |        0|   0|  278|  411|    0|
    |fadd_32ns_32ns_32_6_no_dsp_1_U23       |fadd_32ns_32ns_32_6_no_dsp_1       |        0|   0|  278|  411|    0|
    |fadd_32ns_32ns_32_6_no_dsp_1_U24       |fadd_32ns_32ns_32_6_no_dsp_1       |        0|   0|  278|  411|    0|
    |fadd_32ns_32ns_32_6_no_dsp_1_U25       |fadd_32ns_32ns_32_6_no_dsp_1       |        0|   0|  278|  411|    0|
    |fadd_32ns_32ns_32_6_no_dsp_1_U26       |fadd_32ns_32ns_32_6_no_dsp_1       |        0|   0|  278|  411|    0|
    |fadd_32ns_32ns_32_6_no_dsp_1_U27       |fadd_32ns_32ns_32_6_no_dsp_1       |        0|   0|  278|  411|    0|
    |fadd_32ns_32ns_32_6_no_dsp_1_U28       |fadd_32ns_32ns_32_6_no_dsp_1       |        0|   0|  278|  411|    0|
    |fadd_32ns_32ns_32_6_no_dsp_1_U29       |fadd_32ns_32ns_32_6_no_dsp_1       |        0|   0|  278|  411|    0|
    |fadd_32ns_32ns_32_6_no_dsp_1_U30       |fadd_32ns_32ns_32_6_no_dsp_1       |        0|   0|  278|  411|    0|
    |fadd_32ns_32ns_32_6_no_dsp_1_U31       |fadd_32ns_32ns_32_6_no_dsp_1       |        0|   0|  278|  411|    0|
    |fmul_32ns_32ns_32_5_max_dsp_1_U32      |fmul_32ns_32ns_32_5_max_dsp_1      |        0|   3|  151|  145|    0|
    |fmul_32ns_32ns_32_5_max_dsp_1_U33      |fmul_32ns_32ns_32_5_max_dsp_1      |        0|   3|  151|  145|    0|
    |fmul_32ns_32ns_32_5_max_dsp_1_U34      |fmul_32ns_32ns_32_5_max_dsp_1      |        0|   3|  151|  145|    0|
    |fmul_32ns_32ns_32_5_max_dsp_1_U35      |fmul_32ns_32ns_32_5_max_dsp_1      |        0|   3|  151|  145|    0|
    |fmul_32ns_32ns_32_5_max_dsp_1_U36      |fmul_32ns_32ns_32_5_max_dsp_1      |        0|   3|  151|  145|    0|
    |fmul_32ns_32ns_32_5_max_dsp_1_U37      |fmul_32ns_32ns_32_5_max_dsp_1      |        0|   3|  151|  145|    0|
    |fmul_32ns_32ns_32_5_max_dsp_1_U38      |fmul_32ns_32ns_32_5_max_dsp_1      |        0|   3|  151|  145|    0|
    |fmul_32ns_32ns_32_5_max_dsp_1_U39      |fmul_32ns_32ns_32_5_max_dsp_1      |        0|   3|  151|  145|    0|
    |fmul_32ns_32ns_32_5_max_dsp_1_U40      |fmul_32ns_32ns_32_5_max_dsp_1      |        0|   3|  151|  145|    0|
    |fmul_32ns_32ns_32_5_max_dsp_1_U41      |fmul_32ns_32ns_32_5_max_dsp_1      |        0|   3|  151|  145|    0|
    |fmul_32ns_32ns_32_5_max_dsp_1_U42      |fmul_32ns_32ns_32_5_max_dsp_1      |        0|   3|  151|  145|    0|
    |fmul_32ns_32ns_32_5_max_dsp_1_U43      |fmul_32ns_32ns_32_5_max_dsp_1      |        0|   3|  151|  145|    0|
    |fmul_32ns_32ns_32_5_max_dsp_1_U44      |fmul_32ns_32ns_32_5_max_dsp_1      |        0|   3|  151|  145|    0|
    |partselect_16ns_128ns_32ns_16_1_1_U45  |partselect_16ns_128ns_32ns_16_1_1  |        0|   0|    0|   34|    0|
    |partselect_16ns_128ns_32ns_16_1_1_U47  |partselect_16ns_128ns_32ns_16_1_1  |        0|   0|    0|   34|    0|
    |partselect_16ns_128ns_32ns_16_1_1_U49  |partselect_16ns_128ns_32ns_16_1_1  |        0|   0|    0|   34|    0|
    |partselect_16ns_128ns_32ns_16_1_1_U51  |partselect_16ns_128ns_32ns_16_1_1  |        0|   0|    0|   34|    0|
    |partselect_16ns_128ns_32ns_16_1_1_U81  |partselect_16ns_128ns_32ns_16_1_1  |        0|   0|    0|   34|    0|
    |partselect_16ns_128ns_32ns_16_1_1_U82  |partselect_16ns_128ns_32ns_16_1_1  |        0|   0|    0|   34|    0|
    |partselect_16ns_128ns_32ns_16_1_1_U83  |partselect_16ns_128ns_32ns_16_1_1  |        0|   0|    0|   34|    0|
    |partselect_16ns_128ns_32ns_16_1_1_U84  |partselect_16ns_128ns_32ns_16_1_1  |        0|   0|    0|   34|    0|
    |partselect_32ns_256ns_32ns_32_1_1_U46  |partselect_32ns_256ns_32ns_32_1_1  |        0|   0|    0|   68|    0|
    |partselect_32ns_256ns_32ns_32_1_1_U48  |partselect_32ns_256ns_32ns_32_1_1  |        0|   0|    0|   68|    0|
    |partselect_32ns_256ns_32ns_32_1_1_U50  |partselect_32ns_256ns_32ns_32_1_1  |        0|   0|    0|   68|    0|
    |partselect_32ns_256ns_32ns_32_1_1_U52  |partselect_32ns_256ns_32ns_32_1_1  |        0|   0|    0|   68|    0|
    |partselect_32ns_256ns_32ns_32_1_1_U53  |partselect_32ns_256ns_32ns_32_1_1  |        0|   0|    0|   68|    0|
    |partselect_32ns_256ns_32ns_32_1_1_U54  |partselect_32ns_256ns_32ns_32_1_1  |        0|   0|    0|   68|    0|
    |partselect_32ns_256ns_32ns_32_1_1_U55  |partselect_32ns_256ns_32ns_32_1_1  |        0|   0|    0|   68|    0|
    |partselect_32ns_256ns_32ns_32_1_1_U56  |partselect_32ns_256ns_32ns_32_1_1  |        0|   0|    0|   68|    0|
    |partselect_32ns_256ns_32ns_32_1_1_U57  |partselect_32ns_256ns_32ns_32_1_1  |        0|   0|    0|   68|    0|
    |partselect_32ns_256ns_32ns_32_1_1_U58  |partselect_32ns_256ns_32ns_32_1_1  |        0|   0|    0|   68|    0|
    |partselect_32ns_256ns_32ns_32_1_1_U59  |partselect_32ns_256ns_32ns_32_1_1  |        0|   0|    0|   68|    0|
    |partselect_32ns_256ns_32ns_32_1_1_U60  |partselect_32ns_256ns_32ns_32_1_1  |        0|   0|    0|   68|    0|
    |partselect_32ns_256ns_32ns_32_1_1_U61  |partselect_32ns_256ns_32ns_32_1_1  |        0|   0|    0|   68|    0|
    |partselect_32ns_256ns_32ns_32_1_1_U62  |partselect_32ns_256ns_32ns_32_1_1  |        0|   0|    0|   68|    0|
    |partselect_32ns_256ns_32ns_32_1_1_U63  |partselect_32ns_256ns_32ns_32_1_1  |        0|   0|    0|   68|    0|
    |partselect_32ns_256ns_32ns_32_1_1_U64  |partselect_32ns_256ns_32ns_32_1_1  |        0|   0|    0|   68|    0|
    |partselect_32ns_256ns_32ns_32_1_1_U65  |partselect_32ns_256ns_32ns_32_1_1  |        0|   0|    0|   68|    0|
    |partselect_32ns_256ns_32ns_32_1_1_U66  |partselect_32ns_256ns_32ns_32_1_1  |        0|   0|    0|   68|    0|
    |partselect_32ns_256ns_32ns_32_1_1_U67  |partselect_32ns_256ns_32ns_32_1_1  |        0|   0|    0|   68|    0|
    |partselect_32ns_256ns_32ns_32_1_1_U68  |partselect_32ns_256ns_32ns_32_1_1  |        0|   0|    0|   68|    0|
    |partselect_32ns_256ns_32ns_32_1_1_U69  |partselect_32ns_256ns_32ns_32_1_1  |        0|   0|    0|   68|    0|
    |partselect_32ns_256ns_32ns_32_1_1_U70  |partselect_32ns_256ns_32ns_32_1_1  |        0|   0|    0|   68|    0|
    |partselect_32ns_256ns_32ns_32_1_1_U71  |partselect_32ns_256ns_32ns_32_1_1  |        0|   0|    0|   68|    0|
    |partselect_32ns_256ns_32ns_32_1_1_U72  |partselect_32ns_256ns_32ns_32_1_1  |        0|   0|    0|   68|    0|
    |partselect_32ns_256ns_32ns_32_1_1_U73  |partselect_32ns_256ns_32ns_32_1_1  |        0|   0|    0|   68|    0|
    |partselect_32ns_256ns_32ns_32_1_1_U74  |partselect_32ns_256ns_32ns_32_1_1  |        0|   0|    0|   68|    0|
    |partselect_32ns_256ns_32ns_32_1_1_U75  |partselect_32ns_256ns_32ns_32_1_1  |        0|   0|    0|   68|    0|
    |partselect_32ns_256ns_32ns_32_1_1_U76  |partselect_32ns_256ns_32ns_32_1_1  |        0|   0|    0|   68|    0|
    |partselect_32ns_256ns_32ns_32_1_1_U77  |partselect_32ns_256ns_32ns_32_1_1  |        0|   0|    0|   68|    0|
    |partselect_32ns_256ns_32ns_32_1_1_U78  |partselect_32ns_256ns_32ns_32_1_1  |        0|   0|    0|   68|    0|
    |partselect_32ns_256ns_32ns_32_1_1_U79  |partselect_32ns_256ns_32ns_32_1_1  |        0|   0|    0|   68|    0|
    |partselect_32ns_256ns_32ns_32_1_1_U80  |partselect_32ns_256ns_32ns_32_1_1  |        0|   0|    0|   68|    0|
    |sparsemux_9_3_32_1_1_U85               |sparsemux_9_3_32_1_1               |        0|   0|    0|   14|    0|
    |sparsemux_9_3_32_1_1_U86               |sparsemux_9_3_32_1_1               |        0|   0|    0|   14|    0|
    |sparsemux_9_3_32_1_1_U87               |sparsemux_9_3_32_1_1               |        0|   0|    0|   14|    0|
    |sparsemux_9_3_32_1_1_U88               |sparsemux_9_3_32_1_1               |        0|   0|    0|   14|    0|
    |sparsemux_9_3_32_1_1_U89               |sparsemux_9_3_32_1_1               |        0|   0|    0|   14|    0|
    |sparsemux_9_3_32_1_1_U90               |sparsemux_9_3_32_1_1               |        0|   0|    0|   14|    0|
    |sparsemux_9_3_32_1_1_U91               |sparsemux_9_3_32_1_1               |        0|   0|    0|   14|    0|
    |sparsemux_9_3_32_1_1_U92               |sparsemux_9_3_32_1_1               |        0|   0|    0|   14|    0|
    +---------------------------------------+-----------------------------------+---------+----+-----+-----+-----+
    |Total                                  |                                   |        0|  39| 5577| 9788|    0|
    +---------------------------------------+-----------------------------------+---------+----+-----+-----+-----+

    * DSP: 
    N/A

    * Memory: 
    N/A

    * FIFO: 
    N/A

    * Expression: 
    +------------------------------+----------+----+---+----+------------+------------+
    |         Variable Name        | Operation| DSP| FF| LUT| Bitwidth P0| Bitwidth P1|
    +------------------------------+----------+----+---+----+------------+------------+
    |add_ln160_fu_1641_p2          |         +|   0|  0|  20|          13|          13|
    |add_ln163_fu_1653_p2          |         +|   0|  0|  19|          12|          12|
    |add_ln20_10_fu_3370_p2        |         +|   0|  0|  10|           3|           1|
    |add_ln20_11_fu_3396_p2        |         +|   0|  0|  12|           4|           1|
    |add_ln20_12_fu_4084_p2        |         +|   0|  0|  12|           4|           1|
    |add_ln20_13_fu_4118_p2        |         +|   0|  0|  12|           4|           1|
    |add_ln20_14_fu_2215_p2        |         +|   0|  0|  10|           3|           1|
    |add_ln20_15_fu_3435_p2        |         +|   0|  0|  10|           3|           1|
    |add_ln20_16_fu_3469_p2        |         +|   0|  0|  10|           3|           1|
    |add_ln20_17_fu_3505_p2        |         +|   0|  0|  10|           3|           1|
    |add_ln20_18_fu_3531_p2        |         +|   0|  0|  12|           4|           1|
    |add_ln20_19_fu_4317_p2        |         +|   0|  0|  12|           4|           1|
    |add_ln20_1_fu_3187_p2         |         +|   0|  0|  10|           3|           1|
    |add_ln20_20_fu_4351_p2        |         +|   0|  0|  12|           4|           1|
    |add_ln20_21_fu_2417_p2        |         +|   0|  0|  10|           3|           1|
    |add_ln20_22_fu_3570_p2        |         +|   0|  0|  10|           3|           1|
    |add_ln20_23_fu_3604_p2        |         +|   0|  0|  10|           3|           1|
    |add_ln20_24_fu_3640_p2        |         +|   0|  0|  10|           3|           1|
    |add_ln20_25_fu_3666_p2        |         +|   0|  0|  12|           4|           1|
    |add_ln20_26_fu_4550_p2        |         +|   0|  0|  12|           4|           1|
    |add_ln20_27_fu_4584_p2        |         +|   0|  0|  12|           4|           1|
    |add_ln20_28_fu_2578_p2        |         +|   0|  0|  10|           3|           1|
    |add_ln20_29_fu_3705_p2        |         +|   0|  0|  10|           3|           1|
    |add_ln20_2_fu_3221_p2         |         +|   0|  0|  10|           3|           1|
    |add_ln20_30_fu_3739_p2        |         +|   0|  0|  10|           3|           1|
    |add_ln20_31_fu_3775_p2        |         +|   0|  0|  10|           3|           1|
    |add_ln20_32_fu_3801_p2        |         +|   0|  0|  12|           4|           1|
    |add_ln20_33_fu_4776_p2        |         +|   0|  0|  12|           4|           1|
    |add_ln20_34_fu_4810_p2        |         +|   0|  0|  12|           4|           1|
    |add_ln20_35_fu_5008_p2        |         +|   0|  0|  10|           3|           1|
    |add_ln20_36_fu_5044_p2        |         +|   0|  0|  10|           3|           1|
    |add_ln20_37_fu_5066_p2        |         +|   0|  0|  10|           3|           1|
    |add_ln20_38_fu_5699_p2        |         +|   0|  0|  10|           3|           1|
    |add_ln20_39_fu_5737_p2        |         +|   0|  0|  12|           4|           1|
    |add_ln20_3_fu_3243_p2         |         +|   0|  0|  10|           3|           1|
    |add_ln20_40_fu_5773_p2        |         +|   0|  0|  12|           4|           1|
    |add_ln20_41_fu_6384_p2        |         +|   0|  0|  12|           4|           1|
    |add_ln20_42_fu_5171_p2        |         +|   0|  0|  10|           3|           1|
    |add_ln20_43_fu_5207_p2        |         +|   0|  0|  10|           3|           1|
    |add_ln20_44_fu_5229_p2        |         +|   0|  0|  10|           3|           1|
    |add_ln20_45_fu_5852_p2        |         +|   0|  0|  10|           3|           1|
    |add_ln20_46_fu_5890_p2        |         +|   0|  0|  12|           4|           1|
    |add_ln20_47_fu_5926_p2        |         +|   0|  0|  12|           4|           1|
    |add_ln20_48_fu_6529_p2        |         +|   0|  0|  12|           4|           1|
    |add_ln20_49_fu_5334_p2        |         +|   0|  0|  10|           3|           1|
    |add_ln20_4_fu_3261_p2         |         +|   0|  0|  12|           4|           1|
    |add_ln20_50_fu_5370_p2        |         +|   0|  0|  10|           3|           1|
    |add_ln20_51_fu_5392_p2        |         +|   0|  0|  10|           3|           1|
    |add_ln20_52_fu_6005_p2        |         +|   0|  0|  10|           3|           1|
    |add_ln20_53_fu_6043_p2        |         +|   0|  0|  12|           4|           1|
    |add_ln20_54_fu_6079_p2        |         +|   0|  0|  12|           4|           1|
    |add_ln20_55_fu_6674_p2        |         +|   0|  0|  12|           4|           1|
    |add_ln20_56_fu_5497_p2        |         +|   0|  0|  10|           3|           1|
    |add_ln20_57_fu_5533_p2        |         +|   0|  0|  10|           3|           1|
    |add_ln20_58_fu_5555_p2        |         +|   0|  0|  10|           3|           1|
    |add_ln20_59_fu_6158_p2        |         +|   0|  0|  10|           3|           1|
    |add_ln20_5_fu_3885_p2         |         +|   0|  0|  12|           4|           1|
    |add_ln20_60_fu_6196_p2        |         +|   0|  0|  12|           4|           1|
    |add_ln20_61_fu_6232_p2        |         +|   0|  0|  12|           4|           1|
    |add_ln20_62_fu_6819_p2        |         +|   0|  0|  12|           4|           1|
    |add_ln20_6_fu_3919_p2         |         +|   0|  0|  12|           4|           1|
    |add_ln20_7_fu_2013_p2         |         +|   0|  0|  10|           3|           1|
    |add_ln20_8_fu_3300_p2         |         +|   0|  0|  10|           3|           1|
    |add_ln20_9_fu_3334_p2         |         +|   0|  0|  10|           3|           1|
    |add_ln20_fu_1845_p2           |         +|   0|  0|  10|           3|           1|
    |add_ln32_1_fu_4010_p2         |         +|   0|  0|  38|          31|          30|
    |add_ln32_2_fu_4243_p2         |         +|   0|  0|  38|          31|          30|
    |add_ln32_3_fu_4476_p2         |         +|   0|  0|  38|          31|          30|
    |add_ln32_4_fu_4702_p2         |         +|   0|  0|  38|          31|          30|
    |add_ln32_5_fu_6348_p2         |         +|   0|  0|  38|          31|          30|
    |add_ln32_6_fu_6493_p2         |         +|   0|  0|  38|          31|          30|
    |add_ln32_7_fu_6638_p2         |         +|   0|  0|  38|          31|          30|
    |add_ln32_8_fu_6783_p2         |         +|   0|  0|  38|          31|          30|
    |add_ln32_fu_3966_p2           |         +|   0|  0|  38|          31|          30|
    |kbase_fu_1693_p2              |         +|   0|  0|  20|          13|           3|
    |sub_ln26_1_fu_4136_p2         |         -|   0|  0|  13|           5|           6|
    |sub_ln26_2_fu_4369_p2         |         -|   0|  0|  13|           5|           6|
    |sub_ln26_3_fu_4602_p2         |         -|   0|  0|  13|           5|           6|
    |sub_ln26_4_fu_4828_p2         |         -|   0|  0|  13|           5|           6|
    |sub_ln26_5_fu_6399_p2         |         -|   0|  0|  13|           5|           6|
    |sub_ln26_6_fu_6544_p2         |         -|   0|  0|  13|           5|           6|
    |sub_ln26_7_fu_6689_p2         |         -|   0|  0|  13|           5|           6|
    |sub_ln26_8_fu_6834_p2         |         -|   0|  0|  13|           5|           6|
    |sub_ln26_fu_3937_p2           |         -|   0|  0|  13|           5|           6|
    |and_ln13_1_fu_4419_p2         |       and|   0|  0|   2|           1|           1|
    |and_ln13_2_fu_4652_p2         |       and|   0|  0|   2|           1|           1|
    |and_ln13_3_fu_4878_p2         |       and|   0|  0|   2|           1|           1|
    |and_ln13_4_fu_6436_p2         |       and|   0|  0|   2|           1|           1|
    |and_ln13_5_fu_6581_p2         |       and|   0|  0|   2|           1|           1|
    |and_ln13_6_fu_6726_p2         |       and|   0|  0|   2|           1|           1|
    |and_ln13_7_fu_6871_p2         |       and|   0|  0|   2|           1|           1|
    |and_ln13_fu_4186_p2           |       and|   0|  0|   2|           1|           1|
    |ap_condition_1426             |       and|   0|  0|   2|           1|           1|
    |ap_predicate_pred1431_state4  |       and|   0|  0|   2|           1|           1|
    |ap_predicate_pred1442_state4  |       and|   0|  0|   2|           1|           1|
    |ap_predicate_pred1456_state4  |       and|   0|  0|   2|           1|           1|
    |icmp_ln12_10_fu_6566_p2       |      icmp|   0|  0|  12|           5|           2|
    |icmp_ln12_11_fu_6571_p2       |      icmp|   0|  0|  12|           5|           1|
    |icmp_ln12_12_fu_6711_p2       |      icmp|   0|  0|  12|           5|           2|
    |icmp_ln12_13_fu_6716_p2       |      icmp|   0|  0|  12|           5|           1|
    |icmp_ln12_14_fu_6856_p2       |      icmp|   0|  0|  12|           5|           2|
    |icmp_ln12_15_fu_6861_p2       |      icmp|   0|  0|  12|           5|           1|
    |icmp_ln12_1_fu_4176_p2        |      icmp|   0|  0|  12|           5|           1|
    |icmp_ln12_2_fu_4404_p2        |      icmp|   0|  0|  12|           5|           2|
    |icmp_ln12_3_fu_4409_p2        |      icmp|   0|  0|  12|           5|           1|
    |icmp_ln12_4_fu_4637_p2        |      icmp|   0|  0|  12|           5|           2|
    |icmp_ln12_5_fu_4642_p2        |      icmp|   0|  0|  12|           5|           1|
    |icmp_ln12_6_fu_4863_p2        |      icmp|   0|  0|  12|           5|           2|
    |icmp_ln12_7_fu_4868_p2        |      icmp|   0|  0|  12|           5|           1|
    |icmp_ln12_8_fu_6421_p2        |      icmp|   0|  0|  12|           5|           2|
    |icmp_ln12_9_fu_6426_p2        |      icmp|   0|  0|  12|           5|           1|
    |icmp_ln12_fu_4171_p2          |      icmp|   0|  0|  12|           5|           2|
    |icmp_ln13_10_fu_6431_p2       |      icmp|   0|  0|  17|          10|           1|
    |icmp_ln13_11_fu_2996_p2       |      icmp|   0|  0|  17|          10|           1|
    |icmp_ln13_12_fu_6576_p2       |      icmp|   0|  0|  17|          10|           1|
    |icmp_ln13_13_fu_3072_p2       |      icmp|   0|  0|  17|          10|           1|
    |icmp_ln13_14_fu_6721_p2       |      icmp|   0|  0|  17|          10|           1|
    |icmp_ln13_15_fu_3148_p2       |      icmp|   0|  0|  17|          10|           1|
    |icmp_ln13_16_fu_6866_p2       |      icmp|   0|  0|  17|          10|           1|
    |icmp_ln13_1_fu_2055_p2        |      icmp|   0|  0|  17|          10|           1|
    |icmp_ln13_2_fu_4181_p2        |      icmp|   0|  0|  17|          10|           1|
    |icmp_ln13_3_fu_2257_p2        |      icmp|   0|  0|  17|          10|           1|
    |icmp_ln13_4_fu_4414_p2        |      icmp|   0|  0|  17|          10|           1|
    |icmp_ln13_5_fu_2459_p2        |      icmp|   0|  0|  17|          10|           1|
    |icmp_ln13_6_fu_4647_p2        |      icmp|   0|  0|  17|          10|           1|
    |icmp_ln13_7_fu_2620_p2        |      icmp|   0|  0|  17|          10|           1|
    |icmp_ln13_8_fu_4873_p2        |      icmp|   0|  0|  17|          10|           1|
    |icmp_ln13_9_fu_2920_p2        |      icmp|   0|  0|  17|          10|           1|
    |icmp_ln13_fu_1745_p2          |      icmp|   0|  0|  17|          10|           1|
    |icmp_ln147_fu_1617_p2         |      icmp|   0|  0|  20|          13|          13|
    |or_ln13_1_fu_2233_p2          |        or|   0|  0|   5|           5|           5|
    |or_ln13_2_fu_2435_p2          |        or|   0|  0|   5|           5|           5|
    |or_ln13_3_fu_2596_p2          |        or|   0|  0|   5|           5|           5|
    |or_ln13_4_fu_2896_p2          |        or|   0|  0|   5|           5|           5|
    |or_ln13_5_fu_2972_p2          |        or|   0|  0|   5|           5|           5|
    |or_ln13_6_fu_3048_p2          |        or|   0|  0|   5|           5|           5|
    |or_ln13_7_fu_3124_p2          |        or|   0|  0|   5|           5|           5|
    |or_ln13_fu_2031_p2            |        or|   0|  0|   5|           5|           5|
    |normalized_101_fu_5000_p3     |    select|   0|  0|  10|           1|          11|
    |normalized_103_fu_5036_p3     |    select|   0|  0|  10|           1|          11|
    |normalized_105_fu_5671_p3     |    select|   0|  0|  10|           1|          11|
    |normalized_107_fu_5691_p3     |    select|   0|  0|  10|           1|          11|
    |normalized_109_fu_5729_p3     |    select|   0|  0|  10|           1|          11|
    |normalized_111_fu_5765_p3     |    select|   0|  0|  10|           1|          11|
    |normalized_116_fu_5094_p3     |    select|   0|  0|  10|           1|          11|
    |normalized_118_fu_5129_p3     |    select|   0|  0|  10|           1|          11|
    |normalized_11_fu_3213_p3      |    select|   0|  0|  10|           1|          11|
    |normalized_120_fu_5163_p3     |    select|   0|  0|  10|           1|          11|
    |normalized_122_fu_5199_p3     |    select|   0|  0|  10|           1|          11|
    |normalized_124_fu_5824_p3     |    select|   0|  0|  10|           1|          11|
    |normalized_126_fu_5844_p3     |    select|   0|  0|  10|           1|          11|
    |normalized_128_fu_5882_p3     |    select|   0|  0|  10|           1|          11|
    |normalized_130_fu_5918_p3     |    select|   0|  0|  10|           1|          11|
    |normalized_135_fu_5257_p3     |    select|   0|  0|  10|           1|          11|
    |normalized_137_fu_5292_p3     |    select|   0|  0|  10|           1|          11|
    |normalized_139_fu_5326_p3     |    select|   0|  0|  10|           1|          11|
    |normalized_13_fu_3829_p3      |    select|   0|  0|  10|           1|          11|
    |normalized_141_fu_5362_p3     |    select|   0|  0|  10|           1|          11|
    |normalized_143_fu_5977_p3     |    select|   0|  0|  10|           1|          11|
    |normalized_145_fu_5997_p3     |    select|   0|  0|  10|           1|          11|
    |normalized_147_fu_6035_p3     |    select|   0|  0|  10|           1|          11|
    |normalized_149_fu_6071_p3     |    select|   0|  0|  10|           1|          11|
    |normalized_154_fu_5420_p3     |    select|   0|  0|  10|           1|          11|
    |normalized_156_fu_5455_p3     |    select|   0|  0|  10|           1|          11|
    |normalized_158_fu_5489_p3     |    select|   0|  0|  10|           1|          11|
    |normalized_15_fu_3849_p3      |    select|   0|  0|  10|           1|          11|
    |normalized_160_fu_5525_p3     |    select|   0|  0|  10|           1|          11|
    |normalized_162_fu_6130_p3     |    select|   0|  0|  10|           1|          11|
    |normalized_164_fu_6150_p3     |    select|   0|  0|  10|           1|          11|
    |normalized_166_fu_6188_p3     |    select|   0|  0|  10|           1|          11|
    |normalized_168_fu_6224_p3     |    select|   0|  0|  10|           1|          11|
    |normalized_17_fu_3877_p3      |    select|   0|  0|  10|           1|          11|
    |normalized_22_fu_1947_p3      |    select|   0|  0|  10|           1|          11|
    |normalized_24_fu_1985_p3      |    select|   0|  0|  10|           1|          11|
    |normalized_26_fu_3272_p3      |    select|   0|  0|  10|           1|          11|
    |normalized_28_fu_3292_p3      |    select|   0|  0|  10|           1|          11|
    |normalized_30_fu_3326_p3      |    select|   0|  0|  10|           1|          11|
    |normalized_32_fu_3362_p3      |    select|   0|  0|  10|           1|          11|
    |normalized_34_fu_4051_p3      |    select|   0|  0|  10|           1|          11|
    |normalized_36_fu_4076_p3      |    select|   0|  0|  10|           1|          11|
    |normalized_3_fu_1779_p3       |    select|   0|  0|  10|           1|          11|
    |normalized_41_fu_2149_p3      |    select|   0|  0|  10|           1|          11|
    |normalized_43_fu_2187_p3      |    select|   0|  0|  10|           1|          11|
    |normalized_45_fu_3407_p3      |    select|   0|  0|  10|           1|          11|
    |normalized_47_fu_3427_p3      |    select|   0|  0|  10|           1|          11|
    |normalized_49_fu_3461_p3      |    select|   0|  0|  10|           1|          11|
    |normalized_51_fu_3497_p3      |    select|   0|  0|  10|           1|          11|
    |normalized_53_fu_4284_p3      |    select|   0|  0|  10|           1|          11|
    |normalized_55_fu_4309_p3      |    select|   0|  0|  10|           1|          11|
    |normalized_5_fu_1817_p3       |    select|   0|  0|  10|           1|          11|
    |normalized_60_fu_2351_p3      |    select|   0|  0|  10|           1|          11|
    |normalized_62_fu_2389_p3      |    select|   0|  0|  10|           1|          11|
    |normalized_64_fu_3542_p3      |    select|   0|  0|  10|           1|          11|
    |normalized_66_fu_3562_p3      |    select|   0|  0|  10|           1|          11|
    |normalized_68_fu_3596_p3      |    select|   0|  0|  10|           1|          11|
    |normalized_70_fu_3632_p3      |    select|   0|  0|  10|           1|          11|
    |normalized_72_fu_4517_p3      |    select|   0|  0|  10|           1|          11|
    |normalized_74_fu_4542_p3      |    select|   0|  0|  10|           1|          11|
    |normalized_78_fu_2512_p3      |    select|   0|  0|  10|           1|          11|
    |normalized_7_fu_3159_p3       |    select|   0|  0|  10|           1|          11|
    |normalized_80_fu_2550_p3      |    select|   0|  0|  10|           1|          11|
    |normalized_82_fu_3677_p3      |    select|   0|  0|  10|           1|          11|
    |normalized_84_fu_3697_p3      |    select|   0|  0|  10|           1|          11|
    |normalized_86_fu_3731_p3      |    select|   0|  0|  10|           1|          11|
    |normalized_88_fu_3767_p3      |    select|   0|  0|  10|           1|          11|
    |normalized_90_fu_4743_p3      |    select|   0|  0|  10|           1|          11|
    |normalized_92_fu_4768_p3      |    select|   0|  0|  10|           1|          11|
    |normalized_97_fu_4931_p3      |    select|   0|  0|  10|           1|          11|
    |normalized_99_fu_4966_p3      |    select|   0|  0|  10|           1|          11|
    |normalized_9_fu_3179_p3       |    select|   0|  0|  10|           1|          11|
    |select_ln20_108_fu_4612_p3    |    select|   0|  0|  10|           1|          10|
    |select_ln20_10_fu_1955_p3     |    select|   0|  0|   3|           1|           1|
    |select_ln20_117_fu_4838_p3    |    select|   0|  0|  10|           1|          10|
    |select_ln20_11_fu_1993_p3     |    select|   0|  0|   2|           1|           2|
    |select_ln20_126_fu_5811_p3    |    select|   0|  0|  10|           1|          10|
    |select_ln20_12_fu_2019_p3     |    select|   0|  0|   3|           1|           3|
    |select_ln20_135_fu_5964_p3    |    select|   0|  0|  10|           1|          10|
    |select_ln20_13_fu_3305_p3     |    select|   0|  0|   3|           1|           3|
    |select_ln20_144_fu_6117_p3    |    select|   0|  0|  10|           1|          10|
    |select_ln20_14_fu_3340_p3     |    select|   0|  0|   3|           1|           3|
    |select_ln20_153_fu_6270_p3    |    select|   0|  0|  10|           1|          10|
    |select_ln20_15_fu_3376_p3     |    select|   0|  0|   3|           1|           3|
    |select_ln20_16_fu_4057_p3     |    select|   0|  0|   4|           1|           4|
    |select_ln20_17_fu_4090_p3     |    select|   0|  0|   4|           1|           4|
    |select_ln20_18_fu_4124_p3     |    select|   0|  0|   4|           1|           4|
    |select_ln20_19_fu_2157_p3     |    select|   0|  0|   3|           1|           1|
    |select_ln20_1_fu_1787_p3      |    select|   0|  0|   3|           1|           1|
    |select_ln20_20_fu_2195_p3     |    select|   0|  0|   2|           1|           2|
    |select_ln20_21_fu_2221_p3     |    select|   0|  0|   3|           1|           3|
    |select_ln20_22_fu_3440_p3     |    select|   0|  0|   3|           1|           3|
    |select_ln20_23_fu_3475_p3     |    select|   0|  0|   3|           1|           3|
    |select_ln20_24_fu_3511_p3     |    select|   0|  0|   3|           1|           3|
    |select_ln20_25_fu_4290_p3     |    select|   0|  0|   4|           1|           4|
    |select_ln20_26_fu_4323_p3     |    select|   0|  0|   4|           1|           4|
    |select_ln20_27_fu_4357_p3     |    select|   0|  0|   4|           1|           4|
    |select_ln20_28_fu_2359_p3     |    select|   0|  0|   3|           1|           1|
    |select_ln20_29_fu_2397_p3     |    select|   0|  0|   2|           1|           2|
    |select_ln20_2_fu_1825_p3      |    select|   0|  0|   2|           1|           2|
    |select_ln20_30_fu_2423_p3     |    select|   0|  0|   3|           1|           3|
    |select_ln20_31_fu_3575_p3     |    select|   0|  0|   3|           1|           3|
    |select_ln20_32_fu_3610_p3     |    select|   0|  0|   3|           1|           3|
    |select_ln20_33_fu_3646_p3     |    select|   0|  0|   3|           1|           3|
    |select_ln20_34_fu_4523_p3     |    select|   0|  0|   4|           1|           4|
    |select_ln20_35_fu_4556_p3     |    select|   0|  0|   4|           1|           4|
    |select_ln20_36_fu_4590_p3     |    select|   0|  0|   4|           1|           4|
    |select_ln20_37_fu_2520_p3     |    select|   0|  0|   3|           1|           1|
    |select_ln20_38_fu_2558_p3     |    select|   0|  0|   2|           1|           2|
    |select_ln20_39_fu_2584_p3     |    select|   0|  0|   3|           1|           3|
    |select_ln20_3_fu_1851_p3      |    select|   0|  0|   3|           1|           3|
    |select_ln20_40_fu_3710_p3     |    select|   0|  0|   3|           1|           3|
    |select_ln20_41_fu_3745_p3     |    select|   0|  0|   3|           1|           3|
    |select_ln20_42_fu_3781_p3     |    select|   0|  0|   3|           1|           3|
    |select_ln20_43_fu_4749_p3     |    select|   0|  0|   4|           1|           4|
    |select_ln20_44_fu_4782_p3     |    select|   0|  0|   4|           1|           4|
    |select_ln20_45_fu_4816_p3     |    select|   0|  0|   4|           1|           4|
    |select_ln20_46_fu_4938_p3     |    select|   0|  0|   3|           1|           1|
    |select_ln20_47_fu_4974_p3     |    select|   0|  0|   2|           1|           2|
    |select_ln20_48_fu_5014_p3     |    select|   0|  0|   3|           1|           3|
    |select_ln20_49_fu_5050_p3     |    select|   0|  0|   3|           1|           3|
    |select_ln20_4_fu_3192_p3      |    select|   0|  0|   3|           1|           3|
    |select_ln20_50_fu_5072_p3     |    select|   0|  0|   3|           1|           3|
    |select_ln20_51_fu_5704_p3     |    select|   0|  0|   3|           1|           3|
    |select_ln20_52_fu_5743_p3     |    select|   0|  0|   4|           1|           4|
    |select_ln20_53_fu_5779_p3     |    select|   0|  0|   4|           1|           4|
    |select_ln20_54_fu_6389_p3     |    select|   0|  0|   4|           1|           4|
    |select_ln20_55_fu_5101_p3     |    select|   0|  0|   3|           1|           1|
    |select_ln20_56_fu_5137_p3     |    select|   0|  0|   2|           1|           2|
    |select_ln20_57_fu_5177_p3     |    select|   0|  0|   3|           1|           3|
    |select_ln20_58_fu_5213_p3     |    select|   0|  0|   3|           1|           3|
    |select_ln20_59_fu_5235_p3     |    select|   0|  0|   3|           1|           3|
    |select_ln20_5_fu_3227_p3      |    select|   0|  0|   3|           1|           3|
    |select_ln20_60_fu_5857_p3     |    select|   0|  0|   3|           1|           3|
    |select_ln20_61_fu_5896_p3     |    select|   0|  0|   4|           1|           4|
    |select_ln20_62_fu_5932_p3     |    select|   0|  0|   4|           1|           4|
    |select_ln20_63_fu_6534_p3     |    select|   0|  0|   4|           1|           4|
    |select_ln20_64_fu_5264_p3     |    select|   0|  0|   3|           1|           1|
    |select_ln20_65_fu_5300_p3     |    select|   0|  0|   2|           1|           2|
    |select_ln20_66_fu_5340_p3     |    select|   0|  0|   3|           1|           3|
    |select_ln20_67_fu_5376_p3     |    select|   0|  0|   3|           1|           3|
    |select_ln20_68_fu_5398_p3     |    select|   0|  0|   3|           1|           3|
    |select_ln20_69_fu_6010_p3     |    select|   0|  0|   3|           1|           3|
    |select_ln20_6_fu_3249_p3      |    select|   0|  0|   3|           1|           3|
    |select_ln20_70_fu_6049_p3     |    select|   0|  0|   4|           1|           4|
    |select_ln20_71_fu_6085_p3     |    select|   0|  0|   4|           1|           4|
    |select_ln20_72_fu_6679_p3     |    select|   0|  0|   4|           1|           4|
    |select_ln20_73_fu_5427_p3     |    select|   0|  0|   3|           1|           1|
    |select_ln20_74_fu_5463_p3     |    select|   0|  0|   2|           1|           2|
    |select_ln20_75_fu_5503_p3     |    select|   0|  0|   3|           1|           3|
    |select_ln20_76_fu_5539_p3     |    select|   0|  0|   3|           1|           3|
    |select_ln20_77_fu_5561_p3     |    select|   0|  0|   3|           1|           3|
    |select_ln20_78_fu_6163_p3     |    select|   0|  0|   3|           1|           3|
    |select_ln20_79_fu_6202_p3     |    select|   0|  0|   4|           1|           4|
    |select_ln20_7_fu_3857_p3      |    select|   0|  0|   4|           1|           4|
    |select_ln20_80_fu_6238_p3     |    select|   0|  0|   4|           1|           4|
    |select_ln20_81_fu_6824_p3     |    select|   0|  0|   4|           1|           4|
    |select_ln20_8_fu_3891_p3      |    select|   0|  0|   4|           1|           4|
    |select_ln20_90_fu_4146_p3     |    select|   0|  0|  10|           1|          10|
    |select_ln20_99_fu_4379_p3     |    select|   0|  0|  10|           1|          10|
    |select_ln20_9_fu_3947_p3      |    select|   0|  0|  10|           1|          10|
    |select_ln20_fu_3925_p3        |    select|   0|  0|   4|           1|           4|
    |select_ln22_1_fu_1977_p3      |    select|   0|  0|   3|           1|           3|
    |select_ln22_2_fu_2179_p3      |    select|   0|  0|   3|           1|           3|
    |select_ln22_3_fu_2381_p3      |    select|   0|  0|   3|           1|           3|
    |select_ln22_4_fu_2542_p3      |    select|   0|  0|   3|           1|           3|
    |select_ln22_5_fu_4959_p3      |    select|   0|  0|   3|           1|           3|
    |select_ln22_6_fu_5122_p3      |    select|   0|  0|   3|           1|           3|
    |select_ln22_7_fu_5285_p3      |    select|   0|  0|   3|           1|           3|
    |select_ln22_8_fu_5448_p3      |    select|   0|  0|   3|           1|           3|
    |select_ln22_fu_1809_p3        |    select|   0|  0|   3|           1|           3|
    |ap_enable_pp0                 |       xor|   0|  0|   2|           1|           2|
    +------------------------------+----------+----+---+----+------------+------------+
    |Total                         |          |   0|  0|2867|        1065|        1675|
    +------------------------------+----------+----+---+----+------------+------------+

    * Multiplexer: 
    +---------------------------------------+----+-----------+-----+-----------+
    |                  Name                 | LUT| Input Size| Bits| Total Bits|
    +---------------------------------------+----+-----------+-----+-----------+
    |ap_NS_fsm                              |  31|          6|    1|          6|
    |ap_done_int                            |   9|          2|    1|          2|
    |ap_enable_reg_pp0_iter0                |   9|          2|    1|          2|
    |ap_enable_reg_pp0_iter1                |   9|          2|    1|          2|
    |ap_enable_reg_pp0_iter3                |   9|          2|    1|          2|
    |ap_loop_exit_ready_pp0_iter1_reg       |   9|          2|    1|          2|
    |ap_loop_exit_ready_pp0_iter2_reg       |   9|          2|    1|          2|
    |ap_phi_mux_bits_43_phi_fu_1167_p8      |   9|          2|   19|         38|
    |ap_phi_reg_pp0_iter0_bits_43_reg_1164  |  14|          3|   19|         57|
    |ap_sig_allocacmp_k_1                   |   9|          2|   13|         26|
    |ap_sig_allocacmp_p_load                |   9|          2|   32|         64|
    |ap_sig_allocacmp_p_load101             |   9|          2|   32|         64|
    |ap_sig_allocacmp_p_load103             |   9|          2|   32|         64|
    |ap_sig_allocacmp_p_load105             |   9|          2|   32|         64|
    |ap_sig_allocacmp_p_load107             |   9|          2|   32|         64|
    |ap_sig_allocacmp_p_load109             |   9|          2|   32|         64|
    |ap_sig_allocacmp_p_load111             |   9|          2|   32|         64|
    |ap_sig_allocacmp_p_load113             |   9|          2|   32|         64|
    |ap_sig_allocacmp_p_load115             |   9|          2|   32|         64|
    |ap_sig_allocacmp_p_load117             |   9|          2|   32|         64|
    |ap_sig_allocacmp_p_load119             |   9|          2|   32|         64|
    |ap_sig_allocacmp_p_load121             |   9|          2|   32|         64|
    |ap_sig_allocacmp_p_load123             |   9|          2|   32|         64|
    |ap_sig_allocacmp_p_load125             |   9|          2|   32|         64|
    |ap_sig_allocacmp_p_load127             |   9|          2|   32|         64|
    |ap_sig_allocacmp_p_load129             |   9|          2|   32|         64|
    |ap_sig_allocacmp_p_load131             |   9|          2|   32|         64|
    |ap_sig_allocacmp_p_load133             |   9|          2|   32|         64|
    |ap_sig_allocacmp_p_load135             |   9|          2|   32|         64|
    |ap_sig_allocacmp_p_load137             |   9|          2|   32|         64|
    |ap_sig_allocacmp_p_load139             |   9|          2|   32|         64|
    |ap_sig_allocacmp_p_load141             |   9|          2|   32|         64|
    |ap_sig_allocacmp_p_load143             |   9|          2|   32|         64|
    |ap_sig_allocacmp_p_load145             |   9|          2|   32|         64|
    |ap_sig_allocacmp_p_load147             |   9|          2|   32|         64|
    |ap_sig_allocacmp_p_load149             |   9|          2|   32|         64|
    |ap_sig_allocacmp_p_load151             |   9|          2|   32|         64|
    |ap_sig_allocacmp_p_load153             |   9|          2|   32|         64|
    |ap_sig_allocacmp_p_load155             |   9|          2|   32|         64|
    |ap_sig_allocacmp_p_load157             |   9|          2|   32|         64|
    |ap_sig_allocacmp_p_load159             |   9|          2|   32|         64|
    |ap_sig_allocacmp_p_load161             |   9|          2|   32|         64|
    |ap_sig_allocacmp_p_load163             |   9|          2|   32|         64|
    |ap_sig_allocacmp_p_load165             |   9|          2|   32|         64|
    |ap_sig_allocacmp_p_load167             |   9|          2|   32|         64|
    |ap_sig_allocacmp_p_load169             |   9|          2|   32|         64|
    |ap_sig_allocacmp_p_load171             |   9|          2|   32|         64|
    |ap_sig_allocacmp_p_load173             |   9|          2|   32|         64|
    |ap_sig_allocacmp_p_load175             |   9|          2|   32|         64|
    |ap_sig_allocacmp_p_load177             |   9|          2|   32|         64|
    |ap_sig_allocacmp_p_load179             |   9|          2|   32|         64|
    |ap_sig_allocacmp_p_load181             |   9|          2|   32|         64|
    |ap_sig_allocacmp_p_load183             |   9|          2|   32|         64|
    |ap_sig_allocacmp_p_load185             |   9|          2|   32|         64|
    |ap_sig_allocacmp_p_load187             |   9|          2|   32|         64|
    |ap_sig_allocacmp_p_load189             |   9|          2|   32|         64|
    |ap_sig_allocacmp_p_load191             |   9|          2|   32|         64|
    |ap_sig_allocacmp_p_load193             |   9|          2|   32|         64|
    |ap_sig_allocacmp_p_load195             |   9|          2|   32|         64|
    |ap_sig_allocacmp_p_load197             |   9|          2|   32|         64|
    |ap_sig_allocacmp_p_load199             |   9|          2|   32|         64|
    |ap_sig_allocacmp_p_load201             |   9|          2|   32|         64|
    |ap_sig_allocacmp_p_load203             |   9|          2|   32|         64|
    |ap_sig_allocacmp_p_load205             |   9|          2|   32|         64|
    |ap_sig_allocacmp_p_load81              |   9|          2|   32|         64|
    |ap_sig_allocacmp_p_load83              |   9|          2|   32|         64|
    |ap_sig_allocacmp_p_load85              |   9|          2|   32|         64|
    |ap_sig_allocacmp_p_load87              |   9|          2|   32|         64|
    |ap_sig_allocacmp_p_load89              |   9|          2|   32|         64|
    |ap_sig_allocacmp_p_load91              |   9|          2|   32|         64|
    |ap_sig_allocacmp_p_load93              |   9|          2|   32|         64|
    |ap_sig_allocacmp_p_load95              |   9|          2|   32|         64|
    |ap_sig_allocacmp_p_load97              |   9|          2|   32|         64|
    |ap_sig_allocacmp_p_load99              |   9|          2|   32|         64|
    |empty_100_fu_550                       |   9|          2|   32|         64|
    |empty_101_fu_554                       |   9|          2|   32|         64|
    |empty_102_fu_558                       |   9|          2|   32|         64|
    |empty_103_fu_562                       |   9|          2|   32|         64|
    |empty_104_fu_566                       |   9|          2|   32|         64|
    |empty_105_fu_570                       |   9|          2|   32|         64|
    |empty_43_fu_322                        |   9|          2|   32|         64|
    |empty_44_fu_326                        |   9|          2|   32|         64|
    |empty_45_fu_330                        |   9|          2|   32|         64|
    |empty_46_fu_334                        |   9|          2|   32|         64|
    |empty_47_fu_338                        |   9|          2|   32|         64|
    |empty_48_fu_342                        |   9|          2|   32|         64|
    |empty_49_fu_346                        |   9|          2|   32|         64|
    |empty_50_fu_350                        |   9|          2|   32|         64|
    |empty_51_fu_354                        |   9|          2|   32|         64|
    |empty_52_fu_358                        |   9|          2|   32|         64|
    |empty_53_fu_362                        |   9|          2|   32|         64|
    |empty_54_fu_366                        |   9|          2|   32|         64|
    |empty_55_fu_370                        |   9|          2|   32|         64|
    |empty_56_fu_374                        |   9|          2|   32|         64|
    |empty_57_fu_378                        |   9|          2|   32|         64|
    |empty_58_fu_382                        |   9|          2|   32|         64|
    |empty_59_fu_386                        |   9|          2|   32|         64|
    |empty_60_fu_390                        |   9|          2|   32|         64|
    |empty_61_fu_394                        |   9|          2|   32|         64|
    |empty_62_fu_398                        |   9|          2|   32|         64|
    |empty_63_fu_402                        |   9|          2|   32|         64|
    |empty_64_fu_406                        |   9|          2|   32|         64|
    |empty_65_fu_410                        |   9|          2|   32|         64|
    |empty_66_fu_414                        |   9|          2|   32|         64|
    |empty_67_fu_418                        |   9|          2|   32|         64|
    |empty_68_fu_422                        |   9|          2|   32|         64|
    |empty_69_fu_426                        |   9|          2|   32|         64|
    |empty_70_fu_430                        |   9|          2|   32|         64|
    |empty_71_fu_434                        |   9|          2|   32|         64|
    |empty_72_fu_438                        |   9|          2|   32|         64|
    |empty_73_fu_442                        |   9|          2|   32|         64|
    |empty_74_fu_446                        |   9|          2|   32|         64|
    |empty_75_fu_450                        |   9|          2|   32|         64|
    |empty_76_fu_454                        |   9|          2|   32|         64|
    |empty_77_fu_458                        |   9|          2|   32|         64|
    |empty_78_fu_462                        |   9|          2|   32|         64|
    |empty_79_fu_466                        |   9|          2|   32|         64|
    |empty_80_fu_470                        |   9|          2|   32|         64|
    |empty_81_fu_474                        |   9|          2|   32|         64|
    |empty_82_fu_478                        |   9|          2|   32|         64|
    |empty_83_fu_482                        |   9|          2|   32|         64|
    |empty_84_fu_486                        |   9|          2|   32|         64|
    |empty_85_fu_490                        |   9|          2|   32|         64|
    |empty_86_fu_494                        |   9|          2|   32|         64|
    |empty_87_fu_498                        |   9|          2|   32|         64|
    |empty_88_fu_502                        |   9|          2|   32|         64|
    |empty_89_fu_506                        |   9|          2|   32|         64|
    |empty_90_fu_510                        |   9|          2|   32|         64|
    |empty_91_fu_514                        |   9|          2|   32|         64|
    |empty_92_fu_518                        |   9|          2|   32|         64|
    |empty_93_fu_522                        |   9|          2|   32|         64|
    |empty_94_fu_526                        |   9|          2|   32|         64|
    |empty_95_fu_530                        |   9|          2|   32|         64|
    |empty_96_fu_534                        |   9|          2|   32|         64|
    |empty_97_fu_538                        |   9|          2|   32|         64|
    |empty_98_fu_542                        |   9|          2|   32|         64|
    |empty_99_fu_546                        |   9|          2|   32|         64|
    |empty_fu_318                           |   9|          2|   32|         64|
    |grp_fu_1177_p0                         |  31|          6|   32|        192|
    |grp_fu_1177_p1                         |  31|          6|   32|        192|
    |grp_fu_1181_p0                         |  31|          6|   32|        192|
    |grp_fu_1181_p1                         |  31|          6|   32|        192|
    |grp_fu_1185_p0                         |  31|          6|   32|        192|
    |grp_fu_1185_p1                         |  31|          6|   32|        192|
    |grp_fu_1189_p0                         |  31|          6|   32|        192|
    |grp_fu_1189_p1                         |  31|          6|   32|        192|
    |grp_fu_1193_p0                         |  31|          6|   32|        192|
    |grp_fu_1193_p1                         |  31|          6|   32|        192|
    |grp_fu_1197_p0                         |  31|          6|   32|        192|
    |grp_fu_1197_p1                         |  31|          6|   32|        192|
    |grp_fu_1201_p0                         |  31|          6|   32|        192|
    |grp_fu_1201_p1                         |  31|          6|   32|        192|
    |grp_fu_1205_p0                         |  31|          6|   32|        192|
    |grp_fu_1205_p1                         |  31|          6|   32|        192|
    |grp_fu_1209_p0                         |  31|          6|   32|        192|
    |grp_fu_1209_p1                         |  31|          6|   32|        192|
    |grp_fu_1213_p0                         |  31|          6|   32|        192|
    |grp_fu_1213_p1                         |  31|          6|   32|        192|
    |grp_fu_1217_p0                         |  31|          6|   32|        192|
    |grp_fu_1217_p1                         |  31|          6|   32|        192|
    |grp_fu_1221_p0                         |  31|          6|   32|        192|
    |grp_fu_1221_p1                         |  31|          6|   32|        192|
    |grp_fu_1225_p0                         |  26|          5|   32|        160|
    |grp_fu_1225_p1                         |  26|          5|   32|        160|
    |grp_fu_1229_p0                         |  31|          6|   32|        192|
    |grp_fu_1229_p1                         |  31|          6|   32|        192|
    |grp_fu_1233_p0                         |  31|          6|   32|        192|
    |grp_fu_1233_p1                         |  31|          6|   32|        192|
    |grp_fu_1237_p0                         |  31|          6|   32|        192|
    |grp_fu_1237_p1                         |  31|          6|   32|        192|
    |grp_fu_1241_p0                         |  31|          6|   32|        192|
    |grp_fu_1241_p1                         |  31|          6|   32|        192|
    |grp_fu_1245_p0                         |  31|          6|   32|        192|
    |grp_fu_1245_p1                         |  31|          6|   32|        192|
    |grp_fu_1249_p0                         |  31|          6|   32|        192|
    |grp_fu_1249_p1                         |  31|          6|   32|        192|
    |grp_fu_1253_p0                         |  31|          6|   32|        192|
    |grp_fu_1253_p1                         |  31|          6|   32|        192|
    |grp_fu_1257_p0                         |  31|          6|   32|        192|
    |grp_fu_1257_p1                         |  31|          6|   32|        192|
    |grp_fu_1261_p0                         |  31|          6|   32|        192|
    |grp_fu_1261_p1                         |  31|          6|   32|        192|
    |grp_fu_1265_p0                         |  31|          6|   32|        192|
    |grp_fu_1265_p1                         |  31|          6|   32|        192|
    |grp_fu_1269_p0                         |  31|          6|   32|        192|
    |grp_fu_1269_p1                         |  31|          6|   32|        192|
    |grp_fu_1273_p0                         |  31|          6|   32|        192|
    |grp_fu_1273_p1                         |  31|          6|   32|        192|
    |grp_fu_1277_p0                         |  26|          5|   32|        160|
    |grp_fu_1277_p1                         |  26|          5|   32|        160|
    |k_fu_314                               |   9|          2|   13|         26|
    +---------------------------------------+----+-----------+-----+-----------+
    |Total                                  |2870|        591| 5831|      18213|
    +---------------------------------------+----+-----------+-----+-----------+

    * Register: 
    +---------------------------------------+----+----+-----+-----------+
    |                  Name                 | FF | LUT| Bits| Const Bits|
    +---------------------------------------+----+----+-----+-----------+
    |add_ln20_11_reg_8939                   |   4|   0|    4|          0|
    |add_ln20_18_reg_8961                   |   4|   0|    4|          0|
    |add_ln20_25_reg_8983                   |   4|   0|    4|          0|
    |add_ln20_32_reg_9005                   |   4|   0|    4|          0|
    |add_ln20_4_reg_8917                    |   4|   0|    4|          0|
    |ap_CS_fsm                              |   5|   0|    5|          0|
    |ap_done_reg                            |   1|   0|    1|          0|
    |ap_enable_reg_pp0_iter0_reg            |   1|   0|    1|          0|
    |ap_enable_reg_pp0_iter1                |   1|   0|    1|          0|
    |ap_enable_reg_pp0_iter2                |   1|   0|    1|          0|
    |ap_enable_reg_pp0_iter3                |   1|   0|    1|          0|
    |ap_loop_exit_ready_pp0_iter1_reg       |   1|   0|    1|          0|
    |ap_loop_exit_ready_pp0_iter2_reg       |   1|   0|    1|          0|
    |ap_phi_reg_pp0_iter0_bits_43_reg_1164  |  19|   0|   32|         13|
    |ap_predicate_pred1431_state4           |   1|   0|    1|          0|
    |ap_predicate_pred1442_state4           |   1|   0|    1|          0|
    |ap_predicate_pred1456_state4           |   1|   0|    1|          0|
    |bitcast_ln166_10_reg_9235              |  32|   0|   32|          0|
    |bitcast_ln166_11_reg_9241              |  32|   0|   32|          0|
    |bitcast_ln166_12_reg_9247              |  32|   0|   32|          0|
    |bitcast_ln166_13_reg_9317              |  32|   0|   32|          0|
    |bitcast_ln166_14_reg_9323              |  32|   0|   32|          0|
    |bitcast_ln166_15_reg_9329              |  32|   0|   32|          0|
    |bitcast_ln166_16_reg_9335              |  32|   0|   32|          0|
    |bitcast_ln166_17_reg_9341              |  32|   0|   32|          0|
    |bitcast_ln166_18_reg_9347              |  32|   0|   32|          0|
    |bitcast_ln166_19_reg_9353              |  32|   0|   32|          0|
    |bitcast_ln166_1_reg_9146               |  32|   0|   32|          0|
    |bitcast_ln166_20_reg_9359              |  32|   0|   32|          0|
    |bitcast_ln166_21_reg_9365              |  32|   0|   32|          0|
    |bitcast_ln166_22_reg_9371              |  32|   0|   32|          0|
    |bitcast_ln166_23_reg_9377              |  32|   0|   32|          0|
    |bitcast_ln166_24_reg_9383              |  32|   0|   32|          0|
    |bitcast_ln166_25_reg_9389              |  32|   0|   32|          0|
    |bitcast_ln166_26_reg_9415              |  32|   0|   32|          0|
    |bitcast_ln166_27_reg_9421              |  32|   0|   32|          0|
    |bitcast_ln166_28_reg_9427              |  32|   0|   32|          0|
    |bitcast_ln166_29_reg_9433              |  32|   0|   32|          0|
    |bitcast_ln166_2_reg_9164               |  32|   0|   32|          0|
    |bitcast_ln166_30_reg_9439              |  32|   0|   32|          0|
    |bitcast_ln166_31_reg_9445              |  32|   0|   32|          0|
    |bitcast_ln166_3_reg_9182               |  32|   0|   32|          0|
    |bitcast_ln166_4_reg_9199               |  32|   0|   32|          0|
    |bitcast_ln166_5_reg_9205               |  32|   0|   32|          0|
    |bitcast_ln166_6_reg_9211               |  32|   0|   32|          0|
    |bitcast_ln166_7_reg_9217               |  32|   0|   32|          0|
    |bitcast_ln166_8_reg_9223               |  32|   0|   32|          0|
    |bitcast_ln166_9_reg_9229               |  32|   0|   32|          0|
    |bitcast_ln166_reg_9128                 |  32|   0|   32|          0|
    |bits_44_reg_9035                       |  32|   0|   32|          0|
    |bits_45_reg_9040                       |  32|   0|   32|          0|
    |bits_46_reg_9045                       |  32|   0|   32|          0|
    |bits_47_reg_9050                       |  32|   0|   32|          0|
    |bits_48_reg_9395                       |  32|   0|   32|          0|
    |bits_49_reg_9400                       |  32|   0|   32|          0|
    |bits_50_reg_9405                       |  32|   0|   32|          0|
    |bits_51_reg_9410                       |  32|   0|   32|          0|
    |empty_100_fu_550                       |  32|   0|   32|          0|
    |empty_101_fu_554                       |  32|   0|   32|          0|
    |empty_102_fu_558                       |  32|   0|   32|          0|
    |empty_103_fu_562                       |  32|   0|   32|          0|
    |empty_104_fu_566                       |  32|   0|   32|          0|
    |empty_105_fu_570                       |  32|   0|   32|          0|
    |empty_43_fu_322                        |  32|   0|   32|          0|
    |empty_44_fu_326                        |  32|   0|   32|          0|
    |empty_45_fu_330                        |  32|   0|   32|          0|
    |empty_46_fu_334                        |  32|   0|   32|          0|
    |empty_47_fu_338                        |  32|   0|   32|          0|
    |empty_48_fu_342                        |  32|   0|   32|          0|
    |empty_49_fu_346                        |  32|   0|   32|          0|
    |empty_50_fu_350                        |  32|   0|   32|          0|
    |empty_51_fu_354                        |  32|   0|   32|          0|
    |empty_52_fu_358                        |  32|   0|   32|          0|
    |empty_53_fu_362                        |  32|   0|   32|          0|
    |empty_54_fu_366                        |  32|   0|   32|          0|
    |empty_55_fu_370                        |  32|   0|   32|          0|
    |empty_56_fu_374                        |  32|   0|   32|          0|
    |empty_57_fu_378                        |  32|   0|   32|          0|
    |empty_58_fu_382                        |  32|   0|   32|          0|
    |empty_59_fu_386                        |  32|   0|   32|          0|
    |empty_60_fu_390                        |  32|   0|   32|          0|
    |empty_61_fu_394                        |  32|   0|   32|          0|
    |empty_62_fu_398                        |  32|   0|   32|          0|
    |empty_63_fu_402                        |  32|   0|   32|          0|
    |empty_64_fu_406                        |  32|   0|   32|          0|
    |empty_65_fu_410                        |  32|   0|   32|          0|
    |empty_66_fu_414                        |  32|   0|   32|          0|
    |empty_67_fu_418                        |  32|   0|   32|          0|
    |empty_68_fu_422                        |  32|   0|   32|          0|
    |empty_69_fu_426                        |  32|   0|   32|          0|
    |empty_70_fu_430                        |  32|   0|   32|          0|
    |empty_71_fu_434                        |  32|   0|   32|          0|
    |empty_72_fu_438                        |  32|   0|   32|          0|
    |empty_73_fu_442                        |  32|   0|   32|          0|
    |empty_74_fu_446                        |  32|   0|   32|          0|
    |empty_75_fu_450                        |  32|   0|   32|          0|
    |empty_76_fu_454                        |  32|   0|   32|          0|
    |empty_77_fu_458                        |  32|   0|   32|          0|
    |empty_78_fu_462                        |  32|   0|   32|          0|
    |empty_79_fu_466                        |  32|   0|   32|          0|
    |empty_80_fu_470                        |  32|   0|   32|          0|
    |empty_81_fu_474                        |  32|   0|   32|          0|
    |empty_82_fu_478                        |  32|   0|   32|          0|
    |empty_83_fu_482                        |  32|   0|   32|          0|
    |empty_84_fu_486                        |  32|   0|   32|          0|
    |empty_85_fu_490                        |  32|   0|   32|          0|
    |empty_86_fu_494                        |  32|   0|   32|          0|
    |empty_87_fu_498                        |  32|   0|   32|          0|
    |empty_88_fu_502                        |  32|   0|   32|          0|
    |empty_89_fu_506                        |  32|   0|   32|          0|
    |empty_90_fu_510                        |  32|   0|   32|          0|
    |empty_91_fu_514                        |  32|   0|   32|          0|
    |empty_92_fu_518                        |  32|   0|   32|          0|
    |empty_93_fu_522                        |  32|   0|   32|          0|
    |empty_94_fu_526                        |  32|   0|   32|          0|
    |empty_95_fu_530                        |  32|   0|   32|          0|
    |empty_96_fu_534                        |  32|   0|   32|          0|
    |empty_97_fu_538                        |  32|   0|   32|          0|
    |empty_98_fu_542                        |  32|   0|   32|          0|
    |empty_99_fu_546                        |  32|   0|   32|          0|
    |empty_fu_318                           |  32|   0|   32|          0|
    |exp_1_reg_8447                         |   5|   0|    5|          0|
    |exp_2_reg_8496                         |   5|   0|    5|          0|
    |exp_3_reg_8545                         |   5|   0|    5|          0|
    |exp_4_reg_8757                         |   5|   0|    5|          0|
    |exp_5_reg_8797                         |   5|   0|    5|          0|
    |exp_6_reg_8837                         |   5|   0|    5|          0|
    |exp_7_reg_8877                         |   5|   0|    5|          0|
    |exp_reg_8398                           |   5|   0|    5|          0|
    |frac_1_reg_8481                        |  10|   0|   10|          0|
    |frac_2_reg_8530                        |  10|   0|   10|          0|
    |frac_3_reg_8378                        |  10|   0|   10|          0|
    |frac_4_reg_8741                        |  10|   0|   10|          0|
    |frac_5_reg_8781                        |  10|   0|   10|          0|
    |frac_6_reg_8821                        |  10|   0|   10|          0|
    |frac_7_reg_8861                        |  10|   0|   10|          0|
    |frac_reg_8432                          |  10|   0|   10|          0|
    |icmp_ln13_11_reg_8816                  |   1|   0|    1|          0|
    |icmp_ln13_13_reg_8856                  |   1|   0|    1|          0|
    |icmp_ln13_15_reg_8896                  |   1|   0|    1|          0|
    |icmp_ln13_1_reg_8471                   |   1|   0|    1|          0|
    |icmp_ln13_3_reg_8520                   |   1|   0|    1|          0|
    |icmp_ln13_5_reg_8569                   |   1|   0|    1|          0|
    |icmp_ln13_7_reg_8596                   |   1|   0|    1|          0|
    |icmp_ln13_9_reg_8776                   |   1|   0|    1|          0|
    |icmp_ln13_reg_8406                     |   1|   0|    1|          0|
    |icmp_ln147_reg_8304                    |   1|   0|    1|          0|
    |k_fu_314                               |  13|   0|   13|          0|
    |mul122_i_10_reg_9519                   |  32|   0|   32|          0|
    |mul122_i_1489_1_reg_9524               |  32|   0|   32|          0|
    |mul122_i_1489_2_reg_9529               |  32|   0|   32|          0|
    |mul122_i_1489_3_reg_9534               |  32|   0|   32|          0|
    |mul122_i_1_1_1_reg_9814                |  32|   0|   32|          0|
    |mul122_i_1_1_2_reg_9819                |  32|   0|   32|          0|
    |mul122_i_1_1_3_reg_9889                |  32|   0|   32|          0|
    |mul122_i_1_1_reg_9809                  |  32|   0|   32|          0|
    |mul122_i_1_2_1_reg_9899                |  32|   0|   32|          0|
    |mul122_i_1_2_2_reg_9904                |  32|   0|   32|          0|
    |mul122_i_1_2_3_reg_9909                |  32|   0|   32|          0|
    |mul122_i_1_2_reg_9894                  |  32|   0|   32|          0|
    |mul122_i_1_3_1_reg_9919                |  32|   0|   32|          0|
    |mul122_i_1_3_2_reg_9924                |  32|   0|   32|          0|
    |mul122_i_1_3_3_reg_9929                |  32|   0|   32|          0|
    |mul122_i_1_3_reg_9914                  |  32|   0|   32|          0|
    |mul122_i_1_4_1_reg_9939                |  32|   0|   32|          0|
    |mul122_i_1_4_2_reg_9944                |  32|   0|   32|          0|
    |mul122_i_1_4_3_reg_9949                |  32|   0|   32|          0|
    |mul122_i_1_4_reg_9934                  |  32|   0|   32|          0|
    |mul122_i_1_5_1_reg_10024               |  32|   0|   32|          0|
    |mul122_i_1_5_2_reg_10029               |  32|   0|   32|          0|
    |mul122_i_1_5_3_reg_10034               |  32|   0|   32|          0|
    |mul122_i_1_5_reg_10019                 |  32|   0|   32|          0|
    |mul122_i_1_6_1_reg_10044               |  32|   0|   32|          0|
    |mul122_i_1_6_2_reg_10049               |  32|   0|   32|          0|
    |mul122_i_1_6_3_reg_10054               |  32|   0|   32|          0|
    |mul122_i_1_6_reg_10039                 |  32|   0|   32|          0|
    |mul122_i_1_7_1_reg_10064               |  32|   0|   32|          0|
    |mul122_i_1_7_2_reg_10069               |  32|   0|   32|          0|
    |mul122_i_1_7_3_reg_10074               |  32|   0|   32|          0|
    |mul122_i_1_7_reg_10059                 |  32|   0|   32|          0|
    |mul122_i_1_8_reg_9799                  |  32|   0|   32|          0|
    |mul122_i_1_9_reg_9804                  |  32|   0|   32|          0|
    |mul122_i_1_reg_9789                    |  32|   0|   32|          0|
    |mul122_i_1_s_reg_9794                  |  32|   0|   32|          0|
    |mul122_i_2_1_reg_9544                  |  32|   0|   32|          0|
    |mul122_i_2_2_reg_9549                  |  32|   0|   32|          0|
    |mul122_i_2_3_reg_9554                  |  32|   0|   32|          0|
    |mul122_i_2_reg_9539                    |  32|   0|   32|          0|
    |mul122_i_3_1_reg_9629                  |  32|   0|   32|          0|
    |mul122_i_3_2_reg_9634                  |  32|   0|   32|          0|
    |mul122_i_3_3_reg_9639                  |  32|   0|   32|          0|
    |mul122_i_3_reg_9559                    |  32|   0|   32|          0|
    |mul122_i_4_1_reg_9649                  |  32|   0|   32|          0|
    |mul122_i_4_2_reg_9654                  |  32|   0|   32|          0|
    |mul122_i_4_3_reg_9659                  |  32|   0|   32|          0|
    |mul122_i_4_reg_9644                    |  32|   0|   32|          0|
    |mul122_i_5_1_reg_9669                  |  32|   0|   32|          0|
    |mul122_i_5_2_reg_9674                  |  32|   0|   32|          0|
    |mul122_i_5_3_reg_9679                  |  32|   0|   32|          0|
    |mul122_i_5_reg_9664                    |  32|   0|   32|          0|
    |mul122_i_6_1_reg_9689                  |  32|   0|   32|          0|
    |mul122_i_6_2_reg_9759                  |  32|   0|   32|          0|
    |mul122_i_6_3_reg_9764                  |  32|   0|   32|          0|
    |mul122_i_6_reg_9684                    |  32|   0|   32|          0|
    |mul122_i_7_1_reg_9774                  |  32|   0|   32|          0|
    |mul122_i_7_2_reg_9779                  |  32|   0|   32|          0|
    |mul122_i_7_3_reg_9784                  |  32|   0|   32|          0|
    |mul122_i_7_reg_9769                    |  32|   0|   32|          0|
    |mul122_i_8_reg_9509                    |  32|   0|   32|          0|
    |mul122_i_9_reg_9514                    |  32|   0|   32|          0|
    |mul122_i_reg_9499                      |  32|   0|   32|          0|
    |mul122_i_s_reg_9504                    |  32|   0|   32|          0|
    |normalized_103_reg_9055                |  11|   0|   11|          0|
    |normalized_11_reg_8901                 |  11|   0|   11|          0|
    |normalized_122_reg_9072                |  11|   0|   11|          0|
    |normalized_141_reg_9089                |  11|   0|   11|          0|
    |normalized_160_reg_9106                |  11|   0|   11|          0|
    |normalized_24_reg_8454                 |  11|   0|   11|          0|
    |normalized_32_reg_8922                 |  11|   0|   11|          0|
    |normalized_43_reg_8503                 |  11|   0|   11|          0|
    |normalized_51_reg_8944                 |  11|   0|   11|          0|
    |normalized_5_reg_8410                  |  11|   0|   11|          0|
    |normalized_62_reg_8552                 |  11|   0|   11|          0|
    |normalized_70_reg_8966                 |  11|   0|   11|          0|
    |normalized_80_reg_8579                 |  11|   0|   11|          0|
    |normalized_88_reg_8988                 |  11|   0|   11|          0|
    |select_ln20_126_reg_9264               |  10|   0|   10|          0|
    |select_ln20_12_reg_8465                |   3|   0|    3|          0|
    |select_ln20_135_reg_9280               |  10|   0|   10|          0|
    |select_ln20_144_reg_9296               |  10|   0|   10|          0|
    |select_ln20_153_reg_9312               |  10|   0|   10|          0|
    |select_ln20_21_reg_8514                |   3|   0|    3|          0|
    |select_ln20_30_reg_8563                |   3|   0|    3|          0|
    |select_ln20_39_reg_8590                |   3|   0|    3|          0|
    |select_ln20_3_reg_8421                 |   3|   0|    3|          0|
    |select_ln20_50_reg_9066                |   3|   0|    3|          0|
    |select_ln20_53_reg_9253                |   4|   0|    4|          0|
    |select_ln20_59_reg_9083                |   3|   0|    3|          0|
    |select_ln20_62_reg_9269                |   4|   0|    4|          0|
    |select_ln20_68_reg_9100                |   3|   0|    3|          0|
    |select_ln20_71_reg_9285                |   4|   0|    4|          0|
    |select_ln20_77_reg_9117                |   3|   0|    3|          0|
    |select_ln20_80_reg_9301                |   4|   0|    4|          0|
    |select_ln20_9_reg_9025                 |  10|   0|   10|          0|
    |sub_ln26_reg_9020                      |   6|   0|    6|          0|
    |tmp_103_reg_9291                       |   1|   0|    1|          0|
    |tmp_104_reg_8869                       |   1|   0|    1|          0|
    |tmp_106_reg_8884                       |   1|   0|    1|          0|
    |tmp_110_reg_9112                       |   1|   0|    1|          0|
    |tmp_114_reg_9307                       |   1|   0|    1|          0|
    |tmp_11_reg_8439                        |   1|   0|    1|          0|
    |tmp_17_reg_8460                        |   1|   0|    1|          0|
    |tmp_1_reg_8387                         |   1|   0|    1|          0|
    |tmp_21_reg_8933                        |   1|   0|    1|          0|
    |tmp_26_reg_8370                        |   1|   0|    1|          0|
    |tmp_27_reg_8488                        |   1|   0|    1|          0|
    |tmp_31_reg_8509                        |   1|   0|    1|          0|
    |tmp_37_reg_8955                        |   1|   0|    1|          0|
    |tmp_40_reg_8537                        |   1|   0|    1|          0|
    |tmp_46_reg_8558                        |   1|   0|    1|          0|
    |tmp_4_reg_8416                         |   1|   0|    1|          0|
    |tmp_50_reg_8977                        |   1|   0|    1|          0|
    |tmp_58_reg_8585                        |   1|   0|    1|          0|
    |tmp_64_reg_8999                        |   1|   0|    1|          0|
    |tmp_67_reg_8749                        |   1|   0|    1|          0|
    |tmp_71_reg_8764                        |   1|   0|    1|          0|
    |tmp_75_reg_9061                        |   1|   0|    1|          0|
    |tmp_7_reg_8907                         |   1|   0|    1|          0|
    |tmp_81_reg_9259                        |   1|   0|    1|          0|
    |tmp_82_reg_8789                        |   1|   0|    1|          0|
    |tmp_84_reg_8804                        |   1|   0|    1|          0|
    |tmp_88_reg_9078                        |   1|   0|    1|          0|
    |tmp_92_reg_9275                        |   1|   0|    1|          0|
    |tmp_93_reg_8829                        |   1|   0|    1|          0|
    |tmp_95_reg_8844                        |   1|   0|    1|          0|
    |tmp_99_reg_9095                        |   1|   0|    1|          0|
    |tmp_s_reg_8364                         |   2|   0|    2|          0|
    |trunc_ln160_reg_8358                   |   3|   0|    3|          0|
    |trunc_ln21_10_reg_8771                 |   9|   0|    9|          0|
    |trunc_ln21_12_reg_8811                 |   9|   0|    9|          0|
    |trunc_ln21_14_reg_8851                 |   9|   0|    9|          0|
    |trunc_ln21_16_reg_8891                 |   9|   0|    9|          0|
    |wvalue_1_reg_9134                      |  32|   0|   32|          0|
    |wvalue_2_reg_9152                      |  32|   0|   32|          0|
    |wvalue_3_reg_9170                      |  32|   0|   32|          0|
    |wvalue_4_reg_9188                      |  32|   0|   32|          0|
    |wvalue_5_reg_9451                      |  32|   0|   32|          0|
    |wvalue_6_reg_9463                      |  32|   0|   32|          0|
    |wvalue_7_reg_9475                      |  32|   0|   32|          0|
    |wvalue_8_reg_9487                      |  32|   0|   32|          0|
    |xbits_10_reg_8631                      |  32|   0|   32|          0|
    |xbits_11_reg_8636                      |  32|   0|   32|          0|
    |xbits_12_reg_8641                      |  32|   0|   32|          0|
    |xbits_13_reg_8646                      |  32|   0|   32|          0|
    |xbits_14_reg_8651                      |  32|   0|   32|          0|
    |xbits_15_reg_8656                      |  32|   0|   32|          0|
    |xbits_16_reg_8661                      |  32|   0|   32|          0|
    |xbits_17_reg_8666                      |  32|   0|   32|          0|
    |xbits_18_reg_8671                      |  32|   0|   32|          0|
    |xbits_19_reg_8676                      |  32|   0|   32|          0|
    |xbits_1_reg_8476                       |  32|   0|   32|          0|
    |xbits_20_reg_8681                      |  32|   0|   32|          0|
    |xbits_21_reg_8686                      |  32|   0|   32|          0|
    |xbits_22_reg_8691                      |  32|   0|   32|          0|
    |xbits_23_reg_8696                      |  32|   0|   32|          0|
    |xbits_24_reg_8701                      |  32|   0|   32|          0|
    |xbits_25_reg_8706                      |  32|   0|   32|          0|
    |xbits_26_reg_8711                      |  32|   0|   32|          0|
    |xbits_27_reg_8716                      |  32|   0|   32|          0|
    |xbits_28_reg_8721                      |  32|   0|   32|          0|
    |xbits_29_reg_8726                      |  32|   0|   32|          0|
    |xbits_2_reg_8525                       |  32|   0|   32|          0|
    |xbits_30_reg_8731                      |  32|   0|   32|          0|
    |xbits_31_reg_8736                      |  32|   0|   32|          0|
    |xbits_3_reg_8574                       |  32|   0|   32|          0|
    |xbits_4_reg_8601                       |  32|   0|   32|          0|
    |xbits_5_reg_8606                       |  32|   0|   32|          0|
    |xbits_6_reg_8611                       |  32|   0|   32|          0|
    |xbits_7_reg_8616                       |  32|   0|   32|          0|
    |xbits_8_reg_8621                       |  32|   0|   32|          0|
    |xbits_9_reg_8626                       |  32|   0|   32|          0|
    |xbits_reg_8427                         |  32|   0|   32|          0|
    |zext_ln16_10_reg_8972                  |   3|   0|    4|          1|
    |zext_ln16_13_reg_8994                  |   3|   0|    4|          1|
    |zext_ln16_1_reg_8912                   |   3|   0|    4|          1|
    |zext_ln16_4_reg_8928                   |   3|   0|    4|          1|
    |zext_ln16_7_reg_8950                   |   3|   0|    4|          1|
    |icmp_ln147_reg_8304                    |  64|  32|    1|          0|
    +---------------------------------------+----+----+-----+-----------+
    |Total                                  |7257|  32| 7212|         18|
    +---------------------------------------+----+----+-----+-----------+



================================================================
== Interface
================================================================
* Summary: 
+----------------------------+-----+-----+------------+----------------------------------------+--------------+
|          RTL Ports         | Dir | Bits|  Protocol  |              Source Object             |    C Type    |
+----------------------------+-----+-----+------------+----------------------------------------+--------------+
|ap_clk                      |   in|    1|  ap_ctrl_hs|  vision_gemm_Pipeline_VITIS_LOOP_147_10|  return value|
|ap_rst                      |   in|    1|  ap_ctrl_hs|  vision_gemm_Pipeline_VITIS_LOOP_147_10|  return value|
|ap_start                    |   in|    1|  ap_ctrl_hs|  vision_gemm_Pipeline_VITIS_LOOP_147_10|  return value|
|ap_done                     |  out|    1|  ap_ctrl_hs|  vision_gemm_Pipeline_VITIS_LOOP_147_10|  return value|
|ap_idle                     |  out|    1|  ap_ctrl_hs|  vision_gemm_Pipeline_VITIS_LOOP_147_10|  return value|
|ap_ready                    |  out|    1|  ap_ctrl_hs|  vision_gemm_Pipeline_VITIS_LOOP_147_10|  return value|
|mul_ln160                   |   in|   12|     ap_none|                               mul_ln160|        scalar|
|weight_tile_address0        |  out|   13|   ap_memory|                             weight_tile|         array|
|weight_tile_ce0             |  out|    1|   ap_memory|                             weight_tile|         array|
|weight_tile_q0              |   in|  128|   ap_memory|                             weight_tile|         array|
|weight_tile_1_address0      |  out|   13|   ap_memory|                           weight_tile_1|         array|
|weight_tile_1_ce0           |  out|    1|   ap_memory|                           weight_tile_1|         array|
|weight_tile_1_q0            |   in|  128|   ap_memory|                           weight_tile_1|         array|
|mul_ln163                   |   in|   11|     ap_none|                               mul_ln163|        scalar|
|activation_tile_address0    |  out|   12|   ap_memory|                         activation_tile|         array|
|activation_tile_ce0         |  out|    1|   ap_memory|                         activation_tile|         array|
|activation_tile_q0          |   in|  256|   ap_memory|                         activation_tile|         array|
|activation_tile_1_address0  |  out|   12|   ap_memory|                       activation_tile_1|         array|
|activation_tile_1_ce0       |  out|    1|   ap_memory|                       activation_tile_1|         array|
|activation_tile_1_q0        |   in|  256|   ap_memory|                       activation_tile_1|         array|
|activation_tile_2_address0  |  out|   12|   ap_memory|                       activation_tile_2|         array|
|activation_tile_2_ce0       |  out|    1|   ap_memory|                       activation_tile_2|         array|
|activation_tile_2_q0        |   in|  256|   ap_memory|                       activation_tile_2|         array|
|activation_tile_3_address0  |  out|   12|   ap_memory|                       activation_tile_3|         array|
|activation_tile_3_ce0       |  out|    1|   ap_memory|                       activation_tile_3|         array|
|activation_tile_3_q0        |   in|  256|   ap_memory|                       activation_tile_3|         array|
|activation_tile_4_address0  |  out|   12|   ap_memory|                       activation_tile_4|         array|
|activation_tile_4_ce0       |  out|    1|   ap_memory|                       activation_tile_4|         array|
|activation_tile_4_q0        |   in|  256|   ap_memory|                       activation_tile_4|         array|
|activation_tile_5_address0  |  out|   12|   ap_memory|                       activation_tile_5|         array|
|activation_tile_5_ce0       |  out|    1|   ap_memory|                       activation_tile_5|         array|
|activation_tile_5_q0        |   in|  256|   ap_memory|                       activation_tile_5|         array|
|activation_tile_6_address0  |  out|   12|   ap_memory|                       activation_tile_6|         array|
|activation_tile_6_ce0       |  out|    1|   ap_memory|                       activation_tile_6|         array|
|activation_tile_6_q0        |   in|  256|   ap_memory|                       activation_tile_6|         array|
|activation_tile_7_address0  |  out|   12|   ap_memory|                       activation_tile_7|         array|
|activation_tile_7_ce0       |  out|    1|   ap_memory|                       activation_tile_7|         array|
|activation_tile_7_q0        |   in|  256|   ap_memory|                       activation_tile_7|         array|
|p_out                       |  out|   32|      ap_vld|                                   p_out|       pointer|
|p_out_ap_vld                |  out|    1|      ap_vld|                                   p_out|       pointer|
|p_out1                      |  out|   32|      ap_vld|                                  p_out1|       pointer|
|p_out1_ap_vld               |  out|    1|      ap_vld|                                  p_out1|       pointer|
|p_out2                      |  out|   32|      ap_vld|                                  p_out2|       pointer|
|p_out2_ap_vld               |  out|    1|      ap_vld|                                  p_out2|       pointer|
|p_out3                      |  out|   32|      ap_vld|                                  p_out3|       pointer|
|p_out3_ap_vld               |  out|    1|      ap_vld|                                  p_out3|       pointer|
|p_out4                      |  out|   32|      ap_vld|                                  p_out4|       pointer|
|p_out4_ap_vld               |  out|    1|      ap_vld|                                  p_out4|       pointer|
|p_out5                      |  out|   32|      ap_vld|                                  p_out5|       pointer|
|p_out5_ap_vld               |  out|    1|      ap_vld|                                  p_out5|       pointer|
|p_out6                      |  out|   32|      ap_vld|                                  p_out6|       pointer|
|p_out6_ap_vld               |  out|    1|      ap_vld|                                  p_out6|       pointer|
|p_out7                      |  out|   32|      ap_vld|                                  p_out7|       pointer|
|p_out7_ap_vld               |  out|    1|      ap_vld|                                  p_out7|       pointer|
|p_out8                      |  out|   32|      ap_vld|                                  p_out8|       pointer|
|p_out8_ap_vld               |  out|    1|      ap_vld|                                  p_out8|       pointer|
|p_out9                      |  out|   32|      ap_vld|                                  p_out9|       pointer|
|p_out9_ap_vld               |  out|    1|      ap_vld|                                  p_out9|       pointer|
|p_out10                     |  out|   32|      ap_vld|                                 p_out10|       pointer|
|p_out10_ap_vld              |  out|    1|      ap_vld|                                 p_out10|       pointer|
|p_out11                     |  out|   32|      ap_vld|                                 p_out11|       pointer|
|p_out11_ap_vld              |  out|    1|      ap_vld|                                 p_out11|       pointer|
|p_out12                     |  out|   32|      ap_vld|                                 p_out12|       pointer|
|p_out12_ap_vld              |  out|    1|      ap_vld|                                 p_out12|       pointer|
|p_out13                     |  out|   32|      ap_vld|                                 p_out13|       pointer|
|p_out13_ap_vld              |  out|    1|      ap_vld|                                 p_out13|       pointer|
|p_out14                     |  out|   32|      ap_vld|                                 p_out14|       pointer|
|p_out14_ap_vld              |  out|    1|      ap_vld|                                 p_out14|       pointer|
|p_out15                     |  out|   32|      ap_vld|                                 p_out15|       pointer|
|p_out15_ap_vld              |  out|    1|      ap_vld|                                 p_out15|       pointer|
|p_out16                     |  out|   32|      ap_vld|                                 p_out16|       pointer|
|p_out16_ap_vld              |  out|    1|      ap_vld|                                 p_out16|       pointer|
|p_out17                     |  out|   32|      ap_vld|                                 p_out17|       pointer|
|p_out17_ap_vld              |  out|    1|      ap_vld|                                 p_out17|       pointer|
|p_out18                     |  out|   32|      ap_vld|                                 p_out18|       pointer|
|p_out18_ap_vld              |  out|    1|      ap_vld|                                 p_out18|       pointer|
|p_out19                     |  out|   32|      ap_vld|                                 p_out19|       pointer|
|p_out19_ap_vld              |  out|    1|      ap_vld|                                 p_out19|       pointer|
|p_out20                     |  out|   32|      ap_vld|                                 p_out20|       pointer|
|p_out20_ap_vld              |  out|    1|      ap_vld|                                 p_out20|       pointer|
|p_out21                     |  out|   32|      ap_vld|                                 p_out21|       pointer|
|p_out21_ap_vld              |  out|    1|      ap_vld|                                 p_out21|       pointer|
|p_out22                     |  out|   32|      ap_vld|                                 p_out22|       pointer|
|p_out22_ap_vld              |  out|    1|      ap_vld|                                 p_out22|       pointer|
|p_out23                     |  out|   32|      ap_vld|                                 p_out23|       pointer|
|p_out23_ap_vld              |  out|    1|      ap_vld|                                 p_out23|       pointer|
|p_out24                     |  out|   32|      ap_vld|                                 p_out24|       pointer|
|p_out24_ap_vld              |  out|    1|      ap_vld|                                 p_out24|       pointer|
|p_out25                     |  out|   32|      ap_vld|                                 p_out25|       pointer|
|p_out25_ap_vld              |  out|    1|      ap_vld|                                 p_out25|       pointer|
|p_out26                     |  out|   32|      ap_vld|                                 p_out26|       pointer|
|p_out26_ap_vld              |  out|    1|      ap_vld|                                 p_out26|       pointer|
|p_out27                     |  out|   32|      ap_vld|                                 p_out27|       pointer|
|p_out27_ap_vld              |  out|    1|      ap_vld|                                 p_out27|       pointer|
|p_out28                     |  out|   32|      ap_vld|                                 p_out28|       pointer|
|p_out28_ap_vld              |  out|    1|      ap_vld|                                 p_out28|       pointer|
|p_out29                     |  out|   32|      ap_vld|                                 p_out29|       pointer|
|p_out29_ap_vld              |  out|    1|      ap_vld|                                 p_out29|       pointer|
|p_out30                     |  out|   32|      ap_vld|                                 p_out30|       pointer|
|p_out30_ap_vld              |  out|    1|      ap_vld|                                 p_out30|       pointer|
|p_out31                     |  out|   32|      ap_vld|                                 p_out31|       pointer|
|p_out31_ap_vld              |  out|    1|      ap_vld|                                 p_out31|       pointer|
|p_out32                     |  out|   32|      ap_vld|                                 p_out32|       pointer|
|p_out32_ap_vld              |  out|    1|      ap_vld|                                 p_out32|       pointer|
|p_out33                     |  out|   32|      ap_vld|                                 p_out33|       pointer|
|p_out33_ap_vld              |  out|    1|      ap_vld|                                 p_out33|       pointer|
|p_out34                     |  out|   32|      ap_vld|                                 p_out34|       pointer|
|p_out34_ap_vld              |  out|    1|      ap_vld|                                 p_out34|       pointer|
|p_out35                     |  out|   32|      ap_vld|                                 p_out35|       pointer|
|p_out35_ap_vld              |  out|    1|      ap_vld|                                 p_out35|       pointer|
|p_out36                     |  out|   32|      ap_vld|                                 p_out36|       pointer|
|p_out36_ap_vld              |  out|    1|      ap_vld|                                 p_out36|       pointer|
|p_out37                     |  out|   32|      ap_vld|                                 p_out37|       pointer|
|p_out37_ap_vld              |  out|    1|      ap_vld|                                 p_out37|       pointer|
|p_out38                     |  out|   32|      ap_vld|                                 p_out38|       pointer|
|p_out38_ap_vld              |  out|    1|      ap_vld|                                 p_out38|       pointer|
|p_out39                     |  out|   32|      ap_vld|                                 p_out39|       pointer|
|p_out39_ap_vld              |  out|    1|      ap_vld|                                 p_out39|       pointer|
|p_out40                     |  out|   32|      ap_vld|                                 p_out40|       pointer|
|p_out40_ap_vld              |  out|    1|      ap_vld|                                 p_out40|       pointer|
|p_out41                     |  out|   32|      ap_vld|                                 p_out41|       pointer|
|p_out41_ap_vld              |  out|    1|      ap_vld|                                 p_out41|       pointer|
|p_out42                     |  out|   32|      ap_vld|                                 p_out42|       pointer|
|p_out42_ap_vld              |  out|    1|      ap_vld|                                 p_out42|       pointer|
|p_out43                     |  out|   32|      ap_vld|                                 p_out43|       pointer|
|p_out43_ap_vld              |  out|    1|      ap_vld|                                 p_out43|       pointer|
|p_out44                     |  out|   32|      ap_vld|                                 p_out44|       pointer|
|p_out44_ap_vld              |  out|    1|      ap_vld|                                 p_out44|       pointer|
|p_out45                     |  out|   32|      ap_vld|                                 p_out45|       pointer|
|p_out45_ap_vld              |  out|    1|      ap_vld|                                 p_out45|       pointer|
|p_out46                     |  out|   32|      ap_vld|                                 p_out46|       pointer|
|p_out46_ap_vld              |  out|    1|      ap_vld|                                 p_out46|       pointer|
|p_out47                     |  out|   32|      ap_vld|                                 p_out47|       pointer|
|p_out47_ap_vld              |  out|    1|      ap_vld|                                 p_out47|       pointer|
|p_out48                     |  out|   32|      ap_vld|                                 p_out48|       pointer|
|p_out48_ap_vld              |  out|    1|      ap_vld|                                 p_out48|       pointer|
|p_out49                     |  out|   32|      ap_vld|                                 p_out49|       pointer|
|p_out49_ap_vld              |  out|    1|      ap_vld|                                 p_out49|       pointer|
|p_out50                     |  out|   32|      ap_vld|                                 p_out50|       pointer|
|p_out50_ap_vld              |  out|    1|      ap_vld|                                 p_out50|       pointer|
|p_out51                     |  out|   32|      ap_vld|                                 p_out51|       pointer|
|p_out51_ap_vld              |  out|    1|      ap_vld|                                 p_out51|       pointer|
|p_out52                     |  out|   32|      ap_vld|                                 p_out52|       pointer|
|p_out52_ap_vld              |  out|    1|      ap_vld|                                 p_out52|       pointer|
|p_out53                     |  out|   32|      ap_vld|                                 p_out53|       pointer|
|p_out53_ap_vld              |  out|    1|      ap_vld|                                 p_out53|       pointer|
|p_out54                     |  out|   32|      ap_vld|                                 p_out54|       pointer|
|p_out54_ap_vld              |  out|    1|      ap_vld|                                 p_out54|       pointer|
|p_out55                     |  out|   32|      ap_vld|                                 p_out55|       pointer|
|p_out55_ap_vld              |  out|    1|      ap_vld|                                 p_out55|       pointer|
|p_out56                     |  out|   32|      ap_vld|                                 p_out56|       pointer|
|p_out56_ap_vld              |  out|    1|      ap_vld|                                 p_out56|       pointer|
|p_out57                     |  out|   32|      ap_vld|                                 p_out57|       pointer|
|p_out57_ap_vld              |  out|    1|      ap_vld|                                 p_out57|       pointer|
|p_out58                     |  out|   32|      ap_vld|                                 p_out58|       pointer|
|p_out58_ap_vld              |  out|    1|      ap_vld|                                 p_out58|       pointer|
|p_out59                     |  out|   32|      ap_vld|                                 p_out59|       pointer|
|p_out59_ap_vld              |  out|    1|      ap_vld|                                 p_out59|       pointer|
|p_out60                     |  out|   32|      ap_vld|                                 p_out60|       pointer|
|p_out60_ap_vld              |  out|    1|      ap_vld|                                 p_out60|       pointer|
|p_out61                     |  out|   32|      ap_vld|                                 p_out61|       pointer|
|p_out61_ap_vld              |  out|    1|      ap_vld|                                 p_out61|       pointer|
|p_out62                     |  out|   32|      ap_vld|                                 p_out62|       pointer|
|p_out62_ap_vld              |  out|    1|      ap_vld|                                 p_out62|       pointer|
|p_out63                     |  out|   32|      ap_vld|                                 p_out63|       pointer|
|p_out63_ap_vld              |  out|    1|      ap_vld|                                 p_out63|       pointer|
+----------------------------+-----+-----+------------+----------------------------------------+--------------+

