#-----------------------------------------------------------
# Vivado v2024.2 (64-bit)
# SW Build 5239630 on Fri Nov 08 22:34:34 MST 2024
# IP Build 5239520 on Sun Nov 10 16:12:51 MST 2024
# SharedData Build 5239561 on Fri Nov 08 14:39:27 MST 2024
# Start of session at: Thu Sep 24 16:36:23 2026
# Process ID         : 64800
# Current directory  : /home/zhiro/research/kv260-vlm-workers/RM02-B-hls-baseline
# Command line       : vivado -mode batch -source /home/zhiro/research/kv260-vlm-workers/RM02-B-hls-baseline/experiments/rm03_hls_mapping/source/run_vivado_place_route.tcl -log /home/zhiro/research/kv260-vlm-workers/RM02-B-hls-baseline/experiments/rm03_hls_mapping/reports/vivado_rm03_k16.console.log
# Log file           : /home/zhiro/research/kv260-vlm-workers/RM02-B-hls-baseline/experiments/rm03_hls_mapping/reports/vivado_rm03_k16.console.log
# Journal file       : /home/zhiro/research/kv260-vlm-workers/RM02-B-hls-baseline/vivado.jou
# Running On         : zhiro-ThinkBook-16p-G5-IRX
# Platform           : Ubuntu
# Operating System   : Ubuntu 24.04.5 LTS
# Processor Detail   : Intel(R) Core(TM) i7-14650HX
# CPU Frequency      : 921.420 MHz
# CPU Physical cores : 16
# CPU Logical cores  : 24
# Host memory        : 33337 MB
# Swap memory        : 8589 MB
# Total Virtual      : 41927 MB
# Available Virtual  : 32237 MB
#-----------------------------------------------------------
source /home/zhiro/research/kv260-vlm-workers/RM02-B-hls-baseline/experiments/rm03_hls_mapping/source/run_vivado_place_route.tcl
# set rtl_dir $::env(RM03_RTL_DIR)
# set out_dir $::env(RM03_VIVADO_OUT)
# file mkdir $out_dir
# create_project -force rm03_feasibility [file join $out_dir project] -part xck26-sfvc784-2LV-c
# set rtl_files [glob -nocomplain [file join $rtl_dir *.v]]
# if {[llength $rtl_files] == 0} { error "No generated Verilog in $rtl_dir" }
# add_files -norecurse $rtl_files
# set_property top vision_gemm [current_fileset]
# foreach ip_tcl [glob -nocomplain [file join $rtl_dir *_ip.tcl]] {
#     source $ip_tcl
# }
## set vivado_ver [version -short]
## set fpo_ver 7.1
## if {[regexp -nocase {2015\.1.*} $vivado_ver match]} {
##     set fpo_ver 7.0
## }
## create_ip -name floating_point -version $fpo_ver -vendor xilinx.com -library ip -module_name vision_gemm_fmul_32ns_32ns_32_5_max_dsp_1_ip
INFO: [IP_Flow 19-234] Refreshing IP repositories
INFO: [IP_Flow 19-1704] No user IP repositories specified
INFO: [IP_Flow 19-2313] Loaded Vivado IP repository '/home/zhiro/research/kv260-vlm/tools/Xilinx/Vivado/2024.2/data/ip'.
## set_property -dict [list CONFIG.a_precision_type Single \
##                           CONFIG.a_tuser_width 1 \
##                           CONFIG.add_sub_value Both \
##                           CONFIG.b_tuser_width 1 \
##                           CONFIG.c_a_exponent_width 8 \
##                           CONFIG.c_a_fraction_width 24 \
##                           CONFIG.c_compare_operation Programmable \
##                           CONFIG.c_has_divide_by_zero false \
##                           CONFIG.c_has_invalid_op false \
##                           CONFIG.c_has_overflow false \
##                           CONFIG.c_has_underflow false \
##                           CONFIG.c_latency 3 \
##                           CONFIG.c_mult_usage Max_Usage \
##                           CONFIG.c_optimization Speed_Optimized \
##                           CONFIG.c_rate 1 \
##                           CONFIG.c_result_exponent_width 8 \
##                           CONFIG.c_result_fraction_width 24 \
##                           CONFIG.component_name vision_gemm_fmul_32ns_32ns_32_5_max_dsp_1_ip \
##                           CONFIG.flow_control NonBlocking \
##                           CONFIG.has_a_tlast false \
##                           CONFIG.has_a_tuser false \
##                           CONFIG.has_aclken true \
##                           CONFIG.has_aresetn false \
##                           CONFIG.has_b_tlast false \
##                           CONFIG.has_b_tuser false \
##                           CONFIG.has_operation_tlast false \
##                           CONFIG.has_operation_tuser false \
##                           CONFIG.has_result_tready false \
##                           CONFIG.maximum_latency false \
##                           CONFIG.operation_tuser_width 1 \
##                           CONFIG.operation_type Multiply \
##                           CONFIG.result_precision_type Single \
##                           CONFIG.result_tlast_behv Null] -objects [get_ips vision_gemm_fmul_32ns_32ns_32_5_max_dsp_1_ip] -quiet
## set_property generate_synth_checkpoint false [get_files vision_gemm_fmul_32ns_32ns_32_5_max_dsp_1_ip.xci]
## generate_target {synthesis simulation} [get_files vision_gemm_fmul_32ns_32ns_32_5_max_dsp_1_ip.xci]
INFO: [IP_Flow 19-1686] Generating 'Synthesis' target for IP 'vision_gemm_fmul_32ns_32ns_32_5_max_dsp_1_ip'...
INFO: [IP_Flow 19-1686] Generating 'Simulation' target for IP 'vision_gemm_fmul_32ns_32ns_32_5_max_dsp_1_ip'...
## set vivado_ver [version -short]
## set fpo_ver 7.1
## if {[regexp -nocase {2015\.1.*} $vivado_ver match]} {
##     set fpo_ver 7.0
## }
## create_ip -name floating_point -version $fpo_ver -vendor xilinx.com -library ip -module_name vision_gemm_fadd_32ns_32ns_32_8_full_dsp_1_ip
## set_property -dict [list CONFIG.a_precision_type Single \
##                           CONFIG.a_tuser_width 1 \
##                           CONFIG.add_sub_value Add \
##                           CONFIG.b_tuser_width 1 \
##                           CONFIG.c_a_exponent_width 8 \
##                           CONFIG.c_a_fraction_width 24 \
##                           CONFIG.c_compare_operation Programmable \
##                           CONFIG.c_has_divide_by_zero false \
##                           CONFIG.c_has_invalid_op false \
##                           CONFIG.c_has_overflow false \
##                           CONFIG.c_has_underflow false \
##                           CONFIG.c_latency 6 \
##                           CONFIG.c_mult_usage Full_Usage \
##                           CONFIG.c_optimization Speed_Optimized \
##                           CONFIG.c_rate 1 \
##                           CONFIG.c_result_exponent_width 8 \
##                           CONFIG.c_result_fraction_width 24 \
##                           CONFIG.component_name vision_gemm_fadd_32ns_32ns_32_8_full_dsp_1_ip \
##                           CONFIG.flow_control NonBlocking \
##                           CONFIG.has_a_tlast false \
##                           CONFIG.has_a_tuser false \
##                           CONFIG.has_aclken true \
##                           CONFIG.has_aresetn false \
##                           CONFIG.has_b_tlast false \
##                           CONFIG.has_b_tuser false \
##                           CONFIG.has_operation_tlast false \
##                           CONFIG.has_operation_tuser false \
##                           CONFIG.has_result_tready false \
##                           CONFIG.maximum_latency false \
##                           CONFIG.operation_tuser_width 1 \
##                           CONFIG.operation_type Add_Subtract \
##                           CONFIG.result_precision_type Single \
##                           CONFIG.result_tlast_behv Null] -objects [get_ips vision_gemm_fadd_32ns_32ns_32_8_full_dsp_1_ip] -quiet
## set_property generate_synth_checkpoint false [get_files vision_gemm_fadd_32ns_32ns_32_8_full_dsp_1_ip.xci]
## generate_target {synthesis simulation} [get_files vision_gemm_fadd_32ns_32ns_32_8_full_dsp_1_ip.xci]
INFO: [IP_Flow 19-1686] Generating 'Synthesis' target for IP 'vision_gemm_fadd_32ns_32ns_32_8_full_dsp_1_ip'...
INFO: [IP_Flow 19-1686] Generating 'Simulation' target for IP 'vision_gemm_fadd_32ns_32ns_32_8_full_dsp_1_ip'...
## set vivado_ver [version -short]
## set fpo_ver 7.1
## if {[regexp -nocase {2015\.1.*} $vivado_ver match]} {
##     set fpo_ver 7.0
## }
## create_ip -name floating_point -version $fpo_ver -vendor xilinx.com -library ip -module_name vision_gemm_fadd_32ns_32ns_32_6_no_dsp_1_ip
## set_property -dict [list CONFIG.a_precision_type Single \
##                           CONFIG.a_tuser_width 1 \
##                           CONFIG.add_sub_value Add \
##                           CONFIG.b_tuser_width 1 \
##                           CONFIG.c_a_exponent_width 8 \
##                           CONFIG.c_a_fraction_width 24 \
##                           CONFIG.c_compare_operation Programmable \
##                           CONFIG.c_has_divide_by_zero false \
##                           CONFIG.c_has_invalid_op false \
##                           CONFIG.c_has_overflow false \
##                           CONFIG.c_has_underflow false \
##                           CONFIG.c_latency 4 \
##                           CONFIG.c_mult_usage No_Usage \
##                           CONFIG.c_optimization Speed_Optimized \
##                           CONFIG.c_rate 1 \
##                           CONFIG.c_result_exponent_width 8 \
##                           CONFIG.c_result_fraction_width 24 \
##                           CONFIG.component_name vision_gemm_fadd_32ns_32ns_32_6_no_dsp_1_ip \
##                           CONFIG.flow_control NonBlocking \
##                           CONFIG.has_a_tlast false \
##                           CONFIG.has_a_tuser false \
##                           CONFIG.has_aclken true \
##                           CONFIG.has_aresetn false \
##                           CONFIG.has_b_tlast false \
##                           CONFIG.has_b_tuser false \
##                           CONFIG.has_operation_tlast false \
##                           CONFIG.has_operation_tuser false \
##                           CONFIG.has_result_tready false \
##                           CONFIG.maximum_latency false \
##                           CONFIG.operation_tuser_width 1 \
##                           CONFIG.operation_type Add_Subtract \
##                           CONFIG.result_precision_type Single \
##                           CONFIG.result_tlast_behv Null] -objects [get_ips vision_gemm_fadd_32ns_32ns_32_6_no_dsp_1_ip] -quiet
## set_property generate_synth_checkpoint false [get_files vision_gemm_fadd_32ns_32ns_32_6_no_dsp_1_ip.xci]
## generate_target {synthesis simulation} [get_files vision_gemm_fadd_32ns_32ns_32_6_no_dsp_1_ip.xci]
INFO: [IP_Flow 19-1686] Generating 'Synthesis' target for IP 'vision_gemm_fadd_32ns_32ns_32_6_no_dsp_1_ip'...
INFO: [IP_Flow 19-1686] Generating 'Simulation' target for IP 'vision_gemm_fadd_32ns_32ns_32_6_no_dsp_1_ip'...
# update_compile_order -fileset sources_1
# synth_design -top vision_gemm -part xck26-sfvc784-2LV-c -flatten_hierarchy none
Command: synth_design -top vision_gemm -part xck26-sfvc784-2LV-c -flatten_hierarchy none
Starting synth_design
Attempting to get a license for feature 'Synthesis' and/or device 'xck26'
INFO: [Common 17-349] Got license for feature 'Synthesis' and/or device 'xck26'
INFO: [Synth 8-7079] Multithreading enabled for synth_design using a maximum of 7 processes.
INFO: [Synth 8-7078] Launching helper process for spawning children vivado processes
INFO: [Synth 8-7075] Helper process launched with PID 64865
---------------------------------------------------------------------------------
Starting Synthesize : Time (s): cpu = 00:00:02 ; elapsed = 00:00:03 . Memory (MB): peak = 1895.496 ; gain = 340.859 ; free physical = 5647 ; free virtual = 29647
---------------------------------------------------------------------------------
INFO: [Synth 8-6157] synthesizing module 'vision_gemm' [/home/zhiro/research/kv260-vlm-workers/RM02-B-hls-baseline/experiments/rm03_hls_mapping/reports/rm03_pe4x4_k16_noflat/project/solution1/syn/verilog/vision_gemm.v:9]
INFO: [Synth 8-6157] synthesizing module 'vision_gemm_weight_tile_RAM_2P_URAM_1R1W' [/home/zhiro/research/kv260-vlm-workers/RM02-B-hls-baseline/experiments/rm03_hls_mapping/reports/rm03_pe4x4_k16_noflat/project/solution1/syn/verilog/vision_gemm_weight_tile_RAM_2P_URAM_1R1W.v:7]
	Parameter DataWidth bound to: 128 - type: integer 
	Parameter AddressWidth bound to: 12 - type: integer 
	Parameter AddressRange bound to: 2152 - type: integer 
INFO: [Synth 8-6155] done synthesizing module 'vision_gemm_weight_tile_RAM_2P_URAM_1R1W' (0#1) [/home/zhiro/research/kv260-vlm-workers/RM02-B-hls-baseline/experiments/rm03_hls_mapping/reports/rm03_pe4x4_k16_noflat/project/solution1/syn/verilog/vision_gemm_weight_tile_RAM_2P_URAM_1R1W.v:7]
INFO: [Synth 8-6157] synthesizing module 'vision_gemm_activation_tile_RAM_2P_URAM_1R1W' [/home/zhiro/research/kv260-vlm-workers/RM02-B-hls-baseline/experiments/rm03_hls_mapping/reports/rm03_pe4x4_k16_noflat/project/solution1/syn/verilog/vision_gemm_activation_tile_RAM_2P_URAM_1R1W.v:7]
	Parameter DataWidth bound to: 256 - type: integer 
	Parameter AddressWidth bound to: 13 - type: integer 
	Parameter AddressRange bound to: 4304 - type: integer 
INFO: [Synth 8-6155] done synthesizing module 'vision_gemm_activation_tile_RAM_2P_URAM_1R1W' (0#1) [/home/zhiro/research/kv260-vlm-workers/RM02-B-hls-baseline/experiments/rm03_hls_mapping/reports/rm03_pe4x4_k16_noflat/project/solution1/syn/verilog/vision_gemm_activation_tile_RAM_2P_URAM_1R1W.v:7]
INFO: [Synth 8-6157] synthesizing module 'vision_gemm_result_tile_RAM_2P_BRAM_1R1W' [/home/zhiro/research/kv260-vlm-workers/RM02-B-hls-baseline/experiments/rm03_hls_mapping/reports/rm03_pe4x4_k16_noflat/project/solution1/syn/verilog/vision_gemm_result_tile_RAM_2P_BRAM_1R1W.v:7]
	Parameter DataWidth bound to: 32 - type: integer 
	Parameter AddressWidth bound to: 5 - type: integer 
	Parameter AddressRange bound to: 32 - type: integer 
INFO: [Synth 8-6155] done synthesizing module 'vision_gemm_result_tile_RAM_2P_BRAM_1R1W' (0#1) [/home/zhiro/research/kv260-vlm-workers/RM02-B-hls-baseline/experiments/rm03_hls_mapping/reports/rm03_pe4x4_k16_noflat/project/solution1/syn/verilog/vision_gemm_result_tile_RAM_2P_BRAM_1R1W.v:7]
INFO: [Synth 8-6157] synthesizing module 'vision_gemm_vision_gemm_Pipeline_VITIS_LOOP_63_1_VITIS_LOOP_64_2' [/home/zhiro/research/kv260-vlm-workers/RM02-B-hls-baseline/experiments/rm03_hls_mapping/reports/rm03_pe4x4_k16_noflat/project/solution1/syn/verilog/vision_gemm_vision_gemm_Pipeline_VITIS_LOOP_63_1_VITIS_LOOP_64_2.v:9]
INFO: [Synth 8-6157] synthesizing module 'vision_gemm_mac_muladd_10ns_2ns_10ns_12_4_1' [/home/zhiro/research/kv260-vlm-workers/RM02-B-hls-baseline/experiments/rm03_hls_mapping/reports/rm03_pe4x4_k16_noflat/project/solution1/syn/verilog/vision_gemm_mac_muladd_10ns_2ns_10ns_12_4_1.v:54]
	Parameter ID bound to: 1 - type: integer 
	Parameter NUM_STAGE bound to: 4 - type: integer 
	Parameter din0_WIDTH bound to: 10 - type: integer 
	Parameter din1_WIDTH bound to: 2 - type: integer 
	Parameter din2_WIDTH bound to: 10 - type: integer 
	Parameter dout_WIDTH bound to: 12 - type: integer 
INFO: [Synth 8-6157] synthesizing module 'vision_gemm_mac_muladd_10ns_2ns_10ns_12_4_1_DSP48_0' [/home/zhiro/research/kv260-vlm-workers/RM02-B-hls-baseline/experiments/rm03_hls_mapping/reports/rm03_pe4x4_k16_noflat/project/solution1/syn/verilog/vision_gemm_mac_muladd_10ns_2ns_10ns_12_4_1.v:11]
INFO: [Synth 8-6155] done synthesizing module 'vision_gemm_mac_muladd_10ns_2ns_10ns_12_4_1_DSP48_0' (0#1) [/home/zhiro/research/kv260-vlm-workers/RM02-B-hls-baseline/experiments/rm03_hls_mapping/reports/rm03_pe4x4_k16_noflat/project/solution1/syn/verilog/vision_gemm_mac_muladd_10ns_2ns_10ns_12_4_1.v:11]
INFO: [Synth 8-6155] done synthesizing module 'vision_gemm_mac_muladd_10ns_2ns_10ns_12_4_1' (0#1) [/home/zhiro/research/kv260-vlm-workers/RM02-B-hls-baseline/experiments/rm03_hls_mapping/reports/rm03_pe4x4_k16_noflat/project/solution1/syn/verilog/vision_gemm_mac_muladd_10ns_2ns_10ns_12_4_1.v:54]
INFO: [Synth 8-6157] synthesizing module 'vision_gemm_flow_control_loop_pipe_sequential_init' [/home/zhiro/research/kv260-vlm-workers/RM02-B-hls-baseline/experiments/rm03_hls_mapping/reports/rm03_pe4x4_k16_noflat/project/solution1/syn/verilog/vision_gemm_flow_control_loop_pipe_sequential_init.v:11]
INFO: [Synth 8-6155] done synthesizing module 'vision_gemm_flow_control_loop_pipe_sequential_init' (0#1) [/home/zhiro/research/kv260-vlm-workers/RM02-B-hls-baseline/experiments/rm03_hls_mapping/reports/rm03_pe4x4_k16_noflat/project/solution1/syn/verilog/vision_gemm_flow_control_loop_pipe_sequential_init.v:11]
INFO: [Synth 8-6155] done synthesizing module 'vision_gemm_vision_gemm_Pipeline_VITIS_LOOP_63_1_VITIS_LOOP_64_2' (0#1) [/home/zhiro/research/kv260-vlm-workers/RM02-B-hls-baseline/experiments/rm03_hls_mapping/reports/rm03_pe4x4_k16_noflat/project/solution1/syn/verilog/vision_gemm_vision_gemm_Pipeline_VITIS_LOOP_63_1_VITIS_LOOP_64_2.v:9]
INFO: [Synth 8-6157] synthesizing module 'vision_gemm_vision_gemm_Pipeline_VITIS_LOOP_70_3_VITIS_LOOP_71_4' [/home/zhiro/research/kv260-vlm-workers/RM02-B-hls-baseline/experiments/rm03_hls_mapping/reports/rm03_pe4x4_k16_noflat/project/solution1/syn/verilog/vision_gemm_vision_gemm_Pipeline_VITIS_LOOP_70_3_VITIS_LOOP_71_4.v:9]
INFO: [Synth 8-6157] synthesizing module 'vision_gemm_mac_muladd_10ns_3ns_10ns_13_4_1' [/home/zhiro/research/kv260-vlm-workers/RM02-B-hls-baseline/experiments/rm03_hls_mapping/reports/rm03_pe4x4_k16_noflat/project/solution1/syn/verilog/vision_gemm_mac_muladd_10ns_3ns_10ns_13_4_1.v:54]
	Parameter ID bound to: 1 - type: integer 
	Parameter NUM_STAGE bound to: 4 - type: integer 
	Parameter din0_WIDTH bound to: 10 - type: integer 
	Parameter din1_WIDTH bound to: 3 - type: integer 
	Parameter din2_WIDTH bound to: 10 - type: integer 
	Parameter dout_WIDTH bound to: 13 - type: integer 
INFO: [Synth 8-6157] synthesizing module 'vision_gemm_mac_muladd_10ns_3ns_10ns_13_4_1_DSP48_0' [/home/zhiro/research/kv260-vlm-workers/RM02-B-hls-baseline/experiments/rm03_hls_mapping/reports/rm03_pe4x4_k16_noflat/project/solution1/syn/verilog/vision_gemm_mac_muladd_10ns_3ns_10ns_13_4_1.v:11]
INFO: [Synth 8-6155] done synthesizing module 'vision_gemm_mac_muladd_10ns_3ns_10ns_13_4_1_DSP48_0' (0#1) [/home/zhiro/research/kv260-vlm-workers/RM02-B-hls-baseline/experiments/rm03_hls_mapping/reports/rm03_pe4x4_k16_noflat/project/solution1/syn/verilog/vision_gemm_mac_muladd_10ns_3ns_10ns_13_4_1.v:11]
INFO: [Synth 8-6155] done synthesizing module 'vision_gemm_mac_muladd_10ns_3ns_10ns_13_4_1' (0#1) [/home/zhiro/research/kv260-vlm-workers/RM02-B-hls-baseline/experiments/rm03_hls_mapping/reports/rm03_pe4x4_k16_noflat/project/solution1/syn/verilog/vision_gemm_mac_muladd_10ns_3ns_10ns_13_4_1.v:54]
INFO: [Synth 8-6155] done synthesizing module 'vision_gemm_vision_gemm_Pipeline_VITIS_LOOP_70_3_VITIS_LOOP_71_4' (0#1) [/home/zhiro/research/kv260-vlm-workers/RM02-B-hls-baseline/experiments/rm03_hls_mapping/reports/rm03_pe4x4_k16_noflat/project/solution1/syn/verilog/vision_gemm_vision_gemm_Pipeline_VITIS_LOOP_70_3_VITIS_LOOP_71_4.v:9]
INFO: [Synth 8-6157] synthesizing module 'vision_gemm_vision_gemm_Pipeline_VITIS_LOOP_189_17_VITIS_LOOP_190_18' [/home/zhiro/research/kv260-vlm-workers/RM02-B-hls-baseline/experiments/rm03_hls_mapping/reports/rm03_pe4x4_k16_noflat/project/solution1/syn/verilog/vision_gemm_vision_gemm_Pipeline_VITIS_LOOP_189_17_VITIS_LOOP_190_18.v:9]
INFO: [Synth 8-6155] done synthesizing module 'vision_gemm_vision_gemm_Pipeline_VITIS_LOOP_189_17_VITIS_LOOP_190_18' (0#1) [/home/zhiro/research/kv260-vlm-workers/RM02-B-hls-baseline/experiments/rm03_hls_mapping/reports/rm03_pe4x4_k16_noflat/project/solution1/syn/verilog/vision_gemm_vision_gemm_Pipeline_VITIS_LOOP_189_17_VITIS_LOOP_190_18.v:9]
INFO: [Synth 8-6157] synthesizing module 'vision_gemm_vision_gemm_Pipeline_VITIS_LOOP_147_10' [/home/zhiro/research/kv260-vlm-workers/RM02-B-hls-baseline/experiments/rm03_hls_mapping/reports/rm03_pe4x4_k16_noflat/project/solution1/syn/verilog/vision_gemm_vision_gemm_Pipeline_VITIS_LOOP_147_10.v:9]
INFO: [Synth 8-6157] synthesizing module 'vision_gemm_fadd_32ns_32ns_32_6_no_dsp_1' [/home/zhiro/research/kv260-vlm-workers/RM02-B-hls-baseline/experiments/rm03_hls_mapping/reports/rm03_pe4x4_k16_noflat/project/solution1/syn/verilog/vision_gemm_fadd_32ns_32ns_32_6_no_dsp_1.v:9]
	Parameter ID bound to: 1 - type: integer 
	Parameter NUM_STAGE bound to: 6 - type: integer 
	Parameter din0_WIDTH bound to: 32 - type: integer 
	Parameter din1_WIDTH bound to: 32 - type: integer 
	Parameter dout_WIDTH bound to: 32 - type: integer 
INFO: [Synth 8-6157] synthesizing module 'vision_gemm_fadd_32ns_32ns_32_6_no_dsp_1_ip' [/home/zhiro/research/kv260-vlm-workers/RM02-B-hls-baseline/experiments/rm03_hls_mapping/reports/vivado_rm03_k16/project/rm03_feasibility.gen/sources_1/ip/vision_gemm_fadd_32ns_32ns_32_6_no_dsp_1_ip/synth/vision_gemm_fadd_32ns_32ns_32_6_no_dsp_1_ip.v:53]
INFO: [Synth 8-6157] synthesizing module 'LUT1' [/home/zhiro/research/kv260-vlm/tools/Xilinx/Vivado/2024.2/scripts/rt/data/unisim_comp.v:84087]
INFO: [Synth 8-6155] done synthesizing module 'LUT1' (0#1) [/home/zhiro/research/kv260-vlm/tools/Xilinx/Vivado/2024.2/scripts/rt/data/unisim_comp.v:84087]
INFO: [Synth 8-6155] done synthesizing module 'vision_gemm_fadd_32ns_32ns_32_6_no_dsp_1_ip' (0#1) [/home/zhiro/research/kv260-vlm-workers/RM02-B-hls-baseline/experiments/rm03_hls_mapping/reports/vivado_rm03_k16/project/rm03_feasibility.gen/sources_1/ip/vision_gemm_fadd_32ns_32ns_32_6_no_dsp_1_ip/synth/vision_gemm_fadd_32ns_32ns_32_6_no_dsp_1_ip.v:53]
INFO: [Synth 8-6155] done synthesizing module 'vision_gemm_fadd_32ns_32ns_32_6_no_dsp_1' (0#1) [/home/zhiro/research/kv260-vlm-workers/RM02-B-hls-baseline/experiments/rm03_hls_mapping/reports/rm03_pe4x4_k16_noflat/project/solution1/syn/verilog/vision_gemm_fadd_32ns_32ns_32_6_no_dsp_1.v:9]
INFO: [Synth 8-6157] synthesizing module 'vision_gemm_fmul_32ns_32ns_32_5_max_dsp_1' [/home/zhiro/research/kv260-vlm-workers/RM02-B-hls-baseline/experiments/rm03_hls_mapping/reports/rm03_pe4x4_k16_noflat/project/solution1/syn/verilog/vision_gemm_fmul_32ns_32ns_32_5_max_dsp_1.v:9]
	Parameter ID bound to: 1 - type: integer 
	Parameter NUM_STAGE bound to: 5 - type: integer 
	Parameter din0_WIDTH bound to: 32 - type: integer 
	Parameter din1_WIDTH bound to: 32 - type: integer 
	Parameter dout_WIDTH bound to: 32 - type: integer 
INFO: [Synth 8-6157] synthesizing module 'vision_gemm_fmul_32ns_32ns_32_5_max_dsp_1_ip' [/home/zhiro/research/kv260-vlm-workers/RM02-B-hls-baseline/experiments/rm03_hls_mapping/reports/vivado_rm03_k16/project/rm03_feasibility.gen/sources_1/ip/vision_gemm_fmul_32ns_32ns_32_5_max_dsp_1_ip/synth/vision_gemm_fmul_32ns_32ns_32_5_max_dsp_1_ip.v:53]
INFO: [Synth 8-6155] done synthesizing module 'vision_gemm_fmul_32ns_32ns_32_5_max_dsp_1_ip' (0#1) [/home/zhiro/research/kv260-vlm-workers/RM02-B-hls-baseline/experiments/rm03_hls_mapping/reports/vivado_rm03_k16/project/rm03_feasibility.gen/sources_1/ip/vision_gemm_fmul_32ns_32ns_32_5_max_dsp_1_ip/synth/vision_gemm_fmul_32ns_32ns_32_5_max_dsp_1_ip.v:53]
INFO: [Synth 8-6155] done synthesizing module 'vision_gemm_fmul_32ns_32ns_32_5_max_dsp_1' (0#1) [/home/zhiro/research/kv260-vlm-workers/RM02-B-hls-baseline/experiments/rm03_hls_mapping/reports/rm03_pe4x4_k16_noflat/project/solution1/syn/verilog/vision_gemm_fmul_32ns_32ns_32_5_max_dsp_1.v:9]
INFO: [Synth 8-6157] synthesizing module 'vision_gemm_sparsemux_9_3_32_1_1' [/home/zhiro/research/kv260-vlm-workers/RM02-B-hls-baseline/experiments/rm03_hls_mapping/reports/rm03_pe4x4_k16_noflat/project/solution1/syn/verilog/vision_gemm_sparsemux_9_3_32_1_1.v:9]
	Parameter din0_WIDTH bound to: 32 - type: integer 
	Parameter din1_WIDTH bound to: 32 - type: integer 
	Parameter din2_WIDTH bound to: 32 - type: integer 
	Parameter din3_WIDTH bound to: 32 - type: integer 
	Parameter def_WIDTH bound to: 32 - type: integer 
	Parameter sel_WIDTH bound to: 3 - type: integer 
	Parameter dout_WIDTH bound to: 32 - type: integer 
	Parameter CASE0 bound to: 3'b100 
	Parameter CASE1 bound to: 3'b010 
	Parameter CASE2 bound to: 3'b001 
	Parameter CASE3 bound to: 3'b000 
	Parameter ID bound to: 1 - type: integer 
	Parameter NUM_STAGE bound to: 1 - type: integer 
INFO: [Synth 8-6155] done synthesizing module 'vision_gemm_sparsemux_9_3_32_1_1' (0#1) [/home/zhiro/research/kv260-vlm-workers/RM02-B-hls-baseline/experiments/rm03_hls_mapping/reports/rm03_pe4x4_k16_noflat/project/solution1/syn/verilog/vision_gemm_sparsemux_9_3_32_1_1.v:9]
INFO: [Synth 8-6155] done synthesizing module 'vision_gemm_vision_gemm_Pipeline_VITIS_LOOP_147_10' (0#1) [/home/zhiro/research/kv260-vlm-workers/RM02-B-hls-baseline/experiments/rm03_hls_mapping/reports/rm03_pe4x4_k16_noflat/project/solution1/syn/verilog/vision_gemm_vision_gemm_Pipeline_VITIS_LOOP_147_10.v:9]
INFO: [Synth 8-6157] synthesizing module 'vision_gemm_control_s_axi' [/home/zhiro/research/kv260-vlm-workers/RM02-B-hls-baseline/experiments/rm03_hls_mapping/reports/rm03_pe4x4_k16_noflat/project/solution1/syn/verilog/vision_gemm_control_s_axi.v:9]
	Parameter C_S_AXI_ADDR_WIDTH bound to: 6 - type: integer 
	Parameter C_S_AXI_DATA_WIDTH bound to: 32 - type: integer 
INFO: [Synth 8-155] case statement is not full and has no default [/home/zhiro/research/kv260-vlm-workers/RM02-B-hls-baseline/experiments/rm03_hls_mapping/reports/rm03_pe4x4_k16_noflat/project/solution1/syn/verilog/vision_gemm_control_s_axi.v:227]
INFO: [Synth 8-6155] done synthesizing module 'vision_gemm_control_s_axi' (0#1) [/home/zhiro/research/kv260-vlm-workers/RM02-B-hls-baseline/experiments/rm03_hls_mapping/reports/rm03_pe4x4_k16_noflat/project/solution1/syn/verilog/vision_gemm_control_s_axi.v:9]
INFO: [Synth 8-6157] synthesizing module 'vision_gemm_gmem_w_m_axi' [/home/zhiro/research/kv260-vlm-workers/RM02-B-hls-baseline/experiments/rm03_hls_mapping/reports/rm03_pe4x4_k16_noflat/project/solution1/syn/verilog/vision_gemm_gmem_w_m_axi.v:12]
	Parameter CONSERVATIVE bound to: 1 - type: integer 
	Parameter MAX_READ_BURST_LENGTH bound to: 64 - type: integer 
	Parameter MAX_WRITE_BURST_LENGTH bound to: 16 - type: integer 
	Parameter C_M_AXI_ID_WIDTH bound to: 1 - type: integer 
	Parameter C_M_AXI_ADDR_WIDTH bound to: 64 - type: integer 
	Parameter C_M_AXI_DATA_WIDTH bound to: 128 - type: integer 
	Parameter C_M_AXI_AWUSER_WIDTH bound to: 1 - type: integer 
	Parameter C_M_AXI_ARUSER_WIDTH bound to: 1 - type: integer 
	Parameter C_M_AXI_WUSER_WIDTH bound to: 1 - type: integer 
	Parameter C_M_AXI_RUSER_WIDTH bound to: 1 - type: integer 
	Parameter C_M_AXI_BUSER_WIDTH bound to: 1 - type: integer 
	Parameter C_USER_VALUE bound to: 0 - type: integer 
	Parameter C_PROT_VALUE bound to: 0 - type: integer 
	Parameter C_CACHE_VALUE bound to: 3 - type: integer 
	Parameter NUM_READ_OUTSTANDING bound to: 16 - type: integer 
	Parameter NUM_WRITE_OUTSTANDING bound to: 0 - type: integer 
	Parameter USER_MAXREQS bound to: 7 - type: integer 
	Parameter CH0_USER_DW bound to: 128 - type: integer 
	Parameter CH0_USER_AW bound to: 64 - type: integer 
	Parameter CH0_USER_RFIFONUM_WIDTH bound to: 11 - type: integer 
INFO: [Synth 8-6157] synthesizing module 'vision_gemm_gmem_w_m_axi_load' [/home/zhiro/research/kv260-vlm-workers/RM02-B-hls-baseline/experiments/rm03_hls_mapping/reports/rm03_pe4x4_k16_noflat/project/solution1/syn/verilog/vision_gemm_gmem_w_m_axi.v:245]
	Parameter C_TARGET_ADDR bound to: 0 - type: integer 
	Parameter NUM_READ_OUTSTANDING bound to: 16 - type: integer 
	Parameter MAX_READ_BURST_LENGTH bound to: 64 - type: integer 
	Parameter BUS_ADDR_WIDTH bound to: 64 - type: integer 
	Parameter BUS_DATA_WIDTH bound to: 128 - type: integer 
	Parameter USER_DW bound to: 128 - type: integer 
	Parameter USER_AW bound to: 64 - type: integer 
	Parameter USER_MAXREQS bound to: 7 - type: integer 
	Parameter USER_RFIFONUM_WIDTH bound to: 11 - type: integer 
	Parameter BUFFER_IMPL bound to: block - type: string 
INFO: [Synth 8-6157] synthesizing module 'vision_gemm_gmem_w_m_axi_fifo' [/home/zhiro/research/kv260-vlm-workers/RM02-B-hls-baseline/experiments/rm03_hls_mapping/reports/rm03_pe4x4_k16_noflat/project/solution1/syn/verilog/vision_gemm_gmem_w_m_axi.v:2501]
	Parameter DATA_WIDTH bound to: 96 - type: integer 
	Parameter ADDR_WIDTH bound to: 3 - type: integer 
	Parameter DEPTH bound to: 7 - type: integer 
INFO: [Synth 8-6157] synthesizing module 'vision_gemm_gmem_w_m_axi_srl' [/home/zhiro/research/kv260-vlm-workers/RM02-B-hls-baseline/experiments/rm03_hls_mapping/reports/rm03_pe4x4_k16_noflat/project/solution1/syn/verilog/vision_gemm_gmem_w_m_axi.v:2679]
	Parameter DATA_WIDTH bound to: 96 - type: integer 
	Parameter ADDR_WIDTH bound to: 3 - type: integer 
	Parameter DEPTH bound to: 7 - type: integer 
INFO: [Synth 8-6155] done synthesizing module 'vision_gemm_gmem_w_m_axi_srl' (0#1) [/home/zhiro/research/kv260-vlm-workers/RM02-B-hls-baseline/experiments/rm03_hls_mapping/reports/rm03_pe4x4_k16_noflat/project/solution1/syn/verilog/vision_gemm_gmem_w_m_axi.v:2679]
INFO: [Synth 8-6155] done synthesizing module 'vision_gemm_gmem_w_m_axi_fifo' (0#1) [/home/zhiro/research/kv260-vlm-workers/RM02-B-hls-baseline/experiments/rm03_hls_mapping/reports/rm03_pe4x4_k16_noflat/project/solution1/syn/verilog/vision_gemm_gmem_w_m_axi.v:2501]
INFO: [Synth 8-6157] synthesizing module 'vision_gemm_gmem_w_m_axi_fifo__parameterized0' [/home/zhiro/research/kv260-vlm-workers/RM02-B-hls-baseline/experiments/rm03_hls_mapping/reports/rm03_pe4x4_k16_noflat/project/solution1/syn/verilog/vision_gemm_gmem_w_m_axi.v:2501]
	Parameter MEM_STYLE bound to: block - type: string 
	Parameter DATA_WIDTH bound to: 130 - type: integer 
	Parameter ADDR_WIDTH bound to: 10 - type: integer 
	Parameter DEPTH bound to: 1024 - type: integer 
INFO: [Synth 8-6157] synthesizing module 'vision_gemm_gmem_w_m_axi_mem' [/home/zhiro/research/kv260-vlm-workers/RM02-B-hls-baseline/experiments/rm03_hls_mapping/reports/rm03_pe4x4_k16_noflat/project/solution1/syn/verilog/vision_gemm_gmem_w_m_axi.v:2733]
	Parameter MEM_STYLE bound to: block - type: string 
	Parameter DATA_WIDTH bound to: 130 - type: integer 
	Parameter ADDR_WIDTH bound to: 10 - type: integer 
	Parameter DEPTH bound to: 1024 - type: integer 
INFO: [Synth 8-6155] done synthesizing module 'vision_gemm_gmem_w_m_axi_mem' (0#1) [/home/zhiro/research/kv260-vlm-workers/RM02-B-hls-baseline/experiments/rm03_hls_mapping/reports/rm03_pe4x4_k16_noflat/project/solution1/syn/verilog/vision_gemm_gmem_w_m_axi.v:2733]
INFO: [Synth 8-6155] done synthesizing module 'vision_gemm_gmem_w_m_axi_fifo__parameterized0' (0#1) [/home/zhiro/research/kv260-vlm-workers/RM02-B-hls-baseline/experiments/rm03_hls_mapping/reports/rm03_pe4x4_k16_noflat/project/solution1/syn/verilog/vision_gemm_gmem_w_m_axi.v:2501]
INFO: [Synth 8-6155] done synthesizing module 'vision_gemm_gmem_w_m_axi_load' (0#1) [/home/zhiro/research/kv260-vlm-workers/RM02-B-hls-baseline/experiments/rm03_hls_mapping/reports/rm03_pe4x4_k16_noflat/project/solution1/syn/verilog/vision_gemm_gmem_w_m_axi.v:245]
INFO: [Synth 8-6157] synthesizing module 'vision_gemm_gmem_w_m_axi_read' [/home/zhiro/research/kv260-vlm-workers/RM02-B-hls-baseline/experiments/rm03_hls_mapping/reports/rm03_pe4x4_k16_noflat/project/solution1/syn/verilog/vision_gemm_gmem_w_m_axi.v:1355]
	Parameter C_M_AXI_ID_WIDTH bound to: 1 - type: integer 
	Parameter C_M_AXI_ARUSER_WIDTH bound to: 1 - type: integer 
	Parameter C_M_AXI_RUSER_WIDTH bound to: 1 - type: integer 
	Parameter C_USER_VALUE bound to: 0 - type: integer 
	Parameter C_PROT_VALUE bound to: 0 - type: integer 
	Parameter C_CACHE_VALUE bound to: 3 - type: integer 
	Parameter BUS_ADDR_WIDTH bound to: 64 - type: integer 
	Parameter BUS_DATA_WIDTH bound to: 128 - type: integer 
	Parameter NUM_READ_OUTSTANDING bound to: 16 - type: integer 
	Parameter MAX_READ_BURST_LENGTH bound to: 64 - type: integer 
INFO: [Synth 8-6157] synthesizing module 'vision_gemm_gmem_w_m_axi_burst_converter' [/home/zhiro/research/kv260-vlm-workers/RM02-B-hls-baseline/experiments/rm03_hls_mapping/reports/rm03_pe4x4_k16_noflat/project/solution1/syn/verilog/vision_gemm_gmem_w_m_axi.v:1867]
	Parameter DATA_WIDTH bound to: 128 - type: integer 
	Parameter ADDR_WIDTH bound to: 64 - type: integer 
	Parameter MAX_BURST_LEN bound to: 64 - type: integer 
INFO: [Synth 8-6157] synthesizing module 'vision_gemm_gmem_w_m_axi_reg_slice' [/home/zhiro/research/kv260-vlm-workers/RM02-B-hls-baseline/experiments/rm03_hls_mapping/reports/rm03_pe4x4_k16_noflat/project/solution1/syn/verilog/vision_gemm_gmem_w_m_axi.v:2399]
	Parameter DATA_WIDTH bound to: 96 - type: integer 
INFO: [Synth 8-6155] done synthesizing module 'vision_gemm_gmem_w_m_axi_reg_slice' (0#1) [/home/zhiro/research/kv260-vlm-workers/RM02-B-hls-baseline/experiments/rm03_hls_mapping/reports/rm03_pe4x4_k16_noflat/project/solution1/syn/verilog/vision_gemm_gmem_w_m_axi.v:2399]
INFO: [Synth 8-6155] done synthesizing module 'vision_gemm_gmem_w_m_axi_burst_converter' (0#1) [/home/zhiro/research/kv260-vlm-workers/RM02-B-hls-baseline/experiments/rm03_hls_mapping/reports/rm03_pe4x4_k16_noflat/project/solution1/syn/verilog/vision_gemm_gmem_w_m_axi.v:1867]
INFO: [Synth 8-6157] synthesizing module 'vision_gemm_gmem_w_m_axi_reg_slice__parameterized0' [/home/zhiro/research/kv260-vlm-workers/RM02-B-hls-baseline/experiments/rm03_hls_mapping/reports/rm03_pe4x4_k16_noflat/project/solution1/syn/verilog/vision_gemm_gmem_w_m_axi.v:2399]
	Parameter DATA_WIDTH bound to: 129 - type: integer 
INFO: [Synth 8-6155] done synthesizing module 'vision_gemm_gmem_w_m_axi_reg_slice__parameterized0' (0#1) [/home/zhiro/research/kv260-vlm-workers/RM02-B-hls-baseline/experiments/rm03_hls_mapping/reports/rm03_pe4x4_k16_noflat/project/solution1/syn/verilog/vision_gemm_gmem_w_m_axi.v:2399]
INFO: [Synth 8-6157] synthesizing module 'vision_gemm_gmem_w_m_axi_fifo__parameterized1' [/home/zhiro/research/kv260-vlm-workers/RM02-B-hls-baseline/experiments/rm03_hls_mapping/reports/rm03_pe4x4_k16_noflat/project/solution1/syn/verilog/vision_gemm_gmem_w_m_axi.v:2501]
	Parameter DATA_WIDTH bound to: 1 - type: integer 
	Parameter ADDR_WIDTH bound to: 4 - type: integer 
	Parameter DEPTH bound to: 16 - type: integer 
INFO: [Synth 8-6157] synthesizing module 'vision_gemm_gmem_w_m_axi_srl__parameterized0' [/home/zhiro/research/kv260-vlm-workers/RM02-B-hls-baseline/experiments/rm03_hls_mapping/reports/rm03_pe4x4_k16_noflat/project/solution1/syn/verilog/vision_gemm_gmem_w_m_axi.v:2679]
	Parameter DATA_WIDTH bound to: 1 - type: integer 
	Parameter ADDR_WIDTH bound to: 4 - type: integer 
	Parameter DEPTH bound to: 16 - type: integer 
INFO: [Synth 8-6155] done synthesizing module 'vision_gemm_gmem_w_m_axi_srl__parameterized0' (0#1) [/home/zhiro/research/kv260-vlm-workers/RM02-B-hls-baseline/experiments/rm03_hls_mapping/reports/rm03_pe4x4_k16_noflat/project/solution1/syn/verilog/vision_gemm_gmem_w_m_axi.v:2679]
INFO: [Synth 8-6155] done synthesizing module 'vision_gemm_gmem_w_m_axi_fifo__parameterized1' (0#1) [/home/zhiro/research/kv260-vlm-workers/RM02-B-hls-baseline/experiments/rm03_hls_mapping/reports/rm03_pe4x4_k16_noflat/project/solution1/syn/verilog/vision_gemm_gmem_w_m_axi.v:2501]
WARNING: [Synth 8-589] replacing case/wildcard equality operator === with logical equality operator == [/home/zhiro/research/kv260-vlm-workers/RM02-B-hls-baseline/experiments/rm03_hls_mapping/reports/rm03_pe4x4_k16_noflat/project/solution1/syn/verilog/vision_gemm_gmem_w_m_axi.v:1539]
INFO: [Synth 8-6155] done synthesizing module 'vision_gemm_gmem_w_m_axi_read' (0#1) [/home/zhiro/research/kv260-vlm-workers/RM02-B-hls-baseline/experiments/rm03_hls_mapping/reports/rm03_pe4x4_k16_noflat/project/solution1/syn/verilog/vision_gemm_gmem_w_m_axi.v:1355]
INFO: [Synth 8-6155] done synthesizing module 'vision_gemm_gmem_w_m_axi' (0#1) [/home/zhiro/research/kv260-vlm-workers/RM02-B-hls-baseline/experiments/rm03_hls_mapping/reports/rm03_pe4x4_k16_noflat/project/solution1/syn/verilog/vision_gemm_gmem_w_m_axi.v:12]
INFO: [Synth 8-6157] synthesizing module 'vision_gemm_gmem_x_m_axi' [/home/zhiro/research/kv260-vlm-workers/RM02-B-hls-baseline/experiments/rm03_hls_mapping/reports/rm03_pe4x4_k16_noflat/project/solution1/syn/verilog/vision_gemm_gmem_x_m_axi.v:12]
	Parameter CONSERVATIVE bound to: 1 - type: integer 
	Parameter MAX_READ_BURST_LENGTH bound to: 64 - type: integer 
	Parameter MAX_WRITE_BURST_LENGTH bound to: 16 - type: integer 
	Parameter C_M_AXI_ID_WIDTH bound to: 1 - type: integer 
	Parameter C_M_AXI_ADDR_WIDTH bound to: 64 - type: integer 
	Parameter C_M_AXI_DATA_WIDTH bound to: 256 - type: integer 
	Parameter C_M_AXI_AWUSER_WIDTH bound to: 1 - type: integer 
	Parameter C_M_AXI_ARUSER_WIDTH bound to: 1 - type: integer 
	Parameter C_M_AXI_WUSER_WIDTH bound to: 1 - type: integer 
	Parameter C_M_AXI_RUSER_WIDTH bound to: 1 - type: integer 
	Parameter C_M_AXI_BUSER_WIDTH bound to: 1 - type: integer 
	Parameter C_USER_VALUE bound to: 0 - type: integer 
	Parameter C_PROT_VALUE bound to: 0 - type: integer 
	Parameter C_CACHE_VALUE bound to: 3 - type: integer 
	Parameter NUM_READ_OUTSTANDING bound to: 16 - type: integer 
	Parameter NUM_WRITE_OUTSTANDING bound to: 0 - type: integer 
	Parameter USER_MAXREQS bound to: 7 - type: integer 
	Parameter CH0_USER_DW bound to: 256 - type: integer 
	Parameter CH0_USER_AW bound to: 64 - type: integer 
	Parameter CH0_USER_RFIFONUM_WIDTH bound to: 11 - type: integer 
INFO: [Synth 8-6157] synthesizing module 'vision_gemm_gmem_x_m_axi_load' [/home/zhiro/research/kv260-vlm-workers/RM02-B-hls-baseline/experiments/rm03_hls_mapping/reports/rm03_pe4x4_k16_noflat/project/solution1/syn/verilog/vision_gemm_gmem_x_m_axi.v:245]
	Parameter C_TARGET_ADDR bound to: 0 - type: integer 
	Parameter NUM_READ_OUTSTANDING bound to: 16 - type: integer 
	Parameter MAX_READ_BURST_LENGTH bound to: 64 - type: integer 
	Parameter BUS_ADDR_WIDTH bound to: 64 - type: integer 
	Parameter BUS_DATA_WIDTH bound to: 256 - type: integer 
	Parameter USER_DW bound to: 256 - type: integer 
	Parameter USER_AW bound to: 64 - type: integer 
	Parameter USER_MAXREQS bound to: 7 - type: integer 
	Parameter USER_RFIFONUM_WIDTH bound to: 11 - type: integer 
	Parameter BUFFER_IMPL bound to: block - type: string 
INFO: [Synth 8-6157] synthesizing module 'vision_gemm_gmem_x_m_axi_fifo' [/home/zhiro/research/kv260-vlm-workers/RM02-B-hls-baseline/experiments/rm03_hls_mapping/reports/rm03_pe4x4_k16_noflat/project/solution1/syn/verilog/vision_gemm_gmem_x_m_axi.v:2501]
	Parameter DATA_WIDTH bound to: 96 - type: integer 
	Parameter ADDR_WIDTH bound to: 3 - type: integer 
	Parameter DEPTH bound to: 7 - type: integer 
INFO: [Synth 8-6157] synthesizing module 'vision_gemm_gmem_x_m_axi_srl' [/home/zhiro/research/kv260-vlm-workers/RM02-B-hls-baseline/experiments/rm03_hls_mapping/reports/rm03_pe4x4_k16_noflat/project/solution1/syn/verilog/vision_gemm_gmem_x_m_axi.v:2679]
	Parameter DATA_WIDTH bound to: 96 - type: integer 
	Parameter ADDR_WIDTH bound to: 3 - type: integer 
	Parameter DEPTH bound to: 7 - type: integer 
INFO: [Synth 8-6155] done synthesizing module 'vision_gemm_gmem_x_m_axi_srl' (0#1) [/home/zhiro/research/kv260-vlm-workers/RM02-B-hls-baseline/experiments/rm03_hls_mapping/reports/rm03_pe4x4_k16_noflat/project/solution1/syn/verilog/vision_gemm_gmem_x_m_axi.v:2679]
INFO: [Synth 8-6155] done synthesizing module 'vision_gemm_gmem_x_m_axi_fifo' (0#1) [/home/zhiro/research/kv260-vlm-workers/RM02-B-hls-baseline/experiments/rm03_hls_mapping/reports/rm03_pe4x4_k16_noflat/project/solution1/syn/verilog/vision_gemm_gmem_x_m_axi.v:2501]
INFO: [Synth 8-6157] synthesizing module 'vision_gemm_gmem_x_m_axi_fifo__parameterized0' [/home/zhiro/research/kv260-vlm-workers/RM02-B-hls-baseline/experiments/rm03_hls_mapping/reports/rm03_pe4x4_k16_noflat/project/solution1/syn/verilog/vision_gemm_gmem_x_m_axi.v:2501]
	Parameter MEM_STYLE bound to: block - type: string 
	Parameter DATA_WIDTH bound to: 258 - type: integer 
	Parameter ADDR_WIDTH bound to: 10 - type: integer 
	Parameter DEPTH bound to: 1024 - type: integer 
INFO: [Synth 8-6157] synthesizing module 'vision_gemm_gmem_x_m_axi_mem' [/home/zhiro/research/kv260-vlm-workers/RM02-B-hls-baseline/experiments/rm03_hls_mapping/reports/rm03_pe4x4_k16_noflat/project/solution1/syn/verilog/vision_gemm_gmem_x_m_axi.v:2733]
	Parameter MEM_STYLE bound to: block - type: string 
	Parameter DATA_WIDTH bound to: 258 - type: integer 
	Parameter ADDR_WIDTH bound to: 10 - type: integer 
	Parameter DEPTH bound to: 1024 - type: integer 
INFO: [Synth 8-6155] done synthesizing module 'vision_gemm_gmem_x_m_axi_mem' (0#1) [/home/zhiro/research/kv260-vlm-workers/RM02-B-hls-baseline/experiments/rm03_hls_mapping/reports/rm03_pe4x4_k16_noflat/project/solution1/syn/verilog/vision_gemm_gmem_x_m_axi.v:2733]
INFO: [Synth 8-6155] done synthesizing module 'vision_gemm_gmem_x_m_axi_fifo__parameterized0' (0#1) [/home/zhiro/research/kv260-vlm-workers/RM02-B-hls-baseline/experiments/rm03_hls_mapping/reports/rm03_pe4x4_k16_noflat/project/solution1/syn/verilog/vision_gemm_gmem_x_m_axi.v:2501]
INFO: [Synth 8-6155] done synthesizing module 'vision_gemm_gmem_x_m_axi_load' (0#1) [/home/zhiro/research/kv260-vlm-workers/RM02-B-hls-baseline/experiments/rm03_hls_mapping/reports/rm03_pe4x4_k16_noflat/project/solution1/syn/verilog/vision_gemm_gmem_x_m_axi.v:245]
INFO: [Synth 8-6157] synthesizing module 'vision_gemm_gmem_x_m_axi_read' [/home/zhiro/research/kv260-vlm-workers/RM02-B-hls-baseline/experiments/rm03_hls_mapping/reports/rm03_pe4x4_k16_noflat/project/solution1/syn/verilog/vision_gemm_gmem_x_m_axi.v:1355]
	Parameter C_M_AXI_ID_WIDTH bound to: 1 - type: integer 
	Parameter C_M_AXI_ARUSER_WIDTH bound to: 1 - type: integer 
	Parameter C_M_AXI_RUSER_WIDTH bound to: 1 - type: integer 
	Parameter C_USER_VALUE bound to: 0 - type: integer 
	Parameter C_PROT_VALUE bound to: 0 - type: integer 
	Parameter C_CACHE_VALUE bound to: 3 - type: integer 
	Parameter BUS_ADDR_WIDTH bound to: 64 - type: integer 
	Parameter BUS_DATA_WIDTH bound to: 256 - type: integer 
	Parameter NUM_READ_OUTSTANDING bound to: 16 - type: integer 
	Parameter MAX_READ_BURST_LENGTH bound to: 64 - type: integer 
INFO: [Synth 8-6157] synthesizing module 'vision_gemm_gmem_x_m_axi_burst_converter' [/home/zhiro/research/kv260-vlm-workers/RM02-B-hls-baseline/experiments/rm03_hls_mapping/reports/rm03_pe4x4_k16_noflat/project/solution1/syn/verilog/vision_gemm_gmem_x_m_axi.v:1867]
	Parameter DATA_WIDTH bound to: 256 - type: integer 
	Parameter ADDR_WIDTH bound to: 64 - type: integer 
	Parameter MAX_BURST_LEN bound to: 64 - type: integer 
INFO: [Synth 8-6157] synthesizing module 'vision_gemm_gmem_x_m_axi_reg_slice' [/home/zhiro/research/kv260-vlm-workers/RM02-B-hls-baseline/experiments/rm03_hls_mapping/reports/rm03_pe4x4_k16_noflat/project/solution1/syn/verilog/vision_gemm_gmem_x_m_axi.v:2399]
	Parameter DATA_WIDTH bound to: 96 - type: integer 
INFO: [Synth 8-6155] done synthesizing module 'vision_gemm_gmem_x_m_axi_reg_slice' (0#1) [/home/zhiro/research/kv260-vlm-workers/RM02-B-hls-baseline/experiments/rm03_hls_mapping/reports/rm03_pe4x4_k16_noflat/project/solution1/syn/verilog/vision_gemm_gmem_x_m_axi.v:2399]
INFO: [Synth 8-6155] done synthesizing module 'vision_gemm_gmem_x_m_axi_burst_converter' (0#1) [/home/zhiro/research/kv260-vlm-workers/RM02-B-hls-baseline/experiments/rm03_hls_mapping/reports/rm03_pe4x4_k16_noflat/project/solution1/syn/verilog/vision_gemm_gmem_x_m_axi.v:1867]
INFO: [Synth 8-6157] synthesizing module 'vision_gemm_gmem_x_m_axi_reg_slice__parameterized0' [/home/zhiro/research/kv260-vlm-workers/RM02-B-hls-baseline/experiments/rm03_hls_mapping/reports/rm03_pe4x4_k16_noflat/project/solution1/syn/verilog/vision_gemm_gmem_x_m_axi.v:2399]
	Parameter DATA_WIDTH bound to: 257 - type: integer 
INFO: [Synth 8-6155] done synthesizing module 'vision_gemm_gmem_x_m_axi_reg_slice__parameterized0' (0#1) [/home/zhiro/research/kv260-vlm-workers/RM02-B-hls-baseline/experiments/rm03_hls_mapping/reports/rm03_pe4x4_k16_noflat/project/solution1/syn/verilog/vision_gemm_gmem_x_m_axi.v:2399]
INFO: [Synth 8-6157] synthesizing module 'vision_gemm_gmem_x_m_axi_fifo__parameterized1' [/home/zhiro/research/kv260-vlm-workers/RM02-B-hls-baseline/experiments/rm03_hls_mapping/reports/rm03_pe4x4_k16_noflat/project/solution1/syn/verilog/vision_gemm_gmem_x_m_axi.v:2501]
	Parameter DATA_WIDTH bound to: 1 - type: integer 
	Parameter ADDR_WIDTH bound to: 4 - type: integer 
	Parameter DEPTH bound to: 16 - type: integer 
INFO: [Synth 8-6157] synthesizing module 'vision_gemm_gmem_x_m_axi_srl__parameterized0' [/home/zhiro/research/kv260-vlm-workers/RM02-B-hls-baseline/experiments/rm03_hls_mapping/reports/rm03_pe4x4_k16_noflat/project/solution1/syn/verilog/vision_gemm_gmem_x_m_axi.v:2679]
	Parameter DATA_WIDTH bound to: 1 - type: integer 
	Parameter ADDR_WIDTH bound to: 4 - type: integer 
	Parameter DEPTH bound to: 16 - type: integer 
INFO: [Synth 8-6155] done synthesizing module 'vision_gemm_gmem_x_m_axi_srl__parameterized0' (0#1) [/home/zhiro/research/kv260-vlm-workers/RM02-B-hls-baseline/experiments/rm03_hls_mapping/reports/rm03_pe4x4_k16_noflat/project/solution1/syn/verilog/vision_gemm_gmem_x_m_axi.v:2679]
INFO: [Synth 8-6155] done synthesizing module 'vision_gemm_gmem_x_m_axi_fifo__parameterized1' (0#1) [/home/zhiro/research/kv260-vlm-workers/RM02-B-hls-baseline/experiments/rm03_hls_mapping/reports/rm03_pe4x4_k16_noflat/project/solution1/syn/verilog/vision_gemm_gmem_x_m_axi.v:2501]
WARNING: [Synth 8-589] replacing case/wildcard equality operator === with logical equality operator == [/home/zhiro/research/kv260-vlm-workers/RM02-B-hls-baseline/experiments/rm03_hls_mapping/reports/rm03_pe4x4_k16_noflat/project/solution1/syn/verilog/vision_gemm_gmem_x_m_axi.v:1539]
INFO: [Synth 8-6155] done synthesizing module 'vision_gemm_gmem_x_m_axi_read' (0#1) [/home/zhiro/research/kv260-vlm-workers/RM02-B-hls-baseline/experiments/rm03_hls_mapping/reports/rm03_pe4x4_k16_noflat/project/solution1/syn/verilog/vision_gemm_gmem_x_m_axi.v:1355]
INFO: [Synth 8-6155] done synthesizing module 'vision_gemm_gmem_x_m_axi' (0#1) [/home/zhiro/research/kv260-vlm-workers/RM02-B-hls-baseline/experiments/rm03_hls_mapping/reports/rm03_pe4x4_k16_noflat/project/solution1/syn/verilog/vision_gemm_gmem_x_m_axi.v:12]
INFO: [Synth 8-6157] synthesizing module 'vision_gemm_gmem_y_m_axi' [/home/zhiro/research/kv260-vlm-workers/RM02-B-hls-baseline/experiments/rm03_hls_mapping/reports/rm03_pe4x4_k16_noflat/project/solution1/syn/verilog/vision_gemm_gmem_y_m_axi.v:12]
	Parameter CONSERVATIVE bound to: 1 - type: integer 
	Parameter MAX_READ_BURST_LENGTH bound to: 16 - type: integer 
	Parameter MAX_WRITE_BURST_LENGTH bound to: 64 - type: integer 
	Parameter C_M_AXI_ID_WIDTH bound to: 1 - type: integer 
	Parameter C_M_AXI_ADDR_WIDTH bound to: 64 - type: integer 
	Parameter C_M_AXI_DATA_WIDTH bound to: 256 - type: integer 
	Parameter C_M_AXI_AWUSER_WIDTH bound to: 1 - type: integer 
	Parameter C_M_AXI_ARUSER_WIDTH bound to: 1 - type: integer 
	Parameter C_M_AXI_WUSER_WIDTH bound to: 1 - type: integer 
	Parameter C_M_AXI_RUSER_WIDTH bound to: 1 - type: integer 
	Parameter C_M_AXI_BUSER_WIDTH bound to: 1 - type: integer 
	Parameter C_USER_VALUE bound to: 0 - type: integer 
	Parameter C_PROT_VALUE bound to: 0 - type: integer 
	Parameter C_CACHE_VALUE bound to: 3 - type: integer 
	Parameter NUM_READ_OUTSTANDING bound to: 0 - type: integer 
	Parameter NUM_WRITE_OUTSTANDING bound to: 16 - type: integer 
	Parameter USER_MAXREQS bound to: 4 - type: integer 
	Parameter CH0_USER_DW bound to: 256 - type: integer 
	Parameter CH0_USER_AW bound to: 64 - type: integer 
	Parameter CH0_USER_RFIFONUM_WIDTH bound to: 9 - type: integer 
INFO: [Synth 8-6157] synthesizing module 'vision_gemm_gmem_y_m_axi_store' [/home/zhiro/research/kv260-vlm-workers/RM02-B-hls-baseline/experiments/rm03_hls_mapping/reports/rm03_pe4x4_k16_noflat/project/solution1/syn/verilog/vision_gemm_gmem_y_m_axi.v:743]
	Parameter C_TARGET_ADDR bound to: 0 - type: integer 
	Parameter NUM_WRITE_OUTSTANDING bound to: 16 - type: integer 
	Parameter MAX_WRITE_BURST_LENGTH bound to: 64 - type: integer 
	Parameter BUS_ADDR_WIDTH bound to: 64 - type: integer 
	Parameter BUS_DATA_WIDTH bound to: 256 - type: integer 
	Parameter USER_DW bound to: 256 - type: integer 
	Parameter USER_AW bound to: 64 - type: integer 
	Parameter USER_MAXREQS bound to: 4 - type: integer 
	Parameter BUFFER_IMPL bound to: block - type: string 
INFO: [Synth 8-6157] synthesizing module 'vision_gemm_gmem_y_m_axi_fifo' [/home/zhiro/research/kv260-vlm-workers/RM02-B-hls-baseline/experiments/rm03_hls_mapping/reports/rm03_pe4x4_k16_noflat/project/solution1/syn/verilog/vision_gemm_gmem_y_m_axi.v:2507]
	Parameter DATA_WIDTH bound to: 96 - type: integer 
	Parameter ADDR_WIDTH bound to: 2 - type: integer 
	Parameter DEPTH bound to: 4 - type: integer 
INFO: [Synth 8-6157] synthesizing module 'vision_gemm_gmem_y_m_axi_srl' [/home/zhiro/research/kv260-vlm-workers/RM02-B-hls-baseline/experiments/rm03_hls_mapping/reports/rm03_pe4x4_k16_noflat/project/solution1/syn/verilog/vision_gemm_gmem_y_m_axi.v:2685]
	Parameter DATA_WIDTH bound to: 96 - type: integer 
	Parameter ADDR_WIDTH bound to: 2 - type: integer 
	Parameter DEPTH bound to: 4 - type: integer 
INFO: [Synth 8-6155] done synthesizing module 'vision_gemm_gmem_y_m_axi_srl' (0#1) [/home/zhiro/research/kv260-vlm-workers/RM02-B-hls-baseline/experiments/rm03_hls_mapping/reports/rm03_pe4x4_k16_noflat/project/solution1/syn/verilog/vision_gemm_gmem_y_m_axi.v:2685]
INFO: [Synth 8-6155] done synthesizing module 'vision_gemm_gmem_y_m_axi_fifo' (0#1) [/home/zhiro/research/kv260-vlm-workers/RM02-B-hls-baseline/experiments/rm03_hls_mapping/reports/rm03_pe4x4_k16_noflat/project/solution1/syn/verilog/vision_gemm_gmem_y_m_axi.v:2507]
INFO: [Synth 8-6157] synthesizing module 'vision_gemm_gmem_y_m_axi_fifo__parameterized0' [/home/zhiro/research/kv260-vlm-workers/RM02-B-hls-baseline/experiments/rm03_hls_mapping/reports/rm03_pe4x4_k16_noflat/project/solution1/syn/verilog/vision_gemm_gmem_y_m_axi.v:2507]
	Parameter MEM_STYLE bound to: block - type: string 
	Parameter DATA_WIDTH bound to: 288 - type: integer 
	Parameter ADDR_WIDTH bound to: 6 - type: integer 
	Parameter DEPTH bound to: 64 - type: integer 
INFO: [Synth 8-6157] synthesizing module 'vision_gemm_gmem_y_m_axi_mem' [/home/zhiro/research/kv260-vlm-workers/RM02-B-hls-baseline/experiments/rm03_hls_mapping/reports/rm03_pe4x4_k16_noflat/project/solution1/syn/verilog/vision_gemm_gmem_y_m_axi.v:2739]
	Parameter MEM_STYLE bound to: block - type: string 
	Parameter DATA_WIDTH bound to: 288 - type: integer 
	Parameter ADDR_WIDTH bound to: 6 - type: integer 
	Parameter DEPTH bound to: 64 - type: integer 
INFO: [Synth 8-6155] done synthesizing module 'vision_gemm_gmem_y_m_axi_mem' (0#1) [/home/zhiro/research/kv260-vlm-workers/RM02-B-hls-baseline/experiments/rm03_hls_mapping/reports/rm03_pe4x4_k16_noflat/project/solution1/syn/verilog/vision_gemm_gmem_y_m_axi.v:2739]
INFO: [Synth 8-6155] done synthesizing module 'vision_gemm_gmem_y_m_axi_fifo__parameterized0' (0#1) [/home/zhiro/research/kv260-vlm-workers/RM02-B-hls-baseline/experiments/rm03_hls_mapping/reports/rm03_pe4x4_k16_noflat/project/solution1/syn/verilog/vision_gemm_gmem_y_m_axi.v:2507]
INFO: [Synth 8-6157] synthesizing module 'vision_gemm_gmem_y_m_axi_fifo__parameterized1' [/home/zhiro/research/kv260-vlm-workers/RM02-B-hls-baseline/experiments/rm03_hls_mapping/reports/rm03_pe4x4_k16_noflat/project/solution1/syn/verilog/vision_gemm_gmem_y_m_axi.v:2507]
	Parameter DATA_WIDTH bound to: 1 - type: integer 
	Parameter ADDR_WIDTH bound to: 4 - type: integer 
	Parameter DEPTH bound to: 16 - type: integer 
INFO: [Synth 8-6157] synthesizing module 'vision_gemm_gmem_y_m_axi_srl__parameterized0' [/home/zhiro/research/kv260-vlm-workers/RM02-B-hls-baseline/experiments/rm03_hls_mapping/reports/rm03_pe4x4_k16_noflat/project/solution1/syn/verilog/vision_gemm_gmem_y_m_axi.v:2685]
	Parameter DATA_WIDTH bound to: 1 - type: integer 
	Parameter ADDR_WIDTH bound to: 4 - type: integer 
	Parameter DEPTH bound to: 16 - type: integer 
INFO: [Synth 8-6155] done synthesizing module 'vision_gemm_gmem_y_m_axi_srl__parameterized0' (0#1) [/home/zhiro/research/kv260-vlm-workers/RM02-B-hls-baseline/experiments/rm03_hls_mapping/reports/rm03_pe4x4_k16_noflat/project/solution1/syn/verilog/vision_gemm_gmem_y_m_axi.v:2685]
INFO: [Synth 8-6155] done synthesizing module 'vision_gemm_gmem_y_m_axi_fifo__parameterized1' (0#1) [/home/zhiro/research/kv260-vlm-workers/RM02-B-hls-baseline/experiments/rm03_hls_mapping/reports/rm03_pe4x4_k16_noflat/project/solution1/syn/verilog/vision_gemm_gmem_y_m_axi.v:2507]
INFO: [Synth 8-6157] synthesizing module 'vision_gemm_gmem_y_m_axi_fifo__parameterized2' [/home/zhiro/research/kv260-vlm-workers/RM02-B-hls-baseline/experiments/rm03_hls_mapping/reports/rm03_pe4x4_k16_noflat/project/solution1/syn/verilog/vision_gemm_gmem_y_m_axi.v:2507]
	Parameter DATA_WIDTH bound to: 1 - type: integer 
	Parameter ADDR_WIDTH bound to: 2 - type: integer 
	Parameter DEPTH bound to: 4 - type: integer 
INFO: [Synth 8-6157] synthesizing module 'vision_gemm_gmem_y_m_axi_srl__parameterized1' [/home/zhiro/research/kv260-vlm-workers/RM02-B-hls-baseline/experiments/rm03_hls_mapping/reports/rm03_pe4x4_k16_noflat/project/solution1/syn/verilog/vision_gemm_gmem_y_m_axi.v:2685]
	Parameter DATA_WIDTH bound to: 1 - type: integer 
	Parameter ADDR_WIDTH bound to: 2 - type: integer 
	Parameter DEPTH bound to: 4 - type: integer 
INFO: [Synth 8-6155] done synthesizing module 'vision_gemm_gmem_y_m_axi_srl__parameterized1' (0#1) [/home/zhiro/research/kv260-vlm-workers/RM02-B-hls-baseline/experiments/rm03_hls_mapping/reports/rm03_pe4x4_k16_noflat/project/solution1/syn/verilog/vision_gemm_gmem_y_m_axi.v:2685]
INFO: [Synth 8-6155] done synthesizing module 'vision_gemm_gmem_y_m_axi_fifo__parameterized2' (0#1) [/home/zhiro/research/kv260-vlm-workers/RM02-B-hls-baseline/experiments/rm03_hls_mapping/reports/rm03_pe4x4_k16_noflat/project/solution1/syn/verilog/vision_gemm_gmem_y_m_axi.v:2507]
INFO: [Synth 8-6155] done synthesizing module 'vision_gemm_gmem_y_m_axi_store' (0#1) [/home/zhiro/research/kv260-vlm-workers/RM02-B-hls-baseline/experiments/rm03_hls_mapping/reports/rm03_pe4x4_k16_noflat/project/solution1/syn/verilog/vision_gemm_gmem_y_m_axi.v:743]
INFO: [Synth 8-6157] synthesizing module 'vision_gemm_gmem_y_m_axi_write' [/home/zhiro/research/kv260-vlm-workers/RM02-B-hls-baseline/experiments/rm03_hls_mapping/reports/rm03_pe4x4_k16_noflat/project/solution1/syn/verilog/vision_gemm_gmem_y_m_axi.v:1553]
	Parameter CONSERVATIVE bound to: 1 - type: integer 
	Parameter C_M_AXI_ID_WIDTH bound to: 1 - type: integer 
	Parameter C_M_AXI_AWUSER_WIDTH bound to: 1 - type: integer 
	Parameter C_M_AXI_WUSER_WIDTH bound to: 1 - type: integer 
	Parameter C_M_AXI_BUSER_WIDTH bound to: 1 - type: integer 
	Parameter C_USER_VALUE bound to: 0 - type: integer 
	Parameter C_PROT_VALUE bound to: 0 - type: integer 
	Parameter C_CACHE_VALUE bound to: 3 - type: integer 
	Parameter BUS_ADDR_WIDTH bound to: 64 - type: integer 
	Parameter BUS_DATA_WIDTH bound to: 256 - type: integer 
	Parameter NUM_WRITE_OUTSTANDING bound to: 16 - type: integer 
	Parameter MAX_WRITE_BURST_LENGTH bound to: 64 - type: integer 
INFO: [Synth 8-6157] synthesizing module 'vision_gemm_gmem_y_m_axi_burst_converter' [/home/zhiro/research/kv260-vlm-workers/RM02-B-hls-baseline/experiments/rm03_hls_mapping/reports/rm03_pe4x4_k16_noflat/project/solution1/syn/verilog/vision_gemm_gmem_y_m_axi.v:1873]
	Parameter DATA_WIDTH bound to: 256 - type: integer 
	Parameter ADDR_WIDTH bound to: 64 - type: integer 
	Parameter MAX_BURST_LEN bound to: 64 - type: integer 
INFO: [Synth 8-6157] synthesizing module 'vision_gemm_gmem_y_m_axi_reg_slice' [/home/zhiro/research/kv260-vlm-workers/RM02-B-hls-baseline/experiments/rm03_hls_mapping/reports/rm03_pe4x4_k16_noflat/project/solution1/syn/verilog/vision_gemm_gmem_y_m_axi.v:2405]
	Parameter DATA_WIDTH bound to: 96 - type: integer 
INFO: [Synth 8-6155] done synthesizing module 'vision_gemm_gmem_y_m_axi_reg_slice' (0#1) [/home/zhiro/research/kv260-vlm-workers/RM02-B-hls-baseline/experiments/rm03_hls_mapping/reports/rm03_pe4x4_k16_noflat/project/solution1/syn/verilog/vision_gemm_gmem_y_m_axi.v:2405]
INFO: [Synth 8-6155] done synthesizing module 'vision_gemm_gmem_y_m_axi_burst_converter' (0#1) [/home/zhiro/research/kv260-vlm-workers/RM02-B-hls-baseline/experiments/rm03_hls_mapping/reports/rm03_pe4x4_k16_noflat/project/solution1/syn/verilog/vision_gemm_gmem_y_m_axi.v:1873]
INFO: [Synth 8-6157] synthesizing module 'vision_gemm_gmem_y_m_axi_fifo__parameterized3' [/home/zhiro/research/kv260-vlm-workers/RM02-B-hls-baseline/experiments/rm03_hls_mapping/reports/rm03_pe4x4_k16_noflat/project/solution1/syn/verilog/vision_gemm_gmem_y_m_axi.v:2507]
	Parameter DATA_WIDTH bound to: 8 - type: integer 
	Parameter ADDR_WIDTH bound to: 4 - type: integer 
	Parameter DEPTH bound to: 16 - type: integer 
INFO: [Synth 8-6157] synthesizing module 'vision_gemm_gmem_y_m_axi_srl__parameterized2' [/home/zhiro/research/kv260-vlm-workers/RM02-B-hls-baseline/experiments/rm03_hls_mapping/reports/rm03_pe4x4_k16_noflat/project/solution1/syn/verilog/vision_gemm_gmem_y_m_axi.v:2685]
	Parameter DATA_WIDTH bound to: 8 - type: integer 
	Parameter ADDR_WIDTH bound to: 4 - type: integer 
	Parameter DEPTH bound to: 16 - type: integer 
INFO: [Synth 8-6155] done synthesizing module 'vision_gemm_gmem_y_m_axi_srl__parameterized2' (0#1) [/home/zhiro/research/kv260-vlm-workers/RM02-B-hls-baseline/experiments/rm03_hls_mapping/reports/rm03_pe4x4_k16_noflat/project/solution1/syn/verilog/vision_gemm_gmem_y_m_axi.v:2685]
INFO: [Synth 8-6155] done synthesizing module 'vision_gemm_gmem_y_m_axi_fifo__parameterized3' (0#1) [/home/zhiro/research/kv260-vlm-workers/RM02-B-hls-baseline/experiments/rm03_hls_mapping/reports/rm03_pe4x4_k16_noflat/project/solution1/syn/verilog/vision_gemm_gmem_y_m_axi.v:2507]
INFO: [Synth 8-6157] synthesizing module 'vision_gemm_gmem_y_m_axi_throttle' [/home/zhiro/research/kv260-vlm-workers/RM02-B-hls-baseline/experiments/rm03_hls_mapping/reports/rm03_pe4x4_k16_noflat/project/solution1/syn/verilog/vision_gemm_gmem_y_m_axi.v:2179]
	Parameter CONSERVATIVE bound to: 1 - type: integer 
	Parameter USED_FIX bound to: 0 - type: integer 
	Parameter ADDR_WIDTH bound to: 64 - type: integer 
	Parameter DATA_WIDTH bound to: 256 - type: integer 
	Parameter DEPTH bound to: 64 - type: integer 
	Parameter MAXREQS bound to: 16 - type: integer 
	Parameter AVERAGE_MODE bound to: 0 - type: integer 
INFO: [Synth 8-6157] synthesizing module 'vision_gemm_gmem_y_m_axi_reg_slice__parameterized0' [/home/zhiro/research/kv260-vlm-workers/RM02-B-hls-baseline/experiments/rm03_hls_mapping/reports/rm03_pe4x4_k16_noflat/project/solution1/syn/verilog/vision_gemm_gmem_y_m_axi.v:2405]
	Parameter DATA_WIDTH bound to: 72 - type: integer 
INFO: [Synth 8-6155] done synthesizing module 'vision_gemm_gmem_y_m_axi_reg_slice__parameterized0' (0#1) [/home/zhiro/research/kv260-vlm-workers/RM02-B-hls-baseline/experiments/rm03_hls_mapping/reports/rm03_pe4x4_k16_noflat/project/solution1/syn/verilog/vision_gemm_gmem_y_m_axi.v:2405]
INFO: [Synth 8-6157] synthesizing module 'vision_gemm_gmem_y_m_axi_fifo__parameterized4' [/home/zhiro/research/kv260-vlm-workers/RM02-B-hls-baseline/experiments/rm03_hls_mapping/reports/rm03_pe4x4_k16_noflat/project/solution1/syn/verilog/vision_gemm_gmem_y_m_axi.v:2507]
	Parameter DATA_WIDTH bound to: 72 - type: integer 
	Parameter ADDR_WIDTH bound to: 4 - type: integer 
	Parameter DEPTH bound to: 16 - type: integer 
INFO: [Synth 8-6157] synthesizing module 'vision_gemm_gmem_y_m_axi_srl__parameterized3' [/home/zhiro/research/kv260-vlm-workers/RM02-B-hls-baseline/experiments/rm03_hls_mapping/reports/rm03_pe4x4_k16_noflat/project/solution1/syn/verilog/vision_gemm_gmem_y_m_axi.v:2685]
	Parameter DATA_WIDTH bound to: 72 - type: integer 
	Parameter ADDR_WIDTH bound to: 4 - type: integer 
	Parameter DEPTH bound to: 16 - type: integer 
INFO: [Synth 8-6155] done synthesizing module 'vision_gemm_gmem_y_m_axi_srl__parameterized3' (0#1) [/home/zhiro/research/kv260-vlm-workers/RM02-B-hls-baseline/experiments/rm03_hls_mapping/reports/rm03_pe4x4_k16_noflat/project/solution1/syn/verilog/vision_gemm_gmem_y_m_axi.v:2685]
INFO: [Synth 8-6155] done synthesizing module 'vision_gemm_gmem_y_m_axi_fifo__parameterized4' (0#1) [/home/zhiro/research/kv260-vlm-workers/RM02-B-hls-baseline/experiments/rm03_hls_mapping/reports/rm03_pe4x4_k16_noflat/project/solution1/syn/verilog/vision_gemm_gmem_y_m_axi.v:2507]
INFO: [Synth 8-6157] synthesizing module 'vision_gemm_gmem_y_m_axi_fifo__parameterized5' [/home/zhiro/research/kv260-vlm-workers/RM02-B-hls-baseline/experiments/rm03_hls_mapping/reports/rm03_pe4x4_k16_noflat/project/solution1/syn/verilog/vision_gemm_gmem_y_m_axi.v:2507]
	Parameter DATA_WIDTH bound to: 289 - type: integer 
	Parameter ADDR_WIDTH bound to: 6 - type: integer 
	Parameter DEPTH bound to: 64 - type: integer 
INFO: [Synth 8-6157] synthesizing module 'vision_gemm_gmem_y_m_axi_srl__parameterized4' [/home/zhiro/research/kv260-vlm-workers/RM02-B-hls-baseline/experiments/rm03_hls_mapping/reports/rm03_pe4x4_k16_noflat/project/solution1/syn/verilog/vision_gemm_gmem_y_m_axi.v:2685]
	Parameter DATA_WIDTH bound to: 289 - type: integer 
	Parameter ADDR_WIDTH bound to: 6 - type: integer 
	Parameter DEPTH bound to: 64 - type: integer 
INFO: [Synth 8-6155] done synthesizing module 'vision_gemm_gmem_y_m_axi_srl__parameterized4' (0#1) [/home/zhiro/research/kv260-vlm-workers/RM02-B-hls-baseline/experiments/rm03_hls_mapping/reports/rm03_pe4x4_k16_noflat/project/solution1/syn/verilog/vision_gemm_gmem_y_m_axi.v:2685]
INFO: [Synth 8-6155] done synthesizing module 'vision_gemm_gmem_y_m_axi_fifo__parameterized5' (0#1) [/home/zhiro/research/kv260-vlm-workers/RM02-B-hls-baseline/experiments/rm03_hls_mapping/reports/rm03_pe4x4_k16_noflat/project/solution1/syn/verilog/vision_gemm_gmem_y_m_axi.v:2507]
INFO: [Synth 8-6155] done synthesizing module 'vision_gemm_gmem_y_m_axi_throttle' (0#1) [/home/zhiro/research/kv260-vlm-workers/RM02-B-hls-baseline/experiments/rm03_hls_mapping/reports/rm03_pe4x4_k16_noflat/project/solution1/syn/verilog/vision_gemm_gmem_y_m_axi.v:2179]
INFO: [Synth 8-6157] synthesizing module 'vision_gemm_gmem_y_m_axi_reg_slice__parameterized1' [/home/zhiro/research/kv260-vlm-workers/RM02-B-hls-baseline/experiments/rm03_hls_mapping/reports/rm03_pe4x4_k16_noflat/project/solution1/syn/verilog/vision_gemm_gmem_y_m_axi.v:2405]
	Parameter DATA_WIDTH bound to: 1 - type: integer 
INFO: [Synth 8-6155] done synthesizing module 'vision_gemm_gmem_y_m_axi_reg_slice__parameterized1' (0#1) [/home/zhiro/research/kv260-vlm-workers/RM02-B-hls-baseline/experiments/rm03_hls_mapping/reports/rm03_pe4x4_k16_noflat/project/solution1/syn/verilog/vision_gemm_gmem_y_m_axi.v:2405]
WARNING: [Synth 8-589] replacing case/wildcard equality operator === with logical equality operator == [/home/zhiro/research/kv260-vlm-workers/RM02-B-hls-baseline/experiments/rm03_hls_mapping/reports/rm03_pe4x4_k16_noflat/project/solution1/syn/verilog/vision_gemm_gmem_y_m_axi.v:1864]
WARNING: [Synth 8-589] replacing case/wildcard equality operator === with logical equality operator == [/home/zhiro/research/kv260-vlm-workers/RM02-B-hls-baseline/experiments/rm03_hls_mapping/reports/rm03_pe4x4_k16_noflat/project/solution1/syn/verilog/vision_gemm_gmem_y_m_axi.v:1867]
INFO: [Synth 8-6155] done synthesizing module 'vision_gemm_gmem_y_m_axi_write' (0#1) [/home/zhiro/research/kv260-vlm-workers/RM02-B-hls-baseline/experiments/rm03_hls_mapping/reports/rm03_pe4x4_k16_noflat/project/solution1/syn/verilog/vision_gemm_gmem_y_m_axi.v:1553]
INFO: [Synth 8-6155] done synthesizing module 'vision_gemm_gmem_y_m_axi' (0#1) [/home/zhiro/research/kv260-vlm-workers/RM02-B-hls-baseline/experiments/rm03_hls_mapping/reports/rm03_pe4x4_k16_noflat/project/solution1/syn/verilog/vision_gemm_gmem_y_m_axi.v:12]
INFO: [Synth 8-6157] synthesizing module 'vision_gemm_fadd_32ns_32ns_32_8_full_dsp_1' [/home/zhiro/research/kv260-vlm-workers/RM02-B-hls-baseline/experiments/rm03_hls_mapping/reports/rm03_pe4x4_k16_noflat/project/solution1/syn/verilog/vision_gemm_fadd_32ns_32ns_32_8_full_dsp_1.v:9]
	Parameter ID bound to: 1 - type: integer 
	Parameter NUM_STAGE bound to: 8 - type: integer 
	Parameter din0_WIDTH bound to: 32 - type: integer 
	Parameter din1_WIDTH bound to: 32 - type: integer 
	Parameter dout_WIDTH bound to: 32 - type: integer 
INFO: [Synth 8-6157] synthesizing module 'vision_gemm_fadd_32ns_32ns_32_8_full_dsp_1_ip' [/home/zhiro/research/kv260-vlm-workers/RM02-B-hls-baseline/experiments/rm03_hls_mapping/reports/vivado_rm03_k16/project/rm03_feasibility.gen/sources_1/ip/vision_gemm_fadd_32ns_32ns_32_8_full_dsp_1_ip/synth/vision_gemm_fadd_32ns_32ns_32_8_full_dsp_1_ip.v:53]
INFO: [Synth 8-6155] done synthesizing module 'vision_gemm_fadd_32ns_32ns_32_8_full_dsp_1_ip' (0#1) [/home/zhiro/research/kv260-vlm-workers/RM02-B-hls-baseline/experiments/rm03_hls_mapping/reports/vivado_rm03_k16/project/rm03_feasibility.gen/sources_1/ip/vision_gemm_fadd_32ns_32ns_32_8_full_dsp_1_ip/synth/vision_gemm_fadd_32ns_32ns_32_8_full_dsp_1_ip.v:53]
INFO: [Synth 8-6155] done synthesizing module 'vision_gemm_fadd_32ns_32ns_32_8_full_dsp_1' (0#1) [/home/zhiro/research/kv260-vlm-workers/RM02-B-hls-baseline/experiments/rm03_hls_mapping/reports/rm03_pe4x4_k16_noflat/project/solution1/syn/verilog/vision_gemm_fadd_32ns_32ns_32_8_full_dsp_1.v:9]
INFO: [Synth 8-6157] synthesizing module 'vision_gemm_mul_2ns_11ns_11_1_1' [/home/zhiro/research/kv260-vlm-workers/RM02-B-hls-baseline/experiments/rm03_hls_mapping/reports/rm03_pe4x4_k16_noflat/project/solution1/syn/verilog/vision_gemm_mul_2ns_11ns_11_1_1.v:5]
	Parameter ID bound to: 1 - type: integer 
	Parameter NUM_STAGE bound to: 1 - type: integer 
	Parameter din0_WIDTH bound to: 2 - type: integer 
	Parameter din1_WIDTH bound to: 11 - type: integer 
	Parameter dout_WIDTH bound to: 11 - type: integer 
INFO: [Synth 8-6155] done synthesizing module 'vision_gemm_mul_2ns_11ns_11_1_1' (0#1) [/home/zhiro/research/kv260-vlm-workers/RM02-B-hls-baseline/experiments/rm03_hls_mapping/reports/rm03_pe4x4_k16_noflat/project/solution1/syn/verilog/vision_gemm_mul_2ns_11ns_11_1_1.v:5]
INFO: [Synth 8-6157] synthesizing module 'vision_gemm_mul_3ns_11ns_12_1_1' [/home/zhiro/research/kv260-vlm-workers/RM02-B-hls-baseline/experiments/rm03_hls_mapping/reports/rm03_pe4x4_k16_noflat/project/solution1/syn/verilog/vision_gemm_mul_3ns_11ns_12_1_1.v:5]
	Parameter ID bound to: 1 - type: integer 
	Parameter NUM_STAGE bound to: 1 - type: integer 
	Parameter din0_WIDTH bound to: 3 - type: integer 
	Parameter din1_WIDTH bound to: 11 - type: integer 
	Parameter dout_WIDTH bound to: 12 - type: integer 
INFO: [Synth 8-6155] done synthesizing module 'vision_gemm_mul_3ns_11ns_12_1_1' (0#1) [/home/zhiro/research/kv260-vlm-workers/RM02-B-hls-baseline/experiments/rm03_hls_mapping/reports/rm03_pe4x4_k16_noflat/project/solution1/syn/verilog/vision_gemm_mul_3ns_11ns_12_1_1.v:5]
INFO: [Synth 8-6155] done synthesizing module 'vision_gemm' (0#1) [/home/zhiro/research/kv260-vlm-workers/RM02-B-hls-baseline/experiments/rm03_hls_mapping/reports/rm03_pe4x4_k16_noflat/project/solution1/syn/verilog/vision_gemm.v:9]
INFO: [Synth 8-4490] FSM extraction disabled for register 'ap_CS_fsm_reg' through user attribute
WARNING: [Synth 8-6014] Unused sequential element int_ap_done_reg was removed.  [/home/zhiro/research/kv260-vlm-workers/RM02-B-hls-baseline/experiments/rm03_hls_mapping/reports/rm03_pe4x4_k16_noflat/project/solution1/syn/verilog/vision_gemm_control_s_axi.v:305]
INFO: [Synth 8-4490] FSM extraction disabled for register 'ap_CS_fsm_reg' through user attribute
WARNING: [Synth 8-7129] Port CLK in module xbip_pipe_v3_0_10_viv__parameterized3 is either unconnected or has no load
WARNING: [Synth 8-7129] Port CE in module xbip_pipe_v3_0_10_viv__parameterized3 is either unconnected or has no load
WARNING: [Synth 8-7129] Port SCLR in module xbip_pipe_v3_0_10_viv__parameterized3 is either unconnected or has no load
WARNING: [Synth 8-7129] Port SSET in module xbip_pipe_v3_0_10_viv__parameterized3 is either unconnected or has no load
WARNING: [Synth 8-7129] Port SINIT in module xbip_pipe_v3_0_10_viv__parameterized3 is either unconnected or has no load
WARNING: [Synth 8-7129] Port CLK in module xbip_pipe_v3_0_10_viv__parameterized69 is either unconnected or has no load
WARNING: [Synth 8-7129] Port CE in module xbip_pipe_v3_0_10_viv__parameterized69 is either unconnected or has no load
WARNING: [Synth 8-7129] Port SCLR in module xbip_pipe_v3_0_10_viv__parameterized69 is either unconnected or has no load
WARNING: [Synth 8-7129] Port SSET in module xbip_pipe_v3_0_10_viv__parameterized69 is either unconnected or has no load
WARNING: [Synth 8-7129] Port SINIT in module xbip_pipe_v3_0_10_viv__parameterized69 is either unconnected or has no load
WARNING: [Synth 8-7129] Port SCLR in module xbip_pipe_v3_0_10_viv__parameterized5 is either unconnected or has no load
WARNING: [Synth 8-7129] Port SSET in module xbip_pipe_v3_0_10_viv__parameterized5 is either unconnected or has no load
WARNING: [Synth 8-7129] Port SINIT in module xbip_pipe_v3_0_10_viv__parameterized5 is either unconnected or has no load
WARNING: [Synth 8-7129] Port DEC_OP_STATE[11] in module flt_dec_op__parameterized0 is either unconnected or has no load
WARNING: [Synth 8-7129] Port DEC_OP_STATE[10] in module flt_dec_op__parameterized0 is either unconnected or has no load
WARNING: [Synth 8-7129] Port DEC_OP_STATE[9] in module flt_dec_op__parameterized0 is either unconnected or has no load
WARNING: [Synth 8-7129] Port DEC_OP_STATE[8] in module flt_dec_op__parameterized0 is either unconnected or has no load
WARNING: [Synth 8-7129] Port DIVIDE_BY_ZERO_IN in module flt_dec_op__parameterized0 is either unconnected or has no load
WARNING: [Synth 8-7129] Port SCLR in module xbip_pipe_v3_0_10_viv__parameterized65 is either unconnected or has no load
WARNING: [Synth 8-7129] Port SSET in module xbip_pipe_v3_0_10_viv__parameterized65 is either unconnected or has no load
WARNING: [Synth 8-7129] Port SINIT in module xbip_pipe_v3_0_10_viv__parameterized65 is either unconnected or has no load
WARNING: [Synth 8-7129] Port CLK in module xbip_pipe_v3_0_10_viv__parameterized57 is either unconnected or has no load
WARNING: [Synth 8-7129] Port CE in module xbip_pipe_v3_0_10_viv__parameterized57 is either unconnected or has no load
WARNING: [Synth 8-7129] Port SCLR in module xbip_pipe_v3_0_10_viv__parameterized57 is either unconnected or has no load
WARNING: [Synth 8-7129] Port SSET in module xbip_pipe_v3_0_10_viv__parameterized57 is either unconnected or has no load
WARNING: [Synth 8-7129] Port SINIT in module xbip_pipe_v3_0_10_viv__parameterized57 is either unconnected or has no load
WARNING: [Synth 8-7129] Port B[8] in module carry_chain__parameterized10 is either unconnected or has no load
WARNING: [Synth 8-7129] Port CLK in module xbip_pipe_v3_0_10_viv__parameterized53 is either unconnected or has no load
WARNING: [Synth 8-7129] Port CE in module xbip_pipe_v3_0_10_viv__parameterized53 is either unconnected or has no load
WARNING: [Synth 8-7129] Port SCLR in module xbip_pipe_v3_0_10_viv__parameterized53 is either unconnected or has no load
WARNING: [Synth 8-7129] Port SSET in module xbip_pipe_v3_0_10_viv__parameterized53 is either unconnected or has no load
WARNING: [Synth 8-7129] Port SINIT in module xbip_pipe_v3_0_10_viv__parameterized53 is either unconnected or has no load
WARNING: [Synth 8-7129] Port CLK in module xbip_pipe_v3_0_10_viv__parameterized31 is either unconnected or has no load
WARNING: [Synth 8-7129] Port CE in module xbip_pipe_v3_0_10_viv__parameterized31 is either unconnected or has no load
WARNING: [Synth 8-7129] Port SCLR in module xbip_pipe_v3_0_10_viv__parameterized31 is either unconnected or has no load
WARNING: [Synth 8-7129] Port SSET in module xbip_pipe_v3_0_10_viv__parameterized31 is either unconnected or has no load
WARNING: [Synth 8-7129] Port SINIT in module xbip_pipe_v3_0_10_viv__parameterized31 is either unconnected or has no load
WARNING: [Synth 8-7129] Port CLK in module xbip_pipe_v3_0_10_viv__parameterized51 is either unconnected or has no load
WARNING: [Synth 8-7129] Port CE in module xbip_pipe_v3_0_10_viv__parameterized51 is either unconnected or has no load
WARNING: [Synth 8-7129] Port SCLR in module xbip_pipe_v3_0_10_viv__parameterized51 is either unconnected or has no load
WARNING: [Synth 8-7129] Port SSET in module xbip_pipe_v3_0_10_viv__parameterized51 is either unconnected or has no load
WARNING: [Synth 8-7129] Port SINIT in module xbip_pipe_v3_0_10_viv__parameterized51 is either unconnected or has no load
WARNING: [Synth 8-7129] Port CLK in module xbip_pipe_v3_0_10_viv__parameterized27 is either unconnected or has no load
WARNING: [Synth 8-7129] Port CE in module xbip_pipe_v3_0_10_viv__parameterized27 is either unconnected or has no load
WARNING: [Synth 8-7129] Port SCLR in module xbip_pipe_v3_0_10_viv__parameterized27 is either unconnected or has no load
WARNING: [Synth 8-7129] Port SSET in module xbip_pipe_v3_0_10_viv__parameterized27 is either unconnected or has no load
WARNING: [Synth 8-7129] Port SINIT in module xbip_pipe_v3_0_10_viv__parameterized27 is either unconnected or has no load
WARNING: [Synth 8-7129] Port CLK in module xbip_pipe_v3_0_10_viv__parameterized43 is either unconnected or has no load
WARNING: [Synth 8-7129] Port CE in module xbip_pipe_v3_0_10_viv__parameterized43 is either unconnected or has no load
WARNING: [Synth 8-7129] Port SCLR in module xbip_pipe_v3_0_10_viv__parameterized43 is either unconnected or has no load
WARNING: [Synth 8-7129] Port SSET in module xbip_pipe_v3_0_10_viv__parameterized43 is either unconnected or has no load
WARNING: [Synth 8-7129] Port SINIT in module xbip_pipe_v3_0_10_viv__parameterized43 is either unconnected or has no load
WARNING: [Synth 8-7129] Port SCLR in module xbip_pipe_v3_0_10_viv__parameterized111 is either unconnected or has no load
WARNING: [Synth 8-7129] Port SSET in module xbip_pipe_v3_0_10_viv__parameterized111 is either unconnected or has no load
WARNING: [Synth 8-7129] Port SINIT in module xbip_pipe_v3_0_10_viv__parameterized111 is either unconnected or has no load
WARNING: [Synth 8-7129] Port SCLR in module xbip_pipe_v3_0_10_viv__parameterized84 is either unconnected or has no load
WARNING: [Synth 8-7129] Port SSET in module xbip_pipe_v3_0_10_viv__parameterized84 is either unconnected or has no load
WARNING: [Synth 8-7129] Port SINIT in module xbip_pipe_v3_0_10_viv__parameterized84 is either unconnected or has no load
WARNING: [Synth 8-7129] Port CLK in module xbip_pipe_v3_0_10_viv__parameterized109 is either unconnected or has no load
WARNING: [Synth 8-7129] Port CE in module xbip_pipe_v3_0_10_viv__parameterized109 is either unconnected or has no load
WARNING: [Synth 8-7129] Port SCLR in module xbip_pipe_v3_0_10_viv__parameterized109 is either unconnected or has no load
WARNING: [Synth 8-7129] Port SSET in module xbip_pipe_v3_0_10_viv__parameterized109 is either unconnected or has no load
WARNING: [Synth 8-7129] Port SINIT in module xbip_pipe_v3_0_10_viv__parameterized109 is either unconnected or has no load
WARNING: [Synth 8-7129] Port SCLR in module xbip_pipe_v3_0_10_viv__parameterized107 is either unconnected or has no load
WARNING: [Synth 8-7129] Port SSET in module xbip_pipe_v3_0_10_viv__parameterized107 is either unconnected or has no load
WARNING: [Synth 8-7129] Port SINIT in module xbip_pipe_v3_0_10_viv__parameterized107 is either unconnected or has no load
WARNING: [Synth 8-7129] Port SCLR in module xbip_pipe_v3_0_10_viv__parameterized105 is either unconnected or has no load
WARNING: [Synth 8-7129] Port SSET in module xbip_pipe_v3_0_10_viv__parameterized105 is either unconnected or has no load
WARNING: [Synth 8-7129] Port SINIT in module xbip_pipe_v3_0_10_viv__parameterized105 is either unconnected or has no load
WARNING: [Synth 8-7129] Port SCLR in module xbip_pipe_v3_0_10_viv__parameterized103 is either unconnected or has no load
WARNING: [Synth 8-7129] Port SSET in module xbip_pipe_v3_0_10_viv__parameterized103 is either unconnected or has no load
WARNING: [Synth 8-7129] Port SINIT in module xbip_pipe_v3_0_10_viv__parameterized103 is either unconnected or has no load
WARNING: [Synth 8-7129] Port SCLR in module xbip_pipe_v3_0_10_viv__parameterized101 is either unconnected or has no load
WARNING: [Synth 8-7129] Port SSET in module xbip_pipe_v3_0_10_viv__parameterized101 is either unconnected or has no load
WARNING: [Synth 8-7129] Port SINIT in module xbip_pipe_v3_0_10_viv__parameterized101 is either unconnected or has no load
WARNING: [Synth 8-7129] Port CLK in module xbip_pipe_v3_0_10_viv__parameterized21 is either unconnected or has no load
WARNING: [Synth 8-7129] Port CE in module xbip_pipe_v3_0_10_viv__parameterized21 is either unconnected or has no load
WARNING: [Synth 8-7129] Port SCLR in module xbip_pipe_v3_0_10_viv__parameterized21 is either unconnected or has no load
WARNING: [Synth 8-7129] Port SSET in module xbip_pipe_v3_0_10_viv__parameterized21 is either unconnected or has no load
WARNING: [Synth 8-7129] Port SINIT in module xbip_pipe_v3_0_10_viv__parameterized21 is either unconnected or has no load
WARNING: [Synth 8-7129] Port CARRYS_OUT[14] in module carry_chain__parameterized15 is either unconnected or has no load
WARNING: [Synth 8-7129] Port CARRYS_OUT[13] in module carry_chain__parameterized15 is either unconnected or has no load
WARNING: [Synth 8-7129] Port CARRYS_OUT[12] in module carry_chain__parameterized15 is either unconnected or has no load
WARNING: [Synth 8-7129] Port CARRYS_OUT[11] in module carry_chain__parameterized15 is either unconnected or has no load
WARNING: [Synth 8-7129] Port CARRYS_OUT[10] in module carry_chain__parameterized15 is either unconnected or has no load
WARNING: [Synth 8-7129] Port CARRYS_OUT[9] in module carry_chain__parameterized15 is either unconnected or has no load
WARNING: [Synth 8-7129] Port CARRYS_OUT[8] in module carry_chain__parameterized15 is either unconnected or has no load
WARNING: [Synth 8-7129] Port CARRYS_OUT[7] in module carry_chain__parameterized15 is either unconnected or has no load
WARNING: [Synth 8-7129] Port CARRYS_OUT[6] in module carry_chain__parameterized15 is either unconnected or has no load
WARNING: [Synth 8-7129] Port CARRYS_OUT[5] in module carry_chain__parameterized15 is either unconnected or has no load
WARNING: [Synth 8-7129] Port CARRYS_OUT[4] in module carry_chain__parameterized15 is either unconnected or has no load
WARNING: [Synth 8-7129] Port CARRYS_OUT[3] in module carry_chain__parameterized15 is either unconnected or has no load
WARNING: [Synth 8-7129] Port CARRYS_OUT[2] in module carry_chain__parameterized15 is either unconnected or has no load
WARNING: [Synth 8-7129] Port CARRYS_OUT[1] in module carry_chain__parameterized15 is either unconnected or has no load
WARNING: [Synth 8-7129] Port CARRYS_OUT[0] in module carry_chain__parameterized15 is either unconnected or has no load
WARNING: [Synth 8-7129] Port SCLR in module xbip_pipe_v3_0_10_viv__parameterized13 is either unconnected or has no load
WARNING: [Synth 8-7129] Port SSET in module xbip_pipe_v3_0_10_viv__parameterized13 is either unconnected or has no load
WARNING: [Synth 8-7129] Port SINIT in module xbip_pipe_v3_0_10_viv__parameterized13 is either unconnected or has no load
WARNING: [Synth 8-7129] Port CLK in module xbip_pipe_v3_0_10_viv__parameterized55 is either unconnected or has no load
WARNING: [Synth 8-7129] Port CE in module xbip_pipe_v3_0_10_viv__parameterized55 is either unconnected or has no load
INFO: [Common 17-14] Message 'Synth 8-7129' appears 100 times and further instances of the messages will be disabled. Use the Tcl command set_msg_config to change the current settings.
---------------------------------------------------------------------------------
Finished Synthesize : Time (s): cpu = 00:00:08 ; elapsed = 00:00:08 . Memory (MB): peak = 2258.059 ; gain = 703.422 ; free physical = 5357 ; free virtual = 29357
---------------------------------------------------------------------------------
---------------------------------------------------------------------------------
Finished Constraint Validation : Time (s): cpu = 00:00:08 ; elapsed = 00:00:09 . Memory (MB): peak = 2258.059 ; gain = 703.422 ; free physical = 5371 ; free virtual = 29370
---------------------------------------------------------------------------------
---------------------------------------------------------------------------------
Start Loading Part and Timing Information
---------------------------------------------------------------------------------
Loading part: xck26-sfvc784-2LV-c
INFO: [Device 21-403] Loading part xck26-sfvc784-2LV-c
INFO: [Synth 8-6742] Reading net delay rules and data
---------------------------------------------------------------------------------
Finished Loading Part and Timing Information : Time (s): cpu = 00:00:08 ; elapsed = 00:00:09 . Memory (MB): peak = 2258.059 ; gain = 703.422 ; free physical = 5371 ; free virtual = 29370
---------------------------------------------------------------------------------
INFO: [Synth 8-4490] FSM extraction disabled for register 'ap_CS_fsm_reg' through user attribute
INFO: [Synth 8-4490] FSM extraction disabled for register 'ap_CS_fsm_reg' through user attribute
INFO: [Synth 8-4490] FSM extraction disabled for register 'ap_CS_fsm_reg' through user attribute
INFO: [Synth 8-802] inferred FSM for state register 'wstate_reg' in module 'vision_gemm_control_s_axi'
INFO: [Synth 8-802] inferred FSM for state register 'rstate_reg' in module 'vision_gemm_control_s_axi'
INFO: [Synth 8-802] inferred FSM for state register 'state_reg' in module 'vision_gemm_gmem_w_m_axi_reg_slice'
INFO: [Synth 8-802] inferred FSM for state register 'state_reg' in module 'vision_gemm_gmem_w_m_axi_reg_slice__parameterized0'
INFO: [Synth 8-802] inferred FSM for state register 'state_reg' in module 'vision_gemm_gmem_x_m_axi_reg_slice'
INFO: [Synth 8-802] inferred FSM for state register 'state_reg' in module 'vision_gemm_gmem_x_m_axi_reg_slice__parameterized0'
INFO: [Synth 8-802] inferred FSM for state register 'state_reg' in module 'vision_gemm_gmem_y_m_axi_reg_slice'
INFO: [Synth 8-802] inferred FSM for state register 'state_reg' in module 'vision_gemm_gmem_y_m_axi_reg_slice__parameterized0'
INFO: [Synth 8-802] inferred FSM for state register 'state_reg' in module 'vision_gemm_gmem_y_m_axi_reg_slice__parameterized1'
INFO: [Synth 8-4490] FSM extraction disabled for register 'ap_CS_fsm_reg' through user attribute
INFO: [Synth 8-4490] FSM extraction disabled for register 'ap_CS_fsm_reg' through user attribute
INFO: [Synth 8-5759] Cascade height of 1 specified for RAM '"vision_gemm_weight_tile_RAM_2P_URAM_1R1W:/ram_reg"'. This RAM won't be implemented using URAM cascade chain
INFO: [Synth 8-6833] Ram_style="hls_ultra" specified on RAM ("vision_gemm_weight_tile_RAM_2P_URAM_1R1W:/ram_reg"). This will be implemented using Non-Cascaded URAMs that could result in higher LUTs an MUX utilization. 
INFO: [Synth 8-5782] User specified cascade height of 1 will be used for URAM '"vision_gemm_weight_tile_RAM_2P_URAM_1R1W:/ram_reg"'.
INFO: [Synth 8-5759] Cascade height of 1 specified for RAM '"vision_gemm_activation_tile_RAM_2P_URAM_1R1W:/ram_reg"'. This RAM won't be implemented using URAM cascade chain
INFO: [Synth 8-6833] Ram_style="hls_ultra" specified on RAM ("vision_gemm_activation_tile_RAM_2P_URAM_1R1W:/ram_reg"). This will be implemented using Non-Cascaded URAMs that could result in higher LUTs an MUX utilization. 
INFO: [Synth 8-5782] User specified cascade height of 1 will be used for URAM '"vision_gemm_activation_tile_RAM_2P_URAM_1R1W:/ram_reg"'.
---------------------------------------------------------------------------------------------------
                   State |                     New Encoding |                Previous Encoding 
---------------------------------------------------------------------------------------------------
                  iSTATE |                             0001 |                               11
*
                  WRIDLE |                             0010 |                               00
                  WRDATA |                             0100 |                               01
                  WRRESP |                             1000 |                               10
---------------------------------------------------------------------------------------------------
INFO: [Synth 8-3354] encoded FSM with state register 'wstate_reg' using encoding 'one-hot' in module 'vision_gemm_control_s_axi'
---------------------------------------------------------------------------------------------------
                   State |                     New Encoding |                Previous Encoding 
---------------------------------------------------------------------------------------------------
                  iSTATE |                              001 |                               10
*
                  RDIDLE |                              010 |                               00
                  RDDATA |                              100 |                               01
---------------------------------------------------------------------------------------------------
INFO: [Synth 8-3354] encoded FSM with state register 'rstate_reg' using encoding 'one-hot' in module 'vision_gemm_control_s_axi'
---------------------------------------------------------------------------------------------------
                   State |                     New Encoding |                Previous Encoding 
---------------------------------------------------------------------------------------------------
                    ZERO |                               00 |                               10
                     ONE |                               10 |                               11
                     TWO |                               01 |                               01
---------------------------------------------------------------------------------------------------
INFO: [Synth 8-3354] encoded FSM with state register 'state_reg' using encoding 'sequential' in module 'vision_gemm_gmem_w_m_axi_reg_slice'
---------------------------------------------------------------------------------------------------
                   State |                     New Encoding |                Previous Encoding 
---------------------------------------------------------------------------------------------------
                    ZERO |                               00 |                               10
                     ONE |                               10 |                               11
                     TWO |                               01 |                               01
---------------------------------------------------------------------------------------------------
INFO: [Synth 8-3354] encoded FSM with state register 'state_reg' using encoding 'sequential' in module 'vision_gemm_gmem_w_m_axi_reg_slice__parameterized0'
---------------------------------------------------------------------------------------------------
                   State |                     New Encoding |                Previous Encoding 
---------------------------------------------------------------------------------------------------
                    ZERO |                               00 |                               10
                     ONE |                               10 |                               11
                     TWO |                               01 |                               01
---------------------------------------------------------------------------------------------------
INFO: [Synth 8-3354] encoded FSM with state register 'state_reg' using encoding 'sequential' in module 'vision_gemm_gmem_x_m_axi_reg_slice'
---------------------------------------------------------------------------------------------------
                   State |                     New Encoding |                Previous Encoding 
---------------------------------------------------------------------------------------------------
                    ZERO |                               00 |                               10
                     ONE |                               10 |                               11
                     TWO |                               01 |                               01
---------------------------------------------------------------------------------------------------
INFO: [Synth 8-3354] encoded FSM with state register 'state_reg' using encoding 'sequential' in module 'vision_gemm_gmem_x_m_axi_reg_slice__parameterized0'
---------------------------------------------------------------------------------------------------
                   State |                     New Encoding |                Previous Encoding 
---------------------------------------------------------------------------------------------------
                    ZERO |                               00 |                               10
                     ONE |                               10 |                               11
                     TWO |                               01 |                               01
---------------------------------------------------------------------------------------------------
INFO: [Synth 8-3354] encoded FSM with state register 'state_reg' using encoding 'sequential' in module 'vision_gemm_gmem_y_m_axi_reg_slice'
---------------------------------------------------------------------------------------------------
                   State |                     New Encoding |                Previous Encoding 
---------------------------------------------------------------------------------------------------
                    ZERO |                               00 |                               10
                     ONE |                               10 |                               11
                     TWO |                               01 |                               01
---------------------------------------------------------------------------------------------------
INFO: [Synth 8-3354] encoded FSM with state register 'state_reg' using encoding 'sequential' in module 'vision_gemm_gmem_y_m_axi_reg_slice__parameterized0'
---------------------------------------------------------------------------------------------------
                   State |                     New Encoding |                Previous Encoding 
---------------------------------------------------------------------------------------------------
                    ZERO |                               00 |                               10
                     ONE |                               10 |                               11
                     TWO |                               01 |                               01
---------------------------------------------------------------------------------------------------
INFO: [Synth 8-3354] encoded FSM with state register 'state_reg' using encoding 'sequential' in module 'vision_gemm_gmem_y_m_axi_reg_slice__parameterized1'
---------------------------------------------------------------------------------
Finished RTL Optimization Phase 2 : Time (s): cpu = 00:00:16 ; elapsed = 00:00:15 . Memory (MB): peak = 2921.512 ; gain = 1366.875 ; free physical = 4686 ; free virtual = 28704
---------------------------------------------------------------------------------
INFO: [Synth 8-223] decloning instance 'vision_gemm_fadd_32ns_32ns_32_6_no_dsp_1:/vision_gemm_fadd_32ns_32ns_32_6_no_dsp_1_ip_u/inst/i_synth/ADDSUB_OP.ADDSUB/LOGIC_SPEED.OP/NORM/ROUND/EXTRA_LSB_BIT_DEL' (delay__parameterized0) to 'vision_gemm_fadd_32ns_32ns_32_6_no_dsp_1:/vision_gemm_fadd_32ns_32ns_32_6_no_dsp_1_ip_u/inst/i_synth/ADDSUB_OP.ADDSUB/LOGIC_SPEED.OP/NORM/ROUND/EXTRA_LSB_RND1_DEL'
INFO: [Synth 8-223] decloning instance 'vision_gemm_fadd_32ns_32ns_32_6_no_dsp_1:/vision_gemm_fadd_32ns_32ns_32_6_no_dsp_1_ip_u/inst/i_synth/ADDSUB_OP.ADDSUB/LOGIC_SPEED.OP/NORM/ROUND/EXP_INC_DELAY' (delay__parameterized0) to 'vision_gemm_fadd_32ns_32ns_32_6_no_dsp_1:/vision_gemm_fadd_32ns_32ns_32_6_no_dsp_1_ip_u/inst/i_synth/ADDSUB_OP.ADDSUB/LOGIC_SPEED.OP/NORM/ROUND/EXP_INC_RND1_DELAY'
INFO: [Synth 8-223] decloning instance 'vision_gemm_fadd_32ns_32ns_32_6_no_dsp_1:/vision_gemm_fadd_32ns_32ns_32_6_no_dsp_1_ip_u/inst/i_synth/DELAY_DIVIDE_BY_ZERO' (delay__parameterized0) to 'vision_gemm_fadd_32ns_32ns_32_6_no_dsp_1:/vision_gemm_fadd_32ns_32ns_32_6_no_dsp_1_ip_u/inst/i_synth/DELAY_ACCUM_OVERFLOW'
INFO: [Synth 8-223] decloning instance 'vision_gemm_fadd_32ns_32ns_32_6_no_dsp_1:/vision_gemm_fadd_32ns_32ns_32_6_no_dsp_1_ip_u/inst/i_synth/DELAY_DIVIDE_BY_ZERO' (delay__parameterized0) to 'vision_gemm_fadd_32ns_32ns_32_6_no_dsp_1:/vision_gemm_fadd_32ns_32ns_32_6_no_dsp_1_ip_u/inst/i_synth/DELAY_ACCUM_INPUT_OVERFLOW'
INFO: [Synth 8-223] decloning instance 'vision_gemm_fmul_32ns_32ns_32_5_max_dsp_1:/vision_gemm_fmul_32ns_32ns_32_5_max_dsp_1_ip_u/inst/i_synth/DELAY_DIVIDE_BY_ZERO' (delay__parameterized0) to 'vision_gemm_fmul_32ns_32ns_32_5_max_dsp_1:/vision_gemm_fmul_32ns_32ns_32_5_max_dsp_1_ip_u/inst/i_synth/DELAY_ACCUM_OVERFLOW'
INFO: [Synth 8-223] decloning instance 'vision_gemm_fmul_32ns_32ns_32_5_max_dsp_1:/vision_gemm_fmul_32ns_32ns_32_5_max_dsp_1_ip_u/inst/i_synth/DELAY_DIVIDE_BY_ZERO' (delay__parameterized0) to 'vision_gemm_fmul_32ns_32ns_32_5_max_dsp_1:/vision_gemm_fmul_32ns_32ns_32_5_max_dsp_1_ip_u/inst/i_synth/DELAY_ACCUM_INPUT_OVERFLOW'
INFO: [Synth 8-223] decloning instance 'vision_gemm_fadd_32ns_32ns_32_8_full_dsp_1:/vision_gemm_fadd_32ns_32ns_32_8_full_dsp_1_ip_u/inst/i_synth/ADDSUB_OP.ADDSUB/DSP.OP/DSP48E1_BODY.ALIGN_ADD/SUB_DELAY' (delay__parameterized0) to 'vision_gemm_fadd_32ns_32ns_32_8_full_dsp_1:/vision_gemm_fadd_32ns_32ns_32_8_full_dsp_1_ip_u/inst/i_synth/ADDSUB_OP.ADDSUB/DSP.OP/DSP48E1_BODY.ALIGN_ADD/SUB_ADD_IP_DELAY'
INFO: [Synth 8-223] decloning instance 'vision_gemm_fadd_32ns_32ns_32_8_full_dsp_1:/vision_gemm_fadd_32ns_32ns_32_8_full_dsp_1_ip_u/inst/i_synth/DELAY_DIVIDE_BY_ZERO' (delay__parameterized0) to 'vision_gemm_fadd_32ns_32ns_32_8_full_dsp_1:/vision_gemm_fadd_32ns_32ns_32_8_full_dsp_1_ip_u/inst/i_synth/DELAY_ACCUM_OVERFLOW'
INFO: [Synth 8-223] decloning instance 'vision_gemm_fadd_32ns_32ns_32_8_full_dsp_1:/vision_gemm_fadd_32ns_32ns_32_8_full_dsp_1_ip_u/inst/i_synth/DELAY_DIVIDE_BY_ZERO' (delay__parameterized0) to 'vision_gemm_fadd_32ns_32ns_32_8_full_dsp_1:/vision_gemm_fadd_32ns_32ns_32_8_full_dsp_1_ip_u/inst/i_synth/DELAY_ACCUM_INPUT_OVERFLOW'
No constraint files found.
---------------------------------------------------------------------------------
Start RTL Component Statistics 
---------------------------------------------------------------------------------
---------------------------------------------------------------------------------
Finished RTL Component Statistics 
---------------------------------------------------------------------------------
---------------------------------------------------------------------------------
Start Part Resource Summary
---------------------------------------------------------------------------------
Part Resources:
DSPs: 1248 (col length:96)
BRAMs: 288 (col length: RAMB18 96 RAMB36 48)
---------------------------------------------------------------------------------
Finished Part Resource Summary
---------------------------------------------------------------------------------
No constraint files found.
---------------------------------------------------------------------------------
Start Cross Boundary and Area Optimization
---------------------------------------------------------------------------------
INFO: [Common 17-14] Message 'Synth 8-7129' appears 100 times and further instances of the messages will be disabled. Use the Tcl command set_msg_config to change the current settings.
INFO: [Synth 8-3886] merging instance 'trunc_ln21_65_reg_50226_reg[0]' (FDE) to 'frac_56_reg_50196_reg[0]'
INFO: [Synth 8-3886] merging instance 'trunc_ln21_65_reg_50226_reg[1]' (FDE) to 'frac_56_reg_50196_reg[1]'
INFO: [Synth 8-3886] merging instance 'trunc_ln21_65_reg_50226_reg[2]' (FDE) to 'frac_56_reg_50196_reg[2]'
INFO: [Synth 8-3886] merging instance 'trunc_ln21_65_reg_50226_reg[3]' (FDE) to 'frac_56_reg_50196_reg[3]'
INFO: [Synth 8-3886] merging instance 'trunc_ln21_65_reg_50226_reg[4]' (FDE) to 'frac_56_reg_50196_reg[4]'
INFO: [Synth 8-3886] merging instance 'trunc_ln21_65_reg_50226_reg[5]' (FDE) to 'frac_56_reg_50196_reg[5]'
INFO: [Synth 8-3886] merging instance 'trunc_ln21_65_reg_50226_reg[6]' (FDE) to 'frac_56_reg_50196_reg[6]'
INFO: [Synth 8-3886] merging instance 'trunc_ln21_65_reg_50226_reg[7]' (FDE) to 'frac_56_reg_50196_reg[7]'
INFO: [Synth 8-3886] merging instance 'trunc_ln21_65_reg_50226_reg[8]' (FDE) to 'frac_56_reg_50196_reg[8]'
INFO: [Synth 8-3886] merging instance 'tmp_861_reg_50219_reg[0]' (FDE) to 'frac_56_reg_50196_reg[9]'
INFO: [Synth 8-3886] merging instance 'tmp_838_reg_50146_reg[0]' (FDE) to 'frac_54_reg_50116_reg[0]'
INFO: [Synth 8-3886] merging instance 'tmp_838_reg_50146_reg[1]' (FDE) to 'frac_54_reg_50116_reg[1]'
INFO: [Synth 8-3886] merging instance 'tmp_838_reg_50146_reg[2]' (FDE) to 'frac_54_reg_50116_reg[2]'
INFO: [Synth 8-3886] merging instance 'tmp_838_reg_50146_reg[3]' (FDE) to 'frac_54_reg_50116_reg[3]'
INFO: [Synth 8-3886] merging instance 'tmp_838_reg_50146_reg[4]' (FDE) to 'frac_54_reg_50116_reg[4]'
INFO: [Synth 8-3886] merging instance 'tmp_838_reg_50146_reg[5]' (FDE) to 'frac_54_reg_50116_reg[5]'
INFO: [Synth 8-3886] merging instance 'tmp_838_reg_50146_reg[6]' (FDE) to 'frac_54_reg_50116_reg[6]'
INFO: [Synth 8-3886] merging instance 'tmp_838_reg_50146_reg[7]' (FDE) to 'frac_54_reg_50116_reg[7]'
INFO: [Synth 8-3886] merging instance 'tmp_838_reg_50146_reg[8]' (FDE) to 'frac_54_reg_50116_reg[8]'
INFO: [Synth 8-3886] merging instance 'tmp_837_reg_50139_reg[0]' (FDE) to 'frac_54_reg_50116_reg[9]'
INFO: [Synth 8-3886] merging instance 'tmp_850_reg_50186_reg[0]' (FDE) to 'frac_55_reg_50156_reg[0]'
INFO: [Synth 8-3886] merging instance 'tmp_850_reg_50186_reg[1]' (FDE) to 'frac_55_reg_50156_reg[1]'
INFO: [Synth 8-3886] merging instance 'tmp_850_reg_50186_reg[2]' (FDE) to 'frac_55_reg_50156_reg[2]'
INFO: [Synth 8-3886] merging instance 'tmp_850_reg_50186_reg[3]' (FDE) to 'frac_55_reg_50156_reg[3]'
INFO: [Synth 8-3886] merging instance 'tmp_850_reg_50186_reg[4]' (FDE) to 'frac_55_reg_50156_reg[4]'
INFO: [Synth 8-3886] merging instance 'tmp_850_reg_50186_reg[5]' (FDE) to 'frac_55_reg_50156_reg[5]'
INFO: [Synth 8-3886] merging instance 'tmp_850_reg_50186_reg[6]' (FDE) to 'frac_55_reg_50156_reg[6]'
INFO: [Synth 8-3886] merging instance 'tmp_850_reg_50186_reg[7]' (FDE) to 'frac_55_reg_50156_reg[7]'
INFO: [Synth 8-3886] merging instance 'tmp_850_reg_50186_reg[8]' (FDE) to 'frac_55_reg_50156_reg[8]'
INFO: [Synth 8-3886] merging instance 'tmp_849_reg_50179_reg[0]' (FDE) to 'frac_55_reg_50156_reg[9]'
INFO: [Synth 8-3886] merging instance 'tmp_885_reg_50306_reg[0]' (FDE) to 'frac_58_reg_50276_reg[0]'
INFO: [Synth 8-3886] merging instance 'tmp_885_reg_50306_reg[1]' (FDE) to 'frac_58_reg_50276_reg[1]'
INFO: [Synth 8-3886] merging instance 'tmp_885_reg_50306_reg[2]' (FDE) to 'frac_58_reg_50276_reg[2]'
INFO: [Synth 8-3886] merging instance 'tmp_885_reg_50306_reg[3]' (FDE) to 'frac_58_reg_50276_reg[3]'
INFO: [Synth 8-3886] merging instance 'tmp_885_reg_50306_reg[4]' (FDE) to 'frac_58_reg_50276_reg[4]'
INFO: [Synth 8-3886] merging instance 'tmp_885_reg_50306_reg[5]' (FDE) to 'frac_58_reg_50276_reg[5]'
INFO: [Synth 8-3886] merging instance 'tmp_885_reg_50306_reg[6]' (FDE) to 'frac_58_reg_50276_reg[6]'
INFO: [Synth 8-3886] merging instance 'tmp_885_reg_50306_reg[7]' (FDE) to 'frac_58_reg_50276_reg[7]'
INFO: [Synth 8-3886] merging instance 'tmp_885_reg_50306_reg[8]' (FDE) to 'frac_58_reg_50276_reg[8]'
INFO: [Synth 8-3886] merging instance 'tmp_884_reg_50299_reg[0]' (FDE) to 'frac_58_reg_50276_reg[9]'
INFO: [Synth 8-3886] merging instance 'tmp_897_reg_50346_reg[0]' (FDE) to 'frac_59_reg_50316_reg[0]'
INFO: [Synth 8-3886] merging instance 'tmp_897_reg_50346_reg[1]' (FDE) to 'frac_59_reg_50316_reg[1]'
INFO: [Synth 8-3886] merging instance 'tmp_897_reg_50346_reg[2]' (FDE) to 'frac_59_reg_50316_reg[2]'
INFO: [Synth 8-3886] merging instance 'tmp_897_reg_50346_reg[3]' (FDE) to 'frac_59_reg_50316_reg[3]'
INFO: [Synth 8-3886] merging instance 'tmp_897_reg_50346_reg[4]' (FDE) to 'frac_59_reg_50316_reg[4]'
INFO: [Synth 8-3886] merging instance 'tmp_897_reg_50346_reg[5]' (FDE) to 'frac_59_reg_50316_reg[5]'
INFO: [Synth 8-3886] merging instance 'tmp_897_reg_50346_reg[6]' (FDE) to 'frac_59_reg_50316_reg[6]'
INFO: [Synth 8-3886] merging instance 'tmp_897_reg_50346_reg[7]' (FDE) to 'frac_59_reg_50316_reg[7]'
INFO: [Synth 8-3886] merging instance 'tmp_897_reg_50346_reg[8]' (FDE) to 'frac_59_reg_50316_reg[8]'
INFO: [Synth 8-3886] merging instance 'tmp_896_reg_50339_reg[0]' (FDE) to 'frac_59_reg_50316_reg[9]'
INFO: [Synth 8-3886] merging instance 'tmp_802_reg_50026_reg[0]' (FDE) to 'frac_51_reg_49996_reg[0]'
INFO: [Synth 8-3886] merging instance 'tmp_755_reg_49866_reg[0]' (FDE) to 'frac_47_reg_49836_reg[0]'
INFO: [Synth 8-3886] merging instance 'tmp_802_reg_50026_reg[1]' (FDE) to 'frac_51_reg_49996_reg[1]'
INFO: [Synth 8-3886] merging instance 'tmp_802_reg_50026_reg[2]' (FDE) to 'frac_51_reg_49996_reg[2]'
INFO: [Synth 8-3886] merging instance 'tmp_802_reg_50026_reg[3]' (FDE) to 'frac_51_reg_49996_reg[3]'
INFO: [Synth 8-3886] merging instance 'tmp_802_reg_50026_reg[4]' (FDE) to 'frac_51_reg_49996_reg[4]'
INFO: [Synth 8-3886] merging instance 'tmp_802_reg_50026_reg[5]' (FDE) to 'frac_51_reg_49996_reg[5]'
INFO: [Synth 8-3886] merging instance 'tmp_802_reg_50026_reg[6]' (FDE) to 'frac_51_reg_49996_reg[6]'
INFO: [Synth 8-3886] merging instance 'tmp_802_reg_50026_reg[7]' (FDE) to 'frac_51_reg_49996_reg[7]'
INFO: [Synth 8-3886] merging instance 'tmp_802_reg_50026_reg[8]' (FDE) to 'frac_51_reg_49996_reg[8]'
INFO: [Synth 8-3886] merging instance 'tmp_801_reg_50019_reg[0]' (FDE) to 'frac_51_reg_49996_reg[9]'
INFO: [Synth 8-3886] merging instance 'tmp_755_reg_49866_reg[1]' (FDE) to 'frac_47_reg_49836_reg[1]'
INFO: [Synth 8-3886] merging instance 'tmp_755_reg_49866_reg[2]' (FDE) to 'frac_47_reg_49836_reg[2]'
INFO: [Synth 8-3886] merging instance 'tmp_755_reg_49866_reg[3]' (FDE) to 'frac_47_reg_49836_reg[3]'
INFO: [Synth 8-3886] merging instance 'tmp_755_reg_49866_reg[4]' (FDE) to 'frac_47_reg_49836_reg[4]'
INFO: [Synth 8-3886] merging instance 'tmp_755_reg_49866_reg[5]' (FDE) to 'frac_47_reg_49836_reg[5]'
INFO: [Synth 8-3886] merging instance 'tmp_755_reg_49866_reg[6]' (FDE) to 'frac_47_reg_49836_reg[6]'
INFO: [Synth 8-3886] merging instance 'tmp_755_reg_49866_reg[7]' (FDE) to 'frac_47_reg_49836_reg[7]'
INFO: [Synth 8-3886] merging instance 'tmp_755_reg_49866_reg[8]' (FDE) to 'frac_47_reg_49836_reg[8]'
INFO: [Synth 8-3886] merging instance 'tmp_754_reg_49859_reg[0]' (FDE) to 'frac_47_reg_49836_reg[9]'
INFO: [Synth 8-3886] merging instance 'tmp_814_reg_50066_reg[0]' (FDE) to 'frac_52_reg_50036_reg[0]'
INFO: [Synth 8-3886] merging instance 'tmp_814_reg_50066_reg[1]' (FDE) to 'frac_52_reg_50036_reg[1]'
INFO: [Synth 8-3886] merging instance 'tmp_814_reg_50066_reg[2]' (FDE) to 'frac_52_reg_50036_reg[2]'
INFO: [Synth 8-3886] merging instance 'tmp_814_reg_50066_reg[3]' (FDE) to 'frac_52_reg_50036_reg[3]'
INFO: [Synth 8-3886] merging instance 'tmp_814_reg_50066_reg[4]' (FDE) to 'frac_52_reg_50036_reg[4]'
INFO: [Synth 8-3886] merging instance 'tmp_814_reg_50066_reg[5]' (FDE) to 'frac_52_reg_50036_reg[5]'
INFO: [Synth 8-3886] merging instance 'tmp_814_reg_50066_reg[6]' (FDE) to 'frac_52_reg_50036_reg[6]'
INFO: [Synth 8-3886] merging instance 'tmp_814_reg_50066_reg[7]' (FDE) to 'frac_52_reg_50036_reg[7]'
INFO: [Synth 8-3886] merging instance 'tmp_814_reg_50066_reg[8]' (FDE) to 'frac_52_reg_50036_reg[8]'
INFO: [Synth 8-3886] merging instance 'tmp_813_reg_50059_reg[0]' (FDE) to 'frac_52_reg_50036_reg[9]'
INFO: [Synth 8-3886] merging instance 'tmp_660_reg_49546_reg[0]' (FDE) to 'frac_39_reg_49516_reg[0]'
INFO: [Synth 8-3886] merging instance 'tmp_330_reg_48746_reg[0]' (FDE) to 'frac_19_reg_48716_reg[0]'
INFO: [Synth 8-3886] merging instance 'tmp_660_reg_49546_reg[1]' (FDE) to 'frac_39_reg_49516_reg[1]'
INFO: [Synth 8-3886] merging instance 'tmp_660_reg_49546_reg[2]' (FDE) to 'frac_39_reg_49516_reg[2]'
INFO: [Synth 8-3886] merging instance 'tmp_660_reg_49546_reg[3]' (FDE) to 'frac_39_reg_49516_reg[3]'
INFO: [Synth 8-3886] merging instance 'tmp_660_reg_49546_reg[4]' (FDE) to 'frac_39_reg_49516_reg[4]'
INFO: [Synth 8-3886] merging instance 'tmp_660_reg_49546_reg[5]' (FDE) to 'frac_39_reg_49516_reg[5]'
INFO: [Synth 8-3886] merging instance 'tmp_660_reg_49546_reg[6]' (FDE) to 'frac_39_reg_49516_reg[6]'
INFO: [Synth 8-3886] merging instance 'tmp_660_reg_49546_reg[7]' (FDE) to 'frac_39_reg_49516_reg[7]'
INFO: [Synth 8-3886] merging instance 'tmp_660_reg_49546_reg[8]' (FDE) to 'frac_39_reg_49516_reg[8]'
INFO: [Synth 8-3886] merging instance 'tmp_659_reg_49539_reg[0]' (FDE) to 'frac_39_reg_49516_reg[9]'
INFO: [Synth 8-3886] merging instance 'tmp_330_reg_48746_reg[1]' (FDE) to 'frac_19_reg_48716_reg[1]'
INFO: [Synth 8-3886] merging instance 'tmp_330_reg_48746_reg[2]' (FDE) to 'frac_19_reg_48716_reg[2]'
INFO: [Synth 8-3886] merging instance 'tmp_330_reg_48746_reg[3]' (FDE) to 'frac_19_reg_48716_reg[3]'
INFO: [Synth 8-3886] merging instance 'tmp_330_reg_48746_reg[4]' (FDE) to 'frac_19_reg_48716_reg[4]'
INFO: [Synth 8-3886] merging instance 'tmp_330_reg_48746_reg[5]' (FDE) to 'frac_19_reg_48716_reg[5]'
INFO: [Synth 8-3886] merging instance 'tmp_330_reg_48746_reg[6]' (FDE) to 'frac_19_reg_48716_reg[6]'
INFO: [Synth 8-3886] merging instance 'tmp_330_reg_48746_reg[7]' (FDE) to 'frac_19_reg_48716_reg[7]'
INFO: [Synth 8-3886] merging instance 'tmp_330_reg_48746_reg[8]' (FDE) to 'frac_19_reg_48716_reg[8]'
INFO: [Synth 8-3886] merging instance 'tmp_329_reg_48739_reg[0]' (FDE) to 'frac_19_reg_48716_reg[9]'
INFO: [Common 17-14] Message 'Synth 8-3886' appears 100 times and further instances of the messages will be disabled. Use the Tcl command set_msg_config to change the current settings.
INFO: [Common 17-14] Message 'Synth 8-3886' appears 100 times and further instances of the messages will be disabled. Use the Tcl command set_msg_config to change the current settings.
INFO: [Synth 8-3333] propagating constant 0 across sequential element (\normalized_502_reg_50960_reg[0] )
INFO: [Synth 8-3333] propagating constant 0 across sequential element (ap_done_reg_reg)
INFO: [Synth 8-3333] propagating constant 1 across sequential element (fmul_32ns_32ns_32_5_max_dsp_1_U114/ce_r_reg)
INFO: [Synth 8-3333] propagating constant 1 across sequential element (fmul_32ns_32ns_32_5_max_dsp_1_U113/ce_r_reg)
INFO: [Synth 8-3333] propagating constant 1 across sequential element (fmul_32ns_32ns_32_5_max_dsp_1_U111/ce_r_reg)
INFO: [Synth 8-3333] propagating constant 1 across sequential element (fmul_32ns_32ns_32_5_max_dsp_1_U84/ce_r_reg)
INFO: [Synth 8-3333] propagating constant 0 across sequential element (\ap_phi_reg_pp0_iter0_bits_267_reg_3822_reg[0] )
INFO: [Synth 8-3333] propagating constant 0 across sequential element (\ap_phi_reg_pp0_iter0_bits_267_reg_3822_reg[1] )
INFO: [Synth 8-3333] propagating constant 0 across sequential element (\ap_phi_reg_pp0_iter0_bits_267_reg_3822_reg[2] )
INFO: [Synth 8-3333] propagating constant 0 across sequential element (\ap_phi_reg_pp0_iter0_bits_267_reg_3822_reg[3] )
INFO: [Synth 8-3333] propagating constant 0 across sequential element (\ap_phi_reg_pp0_iter0_bits_267_reg_3822_reg[4] )
INFO: [Synth 8-3333] propagating constant 0 across sequential element (\ap_phi_reg_pp0_iter0_bits_267_reg_3822_reg[5] )
INFO: [Synth 8-3333] propagating constant 0 across sequential element (\ap_phi_reg_pp0_iter0_bits_267_reg_3822_reg[6] )
INFO: [Synth 8-3333] propagating constant 0 across sequential element (\ap_phi_reg_pp0_iter0_bits_267_reg_3822_reg[7] )
INFO: [Synth 8-3333] propagating constant 0 across sequential element (\ap_phi_reg_pp0_iter0_bits_267_reg_3822_reg[8] )
INFO: [Synth 8-3333] propagating constant 0 across sequential element (\ap_phi_reg_pp0_iter0_bits_267_reg_3822_reg[9] )
INFO: [Synth 8-3333] propagating constant 0 across sequential element (\ap_phi_reg_pp0_iter0_bits_267_reg_3822_reg[10] )
INFO: [Synth 8-3333] propagating constant 0 across sequential element (\ap_phi_reg_pp0_iter0_bits_267_reg_3822_reg[11] )
INFO: [Synth 8-3333] propagating constant 0 across sequential element (\ap_phi_reg_pp0_iter0_bits_267_reg_3822_reg[12] )
INFO: [Synth 8-3333] propagating constant 0 across sequential element (\bits_308_reg_53129_reg[12] )
INFO: [Synth 8-3333] propagating constant 0 across sequential element (\bits_328_reg_53613_reg[12] )
INFO: [Synth 8-3333] propagating constant 0 across sequential element (\bits_283_reg_51176_reg[12] )
INFO: [Synth 8-3333] propagating constant 0 across sequential element (\select_ln20_819_reg_51336_reg[0] )
INFO: [Synth 8-3333] propagating constant 0 across sequential element (\normalized_32_reg_50533_reg[0] )
INFO: [Synth 8-3333] propagating constant 0 across sequential element (\wvalue_6_reg_51802_reg[12] )
INFO: [Synth 8-3333] propagating constant 0 across sequential element (fmul_32ns_32ns_32_5_max_dsp_1_U113/\din0_buf1_reg[12] )
INFO: [Synth 8-3333] propagating constant 0 across sequential element (fmul_32ns_32ns_32_5_max_dsp_1_U111/\din0_buf1_reg[12] )
INFO: [Synth 8-3333] propagating constant 0 across sequential element (\wvalue_21_reg_52993_reg[12] )
INFO: [Synth 8-3333] propagating constant 0 across sequential element (fmul_32ns_32ns_32_5_max_dsp_1_U84/\din0_buf1_reg[12] )
INFO: [Synth 8-3333] propagating constant 0 across sequential element (fadd_32ns_32ns_32_6_no_dsp_1_U61/vision_gemm_fadd_32ns_32ns_32_6_no_dsp_1_ip_u/inst/i_synth/\ADDSUB_OP.ADDSUB /\LOGIC_SPEED.OP /ALIGN_BLK/ALIGN_SHIFT/ALIGN_Z_D/\MUX_LOOP[2].SKEW_DIST_DEL.DEL_DIST /i_pipe/\opt_has_pipe.first_q_reg[1] )
INFO: [Common 17-14] Message 'Synth 8-3886' appears 100 times and further instances of the messages will be disabled. Use the Tcl command set_msg_config to change the current settings.
INFO: [Synth 8-3333] propagating constant 0 across sequential element (\normalized_426_reg_50891_reg[0] )
INFO: [Synth 8-3333] propagating constant 1 across sequential element (fadd_32ns_32ns_32_6_no_dsp_1_U61/ce_r_reg)
INFO: [Synth 8-3333] propagating constant 1 across sequential element (fmul_32ns_32ns_32_5_max_dsp_1_U98/ce_r_reg)
INFO: [Synth 8-3333] propagating constant 1 across sequential element (fmul_32ns_32ns_32_5_max_dsp_1_U119/ce_r_reg)
INFO: [Synth 8-3333] propagating constant 1 across sequential element (fmul_32ns_32ns_32_5_max_dsp_1_U120/ce_r_reg)
INFO: [Synth 8-3333] propagating constant 0 across sequential element (\bits_325_reg_53598_reg[12] )
INFO: [Synth 8-3333] propagating constant 0 across sequential element (\bits_305_reg_53114_reg[12] )
INFO: [Synth 8-3333] propagating constant 0 across sequential element (\bits_280_reg_51161_reg[12] )
INFO: [Synth 8-3333] propagating constant 0 across sequential element (\bits_289_reg_52282_reg[12] )
INFO: [Synth 8-3333] propagating constant 0 across sequential element (\select_ln20_927_reg_52428_reg[0] )
INFO: [Synth 8-3333] propagating constant 0 across sequential element (\select_ln20_783_reg_51272_reg[0] )
INFO: [Synth 8-3333] propagating constant 0 across sequential element (\bits_305_reg_53114_reg[12] )
INFO: [Synth 8-3333] propagating constant 0 across sequential element (\normalized_426_reg_50891_reg[0] )
INFO: [Synth 8-3333] propagating constant 0 across sequential element (\bits_325_reg_53598_reg[12] )
INFO: [Synth 8-3333] propagating constant 1 across sequential element (fmul_32ns_32ns_32_5_max_dsp_1_U93/ce_r_reg)
INFO: [Synth 8-3333] propagating constant 1 across sequential element (fmul_32ns_32ns_32_5_max_dsp_1_U89/ce_r_reg)
INFO: [Synth 8-3333] propagating constant 1 across sequential element (fmul_32ns_32ns_32_5_max_dsp_1_U77/ce_r_reg)
INFO: [Synth 8-3333] propagating constant 0 across sequential element (fadd_32ns_32ns_32_6_no_dsp_1_U59/vision_gemm_fadd_32ns_32ns_32_6_no_dsp_1_ip_u/inst/i_synth/\ADDSUB_OP.ADDSUB /\LOGIC_SPEED.OP /ALIGN_BLK/ALIGN_SHIFT/ALIGN_Z_D/\MUX_LOOP[2].SKEW_DIST_DEL.DEL_DIST /i_pipe/\opt_has_pipe.first_q_reg[1] )
INFO: [Synth 8-3333] propagating constant 0 across sequential element (fadd_32ns_32ns_32_6_no_dsp_1_U41/vision_gemm_fadd_32ns_32ns_32_6_no_dsp_1_ip_u/inst/i_synth/\ADDSUB_OP.ADDSUB /\LOGIC_SPEED.OP /ALIGN_BLK/ALIGN_SHIFT/ALIGN_Z_D/\MUX_LOOP[2].SKEW_DIST_DEL.DEL_DIST /i_pipe/\opt_has_pipe.first_q_reg[1] )
INFO: [Synth 8-3333] propagating constant 0 across sequential element (fadd_32ns_32ns_32_6_no_dsp_1_U37/vision_gemm_fadd_32ns_32ns_32_6_no_dsp_1_ip_u/inst/i_synth/\ADDSUB_OP.ADDSUB /\LOGIC_SPEED.OP /ALIGN_BLK/ALIGN_SHIFT/ALIGN_Z_D/\MUX_LOOP[2].SKEW_DIST_DEL.DEL_DIST /i_pipe/\opt_has_pipe.first_q_reg[1] )
INFO: [Synth 8-3333] propagating constant 0 across sequential element (fadd_32ns_32ns_32_6_no_dsp_1_U35/vision_gemm_fadd_32ns_32ns_32_6_no_dsp_1_ip_u/inst/i_synth/\ADDSUB_OP.ADDSUB /\LOGIC_SPEED.OP /ALIGN_BLK/ALIGN_SHIFT/ALIGN_Z_D/\MUX_LOOP[2].SKEW_DIST_DEL.DEL_DIST /i_pipe/\opt_has_pipe.first_q_reg[1] )
INFO: [Synth 8-3333] propagating constant 0 across sequential element (fadd_32ns_32ns_32_6_no_dsp_1_U32/vision_gemm_fadd_32ns_32ns_32_6_no_dsp_1_ip_u/inst/i_synth/\ADDSUB_OP.ADDSUB /\LOGIC_SPEED.OP /ALIGN_BLK/ALIGN_SHIFT/ALIGN_Z_D/\MUX_LOOP[2].SKEW_DIST_DEL.DEL_DIST /i_pipe/\opt_has_pipe.first_q_reg[1] )
INFO: [Synth 8-3333] propagating constant 0 across sequential element (fadd_32ns_32ns_32_6_no_dsp_1_U25/vision_gemm_fadd_32ns_32ns_32_6_no_dsp_1_ip_u/inst/i_synth/\ADDSUB_OP.ADDSUB /\LOGIC_SPEED.OP /ALIGN_BLK/ALIGN_SHIFT/ALIGN_Z_D/\MUX_LOOP[2].SKEW_DIST_DEL.DEL_DIST /i_pipe/\opt_has_pipe.first_q_reg[1] )
INFO: [Synth 8-3333] propagating constant 1 across sequential element (fadd_32ns_32ns_32_6_no_dsp_1_U59/ce_r_reg)
INFO: [Synth 8-3333] propagating constant 1 across sequential element (fadd_32ns_32ns_32_6_no_dsp_1_U41/ce_r_reg)
INFO: [Synth 8-3333] propagating constant 1 across sequential element (fadd_32ns_32ns_32_6_no_dsp_1_U37/ce_r_reg)
INFO: [Synth 8-3333] propagating constant 1 across sequential element (fadd_32ns_32ns_32_6_no_dsp_1_U35/ce_r_reg)
INFO: [Synth 8-3333] propagating constant 1 across sequential element (fadd_32ns_32ns_32_6_no_dsp_1_U32/ce_r_reg)
INFO: [Synth 8-3333] propagating constant 1 across sequential element (fadd_32ns_32ns_32_6_no_dsp_1_U25/ce_r_reg)
INFO: [Synth 8-3333] propagating constant 1 across sequential element (fmul_32ns_32ns_32_5_max_dsp_1_U100/ce_r_reg)
INFO: [Synth 8-3333] propagating constant 1 across sequential element (fmul_32ns_32ns_32_5_max_dsp_1_U112/ce_r_reg)
INFO: [Common 17-14] Message 'Synth 8-7129' appears 100 times and further instances of the messages will be disabled. Use the Tcl command set_msg_config to change the current settings.
INFO: [Synth 8-3333] propagating constant 1 across sequential element (fmul_32ns_32ns_32_5_max_dsp_1_U115/ce_r_reg)
INFO: [Synth 8-3333] propagating constant 1 across sequential element (fmul_32ns_32ns_32_5_max_dsp_1_U105/ce_r_reg)
INFO: [Synth 8-3333] propagating constant 1 across sequential element (fmul_32ns_32ns_32_5_max_dsp_1_U99/ce_r_reg)
INFO: [Synth 8-3333] propagating constant 1 across sequential element (fmul_32ns_32ns_32_5_max_dsp_1_U96/ce_r_reg)
INFO: [Synth 8-3333] propagating constant 1 across sequential element (fmul_32ns_32ns_32_5_max_dsp_1_U81/ce_r_reg)
INFO: [Synth 8-3333] propagating constant 0 across sequential element (fadd_32ns_32ns_32_6_no_dsp_1_U63/vision_gemm_fadd_32ns_32ns_32_6_no_dsp_1_ip_u/inst/i_synth/\ADDSUB_OP.ADDSUB /\LOGIC_SPEED.OP /ALIGN_BLK/ALIGN_SHIFT/ALIGN_Z_D/\MUX_LOOP[2].SKEW_DIST_DEL.DEL_DIST /i_pipe/\opt_has_pipe.first_q_reg[1] )
INFO: [Synth 8-3333] propagating constant 0 across sequential element (fadd_32ns_32ns_32_6_no_dsp_1_U53/vision_gemm_fadd_32ns_32ns_32_6_no_dsp_1_ip_u/inst/i_synth/\ADDSUB_OP.ADDSUB /\LOGIC_SPEED.OP /ALIGN_BLK/ALIGN_SHIFT/ALIGN_Z_D/\MUX_LOOP[2].SKEW_DIST_DEL.DEL_DIST /i_pipe/\opt_has_pipe.first_q_reg[1] )
INFO: [Synth 8-3333] propagating constant 0 across sequential element (fadd_32ns_32ns_32_6_no_dsp_1_U47/vision_gemm_fadd_32ns_32ns_32_6_no_dsp_1_ip_u/inst/i_synth/\ADDSUB_OP.ADDSUB /\LOGIC_SPEED.OP /ALIGN_BLK/ALIGN_SHIFT/ALIGN_Z_D/\MUX_LOOP[2].SKEW_DIST_DEL.DEL_DIST /i_pipe/\opt_has_pipe.first_q_reg[1] )
INFO: [Synth 8-3333] propagating constant 0 across sequential element (fadd_32ns_32ns_32_6_no_dsp_1_U44/vision_gemm_fadd_32ns_32ns_32_6_no_dsp_1_ip_u/inst/i_synth/\ADDSUB_OP.ADDSUB /\LOGIC_SPEED.OP /ALIGN_BLK/ALIGN_SHIFT/ALIGN_Z_D/\MUX_LOOP[2].SKEW_DIST_DEL.DEL_DIST /i_pipe/\opt_has_pipe.first_q_reg[1] )
INFO: [Synth 8-3333] propagating constant 0 across sequential element (fadd_32ns_32ns_32_6_no_dsp_1_U29/vision_gemm_fadd_32ns_32ns_32_6_no_dsp_1_ip_u/inst/i_synth/\ADDSUB_OP.ADDSUB /\LOGIC_SPEED.OP /ALIGN_BLK/ALIGN_SHIFT/ALIGN_Z_D/\MUX_LOOP[2].SKEW_DIST_DEL.DEL_DIST /i_pipe/\opt_has_pipe.first_q_reg[1] )
INFO: [Synth 8-3333] propagating constant 1 across sequential element (fadd_32ns_32ns_32_6_no_dsp_1_U63/ce_r_reg)
INFO: [Synth 8-3333] propagating constant 1 across sequential element (fadd_32ns_32ns_32_6_no_dsp_1_U53/ce_r_reg)
INFO: [Synth 8-3333] propagating constant 1 across sequential element (fadd_32ns_32ns_32_6_no_dsp_1_U47/ce_r_reg)
INFO: [Synth 8-3333] propagating constant 1 across sequential element (fadd_32ns_32ns_32_6_no_dsp_1_U44/ce_r_reg)
INFO: [Synth 8-3333] propagating constant 1 across sequential element (fmul_32ns_32ns_32_5_max_dsp_1_U87/ce_r_reg)
INFO: [Synth 8-3333] propagating constant 1 across sequential element (fadd_32ns_32ns_32_6_no_dsp_1_U29/ce_r_reg)
INFO: [Synth 8-3333] propagating constant 1 across sequential element (fmul_32ns_32ns_32_5_max_dsp_1_U104/ce_r_reg)
INFO: [Synth 8-3333] propagating constant 1 across sequential element (fmul_32ns_32ns_32_5_max_dsp_1_U108/ce_r_reg)
INFO: [Synth 8-3333] propagating constant 1 across sequential element (fmul_32ns_32ns_32_5_max_dsp_1_U110/ce_r_reg)
INFO: [Common 17-14] Message 'Synth 8-7129' appears 100 times and further instances of the messages will be disabled. Use the Tcl command set_msg_config to change the current settings.
INFO: [Synth 8-3333] propagating constant 1 across sequential element (fmul_32ns_32ns_32_5_max_dsp_1_U107/ce_r_reg)
INFO: [Synth 8-3333] propagating constant 1 across sequential element (fmul_32ns_32ns_32_5_max_dsp_1_U101/ce_r_reg)
INFO: [Synth 8-3333] propagating constant 1 across sequential element (fmul_32ns_32ns_32_5_max_dsp_1_U94/ce_r_reg)
INFO: [Synth 8-3333] propagating constant 1 across sequential element (fmul_32ns_32ns_32_5_max_dsp_1_U83/ce_r_reg)
INFO: [Synth 8-3333] propagating constant 1 across sequential element (fmul_32ns_32ns_32_5_max_dsp_1_U76/ce_r_reg)
INFO: [Synth 8-3333] propagating constant 1 across sequential element (fmul_32ns_32ns_32_5_max_dsp_1_U75/ce_r_reg)
INFO: [Synth 8-3333] propagating constant 1 across sequential element (fmul_32ns_32ns_32_5_max_dsp_1_U71/ce_r_reg)
INFO: [Synth 8-3333] propagating constant 0 across sequential element (fadd_32ns_32ns_32_6_no_dsp_1_U55/vision_gemm_fadd_32ns_32ns_32_6_no_dsp_1_ip_u/inst/i_synth/\ADDSUB_OP.ADDSUB /\LOGIC_SPEED.OP /ALIGN_BLK/ALIGN_SHIFT/ALIGN_Z_D/\MUX_LOOP[2].SKEW_DIST_DEL.DEL_DIST /i_pipe/\opt_has_pipe.first_q_reg[1] )
INFO: [Synth 8-3333] propagating constant 0 across sequential element (fadd_32ns_32ns_32_6_no_dsp_1_U49/vision_gemm_fadd_32ns_32ns_32_6_no_dsp_1_ip_u/inst/i_synth/\ADDSUB_OP.ADDSUB /\LOGIC_SPEED.OP /ALIGN_BLK/ALIGN_SHIFT/ALIGN_Z_D/\MUX_LOOP[2].SKEW_DIST_DEL.DEL_DIST /i_pipe/\opt_has_pipe.first_q_reg[1] )
INFO: [Synth 8-3333] propagating constant 0 across sequential element (fadd_32ns_32ns_32_6_no_dsp_1_U42/vision_gemm_fadd_32ns_32ns_32_6_no_dsp_1_ip_u/inst/i_synth/\ADDSUB_OP.ADDSUB /\LOGIC_SPEED.OP /ALIGN_BLK/ALIGN_SHIFT/ALIGN_Z_D/\MUX_LOOP[2].SKEW_DIST_DEL.DEL_DIST /i_pipe/\opt_has_pipe.first_q_reg[1] )
INFO: [Synth 8-3333] propagating constant 0 across sequential element (fadd_32ns_32ns_32_6_no_dsp_1_U31/vision_gemm_fadd_32ns_32ns_32_6_no_dsp_1_ip_u/inst/i_synth/\ADDSUB_OP.ADDSUB /\LOGIC_SPEED.OP /ALIGN_BLK/ALIGN_SHIFT/ALIGN_Z_D/\MUX_LOOP[2].SKEW_DIST_DEL.DEL_DIST /i_pipe/\opt_has_pipe.first_q_reg[1] )
INFO: [Synth 8-3333] propagating constant 0 across sequential element (fadd_32ns_32ns_32_6_no_dsp_1_U24/vision_gemm_fadd_32ns_32ns_32_6_no_dsp_1_ip_u/inst/i_synth/\ADDSUB_OP.ADDSUB /\LOGIC_SPEED.OP /ALIGN_BLK/ALIGN_SHIFT/ALIGN_Z_D/\MUX_LOOP[2].SKEW_DIST_DEL.DEL_DIST /i_pipe/\opt_has_pipe.first_q_reg[1] )
INFO: [Synth 8-3333] propagating constant 0 across sequential element (fadd_32ns_32ns_32_6_no_dsp_1_U23/vision_gemm_fadd_32ns_32ns_32_6_no_dsp_1_ip_u/inst/i_synth/\ADDSUB_OP.ADDSUB /\LOGIC_SPEED.OP /ALIGN_BLK/ALIGN_SHIFT/ALIGN_Z_D/\MUX_LOOP[2].SKEW_DIST_DEL.DEL_DIST /i_pipe/\opt_has_pipe.first_q_reg[1] )
INFO: [Synth 8-3333] propagating constant 0 across sequential element (fadd_32ns_32ns_32_6_no_dsp_1_U19/vision_gemm_fadd_32ns_32ns_32_6_no_dsp_1_ip_u/inst/i_synth/\ADDSUB_OP.ADDSUB /\LOGIC_SPEED.OP /ALIGN_BLK/ALIGN_SHIFT/ALIGN_Z_D/\MUX_LOOP[2].SKEW_DIST_DEL.DEL_DIST /i_pipe/\opt_has_pipe.first_q_reg[1] )
INFO: [Synth 8-3333] propagating constant 1 across sequential element (fadd_32ns_32ns_32_6_no_dsp_1_U55/ce_r_reg)
INFO: [Synth 8-3333] propagating constant 1 across sequential element (fadd_32ns_32ns_32_6_no_dsp_1_U49/ce_r_reg)
INFO: [Synth 8-3333] propagating constant 1 across sequential element (fadd_32ns_32ns_32_6_no_dsp_1_U42/ce_r_reg)
INFO: [Synth 8-3333] propagating constant 1 across sequential element (fadd_32ns_32ns_32_6_no_dsp_1_U31/ce_r_reg)
INFO: [Synth 8-3333] propagating constant 1 across sequential element (fadd_32ns_32ns_32_6_no_dsp_1_U24/ce_r_reg)
INFO: [Synth 8-3333] propagating constant 1 across sequential element (fadd_32ns_32ns_32_6_no_dsp_1_U23/ce_r_reg)
INFO: [Common 17-14] Message 'Synth 8-3333' appears 100 times and further instances of the messages will be disabled. Use the Tcl command set_msg_config to change the current settings.
INFO: [Common 17-14] Message 'Synth 8-7129' appears 100 times and further instances of the messages will be disabled. Use the Tcl command set_msg_config to change the current settings.
INFO: [Common 17-14] Message 'Synth 8-7129' appears 100 times and further instances of the messages will be disabled. Use the Tcl command set_msg_config to change the current settings.
INFO: [Common 17-14] Message 'Synth 8-7129' appears 100 times and further instances of the messages will be disabled. Use the Tcl command set_msg_config to change the current settings.
INFO: [Common 17-14] Message 'Synth 8-7129' appears 100 times and further instances of the messages will be disabled. Use the Tcl command set_msg_config to change the current settings.
INFO: [Synth 8-5546] ROM "SHIFT_TABLE[0]" won't be mapped to RAM because it is too sparse
INFO: [Synth 8-5546] ROM "SHIFT_TABLE[0]" won't be mapped to RAM because it is too sparse
INFO: [Synth 8-5546] ROM "SHIFT_TABLE[0]" won't be mapped to RAM because it is too sparse
INFO: [Synth 8-5546] ROM "SHIFT_TABLE[0]" won't be mapped to RAM because it is too sparse
INFO: [Common 17-14] Message 'Synth 8-3886' appears 100 times and further instances of the messages will be disabled. Use the Tcl command set_msg_config to change the current settings.
INFO: [Synth 8-3332] Sequential element (dist_norm_reg[1]) is unused and will be removed from module lead_zero_encode_shift__1.
INFO: [Synth 8-3332] Sequential element (dist_norm_reg[0]) is unused and will be removed from module lead_zero_encode_shift__1.
INFO: [Synth 8-3332] Sequential element (dist_norm_reg[1]) is unused and will be removed from module lead_zero_encode_shift__2.
INFO: [Synth 8-3332] Sequential element (dist_norm_reg[0]) is unused and will be removed from module lead_zero_encode_shift__2.
INFO: [Synth 8-3332] Sequential element (dist_norm_reg[1]) is unused and will be removed from module lead_zero_encode_shift__3.
INFO: [Synth 8-3332] Sequential element (dist_norm_reg[0]) is unused and will be removed from module lead_zero_encode_shift__3.
INFO: [Synth 8-3332] Sequential element (dist_norm_reg[1]) is unused and will be removed from module lead_zero_encode_shift__4.
INFO: [Synth 8-3332] Sequential element (dist_norm_reg[0]) is unused and will be removed from module lead_zero_encode_shift__4.
INFO: [Synth 8-5546] ROM "SHIFT_TABLE[0]" won't be mapped to RAM because it is too sparse
INFO: [Synth 8-5546] ROM "SHIFT_TABLE[0]" won't be mapped to RAM because it is too sparse
INFO: [Synth 8-5546] ROM "SHIFT_TABLE[0]" won't be mapped to RAM because it is too sparse
INFO: [Synth 8-5546] ROM "SHIFT_TABLE[0]" won't be mapped to RAM because it is too sparse
INFO: [Synth 8-5546] ROM "SHIFT_TABLE[0]" won't be mapped to RAM because it is too sparse
INFO: [Synth 8-5546] ROM "SHIFT_TABLE[0]" won't be mapped to RAM because it is too sparse
INFO: [Synth 8-5546] ROM "SHIFT_TABLE[0]" won't be mapped to RAM because it is too sparse
INFO: [Synth 8-5546] ROM "SHIFT_TABLE[0]" won't be mapped to RAM because it is too sparse
INFO: [Synth 8-3332] Sequential element (dist_norm_reg[1]) is unused and will be removed from module lead_zero_encode_shift__5.
INFO: [Synth 8-3332] Sequential element (dist_norm_reg[0]) is unused and will be removed from module lead_zero_encode_shift__5.
INFO: [Synth 8-3332] Sequential element (dist_norm_reg[1]) is unused and will be removed from module lead_zero_encode_shift__6.
INFO: [Synth 8-3332] Sequential element (dist_norm_reg[0]) is unused and will be removed from module lead_zero_encode_shift__6.
INFO: [Synth 8-3332] Sequential element (dist_norm_reg[1]) is unused and will be removed from module lead_zero_encode_shift__7.
INFO: [Synth 8-3332] Sequential element (dist_norm_reg[0]) is unused and will be removed from module lead_zero_encode_shift__7.
INFO: [Synth 8-3332] Sequential element (dist_norm_reg[1]) is unused and will be removed from module lead_zero_encode_shift__8.
INFO: [Synth 8-3332] Sequential element (dist_norm_reg[0]) is unused and will be removed from module lead_zero_encode_shift__8.
INFO: [Synth 8-3332] Sequential element (dist_norm_reg[1]) is unused and will be removed from module lead_zero_encode_shift__9.
INFO: [Synth 8-3332] Sequential element (dist_norm_reg[0]) is unused and will be removed from module lead_zero_encode_shift__9.
INFO: [Synth 8-3332] Sequential element (dist_norm_reg[1]) is unused and will be removed from module lead_zero_encode_shift__10.
INFO: [Synth 8-3332] Sequential element (dist_norm_reg[0]) is unused and will be removed from module lead_zero_encode_shift__10.
INFO: [Synth 8-3332] Sequential element (dist_norm_reg[1]) is unused and will be removed from module lead_zero_encode_shift__11.
INFO: [Synth 8-3332] Sequential element (dist_norm_reg[0]) is unused and will be removed from module lead_zero_encode_shift__11.
INFO: [Synth 8-3332] Sequential element (dist_norm_reg[1]) is unused and will be removed from module lead_zero_encode_shift.
INFO: [Synth 8-3332] Sequential element (dist_norm_reg[0]) is unused and will be removed from module lead_zero_encode_shift.
WARNING: [Synth 8-3936] Found unconnected internal register 'p_reg_reg' and it is trimmed from '46' to '13' bits. [/home/zhiro/research/kv260-vlm-workers/RM02-B-hls-baseline/experiments/rm03_hls_mapping/reports/rm03_pe4x4_k16_noflat/project/solution1/syn/verilog/vision_gemm_mac_muladd_10ns_3ns_10ns_13_4_1.v:44]
WARNING: [Synth 8-3936] Found unconnected internal register 'm_reg_reg' and it is trimmed from '45' to '13' bits. [/home/zhiro/research/kv260-vlm-workers/RM02-B-hls-baseline/experiments/rm03_hls_mapping/reports/rm03_pe4x4_k16_noflat/project/solution1/syn/verilog/vision_gemm_mac_muladd_10ns_3ns_10ns_13_4_1.v:36]
WARNING: [Synth 8-3936] Found unconnected internal register 'a_reg_reg' and it is trimmed from '27' to '13' bits. [/home/zhiro/research/kv260-vlm-workers/RM02-B-hls-baseline/experiments/rm03_hls_mapping/reports/rm03_pe4x4_k16_noflat/project/solution1/syn/verilog/vision_gemm_mac_muladd_10ns_3ns_10ns_13_4_1.v:34]
WARNING: [Synth 8-3936] Found unconnected internal register 'b_reg_reg' and it is trimmed from '18' to '13' bits. [/home/zhiro/research/kv260-vlm-workers/RM02-B-hls-baseline/experiments/rm03_hls_mapping/reports/rm03_pe4x4_k16_noflat/project/solution1/syn/verilog/vision_gemm_mac_muladd_10ns_3ns_10ns_13_4_1.v:34]
DSP Report: Generating DSP p_reg_reg, operation Mode is: (C+(A2*B2)')'.
DSP Report: register b_reg_reg is absorbed into DSP p_reg_reg.
DSP Report: register a_reg_reg is absorbed into DSP p_reg_reg.
DSP Report: register p_reg_reg is absorbed into DSP p_reg_reg.
DSP Report: register m_reg_reg is absorbed into DSP p_reg_reg.
DSP Report: operator p is absorbed into DSP p_reg_reg.
DSP Report: operator m is absorbed into DSP p_reg_reg.
WARNING: [Synth 8-3936] Found unconnected internal register 'p_reg_reg' and it is trimmed from '46' to '12' bits. [/home/zhiro/research/kv260-vlm-workers/RM02-B-hls-baseline/experiments/rm03_hls_mapping/reports/rm03_pe4x4_k16_noflat/project/solution1/syn/verilog/vision_gemm_mac_muladd_10ns_2ns_10ns_12_4_1.v:44]
WARNING: [Synth 8-3936] Found unconnected internal register 'm_reg_reg' and it is trimmed from '45' to '12' bits. [/home/zhiro/research/kv260-vlm-workers/RM02-B-hls-baseline/experiments/rm03_hls_mapping/reports/rm03_pe4x4_k16_noflat/project/solution1/syn/verilog/vision_gemm_mac_muladd_10ns_2ns_10ns_12_4_1.v:36]
WARNING: [Synth 8-3936] Found unconnected internal register 'a_reg_reg' and it is trimmed from '27' to '12' bits. [/home/zhiro/research/kv260-vlm-workers/RM02-B-hls-baseline/experiments/rm03_hls_mapping/reports/rm03_pe4x4_k16_noflat/project/solution1/syn/verilog/vision_gemm_mac_muladd_10ns_2ns_10ns_12_4_1.v:34]
WARNING: [Synth 8-3936] Found unconnected internal register 'b_reg_reg' and it is trimmed from '18' to '12' bits. [/home/zhiro/research/kv260-vlm-workers/RM02-B-hls-baseline/experiments/rm03_hls_mapping/reports/rm03_pe4x4_k16_noflat/project/solution1/syn/verilog/vision_gemm_mac_muladd_10ns_2ns_10ns_12_4_1.v:34]
DSP Report: Generating DSP p_reg_reg, operation Mode is: (C+(A2*B2)')'.
DSP Report: register b_reg_reg is absorbed into DSP p_reg_reg.
DSP Report: register a_reg_reg is absorbed into DSP p_reg_reg.
DSP Report: register p_reg_reg is absorbed into DSP p_reg_reg.
DSP Report: register m_reg_reg is absorbed into DSP p_reg_reg.
DSP Report: operator p is absorbed into DSP p_reg_reg.
DSP Report: operator m is absorbed into DSP p_reg_reg.
INFO: [Synth 8-5759] Cascade height of 1 specified for RAM '"activation_tile_3_U/ram_reg"'. This RAM won't be implemented using URAM cascade chain
INFO: [Synth 8-6833] Ram_style="hls_ultra" specified on RAM ("activation_tile_3_U/ram_reg"). This will be implemented using Non-Cascaded URAMs that could result in higher LUTs an MUX utilization. 
INFO: [Synth 8-5782] User specified cascade height of 1 will be used for URAM '"activation_tile_3_U/ram_reg"'.
INFO: [Synth 8-5759] Cascade height of 1 specified for RAM '"activation_tile_2_U/ram_reg"'. This RAM won't be implemented using URAM cascade chain
INFO: [Synth 8-6833] Ram_style="hls_ultra" specified on RAM ("activation_tile_2_U/ram_reg"). This will be implemented using Non-Cascaded URAMs that could result in higher LUTs an MUX utilization. 
INFO: [Synth 8-5782] User specified cascade height of 1 will be used for URAM '"activation_tile_2_U/ram_reg"'.
INFO: [Synth 8-5759] Cascade height of 1 specified for RAM '"activation_tile_1_U/ram_reg"'. This RAM won't be implemented using URAM cascade chain
INFO: [Synth 8-6833] Ram_style="hls_ultra" specified on RAM ("activation_tile_1_U/ram_reg"). This will be implemented using Non-Cascaded URAMs that could result in higher LUTs an MUX utilization. 
INFO: [Synth 8-5782] User specified cascade height of 1 will be used for URAM '"activation_tile_1_U/ram_reg"'.
INFO: [Synth 8-5759] Cascade height of 1 specified for RAM '"activation_tile_U/ram_reg"'. This RAM won't be implemented using URAM cascade chain
INFO: [Synth 8-6833] Ram_style="hls_ultra" specified on RAM ("activation_tile_U/ram_reg"). This will be implemented using Non-Cascaded URAMs that could result in higher LUTs an MUX utilization. 
INFO: [Synth 8-5782] User specified cascade height of 1 will be used for URAM '"activation_tile_U/ram_reg"'.
INFO: [Synth 8-5759] Cascade height of 1 specified for RAM '"weight_tile_3_U/ram_reg"'. This RAM won't be implemented using URAM cascade chain
INFO: [Synth 8-6833] Ram_style="hls_ultra" specified on RAM ("weight_tile_3_U/ram_reg"). This will be implemented using Non-Cascaded URAMs that could result in higher LUTs an MUX utilization. 
INFO: [Synth 8-5782] User specified cascade height of 1 will be used for URAM '"weight_tile_3_U/ram_reg"'.
INFO: [Synth 8-5759] Cascade height of 1 specified for RAM '"weight_tile_2_U/ram_reg"'. This RAM won't be implemented using URAM cascade chain
INFO: [Synth 8-6833] Ram_style="hls_ultra" specified on RAM ("weight_tile_2_U/ram_reg"). This will be implemented using Non-Cascaded URAMs that could result in higher LUTs an MUX utilization. 
INFO: [Synth 8-5782] User specified cascade height of 1 will be used for URAM '"weight_tile_2_U/ram_reg"'.
INFO: [Synth 8-5759] Cascade height of 1 specified for RAM '"weight_tile_1_U/ram_reg"'. This RAM won't be implemented using URAM cascade chain
INFO: [Synth 8-6833] Ram_style="hls_ultra" specified on RAM ("weight_tile_1_U/ram_reg"). This will be implemented using Non-Cascaded URAMs that could result in higher LUTs an MUX utilization. 
INFO: [Synth 8-5782] User specified cascade height of 1 will be used for URAM '"weight_tile_1_U/ram_reg"'.
INFO: [Synth 8-5759] Cascade height of 1 specified for RAM '"weight_tile_U/ram_reg"'. This RAM won't be implemented using URAM cascade chain
INFO: [Synth 8-6833] Ram_style="hls_ultra" specified on RAM ("weight_tile_U/ram_reg"). This will be implemented using Non-Cascaded URAMs that could result in higher LUTs an MUX utilization. 
INFO: [Synth 8-5782] User specified cascade height of 1 will be used for URAM '"weight_tile_U/ram_reg"'.
INFO: [Synth 8-5759] Cascade height of 1 specified for RAM '"activation_tile_3_U/ram_reg"'. This RAM won't be implemented using URAM cascade chain
INFO: [Synth 8-6833] Ram_style="hls_ultra" specified on RAM ("activation_tile_3_U/ram_reg"). This will be implemented using Non-Cascaded URAMs that could result in higher LUTs an MUX utilization. 
INFO: [Synth 8-5782] User specified cascade height of 1 will be used for URAM '"activation_tile_3_U/ram_reg"'.
INFO: [Synth 8-5759] Cascade height of 1 specified for RAM '"activation_tile_2_U/ram_reg"'. This RAM won't be implemented using URAM cascade chain
INFO: [Synth 8-6833] Ram_style="hls_ultra" specified on RAM ("activation_tile_2_U/ram_reg"). This will be implemented using Non-Cascaded URAMs that could result in higher LUTs an MUX utilization. 
INFO: [Synth 8-5782] User specified cascade height of 1 will be used for URAM '"activation_tile_2_U/ram_reg"'.
INFO: [Synth 8-5759] Cascade height of 1 specified for RAM '"activation_tile_1_U/ram_reg"'. This RAM won't be implemented using URAM cascade chain
INFO: [Synth 8-6833] Ram_style="hls_ultra" specified on RAM ("activation_tile_1_U/ram_reg"). This will be implemented using Non-Cascaded URAMs that could result in higher LUTs an MUX utilization. 
INFO: [Synth 8-5782] User specified cascade height of 1 will be used for URAM '"activation_tile_1_U/ram_reg"'.
INFO: [Synth 8-5759] Cascade height of 1 specified for RAM '"activation_tile_U/ram_reg"'. This RAM won't be implemented using URAM cascade chain
INFO: [Synth 8-6833] Ram_style="hls_ultra" specified on RAM ("activation_tile_U/ram_reg"). This will be implemented using Non-Cascaded URAMs that could result in higher LUTs an MUX utilization. 
INFO: [Synth 8-5782] User specified cascade height of 1 will be used for URAM '"activation_tile_U/ram_reg"'.
INFO: [Synth 8-5759] Cascade height of 1 specified for RAM '"weight_tile_3_U/ram_reg"'. This RAM won't be implemented using URAM cascade chain
INFO: [Synth 8-6833] Ram_style="hls_ultra" specified on RAM ("weight_tile_3_U/ram_reg"). This will be implemented using Non-Cascaded URAMs that could result in higher LUTs an MUX utilization. 
INFO: [Synth 8-5782] User specified cascade height of 1 will be used for URAM '"weight_tile_3_U/ram_reg"'.
INFO: [Synth 8-5759] Cascade height of 1 specified for RAM '"weight_tile_2_U/ram_reg"'. This RAM won't be implemented using URAM cascade chain
INFO: [Synth 8-6833] Ram_style="hls_ultra" specified on RAM ("weight_tile_2_U/ram_reg"). This will be implemented using Non-Cascaded URAMs that could result in higher LUTs an MUX utilization. 
INFO: [Synth 8-5782] User specified cascade height of 1 will be used for URAM '"weight_tile_2_U/ram_reg"'.
INFO: [Synth 8-5759] Cascade height of 1 specified for RAM '"weight_tile_1_U/ram_reg"'. This RAM won't be implemented using URAM cascade chain
INFO: [Synth 8-6833] Ram_style="hls_ultra" specified on RAM ("weight_tile_1_U/ram_reg"). This will be implemented using Non-Cascaded URAMs that could result in higher LUTs an MUX utilization. 
INFO: [Synth 8-5782] User specified cascade height of 1 will be used for URAM '"weight_tile_1_U/ram_reg"'.
INFO: [Synth 8-5759] Cascade height of 1 specified for RAM '"weight_tile_U/ram_reg"'. This RAM won't be implemented using URAM cascade chain
INFO: [Synth 8-6833] Ram_style="hls_ultra" specified on RAM ("weight_tile_U/ram_reg"). This will be implemented using Non-Cascaded URAMs that could result in higher LUTs an MUX utilization. 
INFO: [Synth 8-5782] User specified cascade height of 1 will be used for URAM '"weight_tile_U/ram_reg"'.
INFO: [Common 17-14] Message 'Synth 8-3886' appears 100 times and further instances of the messages will be disabled. Use the Tcl command set_msg_config to change the current settings.
WARNING: [Synth 8-3332] Sequential element (FSM_onehot_wstate_reg[0]) is unused and will be removed from module vision_gemm_control_s_axi.
WARNING: [Synth 8-3332] Sequential element (FSM_onehot_rstate_reg[0]) is unused and will be removed from module vision_gemm_control_s_axi.
---------------------------------------------------------------------------------
Finished Cross Boundary and Area Optimization : Time (s): cpu = 00:00:42 ; elapsed = 00:00:58 . Memory (MB): peak = 3161.754 ; gain = 1607.117 ; free physical = 309 ; free virtual = 22118
---------------------------------------------------------------------------------
 Sort Area is vision_gemm__GCB3 p_reg_reg_0 : 0 0 : 1357 1357 : Used 1 time 0
 Sort Area is vision_gemm__GCB3 p_reg_reg_2 : 0 0 : 1135 1135 : Used 1 time 0
No constraint files found.
---------------------------------------------------------------------------------
Start Timing Optimization
---------------------------------------------------------------------------------
---------------------------------------------------------------------------------
Finished Timing Optimization : Time (s): cpu = 00:01:50 ; elapsed = 00:01:07 . Memory (MB): peak = 3161.754 ; gain = 1607.117 ; free physical = 555 ; free virtual = 21393
---------------------------------------------------------------------------------
---------------------------------------------------------------------------------
Start Technology Mapping
---------------------------------------------------------------------------------
INFO: [Synth 8-7052] The timing for the instance i_1/result_tile_2_U/ram_reg (implemented as a Block RAM) might be sub-optimal as no optional output register could be merged into the ram block. Providing additional output register may help in improving timing.
INFO: [Synth 8-7052] The timing for the instance i_1/result_tile_3_U/ram_reg (implemented as a Block RAM) might be sub-optimal as no optional output register could be merged into the ram block. Providing additional output register may help in improving timing.
INFO: [Synth 8-7052] The timing for the instance i_1/result_tile_6_U/ram_reg (implemented as a Block RAM) might be sub-optimal as no optional output register could be merged into the ram block. Providing additional output register may help in improving timing.
INFO: [Synth 8-7052] The timing for the instance i_1/result_tile_7_U/ram_reg (implemented as a Block RAM) might be sub-optimal as no optional output register could be merged into the ram block. Providing additional output register may help in improving timing.
INFO: [Synth 8-7052] The timing for the instance i_1/result_tile_10_U/ram_reg (implemented as a Block RAM) might be sub-optimal as no optional output register could be merged into the ram block. Providing additional output register may help in improving timing.
INFO: [Synth 8-7052] The timing for the instance i_1/result_tile_11_U/ram_reg (implemented as a Block RAM) might be sub-optimal as no optional output register could be merged into the ram block. Providing additional output register may help in improving timing.
INFO: [Synth 8-7052] The timing for the instance i_1/result_tile_14_U/ram_reg (implemented as a Block RAM) might be sub-optimal as no optional output register could be merged into the ram block. Providing additional output register may help in improving timing.
INFO: [Synth 8-7052] The timing for the instance i_1/result_tile_15_U/ram_reg (implemented as a Block RAM) might be sub-optimal as no optional output register could be merged into the ram block. Providing additional output register may help in improving timing.
INFO: [Synth 8-7052] The timing for the instance i_1/gmem_y_m_axi_U/store_unit_0/buff_wdata/U_fifo_mem/mem_reg_0 (implemented as a Block RAM) might be sub-optimal as no optional output register could be merged into the ram block. Providing additional output register may help in improving timing.
INFO: [Synth 8-7052] The timing for the instance i_1/gmem_y_m_axi_U/store_unit_0/buff_wdata/U_fifo_mem/mem_reg_1 (implemented as a Block RAM) might be sub-optimal as no optional output register could be merged into the ram block. Providing additional output register may help in improving timing.
INFO: [Synth 8-7052] The timing for the instance i_1/gmem_y_m_axi_U/store_unit_0/buff_wdata/U_fifo_mem/mem_reg_2 (implemented as a Block RAM) might be sub-optimal as no optional output register could be merged into the ram block. Providing additional output register may help in improving timing.
INFO: [Synth 8-7052] The timing for the instance i_1/gmem_y_m_axi_U/store_unit_0/buff_wdata/U_fifo_mem/mem_reg_3 (implemented as a Block RAM) might be sub-optimal as no optional output register could be merged into the ram block. Providing additional output register may help in improving timing.
INFO: [Synth 8-7052] The timing for the instance i_2/result_tile_13_U/ram_reg (implemented as a Block RAM) might be sub-optimal as no optional output register could be merged into the ram block. Providing additional output register may help in improving timing.
INFO: [Synth 8-7052] The timing for the instance i_2/result_tile_12_U/ram_reg (implemented as a Block RAM) might be sub-optimal as no optional output register could be merged into the ram block. Providing additional output register may help in improving timing.
INFO: [Synth 8-7052] The timing for the instance i_2/result_tile_9_U/ram_reg (implemented as a Block RAM) might be sub-optimal as no optional output register could be merged into the ram block. Providing additional output register may help in improving timing.
INFO: [Synth 8-7052] The timing for the instance i_2/result_tile_8_U/ram_reg (implemented as a Block RAM) might be sub-optimal as no optional output register could be merged into the ram block. Providing additional output register may help in improving timing.
INFO: [Synth 8-7052] The timing for the instance i_2/result_tile_5_U/ram_reg (implemented as a Block RAM) might be sub-optimal as no optional output register could be merged into the ram block. Providing additional output register may help in improving timing.
INFO: [Synth 8-7052] The timing for the instance i_2/result_tile_4_U/ram_reg (implemented as a Block RAM) might be sub-optimal as no optional output register could be merged into the ram block. Providing additional output register may help in improving timing.
INFO: [Synth 8-7052] The timing for the instance i_2/result_tile_1_U/ram_reg (implemented as a Block RAM) might be sub-optimal as no optional output register could be merged into the ram block. Providing additional output register may help in improving timing.
INFO: [Synth 8-7052] The timing for the instance i_2/result_tile_U/ram_reg (implemented as a Block RAM) might be sub-optimal as no optional output register could be merged into the ram block. Providing additional output register may help in improving timing.
INFO: [Synth 8-7052] The timing for the instance i_3/gmem_x_m_axi_U/load_unit_0/buff_rdata/U_fifo_mem/mem_reg_bram_0 (implemented as a Block RAM) might be sub-optimal as no optional output register could be merged into the ram block. Providing additional output register may help in improving timing.
INFO: [Synth 8-7052] The timing for the instance i_3/gmem_x_m_axi_U/load_unit_0/buff_rdata/U_fifo_mem/mem_reg_bram_1 (implemented as a Block RAM) might be sub-optimal as no optional output register could be merged into the ram block. Providing additional output register may help in improving timing.
INFO: [Synth 8-7052] The timing for the instance i_3/gmem_x_m_axi_U/load_unit_0/buff_rdata/U_fifo_mem/mem_reg_bram_2 (implemented as a Block RAM) might be sub-optimal as no optional output register could be merged into the ram block. Providing additional output register may help in improving timing.
INFO: [Synth 8-7052] The timing for the instance i_3/gmem_x_m_axi_U/load_unit_0/buff_rdata/U_fifo_mem/mem_reg_bram_3 (implemented as a Block RAM) might be sub-optimal as no optional output register could be merged into the ram block. Providing additional output register may help in improving timing.
INFO: [Synth 8-7052] The timing for the instance i_3/gmem_x_m_axi_U/load_unit_0/buff_rdata/U_fifo_mem/mem_reg_bram_4 (implemented as a Block RAM) might be sub-optimal as no optional output register could be merged into the ram block. Providing additional output register may help in improving timing.
INFO: [Synth 8-7052] The timing for the instance i_3/gmem_x_m_axi_U/load_unit_0/buff_rdata/U_fifo_mem/mem_reg_bram_5 (implemented as a Block RAM) might be sub-optimal as no optional output register could be merged into the ram block. Providing additional output register may help in improving timing.
INFO: [Synth 8-7052] The timing for the instance i_3/gmem_x_m_axi_U/load_unit_0/buff_rdata/U_fifo_mem/mem_reg_bram_6 (implemented as a Block RAM) might be sub-optimal as no optional output register could be merged into the ram block. Providing additional output register may help in improving timing.
INFO: [Synth 8-7052] The timing for the instance i_3/gmem_x_m_axi_U/load_unit_0/buff_rdata/U_fifo_mem/mem_reg_bram_7 (implemented as a Block RAM) might be sub-optimal as no optional output register could be merged into the ram block. Providing additional output register may help in improving timing.
INFO: [Synth 8-7052] The timing for the instance i_3/gmem_w_m_axi_U/load_unit_0/buff_rdata/U_fifo_mem/mem_reg_bram_0 (implemented as a Block RAM) might be sub-optimal as no optional output register could be merged into the ram block. Providing additional output register may help in improving timing.
INFO: [Synth 8-7052] The timing for the instance i_3/gmem_w_m_axi_U/load_unit_0/buff_rdata/U_fifo_mem/mem_reg_bram_1 (implemented as a Block RAM) might be sub-optimal as no optional output register could be merged into the ram block. Providing additional output register may help in improving timing.
INFO: [Synth 8-7052] The timing for the instance i_3/gmem_w_m_axi_U/load_unit_0/buff_rdata/U_fifo_mem/mem_reg_bram_2 (implemented as a Block RAM) might be sub-optimal as no optional output register could be merged into the ram block. Providing additional output register may help in improving timing.
INFO: [Synth 8-7052] The timing for the instance i_3/gmem_w_m_axi_U/load_unit_0/buff_rdata/U_fifo_mem/mem_reg_bram_3 (implemented as a Block RAM) might be sub-optimal as no optional output register could be merged into the ram block. Providing additional output register may help in improving timing.
INFO: [Synth 8-7052] The timing for the instance i_3/activation_tile_3_U/ram_reg_uram_2 (implemented as a Ultra RAM) might be sub-optimal as no optional output register could be merged into the ram block. Providing additional output register may help in improving timing.
INFO: [Synth 8-7052] The timing for the instance i_3/activation_tile_3_U/ram_reg_uram_2 (implemented as a Ultra RAM) might be sub-optimal as no optional output register could be merged into the ram block. Providing additional output register may help in improving timing.
INFO: [Synth 8-7052] The timing for the instance i_3/activation_tile_3_U/ram_reg_uram_3 (implemented as a Ultra RAM) might be sub-optimal as no optional output register could be merged into the ram block. Providing additional output register may help in improving timing.
INFO: [Synth 8-7052] The timing for the instance i_3/activation_tile_3_U/ram_reg_uram_3 (implemented as a Ultra RAM) might be sub-optimal as no optional output register could be merged into the ram block. Providing additional output register may help in improving timing.
INFO: [Synth 8-7052] The timing for the instance i_3/activation_tile_3_U/ram_reg_uram_6 (implemented as a Ultra RAM) might be sub-optimal as no optional output register could be merged into the ram block. Providing additional output register may help in improving timing.
INFO: [Synth 8-7052] The timing for the instance i_3/activation_tile_3_U/ram_reg_uram_6 (implemented as a Ultra RAM) might be sub-optimal as no optional output register could be merged into the ram block. Providing additional output register may help in improving timing.
INFO: [Synth 8-7052] The timing for the instance i_3/activation_tile_3_U/ram_reg_uram_7 (implemented as a Ultra RAM) might be sub-optimal as no optional output register could be merged into the ram block. Providing additional output register may help in improving timing.
INFO: [Synth 8-7052] The timing for the instance i_3/activation_tile_3_U/ram_reg_uram_7 (implemented as a Ultra RAM) might be sub-optimal as no optional output register could be merged into the ram block. Providing additional output register may help in improving timing.
INFO: [Synth 8-7052] The timing for the instance i_3/activation_tile_3_U/ram_reg_uram_10 (implemented as a Ultra RAM) might be sub-optimal as no optional output register could be merged into the ram block. Providing additional output register may help in improving timing.
INFO: [Synth 8-7052] The timing for the instance i_3/activation_tile_3_U/ram_reg_uram_10 (implemented as a Ultra RAM) might be sub-optimal as no optional output register could be merged into the ram block. Providing additional output register may help in improving timing.
INFO: [Synth 8-7052] The timing for the instance i_3/activation_tile_3_U/ram_reg_uram_11 (implemented as a Ultra RAM) might be sub-optimal as no optional output register could be merged into the ram block. Providing additional output register may help in improving timing.
INFO: [Synth 8-7052] The timing for the instance i_3/activation_tile_3_U/ram_reg_uram_11 (implemented as a Ultra RAM) might be sub-optimal as no optional output register could be merged into the ram block. Providing additional output register may help in improving timing.
INFO: [Synth 8-7052] The timing for the instance i_3/activation_tile_3_U/ram_reg_uram_14 (implemented as a Ultra RAM) might be sub-optimal as no optional output register could be merged into the ram block. Providing additional output register may help in improving timing.
INFO: [Synth 8-7052] The timing for the instance i_3/activation_tile_3_U/ram_reg_uram_14 (implemented as a Ultra RAM) might be sub-optimal as no optional output register could be merged into the ram block. Providing additional output register may help in improving timing.
INFO: [Synth 8-7052] The timing for the instance i_3/activation_tile_3_U/ram_reg_uram_15 (implemented as a Ultra RAM) might be sub-optimal as no optional output register could be merged into the ram block. Providing additional output register may help in improving timing.
INFO: [Synth 8-7052] The timing for the instance i_3/activation_tile_3_U/ram_reg_uram_15 (implemented as a Ultra RAM) might be sub-optimal as no optional output register could be merged into the ram block. Providing additional output register may help in improving timing.
INFO: [Synth 8-7052] The timing for the instance i_3/activation_tile_2_U/ram_reg_uram_2 (implemented as a Ultra RAM) might be sub-optimal as no optional output register could be merged into the ram block. Providing additional output register may help in improving timing.
INFO: [Synth 8-7052] The timing for the instance i_3/activation_tile_2_U/ram_reg_uram_2 (implemented as a Ultra RAM) might be sub-optimal as no optional output register could be merged into the ram block. Providing additional output register may help in improving timing.
INFO: [Synth 8-7052] The timing for the instance i_3/activation_tile_2_U/ram_reg_uram_3 (implemented as a Ultra RAM) might be sub-optimal as no optional output register could be merged into the ram block. Providing additional output register may help in improving timing.
INFO: [Synth 8-7052] The timing for the instance i_3/activation_tile_2_U/ram_reg_uram_3 (implemented as a Ultra RAM) might be sub-optimal as no optional output register could be merged into the ram block. Providing additional output register may help in improving timing.
INFO: [Synth 8-7052] The timing for the instance i_3/activation_tile_2_U/ram_reg_uram_6 (implemented as a Ultra RAM) might be sub-optimal as no optional output register could be merged into the ram block. Providing additional output register may help in improving timing.
INFO: [Synth 8-7052] The timing for the instance i_3/activation_tile_2_U/ram_reg_uram_6 (implemented as a Ultra RAM) might be sub-optimal as no optional output register could be merged into the ram block. Providing additional output register may help in improving timing.
INFO: [Synth 8-7052] The timing for the instance i_3/activation_tile_2_U/ram_reg_uram_7 (implemented as a Ultra RAM) might be sub-optimal as no optional output register could be merged into the ram block. Providing additional output register may help in improving timing.
INFO: [Synth 8-7052] The timing for the instance i_3/activation_tile_2_U/ram_reg_uram_7 (implemented as a Ultra RAM) might be sub-optimal as no optional output register could be merged into the ram block. Providing additional output register may help in improving timing.
INFO: [Synth 8-7052] The timing for the instance i_3/activation_tile_2_U/ram_reg_uram_10 (implemented as a Ultra RAM) might be sub-optimal as no optional output register could be merged into the ram block. Providing additional output register may help in improving timing.
INFO: [Synth 8-7052] The timing for the instance i_3/activation_tile_2_U/ram_reg_uram_10 (implemented as a Ultra RAM) might be sub-optimal as no optional output register could be merged into the ram block. Providing additional output register may help in improving timing.
INFO: [Synth 8-7052] The timing for the instance i_3/activation_tile_2_U/ram_reg_uram_11 (implemented as a Ultra RAM) might be sub-optimal as no optional output register could be merged into the ram block. Providing additional output register may help in improving timing.
INFO: [Synth 8-7052] The timing for the instance i_3/activation_tile_2_U/ram_reg_uram_11 (implemented as a Ultra RAM) might be sub-optimal as no optional output register could be merged into the ram block. Providing additional output register may help in improving timing.
INFO: [Synth 8-7052] The timing for the instance i_3/activation_tile_2_U/ram_reg_uram_14 (implemented as a Ultra RAM) might be sub-optimal as no optional output register could be merged into the ram block. Providing additional output register may help in improving timing.
INFO: [Synth 8-7052] The timing for the instance i_3/activation_tile_2_U/ram_reg_uram_14 (implemented as a Ultra RAM) might be sub-optimal as no optional output register could be merged into the ram block. Providing additional output register may help in improving timing.
INFO: [Synth 8-7052] The timing for the instance i_3/activation_tile_2_U/ram_reg_uram_15 (implemented as a Ultra RAM) might be sub-optimal as no optional output register could be merged into the ram block. Providing additional output register may help in improving timing.
INFO: [Synth 8-7052] The timing for the instance i_3/activation_tile_2_U/ram_reg_uram_15 (implemented as a Ultra RAM) might be sub-optimal as no optional output register could be merged into the ram block. Providing additional output register may help in improving timing.
INFO: [Synth 8-7052] The timing for the instance i_3/activation_tile_1_U/ram_reg_uram_2 (implemented as a Ultra RAM) might be sub-optimal as no optional output register could be merged into the ram block. Providing additional output register may help in improving timing.
INFO: [Synth 8-7052] The timing for the instance i_3/activation_tile_1_U/ram_reg_uram_2 (implemented as a Ultra RAM) might be sub-optimal as no optional output register could be merged into the ram block. Providing additional output register may help in improving timing.
INFO: [Synth 8-7052] The timing for the instance i_3/activation_tile_1_U/ram_reg_uram_3 (implemented as a Ultra RAM) might be sub-optimal as no optional output register could be merged into the ram block. Providing additional output register may help in improving timing.
INFO: [Synth 8-7052] The timing for the instance i_3/activation_tile_1_U/ram_reg_uram_3 (implemented as a Ultra RAM) might be sub-optimal as no optional output register could be merged into the ram block. Providing additional output register may help in improving timing.
INFO: [Synth 8-7052] The timing for the instance i_3/activation_tile_1_U/ram_reg_uram_6 (implemented as a Ultra RAM) might be sub-optimal as no optional output register could be merged into the ram block. Providing additional output register may help in improving timing.
INFO: [Synth 8-7052] The timing for the instance i_3/activation_tile_1_U/ram_reg_uram_6 (implemented as a Ultra RAM) might be sub-optimal as no optional output register could be merged into the ram block. Providing additional output register may help in improving timing.
INFO: [Synth 8-7052] The timing for the instance i_3/activation_tile_1_U/ram_reg_uram_7 (implemented as a Ultra RAM) might be sub-optimal as no optional output register could be merged into the ram block. Providing additional output register may help in improving timing.
INFO: [Synth 8-7052] The timing for the instance i_3/activation_tile_1_U/ram_reg_uram_7 (implemented as a Ultra RAM) might be sub-optimal as no optional output register could be merged into the ram block. Providing additional output register may help in improving timing.
INFO: [Synth 8-7052] The timing for the instance i_3/activation_tile_1_U/ram_reg_uram_10 (implemented as a Ultra RAM) might be sub-optimal as no optional output register could be merged into the ram block. Providing additional output register may help in improving timing.
INFO: [Synth 8-7052] The timing for the instance i_3/activation_tile_1_U/ram_reg_uram_10 (implemented as a Ultra RAM) might be sub-optimal as no optional output register could be merged into the ram block. Providing additional output register may help in improving timing.
INFO: [Synth 8-7052] The timing for the instance i_3/activation_tile_1_U/ram_reg_uram_11 (implemented as a Ultra RAM) might be sub-optimal as no optional output register could be merged into the ram block. Providing additional output register may help in improving timing.
INFO: [Synth 8-7052] The timing for the instance i_3/activation_tile_1_U/ram_reg_uram_11 (implemented as a Ultra RAM) might be sub-optimal as no optional output register could be merged into the ram block. Providing additional output register may help in improving timing.
INFO: [Synth 8-7052] The timing for the instance i_3/activation_tile_1_U/ram_reg_uram_14 (implemented as a Ultra RAM) might be sub-optimal as no optional output register could be merged into the ram block. Providing additional output register may help in improving timing.
INFO: [Synth 8-7052] The timing for the instance i_3/activation_tile_1_U/ram_reg_uram_14 (implemented as a Ultra RAM) might be sub-optimal as no optional output register could be merged into the ram block. Providing additional output register may help in improving timing.
INFO: [Synth 8-7052] The timing for the instance i_3/activation_tile_1_U/ram_reg_uram_15 (implemented as a Ultra RAM) might be sub-optimal as no optional output register could be merged into the ram block. Providing additional output register may help in improving timing.
INFO: [Synth 8-7052] The timing for the instance i_3/activation_tile_1_U/ram_reg_uram_15 (implemented as a Ultra RAM) might be sub-optimal as no optional output register could be merged into the ram block. Providing additional output register may help in improving timing.
INFO: [Synth 8-7052] The timing for the instance i_3/activation_tile_U/ram_reg_uram_2 (implemented as a Ultra RAM) might be sub-optimal as no optional output register could be merged into the ram block. Providing additional output register may help in improving timing.
INFO: [Synth 8-7052] The timing for the instance i_3/activation_tile_U/ram_reg_uram_2 (implemented as a Ultra RAM) might be sub-optimal as no optional output register could be merged into the ram block. Providing additional output register may help in improving timing.
INFO: [Synth 8-7052] The timing for the instance i_3/activation_tile_U/ram_reg_uram_3 (implemented as a Ultra RAM) might be sub-optimal as no optional output register could be merged into the ram block. Providing additional output register may help in improving timing.
INFO: [Synth 8-7052] The timing for the instance i_3/activation_tile_U/ram_reg_uram_3 (implemented as a Ultra RAM) might be sub-optimal as no optional output register could be merged into the ram block. Providing additional output register may help in improving timing.
INFO: [Synth 8-7052] The timing for the instance i_3/activation_tile_U/ram_reg_uram_6 (implemented as a Ultra RAM) might be sub-optimal as no optional output register could be merged into the ram block. Providing additional output register may help in improving timing.
INFO: [Synth 8-7052] The timing for the instance i_3/activation_tile_U/ram_reg_uram_6 (implemented as a Ultra RAM) might be sub-optimal as no optional output register could be merged into the ram block. Providing additional output register may help in improving timing.
INFO: [Synth 8-7052] The timing for the instance i_3/activation_tile_U/ram_reg_uram_7 (implemented as a Ultra RAM) might be sub-optimal as no optional output register could be merged into the ram block. Providing additional output register may help in improving timing.
INFO: [Synth 8-7052] The timing for the instance i_3/activation_tile_U/ram_reg_uram_7 (implemented as a Ultra RAM) might be sub-optimal as no optional output register could be merged into the ram block. Providing additional output register may help in improving timing.
INFO: [Synth 8-7052] The timing for the instance i_3/activation_tile_U/ram_reg_uram_10 (implemented as a Ultra RAM) might be sub-optimal as no optional output register could be merged into the ram block. Providing additional output register may help in improving timing.
INFO: [Synth 8-7052] The timing for the instance i_3/activation_tile_U/ram_reg_uram_10 (implemented as a Ultra RAM) might be sub-optimal as no optional output register could be merged into the ram block. Providing additional output register may help in improving timing.
INFO: [Synth 8-7052] The timing for the instance i_3/activation_tile_U/ram_reg_uram_11 (implemented as a Ultra RAM) might be sub-optimal as no optional output register could be merged into the ram block. Providing additional output register may help in improving timing.
INFO: [Synth 8-7052] The timing for the instance i_3/activation_tile_U/ram_reg_uram_11 (implemented as a Ultra RAM) might be sub-optimal as no optional output register could be merged into the ram block. Providing additional output register may help in improving timing.
INFO: [Synth 8-7052] The timing for the instance i_3/activation_tile_U/ram_reg_uram_14 (implemented as a Ultra RAM) might be sub-optimal as no optional output register could be merged into the ram block. Providing additional output register may help in improving timing.
INFO: [Synth 8-7052] The timing for the instance i_3/activation_tile_U/ram_reg_uram_14 (implemented as a Ultra RAM) might be sub-optimal as no optional output register could be merged into the ram block. Providing additional output register may help in improving timing.
INFO: [Synth 8-7052] The timing for the instance i_3/activation_tile_U/ram_reg_uram_15 (implemented as a Ultra RAM) might be sub-optimal as no optional output register could be merged into the ram block. Providing additional output register may help in improving timing.
INFO: [Synth 8-7052] The timing for the instance i_3/activation_tile_U/ram_reg_uram_15 (implemented as a Ultra RAM) might be sub-optimal as no optional output register could be merged into the ram block. Providing additional output register may help in improving timing.
INFO: [Synth 8-7052] The timing for the instance i_3/weight_tile_3_U/ram_reg_uram_0 (implemented as a Ultra RAM) might be sub-optimal as no optional output register could be merged into the ram block. Providing additional output register may help in improving timing.
INFO: [Synth 8-7052] The timing for the instance i_3/weight_tile_3_U/ram_reg_uram_0 (implemented as a Ultra RAM) might be sub-optimal as no optional output register could be merged into the ram block. Providing additional output register may help in improving timing.
INFO: [Synth 8-7052] The timing for the instance i_3/weight_tile_3_U/ram_reg_uram_1 (implemented as a Ultra RAM) might be sub-optimal as no optional output register could be merged into the ram block. Providing additional output register may help in improving timing.
INFO: [Synth 8-7052] The timing for the instance i_3/weight_tile_3_U/ram_reg_uram_1 (implemented as a Ultra RAM) might be sub-optimal as no optional output register could be merged into the ram block. Providing additional output register may help in improving timing.
INFO: [Common 17-14] Message 'Synth 8-7052' appears 100 times and further instances of the messages will be disabled. Use the Tcl command set_msg_config to change the current settings.
---------------------------------------------------------------------------------
Finished Technology Mapping : Time (s): cpu = 00:01:56 ; elapsed = 00:01:12 . Memory (MB): peak = 3169.758 ; gain = 1615.121 ; free physical = 398 ; free virtual = 21238
---------------------------------------------------------------------------------
---------------------------------------------------------------------------------
Start IO Insertion
---------------------------------------------------------------------------------
---------------------------------------------------------------------------------
Start Final Netlist Cleanup
---------------------------------------------------------------------------------
---------------------------------------------------------------------------------
Finished Final Netlist Cleanup
---------------------------------------------------------------------------------
---------------------------------------------------------------------------------
Finished IO Insertion : Time (s): cpu = 00:02:05 ; elapsed = 00:01:21 . Memory (MB): peak = 3183.609 ; gain = 1628.973 ; free physical = 335 ; free virtual = 21269
---------------------------------------------------------------------------------
---------------------------------------------------------------------------------
Start Renaming Generated Instances
---------------------------------------------------------------------------------
---------------------------------------------------------------------------------
Finished Renaming Generated Instances : Time (s): cpu = 00:02:05 ; elapsed = 00:01:22 . Memory (MB): peak = 3183.609 ; gain = 1628.973 ; free physical = 378 ; free virtual = 21312
---------------------------------------------------------------------------------
---------------------------------------------------------------------------------
Start Handling Custom Attributes
---------------------------------------------------------------------------------
---------------------------------------------------------------------------------
Finished Handling Custom Attributes : Time (s): cpu = 00:02:08 ; elapsed = 00:01:24 . Memory (MB): peak = 3183.609 ; gain = 1628.973 ; free physical = 393 ; free virtual = 21323
---------------------------------------------------------------------------------
---------------------------------------------------------------------------------
Start Writing Synthesis Report
---------------------------------------------------------------------------------

DSP Final Report (the ' indicates corresponding REG is set)
+----------------------------------------------------+-------------------+--------+--------+--------+--------+--------+------+------+------+------+-------+------+------+
|Module Name                                         | DSP Mapping       | A Size | B Size | C Size | D Size | P Size | AREG | BREG | CREG | DREG | ADREG | MREG | PREG | 
+----------------------------------------------------+-------------------+--------+--------+--------+--------+--------+------+------+------+------+-------+------+------+
|dsp48e1_wrapper__1                                  | (A*B)'            | 24     | 17     | -      | -      | 41     | 0    | 0    | -    | -    | -     | 1    | 0    | 
|dsp48e1_wrapper__parameterized0__1                  | (PCIN>>17+A'*B')' | 0      | 7      | -      | -      | 31     | 1    | 1    | -    | -    | -     | 0    | 1    | 
|dsp48e1_wrapper__parameterized1__1                  | PCIN+A:B+C'       | 22     | 0      | -      | -      | 48     | 0    | 0    | -    | -    | -     | 0    | 0    | 
|dsp48e1_wrapper__2                                  | (A*B)'            | 24     | 17     | -      | -      | 41     | 0    | 0    | -    | -    | -     | 1    | 0    | 
|dsp48e1_wrapper__parameterized0__2                  | (PCIN>>17+A'*B')' | 0      | 7      | -      | -      | 31     | 1    | 1    | -    | -    | -     | 0    | 1    | 
|dsp48e1_wrapper__parameterized1__2                  | PCIN+A:B+C'       | 22     | 0      | -      | -      | 48     | 0    | 0    | -    | -    | -     | 0    | 0    | 
|dsp48e1_wrapper__3                                  | (A*B)'            | 24     | 17     | -      | -      | 41     | 0    | 0    | -    | -    | -     | 1    | 0    | 
|dsp48e1_wrapper__parameterized0__3                  | (PCIN>>17+A'*B')' | 0      | 7      | -      | -      | 31     | 1    | 1    | -    | -    | -     | 0    | 1    | 
|dsp48e1_wrapper__parameterized1__3                  | PCIN+A:B+C'       | 22     | 0      | -      | -      | 48     | 0    | 0    | -    | -    | -     | 0    | 0    | 
|dsp48e1_wrapper__4                                  | (A*B)'            | 24     | 17     | -      | -      | 41     | 0    | 0    | -    | -    | -     | 1    | 0    | 
|dsp48e1_wrapper__parameterized0__4                  | (PCIN>>17+A'*B')' | 0      | 7      | -      | -      | 31     | 1    | 1    | -    | -    | -     | 0    | 1    | 
|dsp48e1_wrapper__parameterized1__4                  | PCIN+A:B+C'       | 22     | 0      | -      | -      | 48     | 0    | 0    | -    | -    | -     | 0    | 0    | 
|dsp48e1_wrapper__5                                  | (A*B)'            | 24     | 17     | -      | -      | 41     | 0    | 0    | -    | -    | -     | 1    | 0    | 
|dsp48e1_wrapper__parameterized0__5                  | (PCIN>>17+A'*B')' | 0      | 7      | -      | -      | 31     | 1    | 1    | -    | -    | -     | 0    | 1    | 
|dsp48e1_wrapper__parameterized1__5                  | PCIN+A:B+C'       | 22     | 0      | -      | -      | 48     | 0    | 0    | -    | -    | -     | 0    | 0    | 
|dsp48e1_wrapper__6                                  | (A*B)'            | 24     | 17     | -      | -      | 41     | 0    | 0    | -    | -    | -     | 1    | 0    | 
|dsp48e1_wrapper__parameterized0__6                  | (PCIN>>17+A'*B')' | 0      | 7      | -      | -      | 31     | 1    | 1    | -    | -    | -     | 0    | 1    | 
|dsp48e1_wrapper__parameterized1__6                  | PCIN+A:B+C'       | 22     | 0      | -      | -      | 48     | 0    | 0    | -    | -    | -     | 0    | 0    | 
|dsp48e1_wrapper__7                                  | (A*B)'            | 24     | 17     | -      | -      | 41     | 0    | 0    | -    | -    | -     | 1    | 0    | 
|dsp48e1_wrapper__parameterized0__7                  | (PCIN>>17+A'*B')' | 0      | 7      | -      | -      | 31     | 1    | 1    | -    | -    | -     | 0    | 1    | 
|dsp48e1_wrapper__parameterized1__7                  | PCIN+A:B+C'       | 22     | 0      | -      | -      | 48     | 0    | 0    | -    | -    | -     | 0    | 0    | 
|dsp48e1_wrapper__8                                  | (A*B)'            | 24     | 17     | -      | -      | 41     | 0    | 0    | -    | -    | -     | 1    | 0    | 
|dsp48e1_wrapper__parameterized0__8                  | (PCIN>>17+A'*B')' | 0      | 7      | -      | -      | 31     | 1    | 1    | -    | -    | -     | 0    | 1    | 
|dsp48e1_wrapper__parameterized1__8                  | PCIN+A:B+C'       | 22     | 0      | -      | -      | 48     | 0    | 0    | -    | -    | -     | 0    | 0    | 
|dsp48e1_wrapper__9                                  | (A*B)'            | 24     | 17     | -      | -      | 41     | 0    | 0    | -    | -    | -     | 1    | 0    | 
|dsp48e1_wrapper__parameterized0__9                  | (PCIN>>17+A'*B')' | 0      | 7      | -      | -      | 31     | 1    | 1    | -    | -    | -     | 0    | 1    | 
|dsp48e1_wrapper__parameterized1__9                  | PCIN+A:B+C'       | 22     | 0      | -      | -      | 48     | 0    | 0    | -    | -    | -     | 0    | 0    | 
|dsp48e1_wrapper__10                                 | (A*B)'            | 24     | 17     | -      | -      | 41     | 0    | 0    | -    | -    | -     | 1    | 0    | 
|dsp48e1_wrapper__parameterized0__10                 | (PCIN>>17+A'*B')' | 0      | 7      | -      | -      | 31     | 1    | 1    | -    | -    | -     | 0    | 1    | 
|dsp48e1_wrapper__parameterized1__10                 | PCIN+A:B+C'       | 22     | 0      | -      | -      | 48     | 0    | 0    | -    | -    | -     | 0    | 0    | 
|dsp48e1_wrapper__11                                 | (A*B)'            | 24     | 17     | -      | -      | 41     | 0    | 0    | -    | -    | -     | 1    | 0    | 
|dsp48e1_wrapper__parameterized0__11                 | (PCIN>>17+A'*B')' | 0      | 7      | -      | -      | 31     | 1    | 1    | -    | -    | -     | 0    | 1    | 
|dsp48e1_wrapper__parameterized1__11                 | PCIN+A:B+C'       | 22     | 0      | -      | -      | 48     | 0    | 0    | -    | -    | -     | 0    | 0    | 
|dsp48e1_wrapper__12                                 | (A*B)'            | 24     | 17     | -      | -      | 41     | 0    | 0    | -    | -    | -     | 1    | 0    | 
|dsp48e1_wrapper__parameterized0__12                 | (PCIN>>17+A'*B')' | 0      | 7      | -      | -      | 31     | 1    | 1    | -    | -    | -     | 0    | 1    | 
|dsp48e1_wrapper__parameterized1__12                 | PCIN+A:B+C'       | 22     | 0      | -      | -      | 48     | 0    | 0    | -    | -    | -     | 0    | 0    | 
|dsp48e1_wrapper__13                                 | (A*B)'            | 24     | 17     | -      | -      | 41     | 0    | 0    | -    | -    | -     | 1    | 0    | 
|dsp48e1_wrapper__parameterized0__13                 | (PCIN>>17+A'*B')' | 0      | 7      | -      | -      | 31     | 1    | 1    | -    | -    | -     | 0    | 1    | 
|dsp48e1_wrapper__parameterized1__13                 | PCIN+A:B+C'       | 22     | 0      | -      | -      | 48     | 0    | 0    | -    | -    | -     | 0    | 0    | 
|dsp48e1_wrapper__14                                 | (A*B)'            | 24     | 17     | -      | -      | 41     | 0    | 0    | -    | -    | -     | 1    | 0    | 
|dsp48e1_wrapper__parameterized0__14                 | (PCIN>>17+A'*B')' | 0      | 7      | -      | -      | 31     | 1    | 1    | -    | -    | -     | 0    | 1    | 
|dsp48e1_wrapper__parameterized1__14                 | PCIN+A:B+C'       | 22     | 0      | -      | -      | 48     | 0    | 0    | -    | -    | -     | 0    | 0    | 
|dsp48e1_wrapper__15                                 | (A*B)'            | 24     | 17     | -      | -      | 41     | 0    | 0    | -    | -    | -     | 1    | 0    | 
|dsp48e1_wrapper__parameterized0__15                 | (PCIN>>17+A'*B')' | 0      | 7      | -      | -      | 31     | 1    | 1    | -    | -    | -     | 0    | 1    | 
|dsp48e1_wrapper__parameterized1__15                 | PCIN+A:B+C'       | 22     | 0      | -      | -      | 48     | 0    | 0    | -    | -    | -     | 0    | 0    | 
|dsp48e1_wrapper__16                                 | (A*B)'            | 24     | 17     | -      | -      | 41     | 0    | 0    | -    | -    | -     | 1    | 0    | 
|dsp48e1_wrapper__parameterized0__16                 | (PCIN>>17+A'*B')' | 0      | 7      | -      | -      | 31     | 1    | 1    | -    | -    | -     | 0    | 1    | 
|dsp48e1_wrapper__parameterized1__16                 | PCIN+A:B+C'       | 22     | 0      | -      | -      | 48     | 0    | 0    | -    | -    | -     | 0    | 0    | 
|dsp48e1_wrapper__17                                 | (A*B)'            | 24     | 17     | -      | -      | 41     | 0    | 0    | -    | -    | -     | 1    | 0    | 
|dsp48e1_wrapper__parameterized0__17                 | (PCIN>>17+A'*B')' | 0      | 7      | -      | -      | 31     | 1    | 1    | -    | -    | -     | 0    | 1    | 
|dsp48e1_wrapper__parameterized1__17                 | PCIN+A:B+C'       | 22     | 0      | -      | -      | 48     | 0    | 0    | -    | -    | -     | 0    | 0    | 
|dsp48e1_wrapper__18                                 | (A*B)'            | 24     | 17     | -      | -      | 41     | 0    | 0    | -    | -    | -     | 1    | 0    | 
|dsp48e1_wrapper__parameterized0__18                 | (PCIN>>17+A'*B')' | 0      | 7      | -      | -      | 31     | 1    | 1    | -    | -    | -     | 0    | 1    | 
|dsp48e1_wrapper__parameterized1__18                 | PCIN+A:B+C'       | 22     | 0      | -      | -      | 48     | 0    | 0    | -    | -    | -     | 0    | 0    | 
|dsp48e1_wrapper__19                                 | (A*B)'            | 24     | 17     | -      | -      | 41     | 0    | 0    | -    | -    | -     | 1    | 0    | 
|dsp48e1_wrapper__parameterized0__19                 | (PCIN>>17+A'*B')' | 0      | 7      | -      | -      | 31     | 1    | 1    | -    | -    | -     | 0    | 1    | 
|dsp48e1_wrapper__parameterized1__19                 | PCIN+A:B+C'       | 22     | 0      | -      | -      | 48     | 0    | 0    | -    | -    | -     | 0    | 0    | 
|dsp48e1_wrapper__20                                 | (A*B)'            | 24     | 17     | -      | -      | 41     | 0    | 0    | -    | -    | -     | 1    | 0    | 
|dsp48e1_wrapper__parameterized0__20                 | (PCIN>>17+A'*B')' | 0      | 7      | -      | -      | 31     | 1    | 1    | -    | -    | -     | 0    | 1    | 
|dsp48e1_wrapper__parameterized1__20                 | PCIN+A:B+C'       | 22     | 0      | -      | -      | 48     | 0    | 0    | -    | -    | -     | 0    | 0    | 
|dsp48e1_wrapper__21                                 | (A*B)'            | 24     | 17     | -      | -      | 41     | 0    | 0    | -    | -    | -     | 1    | 0    | 
|dsp48e1_wrapper__parameterized0__21                 | (PCIN>>17+A'*B')' | 0      | 7      | -      | -      | 31     | 1    | 1    | -    | -    | -     | 0    | 1    | 
|dsp48e1_wrapper__parameterized1__21                 | PCIN+A:B+C'       | 22     | 0      | -      | -      | 48     | 0    | 0    | -    | -    | -     | 0    | 0    | 
|dsp48e1_wrapper__22                                 | (A*B)'            | 24     | 17     | -      | -      | 41     | 0    | 0    | -    | -    | -     | 1    | 0    | 
|dsp48e1_wrapper__parameterized0__22                 | (PCIN>>17+A'*B')' | 0      | 7      | -      | -      | 31     | 1    | 1    | -    | -    | -     | 0    | 1    | 
|dsp48e1_wrapper__parameterized1__22                 | PCIN+A:B+C'       | 22     | 0      | -      | -      | 48     | 0    | 0    | -    | -    | -     | 0    | 0    | 
|dsp48e1_wrapper__23                                 | (A*B)'            | 24     | 17     | -      | -      | 41     | 0    | 0    | -    | -    | -     | 1    | 0    | 
|dsp48e1_wrapper__parameterized0__23                 | (PCIN>>17+A'*B')' | 0      | 7      | -      | -      | 31     | 1    | 1    | -    | -    | -     | 0    | 1    | 
|dsp48e1_wrapper__parameterized1__23                 | PCIN+A:B+C'       | 22     | 0      | -      | -      | 48     | 0    | 0    | -    | -    | -     | 0    | 0    | 
|dsp48e1_wrapper__24                                 | (A*B)'            | 24     | 17     | -      | -      | 41     | 0    | 0    | -    | -    | -     | 1    | 0    | 
|dsp48e1_wrapper__parameterized0__24                 | (PCIN>>17+A'*B')' | 0      | 7      | -      | -      | 31     | 1    | 1    | -    | -    | -     | 0    | 1    | 
|dsp48e1_wrapper__parameterized1__24                 | PCIN+A:B+C'       | 22     | 0      | -      | -      | 48     | 0    | 0    | -    | -    | -     | 0    | 0    | 
|dsp48e1_wrapper__25                                 | (A*B)'            | 24     | 17     | -      | -      | 41     | 0    | 0    | -    | -    | -     | 1    | 0    | 
|dsp48e1_wrapper__parameterized0__25                 | (PCIN>>17+A'*B')' | 0      | 7      | -      | -      | 31     | 1    | 1    | -    | -    | -     | 0    | 1    | 
|dsp48e1_wrapper__parameterized1__25                 | PCIN+A:B+C'       | 22     | 0      | -      | -      | 48     | 0    | 0    | -    | -    | -     | 0    | 0    | 
|dsp48e1_wrapper__26                                 | (A*B)'            | 24     | 17     | -      | -      | 41     | 0    | 0    | -    | -    | -     | 1    | 0    | 
|dsp48e1_wrapper__parameterized0__26                 | (PCIN>>17+A'*B')' | 0      | 7      | -      | -      | 31     | 1    | 1    | -    | -    | -     | 0    | 1    | 
|dsp48e1_wrapper__parameterized1__26                 | PCIN+A:B+C'       | 22     | 0      | -      | -      | 48     | 0    | 0    | -    | -    | -     | 0    | 0    | 
|dsp48e1_wrapper__27                                 | (A*B)'            | 24     | 17     | -      | -      | 41     | 0    | 0    | -    | -    | -     | 1    | 0    | 
|dsp48e1_wrapper__parameterized0__27                 | (PCIN>>17+A'*B')' | 0      | 7      | -      | -      | 31     | 1    | 1    | -    | -    | -     | 0    | 1    | 
|dsp48e1_wrapper__parameterized1__27                 | PCIN+A:B+C'       | 22     | 0      | -      | -      | 48     | 0    | 0    | -    | -    | -     | 0    | 0    | 
|dsp48e1_wrapper__28                                 | (A*B)'            | 24     | 17     | -      | -      | 41     | 0    | 0    | -    | -    | -     | 1    | 0    | 
|dsp48e1_wrapper__parameterized0__28                 | (PCIN>>17+A'*B')' | 0      | 7      | -      | -      | 31     | 1    | 1    | -    | -    | -     | 0    | 1    | 
|dsp48e1_wrapper__parameterized1__28                 | PCIN+A:B+C'       | 22     | 0      | -      | -      | 48     | 0    | 0    | -    | -    | -     | 0    | 0    | 
|dsp48e1_wrapper__29                                 | (A*B)'            | 24     | 17     | -      | -      | 41     | 0    | 0    | -    | -    | -     | 1    | 0    | 
|dsp48e1_wrapper__parameterized0__29                 | (PCIN>>17+A'*B')' | 0      | 7      | -      | -      | 31     | 1    | 1    | -    | -    | -     | 0    | 1    | 
|dsp48e1_wrapper__parameterized1__29                 | PCIN+A:B+C'       | 22     | 0      | -      | -      | 48     | 0    | 0    | -    | -    | -     | 0    | 0    | 
|dsp48e1_wrapper__30                                 | (A*B)'            | 24     | 17     | -      | -      | 41     | 0    | 0    | -    | -    | -     | 1    | 0    | 
|dsp48e1_wrapper__parameterized0__30                 | (PCIN>>17+A'*B')' | 0      | 7      | -      | -      | 31     | 1    | 1    | -    | -    | -     | 0    | 1    | 
|dsp48e1_wrapper__parameterized1__30                 | PCIN+A:B+C'       | 22     | 0      | -      | -      | 48     | 0    | 0    | -    | -    | -     | 0    | 0    | 
|dsp48e1_wrapper__31                                 | (A*B)'            | 24     | 17     | -      | -      | 41     | 0    | 0    | -    | -    | -     | 1    | 0    | 
|dsp48e1_wrapper__parameterized0__31                 | (PCIN>>17+A'*B')' | 0      | 7      | -      | -      | 31     | 1    | 1    | -    | -    | -     | 0    | 1    | 
|dsp48e1_wrapper__parameterized1__31                 | PCIN+A:B+C'       | 22     | 0      | -      | -      | 48     | 0    | 0    | -    | -    | -     | 0    | 0    | 
|dsp48e1_wrapper__32                                 | (A*B)'            | 24     | 17     | -      | -      | 41     | 0    | 0    | -    | -    | -     | 1    | 0    | 
|dsp48e1_wrapper__parameterized0__32                 | (PCIN>>17+A'*B')' | 0      | 7      | -      | -      | 31     | 1    | 1    | -    | -    | -     | 0    | 1    | 
|dsp48e1_wrapper__parameterized1__32                 | PCIN+A:B+C'       | 22     | 0      | -      | -      | 48     | 0    | 0    | -    | -    | -     | 0    | 0    | 
|dsp48e1_wrapper__33                                 | (A*B)'            | 24     | 17     | -      | -      | 41     | 0    | 0    | -    | -    | -     | 1    | 0    | 
|dsp48e1_wrapper__parameterized0__33                 | (PCIN>>17+A'*B')' | 0      | 7      | -      | -      | 31     | 1    | 1    | -    | -    | -     | 0    | 1    | 
|dsp48e1_wrapper__parameterized1__33                 | PCIN+A:B+C'       | 22     | 0      | -      | -      | 48     | 0    | 0    | -    | -    | -     | 0    | 0    | 
|dsp48e1_wrapper__34                                 | (A*B)'            | 24     | 17     | -      | -      | 41     | 0    | 0    | -    | -    | -     | 1    | 0    | 
|dsp48e1_wrapper__parameterized0__34                 | (PCIN>>17+A'*B')' | 0      | 7      | -      | -      | 31     | 1    | 1    | -    | -    | -     | 0    | 1    | 
|dsp48e1_wrapper__parameterized1__34                 | PCIN+A:B+C'       | 22     | 0      | -      | -      | 48     | 0    | 0    | -    | -    | -     | 0    | 0    | 
|dsp48e1_wrapper__35                                 | (A*B)'            | 24     | 17     | -      | -      | 41     | 0    | 0    | -    | -    | -     | 1    | 0    | 
|dsp48e1_wrapper__parameterized0__35                 | (PCIN>>17+A'*B')' | 0      | 7      | -      | -      | 31     | 1    | 1    | -    | -    | -     | 0    | 1    | 
|dsp48e1_wrapper__parameterized1__35                 | PCIN+A:B+C'       | 22     | 0      | -      | -      | 48     | 0    | 0    | -    | -    | -     | 0    | 0    | 
|dsp48e1_wrapper__36                                 | (A*B)'            | 24     | 17     | -      | -      | 41     | 0    | 0    | -    | -    | -     | 1    | 0    | 
|dsp48e1_wrapper__parameterized0__36                 | (PCIN>>17+A'*B')' | 0      | 7      | -      | -      | 31     | 1    | 1    | -    | -    | -     | 0    | 1    | 
|dsp48e1_wrapper__parameterized1__36                 | PCIN+A:B+C'       | 22     | 0      | -      | -      | 48     | 0    | 0    | -    | -    | -     | 0    | 0    | 
|dsp48e1_wrapper__37                                 | (A*B)'            | 24     | 17     | -      | -      | 41     | 0    | 0    | -    | -    | -     | 1    | 0    | 
|dsp48e1_wrapper__parameterized0__37                 | (PCIN>>17+A'*B')' | 0      | 7      | -      | -      | 31     | 1    | 1    | -    | -    | -     | 0    | 1    | 
|dsp48e1_wrapper__parameterized1__37                 | PCIN+A:B+C'       | 22     | 0      | -      | -      | 48     | 0    | 0    | -    | -    | -     | 0    | 0    | 
|dsp48e1_wrapper__38                                 | (A*B)'            | 24     | 17     | -      | -      | 41     | 0    | 0    | -    | -    | -     | 1    | 0    | 
|dsp48e1_wrapper__parameterized0__38                 | (PCIN>>17+A'*B')' | 0      | 7      | -      | -      | 31     | 1    | 1    | -    | -    | -     | 0    | 1    | 
|dsp48e1_wrapper__parameterized1__38                 | PCIN+A:B+C'       | 22     | 0      | -      | -      | 48     | 0    | 0    | -    | -    | -     | 0    | 0    | 
|dsp48e1_wrapper__39                                 | (A*B)'            | 24     | 17     | -      | -      | 41     | 0    | 0    | -    | -    | -     | 1    | 0    | 
|dsp48e1_wrapper__parameterized0__39                 | (PCIN>>17+A'*B')' | 0      | 7      | -      | -      | 31     | 1    | 1    | -    | -    | -     | 0    | 1    | 
|dsp48e1_wrapper__parameterized1__39                 | PCIN+A:B+C'       | 22     | 0      | -      | -      | 48     | 0    | 0    | -    | -    | -     | 0    | 0    | 
|dsp48e1_wrapper__40                                 | (A*B)'            | 24     | 17     | -      | -      | 41     | 0    | 0    | -    | -    | -     | 1    | 0    | 
|dsp48e1_wrapper__parameterized0__40                 | (PCIN>>17+A'*B')' | 0      | 7      | -      | -      | 31     | 1    | 1    | -    | -    | -     | 0    | 1    | 
|dsp48e1_wrapper__parameterized1__40                 | PCIN+A:B+C'       | 22     | 0      | -      | -      | 48     | 0    | 0    | -    | -    | -     | 0    | 0    | 
|dsp48e1_wrapper__41                                 | (A*B)'            | 24     | 17     | -      | -      | 41     | 0    | 0    | -    | -    | -     | 1    | 0    | 
|dsp48e1_wrapper__parameterized0__41                 | (PCIN>>17+A'*B')' | 0      | 7      | -      | -      | 31     | 1    | 1    | -    | -    | -     | 0    | 1    | 
|dsp48e1_wrapper__parameterized1__41                 | PCIN+A:B+C'       | 22     | 0      | -      | -      | 48     | 0    | 0    | -    | -    | -     | 0    | 0    | 
|dsp48e1_wrapper__42                                 | (A*B)'            | 24     | 17     | -      | -      | 41     | 0    | 0    | -    | -    | -     | 1    | 0    | 
|dsp48e1_wrapper__parameterized0__42                 | (PCIN>>17+A'*B')' | 0      | 7      | -      | -      | 31     | 1    | 1    | -    | -    | -     | 0    | 1    | 
|dsp48e1_wrapper__parameterized1__42                 | PCIN+A:B+C'       | 22     | 0      | -      | -      | 48     | 0    | 0    | -    | -    | -     | 0    | 0    | 
|dsp48e1_wrapper__43                                 | (A*B)'            | 24     | 17     | -      | -      | 41     | 0    | 0    | -    | -    | -     | 1    | 0    | 
|dsp48e1_wrapper__parameterized0__43                 | (PCIN>>17+A'*B')' | 0      | 7      | -      | -      | 31     | 1    | 1    | -    | -    | -     | 0    | 1    | 
|dsp48e1_wrapper__parameterized1__43                 | PCIN+A:B+C'       | 22     | 0      | -      | -      | 48     | 0    | 0    | -    | -    | -     | 0    | 0    | 
|dsp48e1_wrapper__44                                 | (A*B)'            | 24     | 17     | -      | -      | 41     | 0    | 0    | -    | -    | -     | 1    | 0    | 
|dsp48e1_wrapper__parameterized0__44                 | (PCIN>>17+A'*B')' | 0      | 7      | -      | -      | 31     | 1    | 1    | -    | -    | -     | 0    | 1    | 
|dsp48e1_wrapper__parameterized1__44                 | PCIN+A:B+C'       | 22     | 0      | -      | -      | 48     | 0    | 0    | -    | -    | -     | 0    | 0    | 
|dsp48e1_wrapper__45                                 | (A*B)'            | 24     | 17     | -      | -      | 41     | 0    | 0    | -    | -    | -     | 1    | 0    | 
|dsp48e1_wrapper__parameterized0__45                 | (PCIN>>17+A'*B')' | 0      | 7      | -      | -      | 31     | 1    | 1    | -    | -    | -     | 0    | 1    | 
|dsp48e1_wrapper__parameterized1__45                 | PCIN+A:B+C'       | 22     | 0      | -      | -      | 48     | 0    | 0    | -    | -    | -     | 0    | 0    | 
|dsp48e1_wrapper__46                                 | (A*B)'            | 24     | 17     | -      | -      | 41     | 0    | 0    | -    | -    | -     | 1    | 0    | 
|dsp48e1_wrapper__parameterized0__46                 | (PCIN>>17+A'*B')' | 0      | 7      | -      | -      | 31     | 1    | 1    | -    | -    | -     | 0    | 1    | 
|dsp48e1_wrapper__parameterized1__46                 | PCIN+A:B+C'       | 22     | 0      | -      | -      | 48     | 0    | 0    | -    | -    | -     | 0    | 0    | 
|dsp48e1_wrapper__47                                 | (A*B)'            | 24     | 17     | -      | -      | 41     | 0    | 0    | -    | -    | -     | 1    | 0    | 
|dsp48e1_wrapper__parameterized0__47                 | (PCIN>>17+A'*B')' | 0      | 7      | -      | -      | 31     | 1    | 1    | -    | -    | -     | 0    | 1    | 
|dsp48e1_wrapper__parameterized1__47                 | PCIN+A:B+C'       | 22     | 0      | -      | -      | 48     | 0    | 0    | -    | -    | -     | 0    | 0    | 
|dsp48e1_wrapper__48                                 | (A*B)'            | 24     | 17     | -      | -      | 41     | 0    | 0    | -    | -    | -     | 1    | 0    | 
|dsp48e1_wrapper__parameterized0__48                 | (PCIN>>17+A'*B')' | 0      | 7      | -      | -      | 31     | 1    | 1    | -    | -    | -     | 0    | 1    | 
|dsp48e1_wrapper__parameterized1__48                 | PCIN+A:B+C'       | 22     | 0      | -      | -      | 48     | 0    | 0    | -    | -    | -     | 0    | 0    | 
|dsp48e1_wrapper__49                                 | (A*B)'            | 24     | 17     | -      | -      | 41     | 0    | 0    | -    | -    | -     | 1    | 0    | 
|dsp48e1_wrapper__parameterized0__49                 | (PCIN>>17+A'*B')' | 0      | 7      | -      | -      | 31     | 1    | 1    | -    | -    | -     | 0    | 1    | 
|dsp48e1_wrapper__parameterized1__49                 | PCIN+A:B+C'       | 22     | 0      | -      | -      | 48     | 0    | 0    | -    | -    | -     | 0    | 0    | 
|dsp48e1_wrapper__50                                 | (A*B)'            | 24     | 17     | -      | -      | 41     | 0    | 0    | -    | -    | -     | 1    | 0    | 
|dsp48e1_wrapper__parameterized0__50                 | (PCIN>>17+A'*B')' | 0      | 7      | -      | -      | 31     | 1    | 1    | -    | -    | -     | 0    | 1    | 
|dsp48e1_wrapper__parameterized1__50                 | PCIN+A:B+C'       | 22     | 0      | -      | -      | 48     | 0    | 0    | -    | -    | -     | 0    | 0    | 
|dsp48e1_wrapper__51                                 | (A*B)'            | 24     | 17     | -      | -      | 41     | 0    | 0    | -    | -    | -     | 1    | 0    | 
|dsp48e1_wrapper__parameterized0__51                 | (PCIN>>17+A'*B')' | 0      | 7      | -      | -      | 31     | 1    | 1    | -    | -    | -     | 0    | 1    | 
|dsp48e1_wrapper__parameterized1__51                 | PCIN+A:B+C'       | 22     | 0      | -      | -      | 48     | 0    | 0    | -    | -    | -     | 0    | 0    | 
|dsp48e1_wrapper                                     | (A*B)'            | 24     | 17     | -      | -      | 41     | 0    | 0    | -    | -    | -     | 1    | 0    | 
|dsp48e1_wrapper__parameterized0                     | (PCIN>>17+A'*B')' | 0      | 7      | -      | -      | 31     | 1    | 1    | -    | -    | -     | 0    | 1    | 
|dsp48e1_wrapper__parameterized1                     | PCIN+A:B+C'       | 22     | 0      | -      | -      | 48     | 0    | 0    | -    | -    | -     | 0    | 0    | 
|dsp48e1_wrapper__parameterized2__1                  | Dynamic           | -      | -      | -      | -      | 40     | -    | -    | -    | -    | 0     | 1    | 0    | 
|dsp48e1_wrapper__parameterized3__1                  | C'+(A'*B)'        | 24     | 16     | 35     | -      | 35     | 1    | 0    | 1    | -    | -     | 1    | 0    | 
|dsp48e1_wrapper__parameterized2__2                  | Dynamic           | -      | -      | -      | -      | 40     | -    | -    | -    | -    | 0     | 1    | 0    | 
|dsp48e1_wrapper__parameterized3__2                  | C'+(A'*B)'        | 24     | 16     | 35     | -      | 35     | 1    | 0    | 1    | -    | -     | 1    | 0    | 
|dsp48e1_wrapper__parameterized2__3                  | Dynamic           | -      | -      | -      | -      | 40     | -    | -    | -    | -    | 0     | 1    | 0    | 
|dsp48e1_wrapper__parameterized3__3                  | C'+(A'*B)'        | 24     | 16     | 35     | -      | 35     | 1    | 0    | 1    | -    | -     | 1    | 0    | 
|dsp48e1_wrapper__parameterized2__4                  | Dynamic           | -      | -      | -      | -      | 40     | -    | -    | -    | -    | 0     | 1    | 0    | 
|dsp48e1_wrapper__parameterized3__4                  | C'+(A'*B)'        | 24     | 16     | 35     | -      | 35     | 1    | 0    | 1    | -    | -     | 1    | 0    | 
|dsp48e1_wrapper__parameterized2__5                  | Dynamic           | -      | -      | -      | -      | 40     | -    | -    | -    | -    | 0     | 1    | 0    | 
|dsp48e1_wrapper__parameterized3__5                  | C'+(A'*B)'        | 24     | 16     | 35     | -      | 35     | 1    | 0    | 1    | -    | -     | 1    | 0    | 
|dsp48e1_wrapper__parameterized2__6                  | Dynamic           | -      | -      | -      | -      | 40     | -    | -    | -    | -    | 0     | 1    | 0    | 
|dsp48e1_wrapper__parameterized3__6                  | C'+(A'*B)'        | 24     | 16     | 35     | -      | 35     | 1    | 0    | 1    | -    | -     | 1    | 0    | 
|dsp48e1_wrapper__parameterized2__7                  | Dynamic           | -      | -      | -      | -      | 40     | -    | -    | -    | -    | 0     | 1    | 0    | 
|dsp48e1_wrapper__parameterized3__7                  | C'+(A'*B)'        | 24     | 16     | 35     | -      | 35     | 1    | 0    | 1    | -    | -     | 1    | 0    | 
|dsp48e1_wrapper__parameterized2__8                  | Dynamic           | -      | -      | -      | -      | 40     | -    | -    | -    | -    | 0     | 1    | 0    | 
|dsp48e1_wrapper__parameterized3__8                  | C'+(A'*B)'        | 24     | 16     | 35     | -      | 35     | 1    | 0    | 1    | -    | -     | 1    | 0    | 
|dsp48e1_wrapper__parameterized2__9                  | Dynamic           | -      | -      | -      | -      | 40     | -    | -    | -    | -    | 0     | 1    | 0    | 
|dsp48e1_wrapper__parameterized3__9                  | C'+(A'*B)'        | 24     | 16     | 35     | -      | 35     | 1    | 0    | 1    | -    | -     | 1    | 0    | 
|dsp48e1_wrapper__parameterized2__10                 | Dynamic           | -      | -      | -      | -      | 40     | -    | -    | -    | -    | 0     | 1    | 0    | 
|dsp48e1_wrapper__parameterized3__10                 | C'+(A'*B)'        | 24     | 16     | 35     | -      | 35     | 1    | 0    | 1    | -    | -     | 1    | 0    | 
|dsp48e1_wrapper__parameterized2__11                 | Dynamic           | -      | -      | -      | -      | 40     | -    | -    | -    | -    | 0     | 1    | 0    | 
|dsp48e1_wrapper__parameterized3__11                 | C'+(A'*B)'        | 24     | 16     | 35     | -      | 35     | 1    | 0    | 1    | -    | -     | 1    | 0    | 
|dsp48e1_wrapper__parameterized2                     | Dynamic           | -      | -      | -      | -      | 40     | -    | -    | -    | -    | 0     | 1    | 0    | 
|dsp48e1_wrapper__parameterized3                     | C'+(A'*B)'        | 24     | 16     | 35     | -      | 35     | 1    | 0    | 1    | -    | -     | 1    | 0    | 
|vision_gemm_mac_muladd_10ns_3ns_10ns_13_4_1_DSP48_0 | (C+(A'*B')')'     | 10     | 3      | 10     | -      | 13     | 1    | 1    | 0    | -    | -     | 1    | 1    | 
|vision_gemm_mac_muladd_10ns_2ns_10ns_12_4_1_DSP48_0 | (C+(A'*B')')'     | 10     | 2      | 10     | -      | 12     | 1    | 1    | 0    | -    | -     | 1    | 1    | 
+----------------------------------------------------+-------------------+--------+--------+--------+--------+--------+------+------+------+------+-------+------+------+


Report BlackBoxes: 
+-+--------------+----------+
| |BlackBox name |Instances |
+-+--------------+----------+
+-+--------------+----------+

Report Cell Usage: 
+------+---------+------+
|      |Cell     |Count |
+------+---------+------+
|1     |BUFG     |     1|
|2     |CARRY8   |   112|
|3     |DSP48E1  |   180|
|4     |DSP48E2  |     2|
|5     |LUT1     |   408|
|6     |LUT2     |  3547|
|7     |LUT3     | 11609|
|8     |LUT4     | 16317|
|9     |LUT5     |  9544|
|10    |LUT6     | 23495|
|11    |MUXCY    |  7092|
|12    |MUXF7    |   821|
|13    |MUXF8    |    52|
|14    |RAMB18E2 |    17|
|15    |RAMB36E2 |    15|
|16    |SRL16E   |   357|
|17    |SRLC32E  |   578|
|18    |URAM288  |    40|
|19    |XORCY    |  3792|
|20    |FDE      |   452|
|21    |FDRE     | 54191|
|22    |FDSE     |   189|
|23    |IBUF     |   446|
|24    |OBUF     |  1362|
+------+---------+------+
---------------------------------------------------------------------------------
Finished Writing Synthesis Report : Time (s): cpu = 00:02:08 ; elapsed = 00:01:24 . Memory (MB): peak = 3183.609 ; gain = 1628.973 ; free physical = 393 ; free virtual = 21322
---------------------------------------------------------------------------------
Synthesis finished with 0 errors, 0 critical warnings and 2688 warnings.
Synthesis Optimization Runtime : Time (s): cpu = 00:02:08 ; elapsed = 00:01:26 . Memory (MB): peak = 3187.523 ; gain = 1632.887 ; free physical = 7679 ; free virtual = 28607
Synthesis Optimization Complete : Time (s): cpu = 00:02:08 ; elapsed = 00:01:26 . Memory (MB): peak = 3187.523 ; gain = 1632.887 ; free physical = 7679 ; free virtual = 28591
INFO: [Project 1-571] Translating synthesized netlist
Netlist sorting complete. Time (s): cpu = 00:00:00.93 ; elapsed = 00:00:00.94 . Memory (MB): peak = 3405.945 ; gain = 0.000 ; free physical = 7397 ; free virtual = 28361
INFO: [Netlist 29-17] Analyzing 12950 Unisim elements for replacement
INFO: [Netlist 29-28] Unisim Transformation completed in 1 CPU seconds
INFO: [Project 1-570] Preparing netlist for logic optimization
WARNING: [Constraints 18-549] Could not create 'FAST' constraint because cell 'fadd_32ns_32ns_32_8_full_dsp_1_U474/vision_gemm_fadd_32ns_32ns_32_8_full_dsp_1_ip_u/inst/i_synth/ADDSUB_OP.ADDSUB/DSP.OP/DSP48E1_BODY.EXP/NUMB_CMP' is not directly connected to top level port. 'FAST' is ignored by Vivado but preserved inside the database.
Resolution: It is recommended to apply the I/O constraint directly to the top level port instead of applying the constraint to the cell connected to the port.
WARNING: [Constraints 18-549] Could not create 'FAST' constraint because cell 'fadd_32ns_32ns_32_8_full_dsp_1_U475/vision_gemm_fadd_32ns_32ns_32_8_full_dsp_1_ip_u/inst/i_synth/ADDSUB_OP.ADDSUB/DSP.OP/DSP48E1_BODY.EXP/NUMB_CMP' is not directly connected to top level port. 'FAST' is ignored by Vivado but preserved inside the database.
Resolution: It is recommended to apply the I/O constraint directly to the top level port instead of applying the constraint to the cell connected to the port.
WARNING: [Constraints 18-549] Could not create 'FAST' constraint because cell 'fadd_32ns_32ns_32_8_full_dsp_1_U476/vision_gemm_fadd_32ns_32ns_32_8_full_dsp_1_ip_u/inst/i_synth/ADDSUB_OP.ADDSUB/DSP.OP/DSP48E1_BODY.EXP/NUMB_CMP' is not directly connected to top level port. 'FAST' is ignored by Vivado but preserved inside the database.
Resolution: It is recommended to apply the I/O constraint directly to the top level port instead of applying the constraint to the cell connected to the port.
WARNING: [Constraints 18-549] Could not create 'FAST' constraint because cell 'fadd_32ns_32ns_32_8_full_dsp_1_U477/vision_gemm_fadd_32ns_32ns_32_8_full_dsp_1_ip_u/inst/i_synth/ADDSUB_OP.ADDSUB/DSP.OP/DSP48E1_BODY.EXP/NUMB_CMP' is not directly connected to top level port. 'FAST' is ignored by Vivado but preserved inside the database.
Resolution: It is recommended to apply the I/O constraint directly to the top level port instead of applying the constraint to the cell connected to the port.
WARNING: [Constraints 18-549] Could not create 'FAST' constraint because cell 'fadd_32ns_32ns_32_8_full_dsp_1_U478/vision_gemm_fadd_32ns_32ns_32_8_full_dsp_1_ip_u/inst/i_synth/ADDSUB_OP.ADDSUB/DSP.OP/DSP48E1_BODY.EXP/NUMB_CMP' is not directly connected to top level port. 'FAST' is ignored by Vivado but preserved inside the database.
Resolution: It is recommended to apply the I/O constraint directly to the top level port instead of applying the constraint to the cell connected to the port.
WARNING: [Constraints 18-549] Could not create 'FAST' constraint because cell 'fadd_32ns_32ns_32_8_full_dsp_1_U479/vision_gemm_fadd_32ns_32ns_32_8_full_dsp_1_ip_u/inst/i_synth/ADDSUB_OP.ADDSUB/DSP.OP/DSP48E1_BODY.EXP/NUMB_CMP' is not directly connected to top level port. 'FAST' is ignored by Vivado but preserved inside the database.
Resolution: It is recommended to apply the I/O constraint directly to the top level port instead of applying the constraint to the cell connected to the port.
WARNING: [Constraints 18-549] Could not create 'FAST' constraint because cell 'fadd_32ns_32ns_32_8_full_dsp_1_U480/vision_gemm_fadd_32ns_32ns_32_8_full_dsp_1_ip_u/inst/i_synth/ADDSUB_OP.ADDSUB/DSP.OP/DSP48E1_BODY.EXP/NUMB_CMP' is not directly connected to top level port. 'FAST' is ignored by Vivado but preserved inside the database.
Resolution: It is recommended to apply the I/O constraint directly to the top level port instead of applying the constraint to the cell connected to the port.
WARNING: [Constraints 18-549] Could not create 'FAST' constraint because cell 'fadd_32ns_32ns_32_8_full_dsp_1_U481/vision_gemm_fadd_32ns_32ns_32_8_full_dsp_1_ip_u/inst/i_synth/ADDSUB_OP.ADDSUB/DSP.OP/DSP48E1_BODY.EXP/NUMB_CMP' is not directly connected to top level port. 'FAST' is ignored by Vivado but preserved inside the database.
Resolution: It is recommended to apply the I/O constraint directly to the top level port instead of applying the constraint to the cell connected to the port.
WARNING: [Constraints 18-549] Could not create 'FAST' constraint because cell 'fadd_32ns_32ns_32_8_full_dsp_1_U482/vision_gemm_fadd_32ns_32ns_32_8_full_dsp_1_ip_u/inst/i_synth/ADDSUB_OP.ADDSUB/DSP.OP/DSP48E1_BODY.EXP/NUMB_CMP' is not directly connected to top level port. 'FAST' is ignored by Vivado but preserved inside the database.
Resolution: It is recommended to apply the I/O constraint directly to the top level port instead of applying the constraint to the cell connected to the port.
WARNING: [Constraints 18-549] Could not create 'FAST' constraint because cell 'fadd_32ns_32ns_32_8_full_dsp_1_U483/vision_gemm_fadd_32ns_32ns_32_8_full_dsp_1_ip_u/inst/i_synth/ADDSUB_OP.ADDSUB/DSP.OP/DSP48E1_BODY.EXP/NUMB_CMP' is not directly connected to top level port. 'FAST' is ignored by Vivado but preserved inside the database.
Resolution: It is recommended to apply the I/O constraint directly to the top level port instead of applying the constraint to the cell connected to the port.
WARNING: [Constraints 18-549] Could not create 'FAST' constraint because cell 'fadd_32ns_32ns_32_8_full_dsp_1_U484/vision_gemm_fadd_32ns_32ns_32_8_full_dsp_1_ip_u/inst/i_synth/ADDSUB_OP.ADDSUB/DSP.OP/DSP48E1_BODY.EXP/NUMB_CMP' is not directly connected to top level port. 'FAST' is ignored by Vivado but preserved inside the database.
Resolution: It is recommended to apply the I/O constraint directly to the top level port instead of applying the constraint to the cell connected to the port.
WARNING: [Constraints 18-549] Could not create 'FAST' constraint because cell 'fadd_32ns_32ns_32_8_full_dsp_1_U485/vision_gemm_fadd_32ns_32ns_32_8_full_dsp_1_ip_u/inst/i_synth/ADDSUB_OP.ADDSUB/DSP.OP/DSP48E1_BODY.EXP/NUMB_CMP' is not directly connected to top level port. 'FAST' is ignored by Vivado but preserved inside the database.
Resolution: It is recommended to apply the I/O constraint directly to the top level port instead of applying the constraint to the cell connected to the port.
WARNING: [Constraints 18-549] Could not create 'FAST' constraint because cell 'grp_vision_gemm_Pipeline_VITIS_LOOP_147_10_fu_1983/fadd_32ns_32ns_32_6_no_dsp_1_U17/vision_gemm_fadd_32ns_32ns_32_6_no_dsp_1_ip_u/inst/i_synth/ADDSUB_OP.ADDSUB/LOGIC_SPEED.OP/EXP/NUMB_CMP' is not directly connected to top level port. 'FAST' is ignored by Vivado but preserved inside the database.
Resolution: It is recommended to apply the I/O constraint directly to the top level port instead of applying the constraint to the cell connected to the port.
WARNING: [Constraints 18-549] Could not create 'FAST' constraint because cell 'grp_vision_gemm_Pipeline_VITIS_LOOP_147_10_fu_1983/fadd_32ns_32ns_32_6_no_dsp_1_U18/vision_gemm_fadd_32ns_32ns_32_6_no_dsp_1_ip_u/inst/i_synth/ADDSUB_OP.ADDSUB/LOGIC_SPEED.OP/EXP/NUMB_CMP' is not directly connected to top level port. 'FAST' is ignored by Vivado but preserved inside the database.
Resolution: It is recommended to apply the I/O constraint directly to the top level port instead of applying the constraint to the cell connected to the port.
WARNING: [Constraints 18-549] Could not create 'FAST' constraint because cell 'grp_vision_gemm_Pipeline_VITIS_LOOP_147_10_fu_1983/fadd_32ns_32ns_32_6_no_dsp_1_U19/vision_gemm_fadd_32ns_32ns_32_6_no_dsp_1_ip_u/inst/i_synth/ADDSUB_OP.ADDSUB/LOGIC_SPEED.OP/EXP/NUMB_CMP' is not directly connected to top level port. 'FAST' is ignored by Vivado but preserved inside the database.
Resolution: It is recommended to apply the I/O constraint directly to the top level port instead of applying the constraint to the cell connected to the port.
WARNING: [Constraints 18-549] Could not create 'FAST' constraint because cell 'grp_vision_gemm_Pipeline_VITIS_LOOP_147_10_fu_1983/fadd_32ns_32ns_32_6_no_dsp_1_U20/vision_gemm_fadd_32ns_32ns_32_6_no_dsp_1_ip_u/inst/i_synth/ADDSUB_OP.ADDSUB/LOGIC_SPEED.OP/EXP/NUMB_CMP' is not directly connected to top level port. 'FAST' is ignored by Vivado but preserved inside the database.
Resolution: It is recommended to apply the I/O constraint directly to the top level port instead of applying the constraint to the cell connected to the port.
WARNING: [Constraints 18-549] Could not create 'FAST' constraint because cell 'grp_vision_gemm_Pipeline_VITIS_LOOP_147_10_fu_1983/fadd_32ns_32ns_32_6_no_dsp_1_U21/vision_gemm_fadd_32ns_32ns_32_6_no_dsp_1_ip_u/inst/i_synth/ADDSUB_OP.ADDSUB/LOGIC_SPEED.OP/EXP/NUMB_CMP' is not directly connected to top level port. 'FAST' is ignored by Vivado but preserved inside the database.
Resolution: It is recommended to apply the I/O constraint directly to the top level port instead of applying the constraint to the cell connected to the port.
WARNING: [Constraints 18-549] Could not create 'FAST' constraint because cell 'grp_vision_gemm_Pipeline_VITIS_LOOP_147_10_fu_1983/fadd_32ns_32ns_32_6_no_dsp_1_U22/vision_gemm_fadd_32ns_32ns_32_6_no_dsp_1_ip_u/inst/i_synth/ADDSUB_OP.ADDSUB/LOGIC_SPEED.OP/EXP/NUMB_CMP' is not directly connected to top level port. 'FAST' is ignored by Vivado but preserved inside the database.
Resolution: It is recommended to apply the I/O constraint directly to the top level port instead of applying the constraint to the cell connected to the port.
WARNING: [Constraints 18-549] Could not create 'FAST' constraint because cell 'grp_vision_gemm_Pipeline_VITIS_LOOP_147_10_fu_1983/fadd_32ns_32ns_32_6_no_dsp_1_U23/vision_gemm_fadd_32ns_32ns_32_6_no_dsp_1_ip_u/inst/i_synth/ADDSUB_OP.ADDSUB/LOGIC_SPEED.OP/EXP/NUMB_CMP' is not directly connected to top level port. 'FAST' is ignored by Vivado but preserved inside the database.
Resolution: It is recommended to apply the I/O constraint directly to the top level port instead of applying the constraint to the cell connected to the port.
WARNING: [Constraints 18-549] Could not create 'FAST' constraint because cell 'grp_vision_gemm_Pipeline_VITIS_LOOP_147_10_fu_1983/fadd_32ns_32ns_32_6_no_dsp_1_U24/vision_gemm_fadd_32ns_32ns_32_6_no_dsp_1_ip_u/inst/i_synth/ADDSUB_OP.ADDSUB/LOGIC_SPEED.OP/EXP/NUMB_CMP' is not directly connected to top level port. 'FAST' is ignored by Vivado but preserved inside the database.
Resolution: It is recommended to apply the I/O constraint directly to the top level port instead of applying the constraint to the cell connected to the port.
WARNING: [Constraints 18-549] Could not create 'FAST' constraint because cell 'grp_vision_gemm_Pipeline_VITIS_LOOP_147_10_fu_1983/fadd_32ns_32ns_32_6_no_dsp_1_U25/vision_gemm_fadd_32ns_32ns_32_6_no_dsp_1_ip_u/inst/i_synth/ADDSUB_OP.ADDSUB/LOGIC_SPEED.OP/EXP/NUMB_CMP' is not directly connected to top level port. 'FAST' is ignored by Vivado but preserved inside the database.
Resolution: It is recommended to apply the I/O constraint directly to the top level port instead of applying the constraint to the cell connected to the port.
WARNING: [Constraints 18-549] Could not create 'FAST' constraint because cell 'grp_vision_gemm_Pipeline_VITIS_LOOP_147_10_fu_1983/fadd_32ns_32ns_32_6_no_dsp_1_U26/vision_gemm_fadd_32ns_32ns_32_6_no_dsp_1_ip_u/inst/i_synth/ADDSUB_OP.ADDSUB/LOGIC_SPEED.OP/EXP/NUMB_CMP' is not directly connected to top level port. 'FAST' is ignored by Vivado but preserved inside the database.
Resolution: It is recommended to apply the I/O constraint directly to the top level port instead of applying the constraint to the cell connected to the port.
WARNING: [Constraints 18-549] Could not create 'FAST' constraint because cell 'grp_vision_gemm_Pipeline_VITIS_LOOP_147_10_fu_1983/fadd_32ns_32ns_32_6_no_dsp_1_U27/vision_gemm_fadd_32ns_32ns_32_6_no_dsp_1_ip_u/inst/i_synth/ADDSUB_OP.ADDSUB/LOGIC_SPEED.OP/EXP/NUMB_CMP' is not directly connected to top level port. 'FAST' is ignored by Vivado but preserved inside the database.
Resolution: It is recommended to apply the I/O constraint directly to the top level port instead of applying the constraint to the cell connected to the port.
WARNING: [Constraints 18-549] Could not create 'FAST' constraint because cell 'grp_vision_gemm_Pipeline_VITIS_LOOP_147_10_fu_1983/fadd_32ns_32ns_32_6_no_dsp_1_U28/vision_gemm_fadd_32ns_32ns_32_6_no_dsp_1_ip_u/inst/i_synth/ADDSUB_OP.ADDSUB/LOGIC_SPEED.OP/EXP/NUMB_CMP' is not directly connected to top level port. 'FAST' is ignored by Vivado but preserved inside the database.
Resolution: It is recommended to apply the I/O constraint directly to the top level port instead of applying the constraint to the cell connected to the port.
WARNING: [Constraints 18-549] Could not create 'FAST' constraint because cell 'grp_vision_gemm_Pipeline_VITIS_LOOP_147_10_fu_1983/fadd_32ns_32ns_32_6_no_dsp_1_U29/vision_gemm_fadd_32ns_32ns_32_6_no_dsp_1_ip_u/inst/i_synth/ADDSUB_OP.ADDSUB/LOGIC_SPEED.OP/EXP/NUMB_CMP' is not directly connected to top level port. 'FAST' is ignored by Vivado but preserved inside the database.
Resolution: It is recommended to apply the I/O constraint directly to the top level port instead of applying the constraint to the cell connected to the port.
WARNING: [Constraints 18-549] Could not create 'FAST' constraint because cell 'grp_vision_gemm_Pipeline_VITIS_LOOP_147_10_fu_1983/fadd_32ns_32ns_32_6_no_dsp_1_U30/vision_gemm_fadd_32ns_32ns_32_6_no_dsp_1_ip_u/inst/i_synth/ADDSUB_OP.ADDSUB/LOGIC_SPEED.OP/EXP/NUMB_CMP' is not directly connected to top level port. 'FAST' is ignored by Vivado but preserved inside the database.
Resolution: It is recommended to apply the I/O constraint directly to the top level port instead of applying the constraint to the cell connected to the port.
WARNING: [Constraints 18-549] Could not create 'FAST' constraint because cell 'grp_vision_gemm_Pipeline_VITIS_LOOP_147_10_fu_1983/fadd_32ns_32ns_32_6_no_dsp_1_U31/vision_gemm_fadd_32ns_32ns_32_6_no_dsp_1_ip_u/inst/i_synth/ADDSUB_OP.ADDSUB/LOGIC_SPEED.OP/EXP/NUMB_CMP' is not directly connected to top level port. 'FAST' is ignored by Vivado but preserved inside the database.
Resolution: It is recommended to apply the I/O constraint directly to the top level port instead of applying the constraint to the cell connected to the port.
WARNING: [Constraints 18-549] Could not create 'FAST' constraint because cell 'grp_vision_gemm_Pipeline_VITIS_LOOP_147_10_fu_1983/fadd_32ns_32ns_32_6_no_dsp_1_U32/vision_gemm_fadd_32ns_32ns_32_6_no_dsp_1_ip_u/inst/i_synth/ADDSUB_OP.ADDSUB/LOGIC_SPEED.OP/EXP/NUMB_CMP' is not directly connected to top level port. 'FAST' is ignored by Vivado but preserved inside the database.
Resolution: It is recommended to apply the I/O constraint directly to the top level port instead of applying the constraint to the cell connected to the port.
WARNING: [Constraints 18-549] Could not create 'FAST' constraint because cell 'grp_vision_gemm_Pipeline_VITIS_LOOP_147_10_fu_1983/fadd_32ns_32ns_32_6_no_dsp_1_U33/vision_gemm_fadd_32ns_32ns_32_6_no_dsp_1_ip_u/inst/i_synth/ADDSUB_OP.ADDSUB/LOGIC_SPEED.OP/EXP/NUMB_CMP' is not directly connected to top level port. 'FAST' is ignored by Vivado but preserved inside the database.
Resolution: It is recommended to apply the I/O constraint directly to the top level port instead of applying the constraint to the cell connected to the port.
WARNING: [Constraints 18-549] Could not create 'FAST' constraint because cell 'grp_vision_gemm_Pipeline_VITIS_LOOP_147_10_fu_1983/fadd_32ns_32ns_32_6_no_dsp_1_U34/vision_gemm_fadd_32ns_32ns_32_6_no_dsp_1_ip_u/inst/i_synth/ADDSUB_OP.ADDSUB/LOGIC_SPEED.OP/EXP/NUMB_CMP' is not directly connected to top level port. 'FAST' is ignored by Vivado but preserved inside the database.
Resolution: It is recommended to apply the I/O constraint directly to the top level port instead of applying the constraint to the cell connected to the port.
WARNING: [Constraints 18-549] Could not create 'FAST' constraint because cell 'grp_vision_gemm_Pipeline_VITIS_LOOP_147_10_fu_1983/fadd_32ns_32ns_32_6_no_dsp_1_U35/vision_gemm_fadd_32ns_32ns_32_6_no_dsp_1_ip_u/inst/i_synth/ADDSUB_OP.ADDSUB/LOGIC_SPEED.OP/EXP/NUMB_CMP' is not directly connected to top level port. 'FAST' is ignored by Vivado but preserved inside the database.
Resolution: It is recommended to apply the I/O constraint directly to the top level port instead of applying the constraint to the cell connected to the port.
WARNING: [Constraints 18-549] Could not create 'FAST' constraint because cell 'grp_vision_gemm_Pipeline_VITIS_LOOP_147_10_fu_1983/fadd_32ns_32ns_32_6_no_dsp_1_U36/vision_gemm_fadd_32ns_32ns_32_6_no_dsp_1_ip_u/inst/i_synth/ADDSUB_OP.ADDSUB/LOGIC_SPEED.OP/EXP/NUMB_CMP' is not directly connected to top level port. 'FAST' is ignored by Vivado but preserved inside the database.
Resolution: It is recommended to apply the I/O constraint directly to the top level port instead of applying the constraint to the cell connected to the port.
WARNING: [Constraints 18-549] Could not create 'FAST' constraint because cell 'grp_vision_gemm_Pipeline_VITIS_LOOP_147_10_fu_1983/fadd_32ns_32ns_32_6_no_dsp_1_U37/vision_gemm_fadd_32ns_32ns_32_6_no_dsp_1_ip_u/inst/i_synth/ADDSUB_OP.ADDSUB/LOGIC_SPEED.OP/EXP/NUMB_CMP' is not directly connected to top level port. 'FAST' is ignored by Vivado but preserved inside the database.
Resolution: It is recommended to apply the I/O constraint directly to the top level port instead of applying the constraint to the cell connected to the port.
WARNING: [Constraints 18-549] Could not create 'FAST' constraint because cell 'grp_vision_gemm_Pipeline_VITIS_LOOP_147_10_fu_1983/fadd_32ns_32ns_32_6_no_dsp_1_U38/vision_gemm_fadd_32ns_32ns_32_6_no_dsp_1_ip_u/inst/i_synth/ADDSUB_OP.ADDSUB/LOGIC_SPEED.OP/EXP/NUMB_CMP' is not directly connected to top level port. 'FAST' is ignored by Vivado but preserved inside the database.
Resolution: It is recommended to apply the I/O constraint directly to the top level port instead of applying the constraint to the cell connected to the port.
WARNING: [Constraints 18-549] Could not create 'FAST' constraint because cell 'grp_vision_gemm_Pipeline_VITIS_LOOP_147_10_fu_1983/fadd_32ns_32ns_32_6_no_dsp_1_U39/vision_gemm_fadd_32ns_32ns_32_6_no_dsp_1_ip_u/inst/i_synth/ADDSUB_OP.ADDSUB/LOGIC_SPEED.OP/EXP/NUMB_CMP' is not directly connected to top level port. 'FAST' is ignored by Vivado but preserved inside the database.
Resolution: It is recommended to apply the I/O constraint directly to the top level port instead of applying the constraint to the cell connected to the port.
WARNING: [Constraints 18-549] Could not create 'FAST' constraint because cell 'grp_vision_gemm_Pipeline_VITIS_LOOP_147_10_fu_1983/fadd_32ns_32ns_32_6_no_dsp_1_U40/vision_gemm_fadd_32ns_32ns_32_6_no_dsp_1_ip_u/inst/i_synth/ADDSUB_OP.ADDSUB/LOGIC_SPEED.OP/EXP/NUMB_CMP' is not directly connected to top level port. 'FAST' is ignored by Vivado but preserved inside the database.
Resolution: It is recommended to apply the I/O constraint directly to the top level port instead of applying the constraint to the cell connected to the port.
WARNING: [Constraints 18-549] Could not create 'FAST' constraint because cell 'grp_vision_gemm_Pipeline_VITIS_LOOP_147_10_fu_1983/fadd_32ns_32ns_32_6_no_dsp_1_U41/vision_gemm_fadd_32ns_32ns_32_6_no_dsp_1_ip_u/inst/i_synth/ADDSUB_OP.ADDSUB/LOGIC_SPEED.OP/EXP/NUMB_CMP' is not directly connected to top level port. 'FAST' is ignored by Vivado but preserved inside the database.
Resolution: It is recommended to apply the I/O constraint directly to the top level port instead of applying the constraint to the cell connected to the port.
WARNING: [Constraints 18-549] Could not create 'FAST' constraint because cell 'grp_vision_gemm_Pipeline_VITIS_LOOP_147_10_fu_1983/fadd_32ns_32ns_32_6_no_dsp_1_U42/vision_gemm_fadd_32ns_32ns_32_6_no_dsp_1_ip_u/inst/i_synth/ADDSUB_OP.ADDSUB/LOGIC_SPEED.OP/EXP/NUMB_CMP' is not directly connected to top level port. 'FAST' is ignored by Vivado but preserved inside the database.
Resolution: It is recommended to apply the I/O constraint directly to the top level port instead of applying the constraint to the cell connected to the port.
WARNING: [Constraints 18-549] Could not create 'FAST' constraint because cell 'grp_vision_gemm_Pipeline_VITIS_LOOP_147_10_fu_1983/fadd_32ns_32ns_32_6_no_dsp_1_U43/vision_gemm_fadd_32ns_32ns_32_6_no_dsp_1_ip_u/inst/i_synth/ADDSUB_OP.ADDSUB/LOGIC_SPEED.OP/EXP/NUMB_CMP' is not directly connected to top level port. 'FAST' is ignored by Vivado but preserved inside the database.
Resolution: It is recommended to apply the I/O constraint directly to the top level port instead of applying the constraint to the cell connected to the port.
WARNING: [Constraints 18-549] Could not create 'FAST' constraint because cell 'grp_vision_gemm_Pipeline_VITIS_LOOP_147_10_fu_1983/fadd_32ns_32ns_32_6_no_dsp_1_U44/vision_gemm_fadd_32ns_32ns_32_6_no_dsp_1_ip_u/inst/i_synth/ADDSUB_OP.ADDSUB/LOGIC_SPEED.OP/EXP/NUMB_CMP' is not directly connected to top level port. 'FAST' is ignored by Vivado but preserved inside the database.
Resolution: It is recommended to apply the I/O constraint directly to the top level port instead of applying the constraint to the cell connected to the port.
WARNING: [Constraints 18-549] Could not create 'FAST' constraint because cell 'grp_vision_gemm_Pipeline_VITIS_LOOP_147_10_fu_1983/fadd_32ns_32ns_32_6_no_dsp_1_U45/vision_gemm_fadd_32ns_32ns_32_6_no_dsp_1_ip_u/inst/i_synth/ADDSUB_OP.ADDSUB/LOGIC_SPEED.OP/EXP/NUMB_CMP' is not directly connected to top level port. 'FAST' is ignored by Vivado but preserved inside the database.
Resolution: It is recommended to apply the I/O constraint directly to the top level port instead of applying the constraint to the cell connected to the port.
WARNING: [Constraints 18-549] Could not create 'FAST' constraint because cell 'grp_vision_gemm_Pipeline_VITIS_LOOP_147_10_fu_1983/fadd_32ns_32ns_32_6_no_dsp_1_U46/vision_gemm_fadd_32ns_32ns_32_6_no_dsp_1_ip_u/inst/i_synth/ADDSUB_OP.ADDSUB/LOGIC_SPEED.OP/EXP/NUMB_CMP' is not directly connected to top level port. 'FAST' is ignored by Vivado but preserved inside the database.
Resolution: It is recommended to apply the I/O constraint directly to the top level port instead of applying the constraint to the cell connected to the port.
WARNING: [Constraints 18-549] Could not create 'FAST' constraint because cell 'grp_vision_gemm_Pipeline_VITIS_LOOP_147_10_fu_1983/fadd_32ns_32ns_32_6_no_dsp_1_U47/vision_gemm_fadd_32ns_32ns_32_6_no_dsp_1_ip_u/inst/i_synth/ADDSUB_OP.ADDSUB/LOGIC_SPEED.OP/EXP/NUMB_CMP' is not directly connected to top level port. 'FAST' is ignored by Vivado but preserved inside the database.
Resolution: It is recommended to apply the I/O constraint directly to the top level port instead of applying the constraint to the cell connected to the port.
WARNING: [Constraints 18-549] Could not create 'FAST' constraint because cell 'grp_vision_gemm_Pipeline_VITIS_LOOP_147_10_fu_1983/fadd_32ns_32ns_32_6_no_dsp_1_U48/vision_gemm_fadd_32ns_32ns_32_6_no_dsp_1_ip_u/inst/i_synth/ADDSUB_OP.ADDSUB/LOGIC_SPEED.OP/EXP/NUMB_CMP' is not directly connected to top level port. 'FAST' is ignored by Vivado but preserved inside the database.
Resolution: It is recommended to apply the I/O constraint directly to the top level port instead of applying the constraint to the cell connected to the port.
WARNING: [Constraints 18-549] Could not create 'FAST' constraint because cell 'grp_vision_gemm_Pipeline_VITIS_LOOP_147_10_fu_1983/fadd_32ns_32ns_32_6_no_dsp_1_U49/vision_gemm_fadd_32ns_32ns_32_6_no_dsp_1_ip_u/inst/i_synth/ADDSUB_OP.ADDSUB/LOGIC_SPEED.OP/EXP/NUMB_CMP' is not directly connected to top level port. 'FAST' is ignored by Vivado but preserved inside the database.
Resolution: It is recommended to apply the I/O constraint directly to the top level port instead of applying the constraint to the cell connected to the port.
WARNING: [Constraints 18-549] Could not create 'FAST' constraint because cell 'grp_vision_gemm_Pipeline_VITIS_LOOP_147_10_fu_1983/fadd_32ns_32ns_32_6_no_dsp_1_U50/vision_gemm_fadd_32ns_32ns_32_6_no_dsp_1_ip_u/inst/i_synth/ADDSUB_OP.ADDSUB/LOGIC_SPEED.OP/EXP/NUMB_CMP' is not directly connected to top level port. 'FAST' is ignored by Vivado but preserved inside the database.
Resolution: It is recommended to apply the I/O constraint directly to the top level port instead of applying the constraint to the cell connected to the port.
WARNING: [Constraints 18-549] Could not create 'FAST' constraint because cell 'grp_vision_gemm_Pipeline_VITIS_LOOP_147_10_fu_1983/fadd_32ns_32ns_32_6_no_dsp_1_U51/vision_gemm_fadd_32ns_32ns_32_6_no_dsp_1_ip_u/inst/i_synth/ADDSUB_OP.ADDSUB/LOGIC_SPEED.OP/EXP/NUMB_CMP' is not directly connected to top level port. 'FAST' is ignored by Vivado but preserved inside the database.
Resolution: It is recommended to apply the I/O constraint directly to the top level port instead of applying the constraint to the cell connected to the port.
WARNING: [Constraints 18-549] Could not create 'FAST' constraint because cell 'grp_vision_gemm_Pipeline_VITIS_LOOP_147_10_fu_1983/fadd_32ns_32ns_32_6_no_dsp_1_U52/vision_gemm_fadd_32ns_32ns_32_6_no_dsp_1_ip_u/inst/i_synth/ADDSUB_OP.ADDSUB/LOGIC_SPEED.OP/EXP/NUMB_CMP' is not directly connected to top level port. 'FAST' is ignored by Vivado but preserved inside the database.
Resolution: It is recommended to apply the I/O constraint directly to the top level port instead of applying the constraint to the cell connected to the port.
WARNING: [Constraints 18-549] Could not create 'FAST' constraint because cell 'grp_vision_gemm_Pipeline_VITIS_LOOP_147_10_fu_1983/fadd_32ns_32ns_32_6_no_dsp_1_U53/vision_gemm_fadd_32ns_32ns_32_6_no_dsp_1_ip_u/inst/i_synth/ADDSUB_OP.ADDSUB/LOGIC_SPEED.OP/EXP/NUMB_CMP' is not directly connected to top level port. 'FAST' is ignored by Vivado but preserved inside the database.
Resolution: It is recommended to apply the I/O constraint directly to the top level port instead of applying the constraint to the cell connected to the port.
WARNING: [Constraints 18-549] Could not create 'FAST' constraint because cell 'grp_vision_gemm_Pipeline_VITIS_LOOP_147_10_fu_1983/fadd_32ns_32ns_32_6_no_dsp_1_U54/vision_gemm_fadd_32ns_32ns_32_6_no_dsp_1_ip_u/inst/i_synth/ADDSUB_OP.ADDSUB/LOGIC_SPEED.OP/EXP/NUMB_CMP' is not directly connected to top level port. 'FAST' is ignored by Vivado but preserved inside the database.
Resolution: It is recommended to apply the I/O constraint directly to the top level port instead of applying the constraint to the cell connected to the port.
WARNING: [Constraints 18-549] Could not create 'FAST' constraint because cell 'grp_vision_gemm_Pipeline_VITIS_LOOP_147_10_fu_1983/fadd_32ns_32ns_32_6_no_dsp_1_U55/vision_gemm_fadd_32ns_32ns_32_6_no_dsp_1_ip_u/inst/i_synth/ADDSUB_OP.ADDSUB/LOGIC_SPEED.OP/EXP/NUMB_CMP' is not directly connected to top level port. 'FAST' is ignored by Vivado but preserved inside the database.
Resolution: It is recommended to apply the I/O constraint directly to the top level port instead of applying the constraint to the cell connected to the port.
WARNING: [Constraints 18-549] Could not create 'FAST' constraint because cell 'grp_vision_gemm_Pipeline_VITIS_LOOP_147_10_fu_1983/fadd_32ns_32ns_32_6_no_dsp_1_U56/vision_gemm_fadd_32ns_32ns_32_6_no_dsp_1_ip_u/inst/i_synth/ADDSUB_OP.ADDSUB/LOGIC_SPEED.OP/EXP/NUMB_CMP' is not directly connected to top level port. 'FAST' is ignored by Vivado but preserved inside the database.
Resolution: It is recommended to apply the I/O constraint directly to the top level port instead of applying the constraint to the cell connected to the port.
WARNING: [Constraints 18-549] Could not create 'FAST' constraint because cell 'grp_vision_gemm_Pipeline_VITIS_LOOP_147_10_fu_1983/fadd_32ns_32ns_32_6_no_dsp_1_U57/vision_gemm_fadd_32ns_32ns_32_6_no_dsp_1_ip_u/inst/i_synth/ADDSUB_OP.ADDSUB/LOGIC_SPEED.OP/EXP/NUMB_CMP' is not directly connected to top level port. 'FAST' is ignored by Vivado but preserved inside the database.
Resolution: It is recommended to apply the I/O constraint directly to the top level port instead of applying the constraint to the cell connected to the port.
WARNING: [Constraints 18-549] Could not create 'FAST' constraint because cell 'grp_vision_gemm_Pipeline_VITIS_LOOP_147_10_fu_1983/fadd_32ns_32ns_32_6_no_dsp_1_U58/vision_gemm_fadd_32ns_32ns_32_6_no_dsp_1_ip_u/inst/i_synth/ADDSUB_OP.ADDSUB/LOGIC_SPEED.OP/EXP/NUMB_CMP' is not directly connected to top level port. 'FAST' is ignored by Vivado but preserved inside the database.
Resolution: It is recommended to apply the I/O constraint directly to the top level port instead of applying the constraint to the cell connected to the port.
WARNING: [Constraints 18-549] Could not create 'FAST' constraint because cell 'grp_vision_gemm_Pipeline_VITIS_LOOP_147_10_fu_1983/fadd_32ns_32ns_32_6_no_dsp_1_U59/vision_gemm_fadd_32ns_32ns_32_6_no_dsp_1_ip_u/inst/i_synth/ADDSUB_OP.ADDSUB/LOGIC_SPEED.OP/EXP/NUMB_CMP' is not directly connected to top level port. 'FAST' is ignored by Vivado but preserved inside the database.
Resolution: It is recommended to apply the I/O constraint directly to the top level port instead of applying the constraint to the cell connected to the port.
WARNING: [Constraints 18-549] Could not create 'FAST' constraint because cell 'grp_vision_gemm_Pipeline_VITIS_LOOP_147_10_fu_1983/fadd_32ns_32ns_32_6_no_dsp_1_U60/vision_gemm_fadd_32ns_32ns_32_6_no_dsp_1_ip_u/inst/i_synth/ADDSUB_OP.ADDSUB/LOGIC_SPEED.OP/EXP/NUMB_CMP' is not directly connected to top level port. 'FAST' is ignored by Vivado but preserved inside the database.
Resolution: It is recommended to apply the I/O constraint directly to the top level port instead of applying the constraint to the cell connected to the port.
WARNING: [Constraints 18-549] Could not create 'FAST' constraint because cell 'grp_vision_gemm_Pipeline_VITIS_LOOP_147_10_fu_1983/fadd_32ns_32ns_32_6_no_dsp_1_U61/vision_gemm_fadd_32ns_32ns_32_6_no_dsp_1_ip_u/inst/i_synth/ADDSUB_OP.ADDSUB/LOGIC_SPEED.OP/EXP/NUMB_CMP' is not directly connected to top level port. 'FAST' is ignored by Vivado but preserved inside the database.
Resolution: It is recommended to apply the I/O constraint directly to the top level port instead of applying the constraint to the cell connected to the port.
WARNING: [Constraints 18-549] Could not create 'FAST' constraint because cell 'grp_vision_gemm_Pipeline_VITIS_LOOP_147_10_fu_1983/fadd_32ns_32ns_32_6_no_dsp_1_U62/vision_gemm_fadd_32ns_32ns_32_6_no_dsp_1_ip_u/inst/i_synth/ADDSUB_OP.ADDSUB/LOGIC_SPEED.OP/EXP/NUMB_CMP' is not directly connected to top level port. 'FAST' is ignored by Vivado but preserved inside the database.
Resolution: It is recommended to apply the I/O constraint directly to the top level port instead of applying the constraint to the cell connected to the port.
WARNING: [Constraints 18-549] Could not create 'FAST' constraint because cell 'grp_vision_gemm_Pipeline_VITIS_LOOP_147_10_fu_1983/fadd_32ns_32ns_32_6_no_dsp_1_U63/vision_gemm_fadd_32ns_32ns_32_6_no_dsp_1_ip_u/inst/i_synth/ADDSUB_OP.ADDSUB/LOGIC_SPEED.OP/EXP/NUMB_CMP' is not directly connected to top level port. 'FAST' is ignored by Vivado but preserved inside the database.
Resolution: It is recommended to apply the I/O constraint directly to the top level port instead of applying the constraint to the cell connected to the port.
WARNING: [Constraints 18-549] Could not create 'FAST' constraint because cell 'grp_vision_gemm_Pipeline_VITIS_LOOP_147_10_fu_1983/fadd_32ns_32ns_32_6_no_dsp_1_U64/vision_gemm_fadd_32ns_32ns_32_6_no_dsp_1_ip_u/inst/i_synth/ADDSUB_OP.ADDSUB/LOGIC_SPEED.OP/EXP/NUMB_CMP' is not directly connected to top level port. 'FAST' is ignored by Vivado but preserved inside the database.
Resolution: It is recommended to apply the I/O constraint directly to the top level port instead of applying the constraint to the cell connected to the port.
WARNING: [Constraints 18-549] Could not create 'FAST' constraint because cell 'grp_vision_gemm_Pipeline_VITIS_LOOP_147_10_fu_1983/fadd_32ns_32ns_32_6_no_dsp_1_U65/vision_gemm_fadd_32ns_32ns_32_6_no_dsp_1_ip_u/inst/i_synth/ADDSUB_OP.ADDSUB/LOGIC_SPEED.OP/EXP/NUMB_CMP' is not directly connected to top level port. 'FAST' is ignored by Vivado but preserved inside the database.
Resolution: It is recommended to apply the I/O constraint directly to the top level port instead of applying the constraint to the cell connected to the port.
WARNING: [Constraints 18-549] Could not create 'FAST' constraint because cell 'grp_vision_gemm_Pipeline_VITIS_LOOP_147_10_fu_1983/fadd_32ns_32ns_32_6_no_dsp_1_U66/vision_gemm_fadd_32ns_32ns_32_6_no_dsp_1_ip_u/inst/i_synth/ADDSUB_OP.ADDSUB/LOGIC_SPEED.OP/EXP/NUMB_CMP' is not directly connected to top level port. 'FAST' is ignored by Vivado but preserved inside the database.
Resolution: It is recommended to apply the I/O constraint directly to the top level port instead of applying the constraint to the cell connected to the port.
WARNING: [Constraints 18-549] Could not create 'FAST' constraint because cell 'grp_vision_gemm_Pipeline_VITIS_LOOP_147_10_fu_1983/fadd_32ns_32ns_32_6_no_dsp_1_U67/vision_gemm_fadd_32ns_32ns_32_6_no_dsp_1_ip_u/inst/i_synth/ADDSUB_OP.ADDSUB/LOGIC_SPEED.OP/EXP/NUMB_CMP' is not directly connected to top level port. 'FAST' is ignored by Vivado but preserved inside the database.
Resolution: It is recommended to apply the I/O constraint directly to the top level port instead of applying the constraint to the cell connected to the port.
WARNING: [Constraints 18-549] Could not create 'FAST' constraint because cell 'grp_vision_gemm_Pipeline_VITIS_LOOP_147_10_fu_1983/fadd_32ns_32ns_32_6_no_dsp_1_U68/vision_gemm_fadd_32ns_32ns_32_6_no_dsp_1_ip_u/inst/i_synth/ADDSUB_OP.ADDSUB/LOGIC_SPEED.OP/EXP/NUMB_CMP' is not directly connected to top level port. 'FAST' is ignored by Vivado but preserved inside the database.
Resolution: It is recommended to apply the I/O constraint directly to the top level port instead of applying the constraint to the cell connected to the port.
INFO: [Opt 31-138] Pushed 0 inverter(s) to 0 load pin(s).
Netlist sorting complete. Time (s): cpu = 00:00:00.01 ; elapsed = 00:00:00.01 . Memory (MB): peak = 4053.406 ; gain = 0.000 ; free physical = 6809 ; free virtual = 27750
INFO: [Project 1-111] Unisim Transformation Summary:
  A total of 2293 instances were transformed.
  (CARRY4) => CARRY8: 1212 instances
  BUFG => BUFGCE: 1 instance 
  DSP48E1 => DSP48E2 (DSP_ALU, DSP_A_B_DATA, DSP_C_DATA, DSP_MULTIPLIER, DSP_M_DATA, DSP_OUTPUT, DSP_PREADD, DSP_PREADD_DATA): 180 instances
  DSP48E2 => DSP48E2 (DSP_ALU, DSP_A_B_DATA, DSP_C_DATA, DSP_MULTIPLIER, DSP_M_DATA, DSP_OUTPUT, DSP_PREADD, DSP_PREADD_DATA): 2 instances
  FDE => FDRE: 452 instances
  IBUF => IBUF (IBUFCTRL, INBUF): 446 instances

Synth Design complete | Checksum: aad9a675
INFO: [Common 17-83] Releasing license: Synthesis
593 Infos, 179 Warnings, 0 Critical Warnings and 0 Errors encountered.
synth_design completed successfully
synth_design: Time (s): cpu = 00:02:29 ; elapsed = 00:01:46 . Memory (MB): peak = 4053.406 ; gain = 2498.770 ; free physical = 6806 ; free virtual = 27747
INFO: [Common 17-2834] synth_design peak Physical Memory [PSS] (MB): overall = 8973.226; main = 3471.491; forked = 6763.097
INFO: [Common 17-2834] synth_design peak Virtual Memory [VSS] (MB): overall = 17414.566; main = 4053.410; forked = 14256.727
# create_clock -name ap_clk -period 5.000 [get_ports ap_clk]
# report_utilization -file [file join $out_dir utilization_post_synth.rpt]
# report_timing_summary -delay_type max -report_unconstrained -file [file join $out_dir timing_post_synth.rpt]
INFO: [Timing 38-91] UpdateTimingParams: Speed grade: -2LV, Temperature grade: C, Delay Type: max.
INFO: [Timing 38-191] Multithreading enabled for timing update using a maximum of 8 CPUs
INFO: [Timing 38-35] Done setting XDC timing constraints.
report_timing_summary: Time (s): cpu = 00:00:31 ; elapsed = 00:00:14 . Memory (MB): peak = 5073.168 ; gain = 1019.762 ; free physical = 5911 ; free virtual = 26705
# opt_design
Command: opt_design
Attempting to get a license for feature 'Implementation' and/or device 'xck26'
INFO: [Common 17-349] Got license for feature 'Implementation' and/or device 'xck26'
Running DRC as a precondition to command opt_design

Starting DRC Task
INFO: [DRC 23-27] Running DRC with 8 threads
INFO: [Project 1-461] DRC finished with 0 Errors
INFO: [Project 1-462] Please refer to the DRC report (report_drc) for more information.

Time (s): cpu = 00:00:02 ; elapsed = 00:00:00.56 . Memory (MB): peak = 5073.168 ; gain = 0.000 ; free physical = 5884 ; free virtual = 26678

Starting Cache Timing Information Task
Ending Cache Timing Information Task | Checksum: 209be14f4

Time (s): cpu = 00:00:00.03 ; elapsed = 00:00:00.03 . Memory (MB): peak = 5073.168 ; gain = 0.000 ; free physical = 5884 ; free virtual = 26678

Starting Logic Optimization Task

Phase 1 Initialization

Phase 1.1 Core Generation And Design Setup
Phase 1.1 Core Generation And Design Setup | Checksum: 209be14f4

Time (s): cpu = 00:00:00.14 ; elapsed = 00:00:00.13 . Memory (MB): peak = 5073.168 ; gain = 0.000 ; free physical = 5943 ; free virtual = 26730

Phase 1.2 Setup Constraints And Sort Netlist
Phase 1.2 Setup Constraints And Sort Netlist | Checksum: 209be14f4

Time (s): cpu = 00:00:00.18 ; elapsed = 00:00:00.17 . Memory (MB): peak = 5073.168 ; gain = 0.000 ; free physical = 5944 ; free virtual = 26730
Phase 1 Initialization | Checksum: 209be14f4

Time (s): cpu = 00:00:00.18 ; elapsed = 00:00:00.18 . Memory (MB): peak = 5073.168 ; gain = 0.000 ; free physical = 5944 ; free virtual = 26730

Phase 2 Timer Update And Timing Data Collection

Phase 2.1 Timer Update
Phase 2.1 Timer Update | Checksum: 209be14f4

Time (s): cpu = 00:00:05 ; elapsed = 00:00:01 . Memory (MB): peak = 5073.168 ; gain = 0.000 ; free physical = 5826 ; free virtual = 26639

Phase 2.2 Timing Data Collection
Phase 2.2 Timing Data Collection | Checksum: 209be14f4

Time (s): cpu = 00:00:05 ; elapsed = 00:00:01 . Memory (MB): peak = 5073.168 ; gain = 0.000 ; free physical = 5716 ; free virtual = 26619
Phase 2 Timer Update And Timing Data Collection | Checksum: 209be14f4

Time (s): cpu = 00:00:05 ; elapsed = 00:00:01 . Memory (MB): peak = 5073.168 ; gain = 0.000 ; free physical = 5720 ; free virtual = 26594

Phase 3 Retarget
INFO: [Opt 31-1851] Number of loadless carry chains removed were: 0
INFO: [Opt 31-1834] Total Chains To Be Transformed Were: 0 AND Number of Transformed insts Created are: 0
INFO: [Opt 31-1566] Pulled 116 inverters resulting in an inversion of 2560 pins
INFO: [Opt 31-138] Pushed 117 inverter(s) to 4399 load pin(s).
INFO: [Opt 31-49] Retargeted 0 cell(s).
Phase 3 Retarget | Checksum: 1c1df57a4

Time (s): cpu = 00:00:07 ; elapsed = 00:00:03 . Memory (MB): peak = 5073.168 ; gain = 0.000 ; free physical = 5673 ; free virtual = 26558
Retarget | Checksum: 1c1df57a4
INFO: [Opt 31-389] Phase Retarget created 802 cells and removed 1371 cells

Phase 4 Constant propagation
INFO: [Opt 31-138] Pushed 0 inverter(s) to 0 load pin(s).
Phase 4 Constant propagation | Checksum: 21bc16d05

Time (s): cpu = 00:00:07 ; elapsed = 00:00:03 . Memory (MB): peak = 5073.168 ; gain = 0.000 ; free physical = 5718 ; free virtual = 26557
Constant propagation | Checksum: 21bc16d05
INFO: [Opt 31-389] Phase Constant propagation created 52 cells and removed 337 cells

Phase 5 Sweep
INFO: [Constraints 18-11670] Building netlist checker database with flags, 0x8
Done building netlist checker database: Time (s): cpu = 00:00:00.02 ; elapsed = 00:00:00.02 . Memory (MB): peak = 5073.168 ; gain = 0.000 ; free physical = 5724 ; free virtual = 26551
INFO: [Constraints 18-11670] Building netlist checker database with flags, 0x8
Done building netlist checker database: Time (s): cpu = 00:00:00.01 ; elapsed = 00:00:00.02 . Memory (MB): peak = 5073.168 ; gain = 0.000 ; free physical = 5723 ; free virtual = 26549
Phase 5 Sweep | Checksum: 200e430db

Time (s): cpu = 00:00:09 ; elapsed = 00:00:05 . Memory (MB): peak = 5073.168 ; gain = 0.000 ; free physical = 5782 ; free virtual = 26601
Sweep | Checksum: 200e430db
INFO: [Opt 31-389] Phase Sweep created 2 cells and removed 1276 cells

Phase 6 BUFG optimization
INFO: [Opt 31-1077] Phase BUFG optimization inserted 0 global clock buffer(s) for CLOCK_LOW_FANOUT.
Phase 6 BUFG optimization | Checksum: 200e430db

Time (s): cpu = 00:00:10 ; elapsed = 00:00:06 . Memory (MB): peak = 5105.184 ; gain = 32.016 ; free physical = 5790 ; free virtual = 26604
BUFG optimization | Checksum: 200e430db
INFO: [Opt 31-662] Phase BUFG optimization created 0 cells of which 0 are BUFGs and removed 0 cells.

Phase 7 Shift Register Optimization
INFO: [Opt 31-1064] SRL Remap converted 0 SRLs to 0 registers and converted 0 registers of register chains to 0 SRLs
Phase 7 Shift Register Optimization | Checksum: 200e430db

Time (s): cpu = 00:00:10 ; elapsed = 00:00:06 . Memory (MB): peak = 5105.184 ; gain = 32.016 ; free physical = 5790 ; free virtual = 26604
Shift Register Optimization | Checksum: 200e430db
INFO: [Opt 31-389] Phase Shift Register Optimization created 0 cells and removed 0 cells

Phase 8 Post Processing Netlist
Phase 8 Post Processing Netlist | Checksum: 185a1ac15

Time (s): cpu = 00:00:11 ; elapsed = 00:00:06 . Memory (MB): peak = 5105.184 ; gain = 32.016 ; free physical = 5792 ; free virtual = 26607
Post Processing Netlist | Checksum: 185a1ac15
INFO: [Opt 31-389] Phase Post Processing Netlist created 0 cells and removed 0 cells

Phase 9 Finalization

Phase 9.1 Finalizing Design Cores and Updating Shapes
Phase 9.1 Finalizing Design Cores and Updating Shapes | Checksum: 1b8046c57

Time (s): cpu = 00:00:12 ; elapsed = 00:00:07 . Memory (MB): peak = 5105.184 ; gain = 32.016 ; free physical = 5836 ; free virtual = 26615

Phase 9.2 Verifying Netlist Connectivity

Starting Connectivity Check Task

Time (s): cpu = 00:00:00.11 ; elapsed = 00:00:00.11 . Memory (MB): peak = 5105.184 ; gain = 0.000 ; free physical = 5837 ; free virtual = 26617
Phase 9.2 Verifying Netlist Connectivity | Checksum: 1b8046c57

Time (s): cpu = 00:00:12 ; elapsed = 00:00:07 . Memory (MB): peak = 5105.184 ; gain = 32.016 ; free physical = 5837 ; free virtual = 26617
Phase 9 Finalization | Checksum: 1b8046c57

Time (s): cpu = 00:00:12 ; elapsed = 00:00:07 . Memory (MB): peak = 5105.184 ; gain = 32.016 ; free physical = 5837 ; free virtual = 26619
Opt_design Change Summary
=========================


-------------------------------------------------------------------------------------------------------------------------
|  Phase                        |  #Cells created  |  #Cells Removed  |  #Constrained objects preventing optimizations  |
-------------------------------------------------------------------------------------------------------------------------
|  Retarget                     |             802  |            1371  |                                              0  |
|  Constant propagation         |              52  |             337  |                                              0  |
|  Sweep                        |               2  |            1276  |                                              0  |
|  BUFG optimization            |               0  |               0  |                                              0  |
|  Shift Register Optimization  |               0  |               0  |                                              0  |
|  Post Processing Netlist      |               0  |               0  |                                              0  |
-------------------------------------------------------------------------------------------------------------------------


Ending Logic Optimization Task | Checksum: 1b8046c57

Time (s): cpu = 00:00:12 ; elapsed = 00:00:07 . Memory (MB): peak = 5105.184 ; gain = 32.016 ; free physical = 5837 ; free virtual = 26619

Starting Power Optimization Task
INFO: [Pwropt 34-132] Skipping clock gating for clocks with a period < 2.00 ns.
INFO: [Pwropt 34-9] Applying IDT optimizations ...
INFO: [Pwropt 34-10] Applying ODC optimizations ...
INFO: [Timing 38-35] Done setting XDC timing constraints.
Running Vector-less Activity Propagation...

Finished Running Vector-less Activity Propagation


Starting PowerOpt Patch Enables Task
INFO: [Pwropt 34-162] WRITE_MODE attribute of 0 BRAM(s) out of a total of 32 has been updated to save power. Run report_power_opt to get a complete listing of the BRAMs updated.
INFO: [Pwropt 34-201] Structural ODC has moved 12 WE to EN ports
Number of BRAM Ports augmented: 0 newly gated: 12 Total Ports: 64
Ending PowerOpt Patch Enables Task | Checksum: 11a884574

Time (s): cpu = 00:00:00.23 ; elapsed = 00:00:00.23 . Memory (MB): peak = 5409.238 ; gain = 0.000 ; free physical = 5762 ; free virtual = 26560
Ending Power Optimization Task | Checksum: 11a884574

Time (s): cpu = 00:00:31 ; elapsed = 00:00:09 . Memory (MB): peak = 5409.238 ; gain = 304.055 ; free physical = 5767 ; free virtual = 26565

Starting Final Cleanup Task
Ending Final Cleanup Task | Checksum: 11a884574

Time (s): cpu = 00:00:00.01 ; elapsed = 00:00:00.01 . Memory (MB): peak = 5409.238 ; gain = 0.000 ; free physical = 5767 ; free virtual = 26565

Starting Netlist Obfuscation Task
Netlist sorting complete. Time (s): cpu = 00:00:00.01 ; elapsed = 00:00:00.01 . Memory (MB): peak = 5409.238 ; gain = 0.000 ; free physical = 5768 ; free virtual = 26566
Ending Netlist Obfuscation Task | Checksum: 164c25531

Time (s): cpu = 00:00:00.02 ; elapsed = 00:00:00.02 . Memory (MB): peak = 5409.238 ; gain = 0.000 ; free physical = 5768 ; free virtual = 26566
INFO: [Common 17-83] Releasing license: Implementation
27 Infos, 0 Warnings, 0 Critical Warnings and 0 Errors encountered.
opt_design completed successfully
opt_design: Time (s): cpu = 00:00:47 ; elapsed = 00:00:18 . Memory (MB): peak = 5409.238 ; gain = 336.070 ; free physical = 5767 ; free virtual = 26565
# place_design
Command: place_design
Attempting to get a license for feature 'Implementation' and/or device 'xck26'
INFO: [Common 17-349] Got license for feature 'Implementation' and/or device 'xck26'
INFO: [Common 17-83] Releasing license: Implementation
INFO: [DRC 23-27] Running DRC with 8 threads
INFO: [Vivado_Tcl 4-198] DRC finished with 0 Errors
INFO: [Vivado_Tcl 4-199] Please refer to the DRC report (report_drc) for more information.
Running DRC as a precondition to command place_design
INFO: [DRC 23-27] Running DRC with 8 threads
INFO: [Vivado_Tcl 4-198] DRC finished with 0 Errors
INFO: [Vivado_Tcl 4-199] Please refer to the DRC report (report_drc) for more information.
INFO: [Place 30-611] Multithreading enabled for place_design using a maximum of 8 CPUs

Starting Placer Task

Phase 1 Placer Initialization

Phase 1.1 Placer Initialization Netlist Sorting
Netlist sorting complete. Time (s): cpu = 00:00:00.01 ; elapsed = 00:00:00.01 . Memory (MB): peak = 5409.238 ; gain = 0.000 ; free physical = 5808 ; free virtual = 26589
Phase 1.1 Placer Initialization Netlist Sorting | Checksum: fbaebb73

Time (s): cpu = 00:00:00.03 ; elapsed = 00:00:00.03 . Memory (MB): peak = 5409.238 ; gain = 0.000 ; free physical = 5808 ; free virtual = 26589
Netlist sorting complete. Time (s): cpu = 00:00:00.02 ; elapsed = 00:00:00.01 . Memory (MB): peak = 5409.238 ; gain = 0.000 ; free physical = 5808 ; free virtual = 26589

Phase 1.2 IO Placement/ Clock Placement/ Build Placer Device
ERROR: [Place 30-415] IO Placement failed due to overutilization. This design contains 1808 I/O ports
 while the target  device: xck26 package: sfvc784, contains only 468 available user I/O. The target device has 468 usable I/O pins of which 0 are already occupied by user-locked I/Os.
 To rectify this issue:
 1. Ensure you are targeting the correct device and package.  Select a larger device or different package if necessary.
 2. Check the top-level ports of the design to ensure the correct number of ports are specified.
 3. Consider design changes to reduce the number of I/Os necessary.
INFO: [Timing 38-35] Done setting XDC timing constraints.
ERROR: [Place 30-68] Instance ap_clk_IBUF_BUFG_inst (BUFGCE) is not placed
ERROR: [Place 30-68] Instance ap_clk_IBUF_inst/IBUFCTRL_INST (IBUFCTRL) is not placed
ERROR: [Place 30-68] Instance ap_clk_IBUF_inst/INBUF_INST (INBUF) is not placed
ERROR: [Place 30-68] Instance ap_rst_n_IBUF_inst/IBUFCTRL_INST (IBUFCTRL) is not placed
ERROR: [Place 30-68] Instance ap_rst_n_IBUF_inst/INBUF_INST (INBUF) is not placed
ERROR: [Place 30-68] Instance interrupt_OBUF_inst (OBUF) is not placed
ERROR: [Place 30-68] Instance m_axi_gmem_w_ARADDR_OBUF[0]_inst (OBUF) is not placed
ERROR: [Place 30-68] Instance m_axi_gmem_w_ARADDR_OBUF[10]_inst (OBUF) is not placed
ERROR: [Place 30-68] Instance m_axi_gmem_w_ARADDR_OBUF[11]_inst (OBUF) is not placed
ERROR: [Place 30-68] Instance m_axi_gmem_w_ARADDR_OBUF[12]_inst (OBUF) is not placed
ERROR: [Place 30-68] Instance m_axi_gmem_w_ARADDR_OBUF[13]_inst (OBUF) is not placed
ERROR: [Place 30-68] Instance m_axi_gmem_w_ARADDR_OBUF[14]_inst (OBUF) is not placed
ERROR: [Place 30-68] Instance m_axi_gmem_w_ARADDR_OBUF[15]_inst (OBUF) is not placed
ERROR: [Place 30-68] Instance m_axi_gmem_w_ARADDR_OBUF[16]_inst (OBUF) is not placed
ERROR: [Place 30-68] Instance m_axi_gmem_w_ARADDR_OBUF[17]_inst (OBUF) is not placed
ERROR: [Place 30-68] Instance m_axi_gmem_w_ARADDR_OBUF[18]_inst (OBUF) is not placed
ERROR: [Place 30-68] Instance m_axi_gmem_w_ARADDR_OBUF[19]_inst (OBUF) is not placed
ERROR: [Place 30-68] Instance m_axi_gmem_w_ARADDR_OBUF[1]_inst (OBUF) is not placed
ERROR: [Place 30-68] Instance m_axi_gmem_w_ARADDR_OBUF[20]_inst (OBUF) is not placed
ERROR: [Place 30-68] Instance m_axi_gmem_w_ARADDR_OBUF[21]_inst (OBUF) is not placed
ERROR: [Place 30-68] Instance m_axi_gmem_w_ARADDR_OBUF[22]_inst (OBUF) is not placed
ERROR: [Place 30-68] Instance m_axi_gmem_w_ARADDR_OBUF[23]_inst (OBUF) is not placed
ERROR: [Place 30-68] Instance m_axi_gmem_w_ARADDR_OBUF[24]_inst (OBUF) is not placed
ERROR: [Place 30-68] Instance m_axi_gmem_w_ARADDR_OBUF[25]_inst (OBUF) is not placed
ERROR: [Place 30-68] Instance m_axi_gmem_w_ARADDR_OBUF[26]_inst (OBUF) is not placed
ERROR: [Place 30-68] Instance m_axi_gmem_w_ARADDR_OBUF[27]_inst (OBUF) is not placed
ERROR: [Place 30-68] Instance m_axi_gmem_w_ARADDR_OBUF[28]_inst (OBUF) is not placed
ERROR: [Place 30-68] Instance m_axi_gmem_w_ARADDR_OBUF[29]_inst (OBUF) is not placed
ERROR: [Place 30-68] Instance m_axi_gmem_w_ARADDR_OBUF[2]_inst (OBUF) is not placed
ERROR: [Place 30-68] Instance m_axi_gmem_w_ARADDR_OBUF[30]_inst (OBUF) is not placed
ERROR: [Place 30-68] Instance m_axi_gmem_w_ARADDR_OBUF[31]_inst (OBUF) is not placed
ERROR: [Place 30-68] Instance m_axi_gmem_w_ARADDR_OBUF[32]_inst (OBUF) is not placed
ERROR: [Place 30-68] Instance m_axi_gmem_w_ARADDR_OBUF[33]_inst (OBUF) is not placed
ERROR: [Place 30-68] Instance m_axi_gmem_w_ARADDR_OBUF[34]_inst (OBUF) is not placed
ERROR: [Place 30-68] Instance m_axi_gmem_w_ARADDR_OBUF[35]_inst (OBUF) is not placed
ERROR: [Place 30-68] Instance m_axi_gmem_w_ARADDR_OBUF[36]_inst (OBUF) is not placed
ERROR: [Place 30-68] Instance m_axi_gmem_w_ARADDR_OBUF[37]_inst (OBUF) is not placed
ERROR: [Place 30-68] Instance m_axi_gmem_w_ARADDR_OBUF[38]_inst (OBUF) is not placed
ERROR: [Place 30-68] Instance m_axi_gmem_w_ARADDR_OBUF[39]_inst (OBUF) is not placed
ERROR: [Place 30-68] Instance m_axi_gmem_w_ARADDR_OBUF[3]_inst (OBUF) is not placed
ERROR: [Place 30-68] Instance m_axi_gmem_w_ARADDR_OBUF[40]_inst (OBUF) is not placed
ERROR: [Place 30-68] Instance m_axi_gmem_w_ARADDR_OBUF[41]_inst (OBUF) is not placed
ERROR: [Place 30-68] Instance m_axi_gmem_w_ARADDR_OBUF[42]_inst (OBUF) is not placed
ERROR: [Place 30-68] Instance m_axi_gmem_w_ARADDR_OBUF[43]_inst (OBUF) is not placed
ERROR: [Place 30-68] Instance m_axi_gmem_w_ARADDR_OBUF[44]_inst (OBUF) is not placed
ERROR: [Place 30-68] Instance m_axi_gmem_w_ARADDR_OBUF[45]_inst (OBUF) is not placed
ERROR: [Place 30-68] Instance m_axi_gmem_w_ARADDR_OBUF[46]_inst (OBUF) is not placed
ERROR: [Place 30-68] Instance m_axi_gmem_w_ARADDR_OBUF[47]_inst (OBUF) is not placed
ERROR: [Place 30-68] Instance m_axi_gmem_w_ARADDR_OBUF[48]_inst (OBUF) is not placed
ERROR: [Place 30-68] Instance m_axi_gmem_w_ARADDR_OBUF[49]_inst (OBUF) is not placed
ERROR: [Place 30-68] Instance m_axi_gmem_w_ARADDR_OBUF[4]_inst (OBUF) is not placed
ERROR: [Place 30-68] Instance m_axi_gmem_w_ARADDR_OBUF[50]_inst (OBUF) is not placed
ERROR: [Place 30-68] Instance m_axi_gmem_w_ARADDR_OBUF[51]_inst (OBUF) is not placed
ERROR: [Place 30-68] Instance m_axi_gmem_w_ARADDR_OBUF[52]_inst (OBUF) is not placed
ERROR: [Place 30-68] Instance m_axi_gmem_w_ARADDR_OBUF[53]_inst (OBUF) is not placed
ERROR: [Place 30-68] Instance m_axi_gmem_w_ARADDR_OBUF[54]_inst (OBUF) is not placed
ERROR: [Place 30-68] Instance m_axi_gmem_w_ARADDR_OBUF[55]_inst (OBUF) is not placed
ERROR: [Place 30-68] Instance m_axi_gmem_w_ARADDR_OBUF[56]_inst (OBUF) is not placed
ERROR: [Place 30-68] Instance m_axi_gmem_w_ARADDR_OBUF[57]_inst (OBUF) is not placed
ERROR: [Place 30-68] Instance m_axi_gmem_w_ARADDR_OBUF[58]_inst (OBUF) is not placed
ERROR: [Place 30-68] Instance m_axi_gmem_w_ARADDR_OBUF[59]_inst (OBUF) is not placed
ERROR: [Place 30-68] Instance m_axi_gmem_w_ARADDR_OBUF[5]_inst (OBUF) is not placed
ERROR: [Place 30-68] Instance m_axi_gmem_w_ARADDR_OBUF[60]_inst (OBUF) is not placed
ERROR: [Place 30-68] Instance m_axi_gmem_w_ARADDR_OBUF[61]_inst (OBUF) is not placed
ERROR: [Place 30-68] Instance m_axi_gmem_w_ARADDR_OBUF[62]_inst (OBUF) is not placed
ERROR: [Place 30-68] Instance m_axi_gmem_w_ARADDR_OBUF[63]_inst (OBUF) is not placed
ERROR: [Place 30-68] Instance m_axi_gmem_w_ARADDR_OBUF[6]_inst (OBUF) is not placed
ERROR: [Place 30-68] Instance m_axi_gmem_w_ARADDR_OBUF[7]_inst (OBUF) is not placed
ERROR: [Place 30-68] Instance m_axi_gmem_w_ARADDR_OBUF[8]_inst (OBUF) is not placed
ERROR: [Place 30-68] Instance m_axi_gmem_w_ARADDR_OBUF[9]_inst (OBUF) is not placed
ERROR: [Place 30-68] Instance m_axi_gmem_w_ARBURST_OBUF[0]_inst (OBUF) is not placed
ERROR: [Place 30-68] Instance m_axi_gmem_w_ARBURST_OBUF[1]_inst (OBUF) is not placed
ERROR: [Place 30-68] Instance m_axi_gmem_w_ARCACHE_OBUF[0]_inst (OBUF) is not placed
ERROR: [Place 30-68] Instance m_axi_gmem_w_ARCACHE_OBUF[1]_inst (OBUF) is not placed
ERROR: [Place 30-68] Instance m_axi_gmem_w_ARCACHE_OBUF[2]_inst (OBUF) is not placed
ERROR: [Place 30-68] Instance m_axi_gmem_w_ARCACHE_OBUF[3]_inst (OBUF) is not placed
ERROR: [Place 30-68] Instance m_axi_gmem_w_ARID_OBUF[0]_inst (OBUF) is not placed
ERROR: [Place 30-68] Instance m_axi_gmem_w_ARLEN_OBUF[0]_inst (OBUF) is not placed
ERROR: [Place 30-68] Instance m_axi_gmem_w_ARLEN_OBUF[1]_inst (OBUF) is not placed
ERROR: [Place 30-68] Instance m_axi_gmem_w_ARLEN_OBUF[2]_inst (OBUF) is not placed
ERROR: [Place 30-68] Instance m_axi_gmem_w_ARLEN_OBUF[3]_inst (OBUF) is not placed
ERROR: [Place 30-68] Instance m_axi_gmem_w_ARLEN_OBUF[4]_inst (OBUF) is not placed
ERROR: [Place 30-68] Instance m_axi_gmem_w_ARLEN_OBUF[5]_inst (OBUF) is not placed
ERROR: [Place 30-68] Instance m_axi_gmem_w_ARLEN_OBUF[6]_inst (OBUF) is not placed
ERROR: [Place 30-68] Instance m_axi_gmem_w_ARLEN_OBUF[7]_inst (OBUF) is not placed
ERROR: [Place 30-68] Instance m_axi_gmem_w_ARLOCK_OBUF[0]_inst (OBUF) is not placed
ERROR: [Place 30-68] Instance m_axi_gmem_w_ARLOCK_OBUF[1]_inst (OBUF) is not placed
ERROR: [Place 30-68] Instance m_axi_gmem_w_ARPROT_OBUF[0]_inst (OBUF) is not placed
ERROR: [Place 30-68] Instance m_axi_gmem_w_ARPROT_OBUF[1]_inst (OBUF) is not placed
ERROR: [Place 30-68] Instance m_axi_gmem_w_ARPROT_OBUF[2]_inst (OBUF) is not placed
ERROR: [Place 30-68] Instance m_axi_gmem_w_ARQOS_OBUF[0]_inst (OBUF) is not placed
ERROR: [Place 30-68] Instance m_axi_gmem_w_ARQOS_OBUF[1]_inst (OBUF) is not placed
ERROR: [Place 30-68] Instance m_axi_gmem_w_ARQOS_OBUF[2]_inst (OBUF) is not placed
ERROR: [Place 30-68] Instance m_axi_gmem_w_ARQOS_OBUF[3]_inst (OBUF) is not placed
ERROR: [Place 30-68] Instance m_axi_gmem_w_ARREADY_IBUF_inst/IBUFCTRL_INST (IBUFCTRL) is not placed
ERROR: [Place 30-68] Instance m_axi_gmem_w_ARREADY_IBUF_inst/INBUF_INST (INBUF) is not placed
ERROR: [Place 30-68] Instance m_axi_gmem_w_ARREGION_OBUF[0]_inst (OBUF) is not placed
ERROR: [Place 30-68] Instance m_axi_gmem_w_ARREGION_OBUF[1]_inst (OBUF) is not placed
ERROR: [Place 30-68] Instance m_axi_gmem_w_ARREGION_OBUF[2]_inst (OBUF) is not placed
ERROR: [Place 30-68] Instance m_axi_gmem_w_ARREGION_OBUF[3]_inst (OBUF) is not placed
INFO: [Common 17-14] Message 'Place 30-68' appears 100 times and further instances of the messages will be disabled. Use the Tcl command set_msg_config to change the current settings.
Phase 1.2 IO Placement/ Clock Placement/ Build Placer Device | Checksum: 105856b00

Time (s): cpu = 00:00:14 ; elapsed = 00:00:05 . Memory (MB): peak = 5409.238 ; gain = 0.000 ; free physical = 5845 ; free virtual = 26618
Phase 1 Placer Initialization | Checksum: 105856b00

Time (s): cpu = 00:00:14 ; elapsed = 00:00:05 . Memory (MB): peak = 5409.238 ; gain = 0.000 ; free physical = 5845 ; free virtual = 26618
ERROR: [Place 30-99] Placer failed with error: 'IO Clock Placer failed'
Please review all ERROR, CRITICAL WARNING, and WARNING messages during placement to understand the cause for failure.
Ending Placer Task | Checksum: 105856b00

Time (s): cpu = 00:00:14 ; elapsed = 00:00:05 . Memory (MB): peak = 5409.238 ; gain = 0.000 ; free physical = 5839 ; free virtual = 26612
11 Infos, 0 Warnings, 0 Critical Warnings and 103 Errors encountered.
place_design failed
ERROR: [Common 17-69] Command failed: Placer could not place all instances
INFO: [Common 17-206] Exiting Vivado at Thu Sep 24 16:38:57 2026...
