

================================================================
== Vitis HLS Report for 'vision_gemm_Pipeline_VITIS_LOOP_147_10'
================================================================
* Date:           Thu Sep 24 16:33:32 2026

* Version:        2024.2 (Build 5238294 on Nov  8 2024)
* Project:        project
* Solution:       solution1 (Vivado IP Flow Target)
* Product family: zynquplus
* Target device:  xck26-sfvc784-2LV-c


================================================================
== Performance Estimates
================================================================
+ Timing: 
    * Summary: 
    +--------+---------+----------+------------+
    |  Clock |  Target | Estimated| Uncertainty|
    +--------+---------+----------+------------+
    |ap_clk  |  5.00 ns|  3.520 ns|     1.35 ns|
    +--------+---------+----------+------------+

+ Latency: 
    * Summary: 
    +---------+---------+----------+----------+------+------+------------------------------------------------+
    |  Latency (cycles) |  Latency (absolute) |   Interval  |                    Pipeline                    |
    |   min   |   max   |    min   |    max   |  min |  max |                      Type                      |
    +---------+---------+----------+----------+------+------+------------------------------------------------+
    |     1360|     1360|  6.800 us|  6.800 us|  1350|  1350|  loop auto-rewind stp (delay=0 clock cycles(s))|
    +---------+---------+----------+----------+------+------+------------------------------------------------+

    + Detail: 
        * Instance: 
        N/A

        * Loop: 
        +---------------------+---------+---------+----------+-----------+-----------+------+----------+
        |                     |  Latency (cycles) | Iteration|  Initiation Interval  | Trip |          |
        |      Loop Name      |   min   |   max   |  Latency |  achieved |   target  | Count| Pipelined|
        +---------------------+---------+---------+----------+-----------+-----------+------+----------+
        |- VITIS_LOOP_147_10  |     1358|     1358|        19|          5|          1|   269|       yes|
        +---------------------+---------+---------+----------+-----------+-----------+------+----------+



================================================================
== Utilization Estimates
================================================================
* Summary: 
+-----------------+---------+------+--------+--------+-----+
|       Name      | BRAM_18K|  DSP |   FF   |   LUT  | URAM|
+-----------------+---------+------+--------+--------+-----+
|DSP              |        -|     -|       -|       -|    -|
|Expression       |        -|     -|       0|   20492|    -|
|FIFO             |        -|     -|       -|       -|    -|
|Instance         |        -|   156|   22308|   29808|    -|
|Memory           |        -|     -|       -|       -|    -|
|Multiplexer      |        -|     -|       0|   11099|    -|
|Register         |        -|     -|   28097|      32|    -|
+-----------------+---------+------+--------+--------+-----+
|Total            |        0|   156|   50405|   61431|    0|
+-----------------+---------+------+--------+--------+-----+
|Available        |      288|  1248|  234240|  117120|   64|
+-----------------+---------+------+--------+--------+-----+
|Utilization (%)  |        0|    12|      21|      52|    0|
+-----------------+---------+------+--------+--------+-----+

+ Detail: 
    * Instance: 
    +------------------------------------+-------------------------------+---------+----+-----+-----+-----+
    |              Instance              |             Module            | BRAM_18K| DSP|  FF | LUT | URAM|
    +------------------------------------+-------------------------------+---------+----+-----+-----+-----+
    |fadd_32ns_32ns_32_6_no_dsp_1_U17    |fadd_32ns_32ns_32_6_no_dsp_1   |        0|   0|  278|  411|    0|
    |fadd_32ns_32ns_32_6_no_dsp_1_U18    |fadd_32ns_32ns_32_6_no_dsp_1   |        0|   0|  278|  411|    0|
    |fadd_32ns_32ns_32_6_no_dsp_1_U19    |fadd_32ns_32ns_32_6_no_dsp_1   |        0|   0|  278|  411|    0|
    |fadd_32ns_32ns_32_6_no_dsp_1_U20    |fadd_32ns_32ns_32_6_no_dsp_1   |        0|   0|  278|  411|    0|
    |fadd_32ns_32ns_32_6_no_dsp_1_U21    |fadd_32ns_32ns_32_6_no_dsp_1   |        0|   0|  278|  411|    0|
    |fadd_32ns_32ns_32_6_no_dsp_1_U22    |fadd_32ns_32ns_32_6_no_dsp_1   |        0|   0|  278|  411|    0|
    |fadd_32ns_32ns_32_6_no_dsp_1_U23    |fadd_32ns_32ns_32_6_no_dsp_1   |        0|   0|  278|  411|    0|
    |fadd_32ns_32ns_32_6_no_dsp_1_U24    |fadd_32ns_32ns_32_6_no_dsp_1   |        0|   0|  278|  411|    0|
    |fadd_32ns_32ns_32_6_no_dsp_1_U25    |fadd_32ns_32ns_32_6_no_dsp_1   |        0|   0|  278|  411|    0|
    |fadd_32ns_32ns_32_6_no_dsp_1_U26    |fadd_32ns_32ns_32_6_no_dsp_1   |        0|   0|  278|  411|    0|
    |fadd_32ns_32ns_32_6_no_dsp_1_U27    |fadd_32ns_32ns_32_6_no_dsp_1   |        0|   0|  278|  411|    0|
    |fadd_32ns_32ns_32_6_no_dsp_1_U28    |fadd_32ns_32ns_32_6_no_dsp_1   |        0|   0|  278|  411|    0|
    |fadd_32ns_32ns_32_6_no_dsp_1_U29    |fadd_32ns_32ns_32_6_no_dsp_1   |        0|   0|  278|  411|    0|
    |fadd_32ns_32ns_32_6_no_dsp_1_U30    |fadd_32ns_32ns_32_6_no_dsp_1   |        0|   0|  278|  411|    0|
    |fadd_32ns_32ns_32_6_no_dsp_1_U31    |fadd_32ns_32ns_32_6_no_dsp_1   |        0|   0|  278|  411|    0|
    |fadd_32ns_32ns_32_6_no_dsp_1_U32    |fadd_32ns_32ns_32_6_no_dsp_1   |        0|   0|  278|  411|    0|
    |fadd_32ns_32ns_32_6_no_dsp_1_U33    |fadd_32ns_32ns_32_6_no_dsp_1   |        0|   0|  278|  411|    0|
    |fadd_32ns_32ns_32_6_no_dsp_1_U34    |fadd_32ns_32ns_32_6_no_dsp_1   |        0|   0|  278|  411|    0|
    |fadd_32ns_32ns_32_6_no_dsp_1_U35    |fadd_32ns_32ns_32_6_no_dsp_1   |        0|   0|  278|  411|    0|
    |fadd_32ns_32ns_32_6_no_dsp_1_U36    |fadd_32ns_32ns_32_6_no_dsp_1   |        0|   0|  278|  411|    0|
    |fadd_32ns_32ns_32_6_no_dsp_1_U37    |fadd_32ns_32ns_32_6_no_dsp_1   |        0|   0|  278|  411|    0|
    |fadd_32ns_32ns_32_6_no_dsp_1_U38    |fadd_32ns_32ns_32_6_no_dsp_1   |        0|   0|  278|  411|    0|
    |fadd_32ns_32ns_32_6_no_dsp_1_U39    |fadd_32ns_32ns_32_6_no_dsp_1   |        0|   0|  278|  411|    0|
    |fadd_32ns_32ns_32_6_no_dsp_1_U40    |fadd_32ns_32ns_32_6_no_dsp_1   |        0|   0|  278|  411|    0|
    |fadd_32ns_32ns_32_6_no_dsp_1_U41    |fadd_32ns_32ns_32_6_no_dsp_1   |        0|   0|  278|  411|    0|
    |fadd_32ns_32ns_32_6_no_dsp_1_U42    |fadd_32ns_32ns_32_6_no_dsp_1   |        0|   0|  278|  411|    0|
    |fadd_32ns_32ns_32_6_no_dsp_1_U43    |fadd_32ns_32ns_32_6_no_dsp_1   |        0|   0|  278|  411|    0|
    |fadd_32ns_32ns_32_6_no_dsp_1_U44    |fadd_32ns_32ns_32_6_no_dsp_1   |        0|   0|  278|  411|    0|
    |fadd_32ns_32ns_32_6_no_dsp_1_U45    |fadd_32ns_32ns_32_6_no_dsp_1   |        0|   0|  278|  411|    0|
    |fadd_32ns_32ns_32_6_no_dsp_1_U46    |fadd_32ns_32ns_32_6_no_dsp_1   |        0|   0|  278|  411|    0|
    |fadd_32ns_32ns_32_6_no_dsp_1_U47    |fadd_32ns_32ns_32_6_no_dsp_1   |        0|   0|  278|  411|    0|
    |fadd_32ns_32ns_32_6_no_dsp_1_U48    |fadd_32ns_32ns_32_6_no_dsp_1   |        0|   0|  278|  411|    0|
    |fadd_32ns_32ns_32_6_no_dsp_1_U49    |fadd_32ns_32ns_32_6_no_dsp_1   |        0|   0|  278|  411|    0|
    |fadd_32ns_32ns_32_6_no_dsp_1_U50    |fadd_32ns_32ns_32_6_no_dsp_1   |        0|   0|  278|  411|    0|
    |fadd_32ns_32ns_32_6_no_dsp_1_U51    |fadd_32ns_32ns_32_6_no_dsp_1   |        0|   0|  278|  411|    0|
    |fadd_32ns_32ns_32_6_no_dsp_1_U52    |fadd_32ns_32ns_32_6_no_dsp_1   |        0|   0|  278|  411|    0|
    |fadd_32ns_32ns_32_6_no_dsp_1_U53    |fadd_32ns_32ns_32_6_no_dsp_1   |        0|   0|  278|  411|    0|
    |fadd_32ns_32ns_32_6_no_dsp_1_U54    |fadd_32ns_32ns_32_6_no_dsp_1   |        0|   0|  278|  411|    0|
    |fadd_32ns_32ns_32_6_no_dsp_1_U55    |fadd_32ns_32ns_32_6_no_dsp_1   |        0|   0|  278|  411|    0|
    |fadd_32ns_32ns_32_6_no_dsp_1_U56    |fadd_32ns_32ns_32_6_no_dsp_1   |        0|   0|  278|  411|    0|
    |fadd_32ns_32ns_32_6_no_dsp_1_U57    |fadd_32ns_32ns_32_6_no_dsp_1   |        0|   0|  278|  411|    0|
    |fadd_32ns_32ns_32_6_no_dsp_1_U58    |fadd_32ns_32ns_32_6_no_dsp_1   |        0|   0|  278|  411|    0|
    |fadd_32ns_32ns_32_6_no_dsp_1_U59    |fadd_32ns_32ns_32_6_no_dsp_1   |        0|   0|  278|  411|    0|
    |fadd_32ns_32ns_32_6_no_dsp_1_U60    |fadd_32ns_32ns_32_6_no_dsp_1   |        0|   0|  278|  411|    0|
    |fadd_32ns_32ns_32_6_no_dsp_1_U61    |fadd_32ns_32ns_32_6_no_dsp_1   |        0|   0|  278|  411|    0|
    |fadd_32ns_32ns_32_6_no_dsp_1_U62    |fadd_32ns_32ns_32_6_no_dsp_1   |        0|   0|  278|  411|    0|
    |fadd_32ns_32ns_32_6_no_dsp_1_U63    |fadd_32ns_32ns_32_6_no_dsp_1   |        0|   0|  278|  411|    0|
    |fadd_32ns_32ns_32_6_no_dsp_1_U64    |fadd_32ns_32ns_32_6_no_dsp_1   |        0|   0|  278|  411|    0|
    |fadd_32ns_32ns_32_6_no_dsp_1_U65    |fadd_32ns_32ns_32_6_no_dsp_1   |        0|   0|  278|  411|    0|
    |fadd_32ns_32ns_32_6_no_dsp_1_U66    |fadd_32ns_32ns_32_6_no_dsp_1   |        0|   0|  278|  411|    0|
    |fadd_32ns_32ns_32_6_no_dsp_1_U67    |fadd_32ns_32ns_32_6_no_dsp_1   |        0|   0|  278|  411|    0|
    |fadd_32ns_32ns_32_6_no_dsp_1_U68    |fadd_32ns_32ns_32_6_no_dsp_1   |        0|   0|  278|  411|    0|
    |fmul_32ns_32ns_32_5_max_dsp_1_U69   |fmul_32ns_32ns_32_5_max_dsp_1  |        0|   3|  151|  145|    0|
    |fmul_32ns_32ns_32_5_max_dsp_1_U70   |fmul_32ns_32ns_32_5_max_dsp_1  |        0|   3|  151|  145|    0|
    |fmul_32ns_32ns_32_5_max_dsp_1_U71   |fmul_32ns_32ns_32_5_max_dsp_1  |        0|   3|  151|  145|    0|
    |fmul_32ns_32ns_32_5_max_dsp_1_U72   |fmul_32ns_32ns_32_5_max_dsp_1  |        0|   3|  151|  145|    0|
    |fmul_32ns_32ns_32_5_max_dsp_1_U73   |fmul_32ns_32ns_32_5_max_dsp_1  |        0|   3|  151|  145|    0|
    |fmul_32ns_32ns_32_5_max_dsp_1_U74   |fmul_32ns_32ns_32_5_max_dsp_1  |        0|   3|  151|  145|    0|
    |fmul_32ns_32ns_32_5_max_dsp_1_U75   |fmul_32ns_32ns_32_5_max_dsp_1  |        0|   3|  151|  145|    0|
    |fmul_32ns_32ns_32_5_max_dsp_1_U76   |fmul_32ns_32ns_32_5_max_dsp_1  |        0|   3|  151|  145|    0|
    |fmul_32ns_32ns_32_5_max_dsp_1_U77   |fmul_32ns_32ns_32_5_max_dsp_1  |        0|   3|  151|  145|    0|
    |fmul_32ns_32ns_32_5_max_dsp_1_U78   |fmul_32ns_32ns_32_5_max_dsp_1  |        0|   3|  151|  145|    0|
    |fmul_32ns_32ns_32_5_max_dsp_1_U79   |fmul_32ns_32ns_32_5_max_dsp_1  |        0|   3|  151|  145|    0|
    |fmul_32ns_32ns_32_5_max_dsp_1_U80   |fmul_32ns_32ns_32_5_max_dsp_1  |        0|   3|  151|  145|    0|
    |fmul_32ns_32ns_32_5_max_dsp_1_U81   |fmul_32ns_32ns_32_5_max_dsp_1  |        0|   3|  151|  145|    0|
    |fmul_32ns_32ns_32_5_max_dsp_1_U82   |fmul_32ns_32ns_32_5_max_dsp_1  |        0|   3|  151|  145|    0|
    |fmul_32ns_32ns_32_5_max_dsp_1_U83   |fmul_32ns_32ns_32_5_max_dsp_1  |        0|   3|  151|  145|    0|
    |fmul_32ns_32ns_32_5_max_dsp_1_U84   |fmul_32ns_32ns_32_5_max_dsp_1  |        0|   3|  151|  145|    0|
    |fmul_32ns_32ns_32_5_max_dsp_1_U85   |fmul_32ns_32ns_32_5_max_dsp_1  |        0|   3|  151|  145|    0|
    |fmul_32ns_32ns_32_5_max_dsp_1_U86   |fmul_32ns_32ns_32_5_max_dsp_1  |        0|   3|  151|  145|    0|
    |fmul_32ns_32ns_32_5_max_dsp_1_U87   |fmul_32ns_32ns_32_5_max_dsp_1  |        0|   3|  151|  145|    0|
    |fmul_32ns_32ns_32_5_max_dsp_1_U88   |fmul_32ns_32ns_32_5_max_dsp_1  |        0|   3|  151|  145|    0|
    |fmul_32ns_32ns_32_5_max_dsp_1_U89   |fmul_32ns_32ns_32_5_max_dsp_1  |        0|   3|  151|  145|    0|
    |fmul_32ns_32ns_32_5_max_dsp_1_U90   |fmul_32ns_32ns_32_5_max_dsp_1  |        0|   3|  151|  145|    0|
    |fmul_32ns_32ns_32_5_max_dsp_1_U91   |fmul_32ns_32ns_32_5_max_dsp_1  |        0|   3|  151|  145|    0|
    |fmul_32ns_32ns_32_5_max_dsp_1_U92   |fmul_32ns_32ns_32_5_max_dsp_1  |        0|   3|  151|  145|    0|
    |fmul_32ns_32ns_32_5_max_dsp_1_U93   |fmul_32ns_32ns_32_5_max_dsp_1  |        0|   3|  151|  145|    0|
    |fmul_32ns_32ns_32_5_max_dsp_1_U94   |fmul_32ns_32ns_32_5_max_dsp_1  |        0|   3|  151|  145|    0|
    |fmul_32ns_32ns_32_5_max_dsp_1_U95   |fmul_32ns_32ns_32_5_max_dsp_1  |        0|   3|  151|  145|    0|
    |fmul_32ns_32ns_32_5_max_dsp_1_U96   |fmul_32ns_32ns_32_5_max_dsp_1  |        0|   3|  151|  145|    0|
    |fmul_32ns_32ns_32_5_max_dsp_1_U97   |fmul_32ns_32ns_32_5_max_dsp_1  |        0|   3|  151|  145|    0|
    |fmul_32ns_32ns_32_5_max_dsp_1_U98   |fmul_32ns_32ns_32_5_max_dsp_1  |        0|   3|  151|  145|    0|
    |fmul_32ns_32ns_32_5_max_dsp_1_U99   |fmul_32ns_32ns_32_5_max_dsp_1  |        0|   3|  151|  145|    0|
    |fmul_32ns_32ns_32_5_max_dsp_1_U100  |fmul_32ns_32ns_32_5_max_dsp_1  |        0|   3|  151|  145|    0|
    |fmul_32ns_32ns_32_5_max_dsp_1_U101  |fmul_32ns_32ns_32_5_max_dsp_1  |        0|   3|  151|  145|    0|
    |fmul_32ns_32ns_32_5_max_dsp_1_U102  |fmul_32ns_32ns_32_5_max_dsp_1  |        0|   3|  151|  145|    0|
    |fmul_32ns_32ns_32_5_max_dsp_1_U103  |fmul_32ns_32ns_32_5_max_dsp_1  |        0|   3|  151|  145|    0|
    |fmul_32ns_32ns_32_5_max_dsp_1_U104  |fmul_32ns_32ns_32_5_max_dsp_1  |        0|   3|  151|  145|    0|
    |fmul_32ns_32ns_32_5_max_dsp_1_U105  |fmul_32ns_32ns_32_5_max_dsp_1  |        0|   3|  151|  145|    0|
    |fmul_32ns_32ns_32_5_max_dsp_1_U106  |fmul_32ns_32ns_32_5_max_dsp_1  |        0|   3|  151|  145|    0|
    |fmul_32ns_32ns_32_5_max_dsp_1_U107  |fmul_32ns_32ns_32_5_max_dsp_1  |        0|   3|  151|  145|    0|
    |fmul_32ns_32ns_32_5_max_dsp_1_U108  |fmul_32ns_32ns_32_5_max_dsp_1  |        0|   3|  151|  145|    0|
    |fmul_32ns_32ns_32_5_max_dsp_1_U109  |fmul_32ns_32ns_32_5_max_dsp_1  |        0|   3|  151|  145|    0|
    |fmul_32ns_32ns_32_5_max_dsp_1_U110  |fmul_32ns_32ns_32_5_max_dsp_1  |        0|   3|  151|  145|    0|
    |fmul_32ns_32ns_32_5_max_dsp_1_U111  |fmul_32ns_32ns_32_5_max_dsp_1  |        0|   3|  151|  145|    0|
    |fmul_32ns_32ns_32_5_max_dsp_1_U112  |fmul_32ns_32ns_32_5_max_dsp_1  |        0|   3|  151|  145|    0|
    |fmul_32ns_32ns_32_5_max_dsp_1_U113  |fmul_32ns_32ns_32_5_max_dsp_1  |        0|   3|  151|  145|    0|
    |fmul_32ns_32ns_32_5_max_dsp_1_U114  |fmul_32ns_32ns_32_5_max_dsp_1  |        0|   3|  151|  145|    0|
    |fmul_32ns_32ns_32_5_max_dsp_1_U115  |fmul_32ns_32ns_32_5_max_dsp_1  |        0|   3|  151|  145|    0|
    |fmul_32ns_32ns_32_5_max_dsp_1_U116  |fmul_32ns_32ns_32_5_max_dsp_1  |        0|   3|  151|  145|    0|
    |fmul_32ns_32ns_32_5_max_dsp_1_U117  |fmul_32ns_32ns_32_5_max_dsp_1  |        0|   3|  151|  145|    0|
    |fmul_32ns_32ns_32_5_max_dsp_1_U118  |fmul_32ns_32ns_32_5_max_dsp_1  |        0|   3|  151|  145|    0|
    |fmul_32ns_32ns_32_5_max_dsp_1_U119  |fmul_32ns_32ns_32_5_max_dsp_1  |        0|   3|  151|  145|    0|
    |fmul_32ns_32ns_32_5_max_dsp_1_U120  |fmul_32ns_32ns_32_5_max_dsp_1  |        0|   3|  151|  145|    0|
    |sparsemux_9_3_32_1_1_U121           |sparsemux_9_3_32_1_1           |        0|   0|    0|   14|    0|
    |sparsemux_9_3_32_1_1_U122           |sparsemux_9_3_32_1_1           |        0|   0|    0|   14|    0|
    |sparsemux_9_3_32_1_1_U123           |sparsemux_9_3_32_1_1           |        0|   0|    0|   14|    0|
    |sparsemux_9_3_32_1_1_U124           |sparsemux_9_3_32_1_1           |        0|   0|    0|   14|    0|
    |sparsemux_9_3_32_1_1_U125           |sparsemux_9_3_32_1_1           |        0|   0|    0|   14|    0|
    |sparsemux_9_3_32_1_1_U126           |sparsemux_9_3_32_1_1           |        0|   0|    0|   14|    0|
    |sparsemux_9_3_32_1_1_U127           |sparsemux_9_3_32_1_1           |        0|   0|    0|   14|    0|
    |sparsemux_9_3_32_1_1_U128           |sparsemux_9_3_32_1_1           |        0|   0|    0|   14|    0|
    |sparsemux_9_3_32_1_1_U129           |sparsemux_9_3_32_1_1           |        0|   0|    0|   14|    0|
    |sparsemux_9_3_32_1_1_U130           |sparsemux_9_3_32_1_1           |        0|   0|    0|   14|    0|
    |sparsemux_9_3_32_1_1_U131           |sparsemux_9_3_32_1_1           |        0|   0|    0|   14|    0|
    |sparsemux_9_3_32_1_1_U132           |sparsemux_9_3_32_1_1           |        0|   0|    0|   14|    0|
    |sparsemux_9_3_32_1_1_U133           |sparsemux_9_3_32_1_1           |        0|   0|    0|   14|    0|
    |sparsemux_9_3_32_1_1_U134           |sparsemux_9_3_32_1_1           |        0|   0|    0|   14|    0|
    |sparsemux_9_3_32_1_1_U135           |sparsemux_9_3_32_1_1           |        0|   0|    0|   14|    0|
    |sparsemux_9_3_32_1_1_U136           |sparsemux_9_3_32_1_1           |        0|   0|    0|   14|    0|
    |sparsemux_9_3_32_1_1_U137           |sparsemux_9_3_32_1_1           |        0|   0|    0|   14|    0|
    |sparsemux_9_3_32_1_1_U138           |sparsemux_9_3_32_1_1           |        0|   0|    0|   14|    0|
    |sparsemux_9_3_32_1_1_U139           |sparsemux_9_3_32_1_1           |        0|   0|    0|   14|    0|
    |sparsemux_9_3_32_1_1_U140           |sparsemux_9_3_32_1_1           |        0|   0|    0|   14|    0|
    |sparsemux_9_3_32_1_1_U141           |sparsemux_9_3_32_1_1           |        0|   0|    0|   14|    0|
    |sparsemux_9_3_32_1_1_U142           |sparsemux_9_3_32_1_1           |        0|   0|    0|   14|    0|
    |sparsemux_9_3_32_1_1_U143           |sparsemux_9_3_32_1_1           |        0|   0|    0|   14|    0|
    |sparsemux_9_3_32_1_1_U144           |sparsemux_9_3_32_1_1           |        0|   0|    0|   14|    0|
    |sparsemux_9_3_32_1_1_U145           |sparsemux_9_3_32_1_1           |        0|   0|    0|   14|    0|
    |sparsemux_9_3_32_1_1_U146           |sparsemux_9_3_32_1_1           |        0|   0|    0|   14|    0|
    |sparsemux_9_3_32_1_1_U147           |sparsemux_9_3_32_1_1           |        0|   0|    0|   14|    0|
    |sparsemux_9_3_32_1_1_U148           |sparsemux_9_3_32_1_1           |        0|   0|    0|   14|    0|
    |sparsemux_9_3_32_1_1_U149           |sparsemux_9_3_32_1_1           |        0|   0|    0|   14|    0|
    |sparsemux_9_3_32_1_1_U150           |sparsemux_9_3_32_1_1           |        0|   0|    0|   14|    0|
    |sparsemux_9_3_32_1_1_U151           |sparsemux_9_3_32_1_1           |        0|   0|    0|   14|    0|
    |sparsemux_9_3_32_1_1_U152           |sparsemux_9_3_32_1_1           |        0|   0|    0|   14|    0|
    |sparsemux_9_3_32_1_1_U153           |sparsemux_9_3_32_1_1           |        0|   0|    0|   14|    0|
    |sparsemux_9_3_32_1_1_U154           |sparsemux_9_3_32_1_1           |        0|   0|    0|   14|    0|
    |sparsemux_9_3_32_1_1_U155           |sparsemux_9_3_32_1_1           |        0|   0|    0|   14|    0|
    |sparsemux_9_3_32_1_1_U156           |sparsemux_9_3_32_1_1           |        0|   0|    0|   14|    0|
    |sparsemux_9_3_32_1_1_U157           |sparsemux_9_3_32_1_1           |        0|   0|    0|   14|    0|
    |sparsemux_9_3_32_1_1_U158           |sparsemux_9_3_32_1_1           |        0|   0|    0|   14|    0|
    |sparsemux_9_3_32_1_1_U159           |sparsemux_9_3_32_1_1           |        0|   0|    0|   14|    0|
    |sparsemux_9_3_32_1_1_U160           |sparsemux_9_3_32_1_1           |        0|   0|    0|   14|    0|
    |sparsemux_9_3_32_1_1_U161           |sparsemux_9_3_32_1_1           |        0|   0|    0|   14|    0|
    |sparsemux_9_3_32_1_1_U162           |sparsemux_9_3_32_1_1           |        0|   0|    0|   14|    0|
    |sparsemux_9_3_32_1_1_U163           |sparsemux_9_3_32_1_1           |        0|   0|    0|   14|    0|
    |sparsemux_9_3_32_1_1_U164           |sparsemux_9_3_32_1_1           |        0|   0|    0|   14|    0|
    |sparsemux_9_3_32_1_1_U165           |sparsemux_9_3_32_1_1           |        0|   0|    0|   14|    0|
    |sparsemux_9_3_32_1_1_U166           |sparsemux_9_3_32_1_1           |        0|   0|    0|   14|    0|
    |sparsemux_9_3_32_1_1_U167           |sparsemux_9_3_32_1_1           |        0|   0|    0|   14|    0|
    |sparsemux_9_3_32_1_1_U168           |sparsemux_9_3_32_1_1           |        0|   0|    0|   14|    0|
    |sparsemux_9_3_32_1_1_U169           |sparsemux_9_3_32_1_1           |        0|   0|    0|   14|    0|
    |sparsemux_9_3_32_1_1_U170           |sparsemux_9_3_32_1_1           |        0|   0|    0|   14|    0|
    |sparsemux_9_3_32_1_1_U171           |sparsemux_9_3_32_1_1           |        0|   0|    0|   14|    0|
    |sparsemux_9_3_32_1_1_U172           |sparsemux_9_3_32_1_1           |        0|   0|    0|   14|    0|
    |sparsemux_9_3_32_1_1_U173           |sparsemux_9_3_32_1_1           |        0|   0|    0|   14|    0|
    |sparsemux_9_3_32_1_1_U174           |sparsemux_9_3_32_1_1           |        0|   0|    0|   14|    0|
    |sparsemux_9_3_32_1_1_U175           |sparsemux_9_3_32_1_1           |        0|   0|    0|   14|    0|
    |sparsemux_9_3_32_1_1_U176           |sparsemux_9_3_32_1_1           |        0|   0|    0|   14|    0|
    |sparsemux_9_3_32_1_1_U177           |sparsemux_9_3_32_1_1           |        0|   0|    0|   14|    0|
    |sparsemux_9_3_32_1_1_U178           |sparsemux_9_3_32_1_1           |        0|   0|    0|   14|    0|
    |sparsemux_9_3_32_1_1_U179           |sparsemux_9_3_32_1_1           |        0|   0|    0|   14|    0|
    |sparsemux_9_3_32_1_1_U180           |sparsemux_9_3_32_1_1           |        0|   0|    0|   14|    0|
    |sparsemux_9_3_32_1_1_U181           |sparsemux_9_3_32_1_1           |        0|   0|    0|   14|    0|
    |sparsemux_9_3_32_1_1_U182           |sparsemux_9_3_32_1_1           |        0|   0|    0|   14|    0|
    |sparsemux_9_3_32_1_1_U183           |sparsemux_9_3_32_1_1           |        0|   0|    0|   14|    0|
    |sparsemux_9_3_32_1_1_U184           |sparsemux_9_3_32_1_1           |        0|   0|    0|   14|    0|
    +------------------------------------+-------------------------------+---------+----+-----+-----+-----+
    |Total                               |                               |        0| 156|22308|29808|    0|
    +------------------------------------+-------------------------------+---------+----+-----+-----+-----+

    * DSP: 
    N/A

    * Memory: 
    N/A

    * FIFO: 
    N/A

    * Expression: 
    +------------------------------+----------+----+---+-----+------------+------------+
    |         Variable Name        | Operation| DSP| FF| LUT | Bitwidth P0| Bitwidth P1|
    +------------------------------+----------+----+---+-----+------------+------------+
    |add_ln147_fu_5653_p2          |         +|   0|  0|   20|          13|           5|
    |add_ln160_1_fu_5625_p2        |         +|   0|  0|   19|          12|          12|
    |add_ln160_fu_5571_p2          |         +|   0|  0|   19|          12|          12|
    |add_ln163_1_fu_5639_p2        |         +|   0|  0|   20|          13|          13|
    |add_ln163_fu_5585_p2          |         +|   0|  0|   20|          13|          13|
    |add_ln20_100_fu_15297_p2      |         +|   0|  0|   10|           3|           1|
    |add_ln20_101_fu_15331_p2      |         +|   0|  0|   10|           3|           1|
    |add_ln20_102_fu_15357_p2      |         +|   0|  0|   12|           4|           1|
    |add_ln20_103_fu_21478_p2      |         +|   0|  0|   12|           4|           1|
    |add_ln20_104_fu_21510_p2      |         +|   0|  0|   12|           4|           1|
    |add_ln20_105_fu_9124_p2       |         +|   0|  0|   10|           3|           1|
    |add_ln20_106_fu_9146_p2       |         +|   0|  0|   10|           3|           1|
    |add_ln20_107_fu_15404_p2      |         +|   0|  0|   10|           3|           1|
    |add_ln20_108_fu_15438_p2      |         +|   0|  0|   10|           3|           1|
    |add_ln20_109_fu_15464_p2      |         +|   0|  0|   12|           4|           1|
    |add_ln20_10_fu_13940_p2       |         +|   0|  0|   10|           3|           1|
    |add_ln20_110_fu_21704_p2      |         +|   0|  0|   12|           4|           1|
    |add_ln20_111_fu_21736_p2      |         +|   0|  0|   12|           4|           1|
    |add_ln20_112_fu_9316_p2       |         +|   0|  0|   10|           3|           1|
    |add_ln20_113_fu_9338_p2       |         +|   0|  0|   10|           3|           1|
    |add_ln20_114_fu_15511_p2      |         +|   0|  0|   10|           3|           1|
    |add_ln20_115_fu_15545_p2      |         +|   0|  0|   10|           3|           1|
    |add_ln20_116_fu_15571_p2      |         +|   0|  0|   12|           4|           1|
    |add_ln20_117_fu_21923_p2      |         +|   0|  0|   12|           4|           1|
    |add_ln20_118_fu_21955_p2      |         +|   0|  0|   12|           4|           1|
    |add_ln20_119_fu_15676_p2      |         +|   0|  0|   10|           3|           1|
    |add_ln20_11_fu_13966_p2       |         +|   0|  0|   12|           4|           1|
    |add_ln20_120_fu_15712_p2      |         +|   0|  0|   10|           3|           1|
    |add_ln20_121_fu_15734_p2      |         +|   0|  0|   10|           3|           1|
    |add_ln20_122_fu_22095_p2      |         +|   0|  0|   10|           3|           1|
    |add_ln20_123_fu_22133_p2      |         +|   0|  0|   12|           4|           1|
    |add_ln20_124_fu_22169_p2      |         +|   0|  0|   12|           4|           1|
    |add_ln20_125_fu_27392_p2      |         +|   0|  0|   12|           4|           1|
    |add_ln20_126_fu_15839_p2      |         +|   0|  0|   10|           3|           1|
    |add_ln20_127_fu_15875_p2      |         +|   0|  0|   10|           3|           1|
    |add_ln20_128_fu_15897_p2      |         +|   0|  0|   10|           3|           1|
    |add_ln20_129_fu_22248_p2      |         +|   0|  0|   10|           3|           1|
    |add_ln20_12_fu_18540_p2       |         +|   0|  0|   12|           4|           1|
    |add_ln20_130_fu_22286_p2      |         +|   0|  0|   12|           4|           1|
    |add_ln20_131_fu_22322_p2      |         +|   0|  0|   12|           4|           1|
    |add_ln20_132_fu_27537_p2      |         +|   0|  0|   12|           4|           1|
    |add_ln20_133_fu_16002_p2      |         +|   0|  0|   10|           3|           1|
    |add_ln20_134_fu_16038_p2      |         +|   0|  0|   10|           3|           1|
    |add_ln20_135_fu_16074_p2      |         +|   0|  0|   10|           3|           1|
    |add_ln20_136_fu_22379_p2      |         +|   0|  0|   10|           3|           1|
    |add_ln20_137_fu_22416_p2      |         +|   0|  0|   12|           4|           1|
    |add_ln20_138_fu_22452_p2      |         +|   0|  0|   12|           4|           1|
    |add_ln20_139_fu_27682_p2      |         +|   0|  0|   12|           4|           1|
    |add_ln20_13_fu_18572_p2       |         +|   0|  0|   12|           4|           1|
    |add_ln20_140_fu_16187_p2      |         +|   0|  0|   10|           3|           1|
    |add_ln20_141_fu_16223_p2      |         +|   0|  0|   10|           3|           1|
    |add_ln20_142_fu_16245_p2      |         +|   0|  0|   10|           3|           1|
    |add_ln20_143_fu_22531_p2      |         +|   0|  0|   10|           3|           1|
    |add_ln20_144_fu_22569_p2      |         +|   0|  0|   12|           4|           1|
    |add_ln20_145_fu_22605_p2      |         +|   0|  0|   12|           4|           1|
    |add_ln20_146_fu_27827_p2      |         +|   0|  0|   12|           4|           1|
    |add_ln20_147_fu_16350_p2      |         +|   0|  0|   10|           3|           1|
    |add_ln20_148_fu_16386_p2      |         +|   0|  0|   10|           3|           1|
    |add_ln20_149_fu_16408_p2      |         +|   0|  0|   10|           3|           1|
    |add_ln20_14_fu_6208_p2        |         +|   0|  0|   10|           3|           1|
    |add_ln20_150_fu_22684_p2      |         +|   0|  0|   10|           3|           1|
    |add_ln20_151_fu_22722_p2      |         +|   0|  0|   12|           4|           1|
    |add_ln20_152_fu_22758_p2      |         +|   0|  0|   12|           4|           1|
    |add_ln20_153_fu_27972_p2      |         +|   0|  0|   12|           4|           1|
    |add_ln20_154_fu_16513_p2      |         +|   0|  0|   10|           3|           1|
    |add_ln20_155_fu_16549_p2      |         +|   0|  0|   10|           3|           1|
    |add_ln20_156_fu_16571_p2      |         +|   0|  0|   10|           3|           1|
    |add_ln20_157_fu_22837_p2      |         +|   0|  0|   10|           3|           1|
    |add_ln20_158_fu_22875_p2      |         +|   0|  0|   12|           4|           1|
    |add_ln20_159_fu_22911_p2      |         +|   0|  0|   12|           4|           1|
    |add_ln20_15_fu_6230_p2        |         +|   0|  0|   10|           3|           1|
    |add_ln20_160_fu_28117_p2      |         +|   0|  0|   12|           4|           1|
    |add_ln20_161_fu_16676_p2      |         +|   0|  0|   10|           3|           1|
    |add_ln20_162_fu_16712_p2      |         +|   0|  0|   10|           3|           1|
    |add_ln20_163_fu_16734_p2      |         +|   0|  0|   10|           3|           1|
    |add_ln20_164_fu_22990_p2      |         +|   0|  0|   10|           3|           1|
    |add_ln20_165_fu_23028_p2      |         +|   0|  0|   12|           4|           1|
    |add_ln20_166_fu_23064_p2      |         +|   0|  0|   12|           4|           1|
    |add_ln20_167_fu_28262_p2      |         +|   0|  0|   12|           4|           1|
    |add_ln20_168_fu_16839_p2      |         +|   0|  0|   10|           3|           1|
    |add_ln20_169_fu_16875_p2      |         +|   0|  0|   10|           3|           1|
    |add_ln20_16_fu_14013_p2       |         +|   0|  0|   10|           3|           1|
    |add_ln20_170_fu_16897_p2      |         +|   0|  0|   10|           3|           1|
    |add_ln20_171_fu_23143_p2      |         +|   0|  0|   10|           3|           1|
    |add_ln20_172_fu_23181_p2      |         +|   0|  0|   12|           4|           1|
    |add_ln20_173_fu_23217_p2      |         +|   0|  0|   12|           4|           1|
    |add_ln20_174_fu_28407_p2      |         +|   0|  0|   12|           4|           1|
    |add_ln20_175_fu_17002_p2      |         +|   0|  0|   10|           3|           1|
    |add_ln20_176_fu_17038_p2      |         +|   0|  0|   10|           3|           1|
    |add_ln20_177_fu_17074_p2      |         +|   0|  0|   10|           3|           1|
    |add_ln20_178_fu_23274_p2      |         +|   0|  0|   10|           3|           1|
    |add_ln20_179_fu_23311_p2      |         +|   0|  0|   12|           4|           1|
    |add_ln20_17_fu_14047_p2       |         +|   0|  0|   10|           3|           1|
    |add_ln20_180_fu_23347_p2      |         +|   0|  0|   12|           4|           1|
    |add_ln20_181_fu_28552_p2      |         +|   0|  0|   12|           4|           1|
    |add_ln20_182_fu_17187_p2      |         +|   0|  0|   10|           3|           1|
    |add_ln20_183_fu_17223_p2      |         +|   0|  0|   10|           3|           1|
    |add_ln20_184_fu_17245_p2      |         +|   0|  0|   10|           3|           1|
    |add_ln20_185_fu_23426_p2      |         +|   0|  0|   10|           3|           1|
    |add_ln20_186_fu_23464_p2      |         +|   0|  0|   12|           4|           1|
    |add_ln20_187_fu_23500_p2      |         +|   0|  0|   12|           4|           1|
    |add_ln20_188_fu_28697_p2      |         +|   0|  0|   12|           4|           1|
    |add_ln20_189_fu_17350_p2      |         +|   0|  0|   10|           3|           1|
    |add_ln20_18_fu_14073_p2       |         +|   0|  0|   12|           4|           1|
    |add_ln20_190_fu_17386_p2      |         +|   0|  0|   10|           3|           1|
    |add_ln20_191_fu_17422_p2      |         +|   0|  0|   10|           3|           1|
    |add_ln20_192_fu_23557_p2      |         +|   0|  0|   10|           3|           1|
    |add_ln20_193_fu_23594_p2      |         +|   0|  0|   12|           4|           1|
    |add_ln20_194_fu_23630_p2      |         +|   0|  0|   12|           4|           1|
    |add_ln20_195_fu_28842_p2      |         +|   0|  0|   12|           4|           1|
    |add_ln20_196_fu_17535_p2      |         +|   0|  0|   10|           3|           1|
    |add_ln20_197_fu_17571_p2      |         +|   0|  0|   10|           3|           1|
    |add_ln20_198_fu_17593_p2      |         +|   0|  0|   10|           3|           1|
    |add_ln20_199_fu_23709_p2      |         +|   0|  0|   10|           3|           1|
    |add_ln20_19_fu_18766_p2       |         +|   0|  0|   12|           4|           1|
    |add_ln20_1_fu_5822_p2         |         +|   0|  0|   10|           3|           1|
    |add_ln20_200_fu_23747_p2      |         +|   0|  0|   12|           4|           1|
    |add_ln20_201_fu_23783_p2      |         +|   0|  0|   12|           4|           1|
    |add_ln20_202_fu_28987_p2      |         +|   0|  0|   12|           4|           1|
    |add_ln20_203_fu_17698_p2      |         +|   0|  0|   10|           3|           1|
    |add_ln20_204_fu_17734_p2      |         +|   0|  0|   10|           3|           1|
    |add_ln20_205_fu_17756_p2      |         +|   0|  0|   10|           3|           1|
    |add_ln20_206_fu_23862_p2      |         +|   0|  0|   10|           3|           1|
    |add_ln20_207_fu_23900_p2      |         +|   0|  0|   12|           4|           1|
    |add_ln20_208_fu_23936_p2      |         +|   0|  0|   12|           4|           1|
    |add_ln20_209_fu_29132_p2      |         +|   0|  0|   12|           4|           1|
    |add_ln20_20_fu_18798_p2       |         +|   0|  0|   12|           4|           1|
    |add_ln20_210_fu_17861_p2      |         +|   0|  0|   10|           3|           1|
    |add_ln20_211_fu_17897_p2      |         +|   0|  0|   10|           3|           1|
    |add_ln20_212_fu_17919_p2      |         +|   0|  0|   10|           3|           1|
    |add_ln20_213_fu_24015_p2      |         +|   0|  0|   10|           3|           1|
    |add_ln20_214_fu_24053_p2      |         +|   0|  0|   12|           4|           1|
    |add_ln20_215_fu_24089_p2      |         +|   0|  0|   12|           4|           1|
    |add_ln20_216_fu_29277_p2      |         +|   0|  0|   12|           4|           1|
    |add_ln20_217_fu_18024_p2      |         +|   0|  0|   10|           3|           1|
    |add_ln20_218_fu_18060_p2      |         +|   0|  0|   10|           3|           1|
    |add_ln20_219_fu_18096_p2      |         +|   0|  0|   10|           3|           1|
    |add_ln20_21_fu_6434_p2        |         +|   0|  0|   10|           3|           1|
    |add_ln20_220_fu_24146_p2      |         +|   0|  0|   10|           3|           1|
    |add_ln20_221_fu_24183_p2      |         +|   0|  0|   12|           4|           1|
    |add_ln20_222_fu_24219_p2      |         +|   0|  0|   12|           4|           1|
    |add_ln20_223_fu_29422_p2      |         +|   0|  0|   12|           4|           1|
    |add_ln20_224_fu_18209_p2      |         +|   0|  0|   10|           3|           1|
    |add_ln20_225_fu_18245_p2      |         +|   0|  0|   10|           3|           1|
    |add_ln20_226_fu_18267_p2      |         +|   0|  0|   10|           3|           1|
    |add_ln20_227_fu_24298_p2      |         +|   0|  0|   10|           3|           1|
    |add_ln20_228_fu_24336_p2      |         +|   0|  0|   12|           4|           1|
    |add_ln20_229_fu_24372_p2      |         +|   0|  0|   12|           4|           1|
    |add_ln20_22_fu_6456_p2        |         +|   0|  0|   10|           3|           1|
    |add_ln20_230_fu_29567_p2      |         +|   0|  0|   12|           4|           1|
    |add_ln20_231_fu_24509_p2      |         +|   0|  0|   10|           3|           1|
    |add_ln20_232_fu_24545_p2      |         +|   0|  0|   10|           3|           1|
    |add_ln20_233_fu_24567_p2      |         +|   0|  0|   10|           3|           1|
    |add_ln20_234_fu_29691_p2      |         +|   0|  0|   10|           3|           1|
    |add_ln20_235_fu_29729_p2      |         +|   0|  0|   12|           4|           1|
    |add_ln20_236_fu_29765_p2      |         +|   0|  0|   12|           4|           1|
    |add_ln20_237_fu_34904_p2      |         +|   0|  0|   12|           4|           1|
    |add_ln20_238_fu_24672_p2      |         +|   0|  0|   10|           3|           1|
    |add_ln20_239_fu_24708_p2      |         +|   0|  0|   10|           3|           1|
    |add_ln20_23_fu_14120_p2       |         +|   0|  0|   10|           3|           1|
    |add_ln20_240_fu_24730_p2      |         +|   0|  0|   10|           3|           1|
    |add_ln20_241_fu_29844_p2      |         +|   0|  0|   10|           3|           1|
    |add_ln20_242_fu_29882_p2      |         +|   0|  0|   12|           4|           1|
    |add_ln20_243_fu_29918_p2      |         +|   0|  0|   12|           4|           1|
    |add_ln20_244_fu_35049_p2      |         +|   0|  0|   12|           4|           1|
    |add_ln20_245_fu_24835_p2      |         +|   0|  0|   10|           3|           1|
    |add_ln20_246_fu_24871_p2      |         +|   0|  0|   10|           3|           1|
    |add_ln20_247_fu_24893_p2      |         +|   0|  0|   10|           3|           1|
    |add_ln20_248_fu_29997_p2      |         +|   0|  0|   10|           3|           1|
    |add_ln20_249_fu_30035_p2      |         +|   0|  0|   12|           4|           1|
    |add_ln20_24_fu_14154_p2       |         +|   0|  0|   10|           3|           1|
    |add_ln20_250_fu_30071_p2      |         +|   0|  0|   12|           4|           1|
    |add_ln20_251_fu_35194_p2      |         +|   0|  0|   12|           4|           1|
    |add_ln20_252_fu_24998_p2      |         +|   0|  0|   10|           3|           1|
    |add_ln20_253_fu_25034_p2      |         +|   0|  0|   10|           3|           1|
    |add_ln20_254_fu_25056_p2      |         +|   0|  0|   10|           3|           1|
    |add_ln20_255_fu_30150_p2      |         +|   0|  0|   10|           3|           1|
    |add_ln20_256_fu_30188_p2      |         +|   0|  0|   12|           4|           1|
    |add_ln20_257_fu_30224_p2      |         +|   0|  0|   12|           4|           1|
    |add_ln20_258_fu_35339_p2      |         +|   0|  0|   12|           4|           1|
    |add_ln20_259_fu_25161_p2      |         +|   0|  0|   10|           3|           1|
    |add_ln20_25_fu_14180_p2       |         +|   0|  0|   12|           4|           1|
    |add_ln20_260_fu_25197_p2      |         +|   0|  0|   10|           3|           1|
    |add_ln20_261_fu_25219_p2      |         +|   0|  0|   10|           3|           1|
    |add_ln20_262_fu_30303_p2      |         +|   0|  0|   10|           3|           1|
    |add_ln20_263_fu_30341_p2      |         +|   0|  0|   12|           4|           1|
    |add_ln20_264_fu_30377_p2      |         +|   0|  0|   12|           4|           1|
    |add_ln20_265_fu_35484_p2      |         +|   0|  0|   12|           4|           1|
    |add_ln20_266_fu_25324_p2      |         +|   0|  0|   10|           3|           1|
    |add_ln20_267_fu_25360_p2      |         +|   0|  0|   10|           3|           1|
    |add_ln20_268_fu_25382_p2      |         +|   0|  0|   10|           3|           1|
    |add_ln20_269_fu_30456_p2      |         +|   0|  0|   10|           3|           1|
    |add_ln20_26_fu_18992_p2       |         +|   0|  0|   12|           4|           1|
    |add_ln20_270_fu_30494_p2      |         +|   0|  0|   12|           4|           1|
    |add_ln20_271_fu_30530_p2      |         +|   0|  0|   12|           4|           1|
    |add_ln20_272_fu_35629_p2      |         +|   0|  0|   12|           4|           1|
    |add_ln20_273_fu_25487_p2      |         +|   0|  0|   10|           3|           1|
    |add_ln20_274_fu_25523_p2      |         +|   0|  0|   10|           3|           1|
    |add_ln20_275_fu_25545_p2      |         +|   0|  0|   10|           3|           1|
    |add_ln20_276_fu_30609_p2      |         +|   0|  0|   10|           3|           1|
    |add_ln20_277_fu_30647_p2      |         +|   0|  0|   12|           4|           1|
    |add_ln20_278_fu_30683_p2      |         +|   0|  0|   12|           4|           1|
    |add_ln20_279_fu_35774_p2      |         +|   0|  0|   12|           4|           1|
    |add_ln20_27_fu_19024_p2       |         +|   0|  0|   12|           4|           1|
    |add_ln20_280_fu_25650_p2      |         +|   0|  0|   10|           3|           1|
    |add_ln20_281_fu_25686_p2      |         +|   0|  0|   10|           3|           1|
    |add_ln20_282_fu_25708_p2      |         +|   0|  0|   10|           3|           1|
    |add_ln20_283_fu_30762_p2      |         +|   0|  0|   10|           3|           1|
    |add_ln20_284_fu_30800_p2      |         +|   0|  0|   12|           4|           1|
    |add_ln20_285_fu_30836_p2      |         +|   0|  0|   12|           4|           1|
    |add_ln20_286_fu_35919_p2      |         +|   0|  0|   12|           4|           1|
    |add_ln20_287_fu_25813_p2      |         +|   0|  0|   10|           3|           1|
    |add_ln20_288_fu_25849_p2      |         +|   0|  0|   10|           3|           1|
    |add_ln20_289_fu_25871_p2      |         +|   0|  0|   10|           3|           1|
    |add_ln20_28_fu_6660_p2        |         +|   0|  0|   10|           3|           1|
    |add_ln20_290_fu_30915_p2      |         +|   0|  0|   10|           3|           1|
    |add_ln20_291_fu_30953_p2      |         +|   0|  0|   12|           4|           1|
    |add_ln20_292_fu_30989_p2      |         +|   0|  0|   12|           4|           1|
    |add_ln20_293_fu_36064_p2      |         +|   0|  0|   12|           4|           1|
    |add_ln20_294_fu_25976_p2      |         +|   0|  0|   10|           3|           1|
    |add_ln20_295_fu_26012_p2      |         +|   0|  0|   10|           3|           1|
    |add_ln20_296_fu_26034_p2      |         +|   0|  0|   10|           3|           1|
    |add_ln20_297_fu_31068_p2      |         +|   0|  0|   10|           3|           1|
    |add_ln20_298_fu_31106_p2      |         +|   0|  0|   12|           4|           1|
    |add_ln20_299_fu_31142_p2      |         +|   0|  0|   12|           4|           1|
    |add_ln20_29_fu_6682_p2        |         +|   0|  0|   10|           3|           1|
    |add_ln20_2_fu_13799_p2        |         +|   0|  0|   10|           3|           1|
    |add_ln20_300_fu_36209_p2      |         +|   0|  0|   12|           4|           1|
    |add_ln20_301_fu_26139_p2      |         +|   0|  0|   10|           3|           1|
    |add_ln20_302_fu_26175_p2      |         +|   0|  0|   10|           3|           1|
    |add_ln20_303_fu_26197_p2      |         +|   0|  0|   10|           3|           1|
    |add_ln20_304_fu_31221_p2      |         +|   0|  0|   10|           3|           1|
    |add_ln20_305_fu_31259_p2      |         +|   0|  0|   12|           4|           1|
    |add_ln20_306_fu_31295_p2      |         +|   0|  0|   12|           4|           1|
    |add_ln20_307_fu_36354_p2      |         +|   0|  0|   12|           4|           1|
    |add_ln20_308_fu_26302_p2      |         +|   0|  0|   10|           3|           1|
    |add_ln20_309_fu_26338_p2      |         +|   0|  0|   10|           3|           1|
    |add_ln20_30_fu_14227_p2       |         +|   0|  0|   10|           3|           1|
    |add_ln20_310_fu_26360_p2      |         +|   0|  0|   10|           3|           1|
    |add_ln20_311_fu_31374_p2      |         +|   0|  0|   10|           3|           1|
    |add_ln20_312_fu_31412_p2      |         +|   0|  0|   12|           4|           1|
    |add_ln20_313_fu_31448_p2      |         +|   0|  0|   12|           4|           1|
    |add_ln20_314_fu_36499_p2      |         +|   0|  0|   12|           4|           1|
    |add_ln20_315_fu_26465_p2      |         +|   0|  0|   10|           3|           1|
    |add_ln20_316_fu_26501_p2      |         +|   0|  0|   10|           3|           1|
    |add_ln20_317_fu_26523_p2      |         +|   0|  0|   10|           3|           1|
    |add_ln20_318_fu_31527_p2      |         +|   0|  0|   10|           3|           1|
    |add_ln20_319_fu_31565_p2      |         +|   0|  0|   12|           4|           1|
    |add_ln20_31_fu_14261_p2       |         +|   0|  0|   10|           3|           1|
    |add_ln20_320_fu_31601_p2      |         +|   0|  0|   12|           4|           1|
    |add_ln20_321_fu_36644_p2      |         +|   0|  0|   12|           4|           1|
    |add_ln20_322_fu_26628_p2      |         +|   0|  0|   10|           3|           1|
    |add_ln20_323_fu_26664_p2      |         +|   0|  0|   10|           3|           1|
    |add_ln20_324_fu_26686_p2      |         +|   0|  0|   10|           3|           1|
    |add_ln20_325_fu_31680_p2      |         +|   0|  0|   10|           3|           1|
    |add_ln20_326_fu_31718_p2      |         +|   0|  0|   12|           4|           1|
    |add_ln20_327_fu_31754_p2      |         +|   0|  0|   12|           4|           1|
    |add_ln20_328_fu_36789_p2      |         +|   0|  0|   12|           4|           1|
    |add_ln20_329_fu_26791_p2      |         +|   0|  0|   10|           3|           1|
    |add_ln20_32_fu_14287_p2       |         +|   0|  0|   12|           4|           1|
    |add_ln20_330_fu_26827_p2      |         +|   0|  0|   10|           3|           1|
    |add_ln20_331_fu_26849_p2      |         +|   0|  0|   10|           3|           1|
    |add_ln20_332_fu_31833_p2      |         +|   0|  0|   10|           3|           1|
    |add_ln20_333_fu_31871_p2      |         +|   0|  0|   12|           4|           1|
    |add_ln20_334_fu_31907_p2      |         +|   0|  0|   12|           4|           1|
    |add_ln20_335_fu_36934_p2      |         +|   0|  0|   12|           4|           1|
    |add_ln20_336_fu_26954_p2      |         +|   0|  0|   10|           3|           1|
    |add_ln20_337_fu_26990_p2      |         +|   0|  0|   10|           3|           1|
    |add_ln20_338_fu_27012_p2      |         +|   0|  0|   10|           3|           1|
    |add_ln20_339_fu_31986_p2      |         +|   0|  0|   10|           3|           1|
    |add_ln20_33_fu_19218_p2       |         +|   0|  0|   12|           4|           1|
    |add_ln20_340_fu_32024_p2      |         +|   0|  0|   12|           4|           1|
    |add_ln20_341_fu_32060_p2      |         +|   0|  0|   12|           4|           1|
    |add_ln20_342_fu_37079_p2      |         +|   0|  0|   12|           4|           1|
    |add_ln20_343_fu_32197_p2      |         +|   0|  0|   10|           3|           1|
    |add_ln20_344_fu_32233_p2      |         +|   0|  0|   10|           3|           1|
    |add_ln20_345_fu_32255_p2      |         +|   0|  0|   10|           3|           1|
    |add_ln20_346_fu_37203_p2      |         +|   0|  0|   10|           3|           1|
    |add_ln20_347_fu_37241_p2      |         +|   0|  0|   12|           4|           1|
    |add_ln20_348_fu_37277_p2      |         +|   0|  0|   12|           4|           1|
    |add_ln20_349_fu_39748_p2      |         +|   0|  0|   12|           4|           1|
    |add_ln20_34_fu_19250_p2       |         +|   0|  0|   12|           4|           1|
    |add_ln20_350_fu_32360_p2      |         +|   0|  0|   10|           3|           1|
    |add_ln20_351_fu_32396_p2      |         +|   0|  0|   10|           3|           1|
    |add_ln20_352_fu_32418_p2      |         +|   0|  0|   10|           3|           1|
    |add_ln20_353_fu_37356_p2      |         +|   0|  0|   10|           3|           1|
    |add_ln20_354_fu_37394_p2      |         +|   0|  0|   12|           4|           1|
    |add_ln20_355_fu_37430_p2      |         +|   0|  0|   12|           4|           1|
    |add_ln20_356_fu_39893_p2      |         +|   0|  0|   12|           4|           1|
    |add_ln20_357_fu_32523_p2      |         +|   0|  0|   10|           3|           1|
    |add_ln20_358_fu_32559_p2      |         +|   0|  0|   10|           3|           1|
    |add_ln20_359_fu_32581_p2      |         +|   0|  0|   10|           3|           1|
    |add_ln20_35_fu_6886_p2        |         +|   0|  0|   10|           3|           1|
    |add_ln20_360_fu_37509_p2      |         +|   0|  0|   10|           3|           1|
    |add_ln20_361_fu_37547_p2      |         +|   0|  0|   12|           4|           1|
    |add_ln20_362_fu_37583_p2      |         +|   0|  0|   12|           4|           1|
    |add_ln20_363_fu_40038_p2      |         +|   0|  0|   12|           4|           1|
    |add_ln20_364_fu_32686_p2      |         +|   0|  0|   10|           3|           1|
    |add_ln20_365_fu_32722_p2      |         +|   0|  0|   10|           3|           1|
    |add_ln20_366_fu_32744_p2      |         +|   0|  0|   10|           3|           1|
    |add_ln20_367_fu_37662_p2      |         +|   0|  0|   10|           3|           1|
    |add_ln20_368_fu_37700_p2      |         +|   0|  0|   12|           4|           1|
    |add_ln20_369_fu_37736_p2      |         +|   0|  0|   12|           4|           1|
    |add_ln20_36_fu_6908_p2        |         +|   0|  0|   10|           3|           1|
    |add_ln20_370_fu_40183_p2      |         +|   0|  0|   12|           4|           1|
    |add_ln20_371_fu_32849_p2      |         +|   0|  0|   10|           3|           1|
    |add_ln20_372_fu_32885_p2      |         +|   0|  0|   10|           3|           1|
    |add_ln20_373_fu_32907_p2      |         +|   0|  0|   10|           3|           1|
    |add_ln20_374_fu_37815_p2      |         +|   0|  0|   10|           3|           1|
    |add_ln20_375_fu_37853_p2      |         +|   0|  0|   12|           4|           1|
    |add_ln20_376_fu_37889_p2      |         +|   0|  0|   12|           4|           1|
    |add_ln20_377_fu_40328_p2      |         +|   0|  0|   12|           4|           1|
    |add_ln20_378_fu_33012_p2      |         +|   0|  0|   10|           3|           1|
    |add_ln20_379_fu_33048_p2      |         +|   0|  0|   10|           3|           1|
    |add_ln20_37_fu_14334_p2       |         +|   0|  0|   10|           3|           1|
    |add_ln20_380_fu_33070_p2      |         +|   0|  0|   10|           3|           1|
    |add_ln20_381_fu_37968_p2      |         +|   0|  0|   10|           3|           1|
    |add_ln20_382_fu_38006_p2      |         +|   0|  0|   12|           4|           1|
    |add_ln20_383_fu_38042_p2      |         +|   0|  0|   12|           4|           1|
    |add_ln20_384_fu_40473_p2      |         +|   0|  0|   12|           4|           1|
    |add_ln20_385_fu_33175_p2      |         +|   0|  0|   10|           3|           1|
    |add_ln20_386_fu_33211_p2      |         +|   0|  0|   10|           3|           1|
    |add_ln20_387_fu_33233_p2      |         +|   0|  0|   10|           3|           1|
    |add_ln20_388_fu_38121_p2      |         +|   0|  0|   10|           3|           1|
    |add_ln20_389_fu_38159_p2      |         +|   0|  0|   12|           4|           1|
    |add_ln20_38_fu_14368_p2       |         +|   0|  0|   10|           3|           1|
    |add_ln20_390_fu_38195_p2      |         +|   0|  0|   12|           4|           1|
    |add_ln20_391_fu_40618_p2      |         +|   0|  0|   12|           4|           1|
    |add_ln20_392_fu_33338_p2      |         +|   0|  0|   10|           3|           1|
    |add_ln20_393_fu_33374_p2      |         +|   0|  0|   10|           3|           1|
    |add_ln20_394_fu_33396_p2      |         +|   0|  0|   10|           3|           1|
    |add_ln20_395_fu_38274_p2      |         +|   0|  0|   10|           3|           1|
    |add_ln20_396_fu_38312_p2      |         +|   0|  0|   12|           4|           1|
    |add_ln20_397_fu_38348_p2      |         +|   0|  0|   12|           4|           1|
    |add_ln20_398_fu_40763_p2      |         +|   0|  0|   12|           4|           1|
    |add_ln20_399_fu_33501_p2      |         +|   0|  0|   10|           3|           1|
    |add_ln20_39_fu_14394_p2       |         +|   0|  0|   12|           4|           1|
    |add_ln20_3_fu_13833_p2        |         +|   0|  0|   10|           3|           1|
    |add_ln20_400_fu_33537_p2      |         +|   0|  0|   10|           3|           1|
    |add_ln20_401_fu_33559_p2      |         +|   0|  0|   10|           3|           1|
    |add_ln20_402_fu_38427_p2      |         +|   0|  0|   10|           3|           1|
    |add_ln20_403_fu_38465_p2      |         +|   0|  0|   12|           4|           1|
    |add_ln20_404_fu_38501_p2      |         +|   0|  0|   12|           4|           1|
    |add_ln20_405_fu_40908_p2      |         +|   0|  0|   12|           4|           1|
    |add_ln20_406_fu_33664_p2      |         +|   0|  0|   10|           3|           1|
    |add_ln20_407_fu_33700_p2      |         +|   0|  0|   10|           3|           1|
    |add_ln20_408_fu_33722_p2      |         +|   0|  0|   10|           3|           1|
    |add_ln20_409_fu_38580_p2      |         +|   0|  0|   10|           3|           1|
    |add_ln20_40_fu_19444_p2       |         +|   0|  0|   12|           4|           1|
    |add_ln20_410_fu_38618_p2      |         +|   0|  0|   12|           4|           1|
    |add_ln20_411_fu_38654_p2      |         +|   0|  0|   12|           4|           1|
    |add_ln20_412_fu_41053_p2      |         +|   0|  0|   12|           4|           1|
    |add_ln20_413_fu_33827_p2      |         +|   0|  0|   10|           3|           1|
    |add_ln20_414_fu_33863_p2      |         +|   0|  0|   10|           3|           1|
    |add_ln20_415_fu_33885_p2      |         +|   0|  0|   10|           3|           1|
    |add_ln20_416_fu_38733_p2      |         +|   0|  0|   10|           3|           1|
    |add_ln20_417_fu_38771_p2      |         +|   0|  0|   12|           4|           1|
    |add_ln20_418_fu_38807_p2      |         +|   0|  0|   12|           4|           1|
    |add_ln20_419_fu_41198_p2      |         +|   0|  0|   12|           4|           1|
    |add_ln20_41_fu_19476_p2       |         +|   0|  0|   12|           4|           1|
    |add_ln20_420_fu_33990_p2      |         +|   0|  0|   10|           3|           1|
    |add_ln20_421_fu_34026_p2      |         +|   0|  0|   10|           3|           1|
    |add_ln20_422_fu_34048_p2      |         +|   0|  0|   10|           3|           1|
    |add_ln20_423_fu_38886_p2      |         +|   0|  0|   10|           3|           1|
    |add_ln20_424_fu_38924_p2      |         +|   0|  0|   12|           4|           1|
    |add_ln20_425_fu_38960_p2      |         +|   0|  0|   12|           4|           1|
    |add_ln20_426_fu_41343_p2      |         +|   0|  0|   12|           4|           1|
    |add_ln20_427_fu_34153_p2      |         +|   0|  0|   10|           3|           1|
    |add_ln20_428_fu_34189_p2      |         +|   0|  0|   10|           3|           1|
    |add_ln20_429_fu_34211_p2      |         +|   0|  0|   10|           3|           1|
    |add_ln20_42_fu_7112_p2        |         +|   0|  0|   10|           3|           1|
    |add_ln20_430_fu_39039_p2      |         +|   0|  0|   10|           3|           1|
    |add_ln20_431_fu_39077_p2      |         +|   0|  0|   12|           4|           1|
    |add_ln20_432_fu_39113_p2      |         +|   0|  0|   12|           4|           1|
    |add_ln20_433_fu_41488_p2      |         +|   0|  0|   12|           4|           1|
    |add_ln20_434_fu_34316_p2      |         +|   0|  0|   10|           3|           1|
    |add_ln20_435_fu_34352_p2      |         +|   0|  0|   10|           3|           1|
    |add_ln20_436_fu_34374_p2      |         +|   0|  0|   10|           3|           1|
    |add_ln20_437_fu_39192_p2      |         +|   0|  0|   10|           3|           1|
    |add_ln20_438_fu_39230_p2      |         +|   0|  0|   12|           4|           1|
    |add_ln20_439_fu_39266_p2      |         +|   0|  0|   12|           4|           1|
    |add_ln20_43_fu_7134_p2        |         +|   0|  0|   10|           3|           1|
    |add_ln20_440_fu_41633_p2      |         +|   0|  0|   12|           4|           1|
    |add_ln20_441_fu_34479_p2      |         +|   0|  0|   10|           3|           1|
    |add_ln20_442_fu_34515_p2      |         +|   0|  0|   10|           3|           1|
    |add_ln20_443_fu_34537_p2      |         +|   0|  0|   10|           3|           1|
    |add_ln20_444_fu_39345_p2      |         +|   0|  0|   10|           3|           1|
    |add_ln20_445_fu_39383_p2      |         +|   0|  0|   12|           4|           1|
    |add_ln20_446_fu_39419_p2      |         +|   0|  0|   12|           4|           1|
    |add_ln20_447_fu_41778_p2      |         +|   0|  0|   12|           4|           1|
    |add_ln20_448_fu_34642_p2      |         +|   0|  0|   10|           3|           1|
    |add_ln20_449_fu_34678_p2      |         +|   0|  0|   10|           3|           1|
    |add_ln20_44_fu_14441_p2       |         +|   0|  0|   10|           3|           1|
    |add_ln20_450_fu_34700_p2      |         +|   0|  0|   10|           3|           1|
    |add_ln20_451_fu_39498_p2      |         +|   0|  0|   10|           3|           1|
    |add_ln20_452_fu_39536_p2      |         +|   0|  0|   12|           4|           1|
    |add_ln20_453_fu_39572_p2      |         +|   0|  0|   12|           4|           1|
    |add_ln20_454_fu_41923_p2      |         +|   0|  0|   12|           4|           1|
    |add_ln20_45_fu_14475_p2       |         +|   0|  0|   10|           3|           1|
    |add_ln20_46_fu_14501_p2       |         +|   0|  0|   12|           4|           1|
    |add_ln20_47_fu_19670_p2       |         +|   0|  0|   12|           4|           1|
    |add_ln20_48_fu_19702_p2       |         +|   0|  0|   12|           4|           1|
    |add_ln20_49_fu_7338_p2        |         +|   0|  0|   10|           3|           1|
    |add_ln20_4_fu_13859_p2        |         +|   0|  0|   12|           4|           1|
    |add_ln20_50_fu_7360_p2        |         +|   0|  0|   10|           3|           1|
    |add_ln20_51_fu_14548_p2       |         +|   0|  0|   10|           3|           1|
    |add_ln20_52_fu_14582_p2       |         +|   0|  0|   10|           3|           1|
    |add_ln20_53_fu_14608_p2       |         +|   0|  0|   12|           4|           1|
    |add_ln20_54_fu_19896_p2       |         +|   0|  0|   12|           4|           1|
    |add_ln20_55_fu_19928_p2       |         +|   0|  0|   12|           4|           1|
    |add_ln20_56_fu_7552_p2        |         +|   0|  0|   10|           3|           1|
    |add_ln20_57_fu_7574_p2        |         +|   0|  0|   10|           3|           1|
    |add_ln20_58_fu_14655_p2       |         +|   0|  0|   10|           3|           1|
    |add_ln20_59_fu_14689_p2       |         +|   0|  0|   10|           3|           1|
    |add_ln20_5_fu_18331_p2        |         +|   0|  0|   12|           4|           1|
    |add_ln20_60_fu_14715_p2       |         +|   0|  0|   12|           4|           1|
    |add_ln20_61_fu_20122_p2       |         +|   0|  0|   12|           4|           1|
    |add_ln20_62_fu_20154_p2       |         +|   0|  0|   12|           4|           1|
    |add_ln20_63_fu_7768_p2        |         +|   0|  0|   10|           3|           1|
    |add_ln20_64_fu_7790_p2        |         +|   0|  0|   10|           3|           1|
    |add_ln20_65_fu_14762_p2       |         +|   0|  0|   10|           3|           1|
    |add_ln20_66_fu_14796_p2       |         +|   0|  0|   10|           3|           1|
    |add_ln20_67_fu_14822_p2       |         +|   0|  0|   12|           4|           1|
    |add_ln20_68_fu_20348_p2       |         +|   0|  0|   12|           4|           1|
    |add_ln20_69_fu_20380_p2       |         +|   0|  0|   12|           4|           1|
    |add_ln20_6_fu_18363_p2        |         +|   0|  0|   12|           4|           1|
    |add_ln20_70_fu_7994_p2        |         +|   0|  0|   10|           3|           1|
    |add_ln20_71_fu_8016_p2        |         +|   0|  0|   10|           3|           1|
    |add_ln20_72_fu_14869_p2       |         +|   0|  0|   10|           3|           1|
    |add_ln20_73_fu_14903_p2       |         +|   0|  0|   10|           3|           1|
    |add_ln20_74_fu_14929_p2       |         +|   0|  0|   12|           4|           1|
    |add_ln20_75_fu_20574_p2       |         +|   0|  0|   12|           4|           1|
    |add_ln20_76_fu_20606_p2       |         +|   0|  0|   12|           4|           1|
    |add_ln20_77_fu_8220_p2        |         +|   0|  0|   10|           3|           1|
    |add_ln20_78_fu_8242_p2        |         +|   0|  0|   10|           3|           1|
    |add_ln20_79_fu_14976_p2       |         +|   0|  0|   10|           3|           1|
    |add_ln20_7_fu_5982_p2         |         +|   0|  0|   10|           3|           1|
    |add_ln20_80_fu_15010_p2       |         +|   0|  0|   10|           3|           1|
    |add_ln20_81_fu_15036_p2       |         +|   0|  0|   12|           4|           1|
    |add_ln20_82_fu_20800_p2       |         +|   0|  0|   12|           4|           1|
    |add_ln20_83_fu_20832_p2       |         +|   0|  0|   12|           4|           1|
    |add_ln20_84_fu_8446_p2        |         +|   0|  0|   10|           3|           1|
    |add_ln20_85_fu_8468_p2        |         +|   0|  0|   10|           3|           1|
    |add_ln20_86_fu_15083_p2       |         +|   0|  0|   10|           3|           1|
    |add_ln20_87_fu_15117_p2       |         +|   0|  0|   10|           3|           1|
    |add_ln20_88_fu_15143_p2       |         +|   0|  0|   12|           4|           1|
    |add_ln20_89_fu_21026_p2       |         +|   0|  0|   12|           4|           1|
    |add_ln20_8_fu_6004_p2         |         +|   0|  0|   10|           3|           1|
    |add_ln20_90_fu_21058_p2       |         +|   0|  0|   12|           4|           1|
    |add_ln20_91_fu_8672_p2        |         +|   0|  0|   10|           3|           1|
    |add_ln20_92_fu_8694_p2        |         +|   0|  0|   10|           3|           1|
    |add_ln20_93_fu_15190_p2       |         +|   0|  0|   10|           3|           1|
    |add_ln20_94_fu_15224_p2       |         +|   0|  0|   10|           3|           1|
    |add_ln20_95_fu_15250_p2       |         +|   0|  0|   12|           4|           1|
    |add_ln20_96_fu_21252_p2       |         +|   0|  0|   12|           4|           1|
    |add_ln20_97_fu_21284_p2       |         +|   0|  0|   12|           4|           1|
    |add_ln20_98_fu_8898_p2        |         +|   0|  0|   10|           3|           1|
    |add_ln20_99_fu_8920_p2        |         +|   0|  0|   10|           3|           1|
    |add_ln20_9_fu_13906_p2        |         +|   0|  0|   10|           3|           1|
    |add_ln20_fu_5800_p2           |         +|   0|  0|   10|           3|           1|
    |add_ln32_10_fu_20505_p2       |         +|   0|  0|   38|          31|          30|
    |add_ln32_11_fu_20731_p2       |         +|   0|  0|   38|          31|          30|
    |add_ln32_12_fu_20957_p2       |         +|   0|  0|   38|          31|          30|
    |add_ln32_13_fu_21183_p2       |         +|   0|  0|   38|          31|          30|
    |add_ln32_14_fu_21409_p2       |         +|   0|  0|   38|          31|          30|
    |add_ln32_15_fu_21635_p2       |         +|   0|  0|   38|          31|          30|
    |add_ln32_16_fu_21854_p2       |         +|   0|  0|   38|          31|          30|
    |add_ln32_17_fu_27356_p2       |         +|   0|  0|   38|          31|          30|
    |add_ln32_18_fu_27501_p2       |         +|   0|  0|   38|          31|          30|
    |add_ln32_19_fu_27646_p2       |         +|   0|  0|   38|          31|          30|
    |add_ln32_1_fu_18471_p2        |         +|   0|  0|   38|          31|          30|
    |add_ln32_20_fu_27791_p2       |         +|   0|  0|   38|          31|          30|
    |add_ln32_21_fu_27936_p2       |         +|   0|  0|   38|          31|          30|
    |add_ln32_22_fu_28081_p2       |         +|   0|  0|   38|          31|          30|
    |add_ln32_23_fu_28226_p2       |         +|   0|  0|   38|          31|          30|
    |add_ln32_24_fu_28371_p2       |         +|   0|  0|   38|          31|          30|
    |add_ln32_25_fu_28516_p2       |         +|   0|  0|   38|          31|          30|
    |add_ln32_26_fu_28661_p2       |         +|   0|  0|   38|          31|          30|
    |add_ln32_27_fu_28806_p2       |         +|   0|  0|   38|          31|          30|
    |add_ln32_28_fu_28951_p2       |         +|   0|  0|   38|          31|          30|
    |add_ln32_29_fu_29096_p2       |         +|   0|  0|   38|          31|          30|
    |add_ln32_2_fu_18697_p2        |         +|   0|  0|   38|          31|          30|
    |add_ln32_30_fu_29241_p2       |         +|   0|  0|   38|          31|          30|
    |add_ln32_31_fu_29386_p2       |         +|   0|  0|   38|          31|          30|
    |add_ln32_32_fu_29531_p2       |         +|   0|  0|   38|          31|          30|
    |add_ln32_33_fu_34868_p2       |         +|   0|  0|   38|          31|          30|
    |add_ln32_34_fu_35013_p2       |         +|   0|  0|   38|          31|          30|
    |add_ln32_35_fu_35158_p2       |         +|   0|  0|   38|          31|          30|
    |add_ln32_36_fu_35303_p2       |         +|   0|  0|   38|          31|          30|
    |add_ln32_37_fu_35448_p2       |         +|   0|  0|   38|          31|          30|
    |add_ln32_38_fu_35593_p2       |         +|   0|  0|   38|          31|          30|
    |add_ln32_39_fu_35738_p2       |         +|   0|  0|   38|          31|          30|
    |add_ln32_3_fu_18923_p2        |         +|   0|  0|   38|          31|          30|
    |add_ln32_40_fu_35883_p2       |         +|   0|  0|   38|          31|          30|
    |add_ln32_41_fu_36028_p2       |         +|   0|  0|   38|          31|          30|
    |add_ln32_42_fu_36173_p2       |         +|   0|  0|   38|          31|          30|
    |add_ln32_43_fu_36318_p2       |         +|   0|  0|   38|          31|          30|
    |add_ln32_44_fu_36463_p2       |         +|   0|  0|   38|          31|          30|
    |add_ln32_45_fu_36608_p2       |         +|   0|  0|   38|          31|          30|
    |add_ln32_46_fu_36753_p2       |         +|   0|  0|   38|          31|          30|
    |add_ln32_47_fu_36898_p2       |         +|   0|  0|   38|          31|          30|
    |add_ln32_48_fu_37043_p2       |         +|   0|  0|   38|          31|          30|
    |add_ln32_49_fu_39712_p2       |         +|   0|  0|   38|          31|          30|
    |add_ln32_4_fu_19149_p2        |         +|   0|  0|   38|          31|          30|
    |add_ln32_50_fu_39857_p2       |         +|   0|  0|   38|          31|          30|
    |add_ln32_51_fu_40002_p2       |         +|   0|  0|   38|          31|          30|
    |add_ln32_52_fu_40147_p2       |         +|   0|  0|   38|          31|          30|
    |add_ln32_53_fu_40292_p2       |         +|   0|  0|   38|          31|          30|
    |add_ln32_54_fu_40437_p2       |         +|   0|  0|   38|          31|          30|
    |add_ln32_55_fu_40582_p2       |         +|   0|  0|   38|          31|          30|
    |add_ln32_56_fu_40727_p2       |         +|   0|  0|   38|          31|          30|
    |add_ln32_57_fu_40872_p2       |         +|   0|  0|   38|          31|          30|
    |add_ln32_58_fu_41017_p2       |         +|   0|  0|   38|          31|          30|
    |add_ln32_59_fu_41162_p2       |         +|   0|  0|   38|          31|          30|
    |add_ln32_5_fu_19375_p2        |         +|   0|  0|   38|          31|          30|
    |add_ln32_60_fu_41307_p2       |         +|   0|  0|   38|          31|          30|
    |add_ln32_61_fu_41452_p2       |         +|   0|  0|   38|          31|          30|
    |add_ln32_62_fu_41597_p2       |         +|   0|  0|   38|          31|          30|
    |add_ln32_63_fu_41742_p2       |         +|   0|  0|   38|          31|          30|
    |add_ln32_64_fu_41887_p2       |         +|   0|  0|   38|          31|          30|
    |add_ln32_6_fu_19601_p2        |         +|   0|  0|   38|          31|          30|
    |add_ln32_7_fu_19827_p2        |         +|   0|  0|   38|          31|          30|
    |add_ln32_8_fu_20053_p2        |         +|   0|  0|   38|          31|          30|
    |add_ln32_9_fu_20279_p2        |         +|   0|  0|   38|          31|          30|
    |add_ln32_fu_18427_p2          |         +|   0|  0|   38|          31|          30|
    |sub_ln26_10_fu_20624_p2       |         -|   0|  0|   13|           5|           6|
    |sub_ln26_11_fu_20850_p2       |         -|   0|  0|   13|           5|           6|
    |sub_ln26_12_fu_21076_p2       |         -|   0|  0|   13|           5|           6|
    |sub_ln26_13_fu_21302_p2       |         -|   0|  0|   13|           5|           6|
    |sub_ln26_14_fu_21528_p2       |         -|   0|  0|   13|           5|           6|
    |sub_ln26_15_fu_21754_p2       |         -|   0|  0|   13|           5|           6|
    |sub_ln26_16_fu_21973_p2       |         -|   0|  0|   13|           5|           6|
    |sub_ln26_17_fu_27407_p2       |         -|   0|  0|   13|           5|           6|
    |sub_ln26_18_fu_27552_p2       |         -|   0|  0|   13|           5|           6|
    |sub_ln26_19_fu_27697_p2       |         -|   0|  0|   13|           5|           6|
    |sub_ln26_1_fu_18590_p2        |         -|   0|  0|   13|           5|           6|
    |sub_ln26_20_fu_27842_p2       |         -|   0|  0|   13|           5|           6|
    |sub_ln26_21_fu_27987_p2       |         -|   0|  0|   13|           5|           6|
    |sub_ln26_22_fu_28132_p2       |         -|   0|  0|   13|           5|           6|
    |sub_ln26_23_fu_28277_p2       |         -|   0|  0|   13|           5|           6|
    |sub_ln26_24_fu_28422_p2       |         -|   0|  0|   13|           5|           6|
    |sub_ln26_25_fu_28567_p2       |         -|   0|  0|   13|           5|           6|
    |sub_ln26_26_fu_28712_p2       |         -|   0|  0|   13|           5|           6|
    |sub_ln26_27_fu_28857_p2       |         -|   0|  0|   13|           5|           6|
    |sub_ln26_28_fu_29002_p2       |         -|   0|  0|   13|           5|           6|
    |sub_ln26_29_fu_29147_p2       |         -|   0|  0|   13|           5|           6|
    |sub_ln26_2_fu_18816_p2        |         -|   0|  0|   13|           5|           6|
    |sub_ln26_30_fu_29292_p2       |         -|   0|  0|   13|           5|           6|
    |sub_ln26_31_fu_29437_p2       |         -|   0|  0|   13|           5|           6|
    |sub_ln26_32_fu_29582_p2       |         -|   0|  0|   13|           5|           6|
    |sub_ln26_33_fu_34919_p2       |         -|   0|  0|   13|           5|           6|
    |sub_ln26_34_fu_35064_p2       |         -|   0|  0|   13|           5|           6|
    |sub_ln26_35_fu_35209_p2       |         -|   0|  0|   13|           5|           6|
    |sub_ln26_36_fu_35354_p2       |         -|   0|  0|   13|           5|           6|
    |sub_ln26_37_fu_35499_p2       |         -|   0|  0|   13|           5|           6|
    |sub_ln26_38_fu_35644_p2       |         -|   0|  0|   13|           5|           6|
    |sub_ln26_39_fu_35789_p2       |         -|   0|  0|   13|           5|           6|
    |sub_ln26_3_fu_19042_p2        |         -|   0|  0|   13|           5|           6|
    |sub_ln26_40_fu_35934_p2       |         -|   0|  0|   13|           5|           6|
    |sub_ln26_41_fu_36079_p2       |         -|   0|  0|   13|           5|           6|
    |sub_ln26_42_fu_36224_p2       |         -|   0|  0|   13|           5|           6|
    |sub_ln26_43_fu_36369_p2       |         -|   0|  0|   13|           5|           6|
    |sub_ln26_44_fu_36514_p2       |         -|   0|  0|   13|           5|           6|
    |sub_ln26_45_fu_36659_p2       |         -|   0|  0|   13|           5|           6|
    |sub_ln26_46_fu_36804_p2       |         -|   0|  0|   13|           5|           6|
    |sub_ln26_47_fu_36949_p2       |         -|   0|  0|   13|           5|           6|
    |sub_ln26_48_fu_37094_p2       |         -|   0|  0|   13|           5|           6|
    |sub_ln26_49_fu_39763_p2       |         -|   0|  0|   13|           5|           6|
    |sub_ln26_4_fu_19268_p2        |         -|   0|  0|   13|           5|           6|
    |sub_ln26_50_fu_39908_p2       |         -|   0|  0|   13|           5|           6|
    |sub_ln26_51_fu_40053_p2       |         -|   0|  0|   13|           5|           6|
    |sub_ln26_52_fu_40198_p2       |         -|   0|  0|   13|           5|           6|
    |sub_ln26_53_fu_40343_p2       |         -|   0|  0|   13|           5|           6|
    |sub_ln26_54_fu_40488_p2       |         -|   0|  0|   13|           5|           6|
    |sub_ln26_55_fu_40633_p2       |         -|   0|  0|   13|           5|           6|
    |sub_ln26_56_fu_40778_p2       |         -|   0|  0|   13|           5|           6|
    |sub_ln26_57_fu_40923_p2       |         -|   0|  0|   13|           5|           6|
    |sub_ln26_58_fu_41068_p2       |         -|   0|  0|   13|           5|           6|
    |sub_ln26_59_fu_41213_p2       |         -|   0|  0|   13|           5|           6|
    |sub_ln26_5_fu_19494_p2        |         -|   0|  0|   13|           5|           6|
    |sub_ln26_60_fu_41358_p2       |         -|   0|  0|   13|           5|           6|
    |sub_ln26_61_fu_41503_p2       |         -|   0|  0|   13|           5|           6|
    |sub_ln26_62_fu_41648_p2       |         -|   0|  0|   13|           5|           6|
    |sub_ln26_63_fu_41793_p2       |         -|   0|  0|   13|           5|           6|
    |sub_ln26_64_fu_41938_p2       |         -|   0|  0|   13|           5|           6|
    |sub_ln26_6_fu_19720_p2        |         -|   0|  0|   13|           5|           6|
    |sub_ln26_7_fu_19946_p2        |         -|   0|  0|   13|           5|           6|
    |sub_ln26_8_fu_20172_p2        |         -|   0|  0|   13|           5|           6|
    |sub_ln26_9_fu_20398_p2        |         -|   0|  0|   13|           5|           6|
    |sub_ln26_fu_18381_p2          |         -|   0|  0|   13|           5|           6|
    |and_ln13_10_fu_20900_p2       |       and|   0|  0|    2|           1|           1|
    |and_ln13_11_fu_21126_p2       |       and|   0|  0|    2|           1|           1|
    |and_ln13_12_fu_21352_p2       |       and|   0|  0|    2|           1|           1|
    |and_ln13_13_fu_21578_p2       |       and|   0|  0|    2|           1|           1|
    |and_ln13_14_fu_21804_p2       |       and|   0|  0|    2|           1|           1|
    |and_ln13_15_fu_22023_p2       |       and|   0|  0|    2|           1|           1|
    |and_ln13_16_fu_27444_p2       |       and|   0|  0|    2|           1|           1|
    |and_ln13_17_fu_27589_p2       |       and|   0|  0|    2|           1|           1|
    |and_ln13_18_fu_27734_p2       |       and|   0|  0|    2|           1|           1|
    |and_ln13_19_fu_27879_p2       |       and|   0|  0|    2|           1|           1|
    |and_ln13_1_fu_18866_p2        |       and|   0|  0|    2|           1|           1|
    |and_ln13_20_fu_28024_p2       |       and|   0|  0|    2|           1|           1|
    |and_ln13_21_fu_28169_p2       |       and|   0|  0|    2|           1|           1|
    |and_ln13_22_fu_28314_p2       |       and|   0|  0|    2|           1|           1|
    |and_ln13_23_fu_28459_p2       |       and|   0|  0|    2|           1|           1|
    |and_ln13_24_fu_28604_p2       |       and|   0|  0|    2|           1|           1|
    |and_ln13_25_fu_28749_p2       |       and|   0|  0|    2|           1|           1|
    |and_ln13_26_fu_28894_p2       |       and|   0|  0|    2|           1|           1|
    |and_ln13_27_fu_29039_p2       |       and|   0|  0|    2|           1|           1|
    |and_ln13_28_fu_29184_p2       |       and|   0|  0|    2|           1|           1|
    |and_ln13_29_fu_29329_p2       |       and|   0|  0|    2|           1|           1|
    |and_ln13_2_fu_19092_p2        |       and|   0|  0|    2|           1|           1|
    |and_ln13_30_fu_29474_p2       |       and|   0|  0|    2|           1|           1|
    |and_ln13_31_fu_29619_p2       |       and|   0|  0|    2|           1|           1|
    |and_ln13_32_fu_34956_p2       |       and|   0|  0|    2|           1|           1|
    |and_ln13_33_fu_35101_p2       |       and|   0|  0|    2|           1|           1|
    |and_ln13_34_fu_35246_p2       |       and|   0|  0|    2|           1|           1|
    |and_ln13_35_fu_35391_p2       |       and|   0|  0|    2|           1|           1|
    |and_ln13_36_fu_35536_p2       |       and|   0|  0|    2|           1|           1|
    |and_ln13_37_fu_35681_p2       |       and|   0|  0|    2|           1|           1|
    |and_ln13_38_fu_35826_p2       |       and|   0|  0|    2|           1|           1|
    |and_ln13_39_fu_35971_p2       |       and|   0|  0|    2|           1|           1|
    |and_ln13_3_fu_19318_p2        |       and|   0|  0|    2|           1|           1|
    |and_ln13_40_fu_36116_p2       |       and|   0|  0|    2|           1|           1|
    |and_ln13_41_fu_36261_p2       |       and|   0|  0|    2|           1|           1|
    |and_ln13_42_fu_36406_p2       |       and|   0|  0|    2|           1|           1|
    |and_ln13_43_fu_36551_p2       |       and|   0|  0|    2|           1|           1|
    |and_ln13_44_fu_36696_p2       |       and|   0|  0|    2|           1|           1|
    |and_ln13_45_fu_36841_p2       |       and|   0|  0|    2|           1|           1|
    |and_ln13_46_fu_36986_p2       |       and|   0|  0|    2|           1|           1|
    |and_ln13_47_fu_37131_p2       |       and|   0|  0|    2|           1|           1|
    |and_ln13_48_fu_39800_p2       |       and|   0|  0|    2|           1|           1|
    |and_ln13_49_fu_39945_p2       |       and|   0|  0|    2|           1|           1|
    |and_ln13_4_fu_19544_p2        |       and|   0|  0|    2|           1|           1|
    |and_ln13_50_fu_40090_p2       |       and|   0|  0|    2|           1|           1|
    |and_ln13_51_fu_40235_p2       |       and|   0|  0|    2|           1|           1|
    |and_ln13_52_fu_40380_p2       |       and|   0|  0|    2|           1|           1|
    |and_ln13_53_fu_40525_p2       |       and|   0|  0|    2|           1|           1|
    |and_ln13_54_fu_40670_p2       |       and|   0|  0|    2|           1|           1|
    |and_ln13_55_fu_40815_p2       |       and|   0|  0|    2|           1|           1|
    |and_ln13_56_fu_40960_p2       |       and|   0|  0|    2|           1|           1|
    |and_ln13_57_fu_41105_p2       |       and|   0|  0|    2|           1|           1|
    |and_ln13_58_fu_41250_p2       |       and|   0|  0|    2|           1|           1|
    |and_ln13_59_fu_41395_p2       |       and|   0|  0|    2|           1|           1|
    |and_ln13_5_fu_19770_p2        |       and|   0|  0|    2|           1|           1|
    |and_ln13_60_fu_41540_p2       |       and|   0|  0|    2|           1|           1|
    |and_ln13_61_fu_41685_p2       |       and|   0|  0|    2|           1|           1|
    |and_ln13_62_fu_41830_p2       |       and|   0|  0|    2|           1|           1|
    |and_ln13_63_fu_41975_p2       |       and|   0|  0|    2|           1|           1|
    |and_ln13_6_fu_19996_p2        |       and|   0|  0|    2|           1|           1|
    |and_ln13_7_fu_20222_p2        |       and|   0|  0|    2|           1|           1|
    |and_ln13_8_fu_20448_p2        |       and|   0|  0|    2|           1|           1|
    |and_ln13_9_fu_20674_p2        |       and|   0|  0|    2|           1|           1|
    |and_ln13_fu_18640_p2          |       and|   0|  0|    2|           1|           1|
    |ap_condition_5393             |       and|   0|  0|    2|           1|           1|
    |ap_predicate_pred5398_state4  |       and|   0|  0|    2|           1|           1|
    |ap_predicate_pred5409_state4  |       and|   0|  0|    2|           1|           1|
    |ap_predicate_pred5415_state4  |       and|   0|  0|    2|           1|           1|
    |ap_predicate_pred5420_state4  |       and|   0|  0|    2|           1|           1|
    |icmp_ln12_100_fu_40075_p2     |      icmp|   0|  0|   12|           5|           2|
    |icmp_ln12_101_fu_40080_p2     |      icmp|   0|  0|   12|           5|           1|
    |icmp_ln12_102_fu_40220_p2     |      icmp|   0|  0|   12|           5|           2|
    |icmp_ln12_103_fu_40225_p2     |      icmp|   0|  0|   12|           5|           1|
    |icmp_ln12_104_fu_40365_p2     |      icmp|   0|  0|   12|           5|           2|
    |icmp_ln12_105_fu_40370_p2     |      icmp|   0|  0|   12|           5|           1|
    |icmp_ln12_106_fu_40510_p2     |      icmp|   0|  0|   12|           5|           2|
    |icmp_ln12_107_fu_40515_p2     |      icmp|   0|  0|   12|           5|           1|
    |icmp_ln12_108_fu_40655_p2     |      icmp|   0|  0|   12|           5|           2|
    |icmp_ln12_109_fu_40660_p2     |      icmp|   0|  0|   12|           5|           1|
    |icmp_ln12_10_fu_19755_p2      |      icmp|   0|  0|   12|           5|           2|
    |icmp_ln12_110_fu_40800_p2     |      icmp|   0|  0|   12|           5|           2|
    |icmp_ln12_111_fu_40805_p2     |      icmp|   0|  0|   12|           5|           1|
    |icmp_ln12_112_fu_40945_p2     |      icmp|   0|  0|   12|           5|           2|
    |icmp_ln12_113_fu_40950_p2     |      icmp|   0|  0|   12|           5|           1|
    |icmp_ln12_114_fu_41090_p2     |      icmp|   0|  0|   12|           5|           2|
    |icmp_ln12_115_fu_41095_p2     |      icmp|   0|  0|   12|           5|           1|
    |icmp_ln12_116_fu_41235_p2     |      icmp|   0|  0|   12|           5|           2|
    |icmp_ln12_117_fu_41240_p2     |      icmp|   0|  0|   12|           5|           1|
    |icmp_ln12_118_fu_41380_p2     |      icmp|   0|  0|   12|           5|           2|
    |icmp_ln12_119_fu_41385_p2     |      icmp|   0|  0|   12|           5|           1|
    |icmp_ln12_11_fu_19760_p2      |      icmp|   0|  0|   12|           5|           1|
    |icmp_ln12_120_fu_41525_p2     |      icmp|   0|  0|   12|           5|           2|
    |icmp_ln12_121_fu_41530_p2     |      icmp|   0|  0|   12|           5|           1|
    |icmp_ln12_122_fu_41670_p2     |      icmp|   0|  0|   12|           5|           2|
    |icmp_ln12_123_fu_41675_p2     |      icmp|   0|  0|   12|           5|           1|
    |icmp_ln12_124_fu_41815_p2     |      icmp|   0|  0|   12|           5|           2|
    |icmp_ln12_125_fu_41820_p2     |      icmp|   0|  0|   12|           5|           1|
    |icmp_ln12_126_fu_41960_p2     |      icmp|   0|  0|   12|           5|           2|
    |icmp_ln12_127_fu_41965_p2     |      icmp|   0|  0|   12|           5|           1|
    |icmp_ln12_12_fu_19981_p2      |      icmp|   0|  0|   12|           5|           2|
    |icmp_ln12_13_fu_19986_p2      |      icmp|   0|  0|   12|           5|           1|
    |icmp_ln12_14_fu_20207_p2      |      icmp|   0|  0|   12|           5|           2|
    |icmp_ln12_15_fu_20212_p2      |      icmp|   0|  0|   12|           5|           1|
    |icmp_ln12_16_fu_20433_p2      |      icmp|   0|  0|   12|           5|           2|
    |icmp_ln12_17_fu_20438_p2      |      icmp|   0|  0|   12|           5|           1|
    |icmp_ln12_18_fu_20659_p2      |      icmp|   0|  0|   12|           5|           2|
    |icmp_ln12_19_fu_20664_p2      |      icmp|   0|  0|   12|           5|           1|
    |icmp_ln12_1_fu_18630_p2       |      icmp|   0|  0|   12|           5|           1|
    |icmp_ln12_20_fu_20885_p2      |      icmp|   0|  0|   12|           5|           2|
    |icmp_ln12_21_fu_20890_p2      |      icmp|   0|  0|   12|           5|           1|
    |icmp_ln12_22_fu_21111_p2      |      icmp|   0|  0|   12|           5|           2|
    |icmp_ln12_23_fu_21116_p2      |      icmp|   0|  0|   12|           5|           1|
    |icmp_ln12_24_fu_21337_p2      |      icmp|   0|  0|   12|           5|           2|
    |icmp_ln12_25_fu_21342_p2      |      icmp|   0|  0|   12|           5|           1|
    |icmp_ln12_26_fu_21563_p2      |      icmp|   0|  0|   12|           5|           2|
    |icmp_ln12_27_fu_21568_p2      |      icmp|   0|  0|   12|           5|           1|
    |icmp_ln12_28_fu_21789_p2      |      icmp|   0|  0|   12|           5|           2|
    |icmp_ln12_29_fu_21794_p2      |      icmp|   0|  0|   12|           5|           1|
    |icmp_ln12_2_fu_18851_p2       |      icmp|   0|  0|   12|           5|           2|
    |icmp_ln12_30_fu_22008_p2      |      icmp|   0|  0|   12|           5|           2|
    |icmp_ln12_31_fu_22013_p2      |      icmp|   0|  0|   12|           5|           1|
    |icmp_ln12_32_fu_27429_p2      |      icmp|   0|  0|   12|           5|           2|
    |icmp_ln12_33_fu_27434_p2      |      icmp|   0|  0|   12|           5|           1|
    |icmp_ln12_34_fu_27574_p2      |      icmp|   0|  0|   12|           5|           2|
    |icmp_ln12_35_fu_27579_p2      |      icmp|   0|  0|   12|           5|           1|
    |icmp_ln12_36_fu_27719_p2      |      icmp|   0|  0|   12|           5|           2|
    |icmp_ln12_37_fu_27724_p2      |      icmp|   0|  0|   12|           5|           1|
    |icmp_ln12_38_fu_27864_p2      |      icmp|   0|  0|   12|           5|           2|
    |icmp_ln12_39_fu_27869_p2      |      icmp|   0|  0|   12|           5|           1|
    |icmp_ln12_3_fu_18856_p2       |      icmp|   0|  0|   12|           5|           1|
    |icmp_ln12_40_fu_28009_p2      |      icmp|   0|  0|   12|           5|           2|
    |icmp_ln12_41_fu_28014_p2      |      icmp|   0|  0|   12|           5|           1|
    |icmp_ln12_42_fu_28154_p2      |      icmp|   0|  0|   12|           5|           2|
    |icmp_ln12_43_fu_28159_p2      |      icmp|   0|  0|   12|           5|           1|
    |icmp_ln12_44_fu_28299_p2      |      icmp|   0|  0|   12|           5|           2|
    |icmp_ln12_45_fu_28304_p2      |      icmp|   0|  0|   12|           5|           1|
    |icmp_ln12_46_fu_28444_p2      |      icmp|   0|  0|   12|           5|           2|
    |icmp_ln12_47_fu_28449_p2      |      icmp|   0|  0|   12|           5|           1|
    |icmp_ln12_48_fu_28589_p2      |      icmp|   0|  0|   12|           5|           2|
    |icmp_ln12_49_fu_28594_p2      |      icmp|   0|  0|   12|           5|           1|
    |icmp_ln12_4_fu_19077_p2       |      icmp|   0|  0|   12|           5|           2|
    |icmp_ln12_50_fu_28734_p2      |      icmp|   0|  0|   12|           5|           2|
    |icmp_ln12_51_fu_28739_p2      |      icmp|   0|  0|   12|           5|           1|
    |icmp_ln12_52_fu_28879_p2      |      icmp|   0|  0|   12|           5|           2|
    |icmp_ln12_53_fu_28884_p2      |      icmp|   0|  0|   12|           5|           1|
    |icmp_ln12_54_fu_29024_p2      |      icmp|   0|  0|   12|           5|           2|
    |icmp_ln12_55_fu_29029_p2      |      icmp|   0|  0|   12|           5|           1|
    |icmp_ln12_56_fu_29169_p2      |      icmp|   0|  0|   12|           5|           2|
    |icmp_ln12_57_fu_29174_p2      |      icmp|   0|  0|   12|           5|           1|
    |icmp_ln12_58_fu_29314_p2      |      icmp|   0|  0|   12|           5|           2|
    |icmp_ln12_59_fu_29319_p2      |      icmp|   0|  0|   12|           5|           1|
    |icmp_ln12_5_fu_19082_p2       |      icmp|   0|  0|   12|           5|           1|
    |icmp_ln12_60_fu_29459_p2      |      icmp|   0|  0|   12|           5|           2|
    |icmp_ln12_61_fu_29464_p2      |      icmp|   0|  0|   12|           5|           1|
    |icmp_ln12_62_fu_29604_p2      |      icmp|   0|  0|   12|           5|           2|
    |icmp_ln12_63_fu_29609_p2      |      icmp|   0|  0|   12|           5|           1|
    |icmp_ln12_64_fu_34941_p2      |      icmp|   0|  0|   12|           5|           2|
    |icmp_ln12_65_fu_34946_p2      |      icmp|   0|  0|   12|           5|           1|
    |icmp_ln12_66_fu_35086_p2      |      icmp|   0|  0|   12|           5|           2|
    |icmp_ln12_67_fu_35091_p2      |      icmp|   0|  0|   12|           5|           1|
    |icmp_ln12_68_fu_35231_p2      |      icmp|   0|  0|   12|           5|           2|
    |icmp_ln12_69_fu_35236_p2      |      icmp|   0|  0|   12|           5|           1|
    |icmp_ln12_6_fu_19303_p2       |      icmp|   0|  0|   12|           5|           2|
    |icmp_ln12_70_fu_35376_p2      |      icmp|   0|  0|   12|           5|           2|
    |icmp_ln12_71_fu_35381_p2      |      icmp|   0|  0|   12|           5|           1|
    |icmp_ln12_72_fu_35521_p2      |      icmp|   0|  0|   12|           5|           2|
    |icmp_ln12_73_fu_35526_p2      |      icmp|   0|  0|   12|           5|           1|
    |icmp_ln12_74_fu_35666_p2      |      icmp|   0|  0|   12|           5|           2|
    |icmp_ln12_75_fu_35671_p2      |      icmp|   0|  0|   12|           5|           1|
    |icmp_ln12_76_fu_35811_p2      |      icmp|   0|  0|   12|           5|           2|
    |icmp_ln12_77_fu_35816_p2      |      icmp|   0|  0|   12|           5|           1|
    |icmp_ln12_78_fu_35956_p2      |      icmp|   0|  0|   12|           5|           2|
    |icmp_ln12_79_fu_35961_p2      |      icmp|   0|  0|   12|           5|           1|
    |icmp_ln12_7_fu_19308_p2       |      icmp|   0|  0|   12|           5|           1|
    |icmp_ln12_80_fu_36101_p2      |      icmp|   0|  0|   12|           5|           2|
    |icmp_ln12_81_fu_36106_p2      |      icmp|   0|  0|   12|           5|           1|
    |icmp_ln12_82_fu_36246_p2      |      icmp|   0|  0|   12|           5|           2|
    |icmp_ln12_83_fu_36251_p2      |      icmp|   0|  0|   12|           5|           1|
    |icmp_ln12_84_fu_36391_p2      |      icmp|   0|  0|   12|           5|           2|
    |icmp_ln12_85_fu_36396_p2      |      icmp|   0|  0|   12|           5|           1|
    |icmp_ln12_86_fu_36536_p2      |      icmp|   0|  0|   12|           5|           2|
    |icmp_ln12_87_fu_36541_p2      |      icmp|   0|  0|   12|           5|           1|
    |icmp_ln12_88_fu_36681_p2      |      icmp|   0|  0|   12|           5|           2|
    |icmp_ln12_89_fu_36686_p2      |      icmp|   0|  0|   12|           5|           1|
    |icmp_ln12_8_fu_19529_p2       |      icmp|   0|  0|   12|           5|           2|
    |icmp_ln12_90_fu_36826_p2      |      icmp|   0|  0|   12|           5|           2|
    |icmp_ln12_91_fu_36831_p2      |      icmp|   0|  0|   12|           5|           1|
    |icmp_ln12_92_fu_36971_p2      |      icmp|   0|  0|   12|           5|           2|
    |icmp_ln12_93_fu_36976_p2      |      icmp|   0|  0|   12|           5|           1|
    |icmp_ln12_94_fu_37116_p2      |      icmp|   0|  0|   12|           5|           2|
    |icmp_ln12_95_fu_37121_p2      |      icmp|   0|  0|   12|           5|           1|
    |icmp_ln12_96_fu_39785_p2      |      icmp|   0|  0|   12|           5|           2|
    |icmp_ln12_97_fu_39790_p2      |      icmp|   0|  0|   12|           5|           1|
    |icmp_ln12_98_fu_39930_p2      |      icmp|   0|  0|   12|           5|           2|
    |icmp_ln12_99_fu_39935_p2      |      icmp|   0|  0|   12|           5|           1|
    |icmp_ln12_9_fu_19534_p2       |      icmp|   0|  0|   12|           5|           1|
    |icmp_ln12_fu_18625_p2         |      icmp|   0|  0|   12|           5|           2|
    |icmp_ln13_100_fu_39940_p2     |      icmp|   0|  0|   17|          10|           1|
    |icmp_ln13_101_fu_12660_p2     |      icmp|   0|  0|   17|          10|           1|
    |icmp_ln13_102_fu_40085_p2     |      icmp|   0|  0|   17|          10|           1|
    |icmp_ln13_103_fu_12746_p2     |      icmp|   0|  0|   17|          10|           1|
    |icmp_ln13_104_fu_40230_p2     |      icmp|   0|  0|   17|          10|           1|
    |icmp_ln13_105_fu_12832_p2     |      icmp|   0|  0|   17|          10|           1|
    |icmp_ln13_106_fu_40375_p2     |      icmp|   0|  0|   17|          10|           1|
    |icmp_ln13_107_fu_12918_p2     |      icmp|   0|  0|   17|          10|           1|
    |icmp_ln13_108_fu_40520_p2     |      icmp|   0|  0|   17|          10|           1|
    |icmp_ln13_109_fu_13004_p2     |      icmp|   0|  0|   17|          10|           1|
    |icmp_ln13_10_fu_19539_p2      |      icmp|   0|  0|   17|          10|           1|
    |icmp_ln13_110_fu_40665_p2     |      icmp|   0|  0|   17|          10|           1|
    |icmp_ln13_111_fu_13090_p2     |      icmp|   0|  0|   17|          10|           1|
    |icmp_ln13_112_fu_40810_p2     |      icmp|   0|  0|   17|          10|           1|
    |icmp_ln13_113_fu_13158_p2     |      icmp|   0|  0|   17|          10|           1|
    |icmp_ln13_114_fu_40955_p2     |      icmp|   0|  0|   17|          10|           1|
    |icmp_ln13_115_fu_13244_p2     |      icmp|   0|  0|   17|          10|           1|
    |icmp_ln13_116_fu_41100_p2     |      icmp|   0|  0|   17|          10|           1|
    |icmp_ln13_117_fu_13330_p2     |      icmp|   0|  0|   17|          10|           1|
    |icmp_ln13_118_fu_41245_p2     |      icmp|   0|  0|   17|          10|           1|
    |icmp_ln13_119_fu_13416_p2     |      icmp|   0|  0|   17|          10|           1|
    |icmp_ln13_11_fu_7182_p2       |      icmp|   0|  0|   17|          10|           1|
    |icmp_ln13_120_fu_41390_p2     |      icmp|   0|  0|   17|          10|           1|
    |icmp_ln13_121_fu_13502_p2     |      icmp|   0|  0|   17|          10|           1|
    |icmp_ln13_122_fu_41535_p2     |      icmp|   0|  0|   17|          10|           1|
    |icmp_ln13_123_fu_13588_p2     |      icmp|   0|  0|   17|          10|           1|
    |icmp_ln13_124_fu_41680_p2     |      icmp|   0|  0|   17|          10|           1|
    |icmp_ln13_125_fu_13674_p2     |      icmp|   0|  0|   17|          10|           1|
    |icmp_ln13_126_fu_41825_p2     |      icmp|   0|  0|   17|          10|           1|
    |icmp_ln13_127_fu_13760_p2     |      icmp|   0|  0|   17|          10|           1|
    |icmp_ln13_128_fu_41970_p2     |      icmp|   0|  0|   17|          10|           1|
    |icmp_ln13_12_fu_19765_p2      |      icmp|   0|  0|   17|          10|           1|
    |icmp_ln13_13_fu_7408_p2       |      icmp|   0|  0|   17|          10|           1|
    |icmp_ln13_14_fu_19991_p2      |      icmp|   0|  0|   17|          10|           1|
    |icmp_ln13_15_fu_7616_p2       |      icmp|   0|  0|   17|          10|           1|
    |icmp_ln13_16_fu_20217_p2      |      icmp|   0|  0|   17|          10|           1|
    |icmp_ln13_17_fu_7838_p2       |      icmp|   0|  0|   17|          10|           1|
    |icmp_ln13_18_fu_20443_p2      |      icmp|   0|  0|   17|          10|           1|
    |icmp_ln13_19_fu_8064_p2       |      icmp|   0|  0|   17|          10|           1|
    |icmp_ln13_1_fu_6052_p2        |      icmp|   0|  0|   17|          10|           1|
    |icmp_ln13_20_fu_20669_p2      |      icmp|   0|  0|   17|          10|           1|
    |icmp_ln13_21_fu_8290_p2       |      icmp|   0|  0|   17|          10|           1|
    |icmp_ln13_22_fu_20895_p2      |      icmp|   0|  0|   17|          10|           1|
    |icmp_ln13_23_fu_8516_p2       |      icmp|   0|  0|   17|          10|           1|
    |icmp_ln13_24_fu_21121_p2      |      icmp|   0|  0|   17|          10|           1|
    |icmp_ln13_25_fu_8742_p2       |      icmp|   0|  0|   17|          10|           1|
    |icmp_ln13_26_fu_21347_p2      |      icmp|   0|  0|   17|          10|           1|
    |icmp_ln13_27_fu_8968_p2       |      icmp|   0|  0|   17|          10|           1|
    |icmp_ln13_28_fu_21573_p2      |      icmp|   0|  0|   17|          10|           1|
    |icmp_ln13_29_fu_9194_p2       |      icmp|   0|  0|   17|          10|           1|
    |icmp_ln13_2_fu_18635_p2       |      icmp|   0|  0|   17|          10|           1|
    |icmp_ln13_30_fu_21799_p2      |      icmp|   0|  0|   17|          10|           1|
    |icmp_ln13_31_fu_9380_p2       |      icmp|   0|  0|   17|          10|           1|
    |icmp_ln13_32_fu_22018_p2      |      icmp|   0|  0|   17|          10|           1|
    |icmp_ln13_33_fu_9808_p2       |      icmp|   0|  0|   17|          10|           1|
    |icmp_ln13_34_fu_27439_p2      |      icmp|   0|  0|   17|          10|           1|
    |icmp_ln13_35_fu_9894_p2       |      icmp|   0|  0|   17|          10|           1|
    |icmp_ln13_36_fu_27584_p2      |      icmp|   0|  0|   17|          10|           1|
    |icmp_ln13_37_fu_9980_p2       |      icmp|   0|  0|   17|          10|           1|
    |icmp_ln13_38_fu_27729_p2      |      icmp|   0|  0|   17|          10|           1|
    |icmp_ln13_39_fu_10066_p2      |      icmp|   0|  0|   17|          10|           1|
    |icmp_ln13_3_fu_6278_p2        |      icmp|   0|  0|   17|          10|           1|
    |icmp_ln13_40_fu_27874_p2      |      icmp|   0|  0|   17|          10|           1|
    |icmp_ln13_41_fu_10152_p2      |      icmp|   0|  0|   17|          10|           1|
    |icmp_ln13_42_fu_28019_p2      |      icmp|   0|  0|   17|          10|           1|
    |icmp_ln13_43_fu_10238_p2      |      icmp|   0|  0|   17|          10|           1|
    |icmp_ln13_44_fu_28164_p2      |      icmp|   0|  0|   17|          10|           1|
    |icmp_ln13_45_fu_10324_p2      |      icmp|   0|  0|   17|          10|           1|
    |icmp_ln13_46_fu_28309_p2      |      icmp|   0|  0|   17|          10|           1|
    |icmp_ln13_47_fu_10410_p2      |      icmp|   0|  0|   17|          10|           1|
    |icmp_ln13_48_fu_28454_p2      |      icmp|   0|  0|   17|          10|           1|
    |icmp_ln13_49_fu_10478_p2      |      icmp|   0|  0|   17|          10|           1|
    |icmp_ln13_4_fu_18861_p2       |      icmp|   0|  0|   17|          10|           1|
    |icmp_ln13_50_fu_28599_p2      |      icmp|   0|  0|   17|          10|           1|
    |icmp_ln13_51_fu_10564_p2      |      icmp|   0|  0|   17|          10|           1|
    |icmp_ln13_52_fu_28744_p2      |      icmp|   0|  0|   17|          10|           1|
    |icmp_ln13_53_fu_10650_p2      |      icmp|   0|  0|   17|          10|           1|
    |icmp_ln13_54_fu_28889_p2      |      icmp|   0|  0|   17|          10|           1|
    |icmp_ln13_55_fu_10736_p2      |      icmp|   0|  0|   17|          10|           1|
    |icmp_ln13_56_fu_29034_p2      |      icmp|   0|  0|   17|          10|           1|
    |icmp_ln13_57_fu_10822_p2      |      icmp|   0|  0|   17|          10|           1|
    |icmp_ln13_58_fu_29179_p2      |      icmp|   0|  0|   17|          10|           1|
    |icmp_ln13_59_fu_10908_p2      |      icmp|   0|  0|   17|          10|           1|
    |icmp_ln13_5_fu_6504_p2        |      icmp|   0|  0|   17|          10|           1|
    |icmp_ln13_60_fu_29324_p2      |      icmp|   0|  0|   17|          10|           1|
    |icmp_ln13_61_fu_10994_p2      |      icmp|   0|  0|   17|          10|           1|
    |icmp_ln13_62_fu_29469_p2      |      icmp|   0|  0|   17|          10|           1|
    |icmp_ln13_63_fu_11080_p2      |      icmp|   0|  0|   17|          10|           1|
    |icmp_ln13_64_fu_29614_p2      |      icmp|   0|  0|   17|          10|           1|
    |icmp_ln13_65_fu_11148_p2      |      icmp|   0|  0|   17|          10|           1|
    |icmp_ln13_66_fu_34951_p2      |      icmp|   0|  0|   17|          10|           1|
    |icmp_ln13_67_fu_11234_p2      |      icmp|   0|  0|   17|          10|           1|
    |icmp_ln13_68_fu_35096_p2      |      icmp|   0|  0|   17|          10|           1|
    |icmp_ln13_69_fu_11320_p2      |      icmp|   0|  0|   17|          10|           1|
    |icmp_ln13_6_fu_19087_p2       |      icmp|   0|  0|   17|          10|           1|
    |icmp_ln13_70_fu_35241_p2      |      icmp|   0|  0|   17|          10|           1|
    |icmp_ln13_71_fu_11406_p2      |      icmp|   0|  0|   17|          10|           1|
    |icmp_ln13_72_fu_35386_p2      |      icmp|   0|  0|   17|          10|           1|
    |icmp_ln13_73_fu_11492_p2      |      icmp|   0|  0|   17|          10|           1|
    |icmp_ln13_74_fu_35531_p2      |      icmp|   0|  0|   17|          10|           1|
    |icmp_ln13_75_fu_11578_p2      |      icmp|   0|  0|   17|          10|           1|
    |icmp_ln13_76_fu_35676_p2      |      icmp|   0|  0|   17|          10|           1|
    |icmp_ln13_77_fu_11664_p2      |      icmp|   0|  0|   17|          10|           1|
    |icmp_ln13_78_fu_35821_p2      |      icmp|   0|  0|   17|          10|           1|
    |icmp_ln13_79_fu_11750_p2      |      icmp|   0|  0|   17|          10|           1|
    |icmp_ln13_7_fu_6730_p2        |      icmp|   0|  0|   17|          10|           1|
    |icmp_ln13_80_fu_35966_p2      |      icmp|   0|  0|   17|          10|           1|
    |icmp_ln13_81_fu_11818_p2      |      icmp|   0|  0|   17|          10|           1|
    |icmp_ln13_82_fu_36111_p2      |      icmp|   0|  0|   17|          10|           1|
    |icmp_ln13_83_fu_11904_p2      |      icmp|   0|  0|   17|          10|           1|
    |icmp_ln13_84_fu_36256_p2      |      icmp|   0|  0|   17|          10|           1|
    |icmp_ln13_85_fu_11990_p2      |      icmp|   0|  0|   17|          10|           1|
    |icmp_ln13_86_fu_36401_p2      |      icmp|   0|  0|   17|          10|           1|
    |icmp_ln13_87_fu_12076_p2      |      icmp|   0|  0|   17|          10|           1|
    |icmp_ln13_88_fu_36546_p2      |      icmp|   0|  0|   17|          10|           1|
    |icmp_ln13_89_fu_12162_p2      |      icmp|   0|  0|   17|          10|           1|
    |icmp_ln13_8_fu_19313_p2       |      icmp|   0|  0|   17|          10|           1|
    |icmp_ln13_90_fu_36691_p2      |      icmp|   0|  0|   17|          10|           1|
    |icmp_ln13_91_fu_12248_p2      |      icmp|   0|  0|   17|          10|           1|
    |icmp_ln13_92_fu_36836_p2      |      icmp|   0|  0|   17|          10|           1|
    |icmp_ln13_93_fu_12334_p2      |      icmp|   0|  0|   17|          10|           1|
    |icmp_ln13_94_fu_36981_p2      |      icmp|   0|  0|   17|          10|           1|
    |icmp_ln13_95_fu_12420_p2      |      icmp|   0|  0|   17|          10|           1|
    |icmp_ln13_96_fu_37126_p2      |      icmp|   0|  0|   17|          10|           1|
    |icmp_ln13_97_fu_12488_p2      |      icmp|   0|  0|   17|          10|           1|
    |icmp_ln13_98_fu_39795_p2      |      icmp|   0|  0|   17|          10|           1|
    |icmp_ln13_99_fu_12574_p2      |      icmp|   0|  0|   17|          10|           1|
    |icmp_ln13_9_fu_6956_p2        |      icmp|   0|  0|   17|          10|           1|
    |icmp_ln13_fu_5686_p2          |      icmp|   0|  0|   17|          10|           1|
    |icmp_ln147_fu_5547_p2         |      icmp|   0|  0|   20|          13|          13|
    |or_ln13_10_fu_8266_p2         |        or|   0|  0|    5|           5|           5|
    |or_ln13_11_fu_8492_p2         |        or|   0|  0|    5|           5|           5|
    |or_ln13_12_fu_8718_p2         |        or|   0|  0|    5|           5|           5|
    |or_ln13_13_fu_8944_p2         |        or|   0|  0|    5|           5|           5|
    |or_ln13_14_fu_9170_p2         |        or|   0|  0|    5|           5|           5|
    |or_ln13_15_fu_9356_p2         |        or|   0|  0|    5|           5|           5|
    |or_ln13_16_fu_9784_p2         |        or|   0|  0|    5|           5|           5|
    |or_ln13_17_fu_9870_p2         |        or|   0|  0|    5|           5|           5|
    |or_ln13_18_fu_9956_p2         |        or|   0|  0|    5|           5|           5|
    |or_ln13_19_fu_10042_p2        |        or|   0|  0|    5|           5|           5|
    |or_ln13_1_fu_6254_p2          |        or|   0|  0|    5|           5|           5|
    |or_ln13_20_fu_10128_p2        |        or|   0|  0|    5|           5|           5|
    |or_ln13_21_fu_10214_p2        |        or|   0|  0|    5|           5|           5|
    |or_ln13_22_fu_10300_p2        |        or|   0|  0|    5|           5|           5|
    |or_ln13_23_fu_10386_p2        |        or|   0|  0|    5|           5|           5|
    |or_ln13_24_fu_10454_p2        |        or|   0|  0|    5|           5|           5|
    |or_ln13_25_fu_10540_p2        |        or|   0|  0|    5|           5|           5|
    |or_ln13_26_fu_10626_p2        |        or|   0|  0|    5|           5|           5|
    |or_ln13_27_fu_10712_p2        |        or|   0|  0|    5|           5|           5|
    |or_ln13_28_fu_10798_p2        |        or|   0|  0|    5|           5|           5|
    |or_ln13_29_fu_10884_p2        |        or|   0|  0|    5|           5|           5|
    |or_ln13_2_fu_6480_p2          |        or|   0|  0|    5|           5|           5|
    |or_ln13_30_fu_10970_p2        |        or|   0|  0|    5|           5|           5|
    |or_ln13_31_fu_11056_p2        |        or|   0|  0|    5|           5|           5|
    |or_ln13_32_fu_11124_p2        |        or|   0|  0|    5|           5|           5|
    |or_ln13_33_fu_11210_p2        |        or|   0|  0|    5|           5|           5|
    |or_ln13_34_fu_11296_p2        |        or|   0|  0|    5|           5|           5|
    |or_ln13_35_fu_11382_p2        |        or|   0|  0|    5|           5|           5|
    |or_ln13_36_fu_11468_p2        |        or|   0|  0|    5|           5|           5|
    |or_ln13_37_fu_11554_p2        |        or|   0|  0|    5|           5|           5|
    |or_ln13_38_fu_11640_p2        |        or|   0|  0|    5|           5|           5|
    |or_ln13_39_fu_11726_p2        |        or|   0|  0|    5|           5|           5|
    |or_ln13_3_fu_6706_p2          |        or|   0|  0|    5|           5|           5|
    |or_ln13_40_fu_11794_p2        |        or|   0|  0|    5|           5|           5|
    |or_ln13_41_fu_11880_p2        |        or|   0|  0|    5|           5|           5|
    |or_ln13_42_fu_11966_p2        |        or|   0|  0|    5|           5|           5|
    |or_ln13_43_fu_12052_p2        |        or|   0|  0|    5|           5|           5|
    |or_ln13_44_fu_12138_p2        |        or|   0|  0|    5|           5|           5|
    |or_ln13_45_fu_12224_p2        |        or|   0|  0|    5|           5|           5|
    |or_ln13_46_fu_12310_p2        |        or|   0|  0|    5|           5|           5|
    |or_ln13_47_fu_12396_p2        |        or|   0|  0|    5|           5|           5|
    |or_ln13_48_fu_12464_p2        |        or|   0|  0|    5|           5|           5|
    |or_ln13_49_fu_12550_p2        |        or|   0|  0|    5|           5|           5|
    |or_ln13_4_fu_6932_p2          |        or|   0|  0|    5|           5|           5|
    |or_ln13_50_fu_12636_p2        |        or|   0|  0|    5|           5|           5|
    |or_ln13_51_fu_12722_p2        |        or|   0|  0|    5|           5|           5|
    |or_ln13_52_fu_12808_p2        |        or|   0|  0|    5|           5|           5|
    |or_ln13_53_fu_12894_p2        |        or|   0|  0|    5|           5|           5|
    |or_ln13_54_fu_12980_p2        |        or|   0|  0|    5|           5|           5|
    |or_ln13_55_fu_13066_p2        |        or|   0|  0|    5|           5|           5|
    |or_ln13_56_fu_13134_p2        |        or|   0|  0|    5|           5|           5|
    |or_ln13_57_fu_13220_p2        |        or|   0|  0|    5|           5|           5|
    |or_ln13_58_fu_13306_p2        |        or|   0|  0|    5|           5|           5|
    |or_ln13_59_fu_13392_p2        |        or|   0|  0|    5|           5|           5|
    |or_ln13_5_fu_7158_p2          |        or|   0|  0|    5|           5|           5|
    |or_ln13_60_fu_13478_p2        |        or|   0|  0|    5|           5|           5|
    |or_ln13_61_fu_13564_p2        |        or|   0|  0|    5|           5|           5|
    |or_ln13_62_fu_13650_p2        |        or|   0|  0|    5|           5|           5|
    |or_ln13_63_fu_13736_p2        |        or|   0|  0|    5|           5|           5|
    |or_ln13_6_fu_7384_p2          |        or|   0|  0|    5|           5|           5|
    |or_ln13_7_fu_7592_p2          |        or|   0|  0|    5|           5|           5|
    |or_ln13_8_fu_7814_p2          |        or|   0|  0|    5|           5|           5|
    |or_ln13_9_fu_8040_p2          |        or|   0|  0|    5|           5|           5|
    |or_ln13_fu_6028_p2            |        or|   0|  0|    5|           5|           5|
    |normalized_1000_fu_37654_p3   |    select|   0|  0|   10|           1|          11|
    |normalized_1002_fu_37692_p3   |    select|   0|  0|   10|           1|          11|
    |normalized_1004_fu_37728_p3   |    select|   0|  0|   10|           1|          11|
    |normalized_1009_fu_32772_p3   |    select|   0|  0|   10|           1|          11|
    |normalized_100_fu_6844_p3     |    select|   0|  0|   10|           1|          11|
    |normalized_1011_fu_32807_p3   |    select|   0|  0|   10|           1|          11|
    |normalized_1013_fu_32841_p3   |    select|   0|  0|   10|           1|          11|
    |normalized_1015_fu_32877_p3   |    select|   0|  0|   10|           1|          11|
    |normalized_1017_fu_37787_p3   |    select|   0|  0|   10|           1|          11|
    |normalized_1019_fu_37807_p3   |    select|   0|  0|   10|           1|          11|
    |normalized_1021_fu_37845_p3   |    select|   0|  0|   10|           1|          11|
    |normalized_1023_fu_37881_p3   |    select|   0|  0|   10|           1|          11|
    |normalized_1028_fu_32935_p3   |    select|   0|  0|   10|           1|          11|
    |normalized_102_fu_6878_p3     |    select|   0|  0|   10|           1|          11|
    |normalized_1030_fu_32970_p3   |    select|   0|  0|   10|           1|          11|
    |normalized_1032_fu_33004_p3   |    select|   0|  0|   10|           1|          11|
    |normalized_1034_fu_33040_p3   |    select|   0|  0|   10|           1|          11|
    |normalized_1036_fu_37940_p3   |    select|   0|  0|   10|           1|          11|
    |normalized_1038_fu_37960_p3   |    select|   0|  0|   10|           1|          11|
    |normalized_1040_fu_37998_p3   |    select|   0|  0|   10|           1|          11|
    |normalized_1042_fu_38034_p3   |    select|   0|  0|   10|           1|          11|
    |normalized_1047_fu_33098_p3   |    select|   0|  0|   10|           1|          11|
    |normalized_1049_fu_33133_p3   |    select|   0|  0|   10|           1|          11|
    |normalized_104_fu_14306_p3    |    select|   0|  0|   10|           1|          11|
    |normalized_1051_fu_33167_p3   |    select|   0|  0|   10|           1|          11|
    |normalized_1053_fu_33203_p3   |    select|   0|  0|   10|           1|          11|
    |normalized_1055_fu_38093_p3   |    select|   0|  0|   10|           1|          11|
    |normalized_1057_fu_38113_p3   |    select|   0|  0|   10|           1|          11|
    |normalized_1059_fu_38151_p3   |    select|   0|  0|   10|           1|          11|
    |normalized_1061_fu_38187_p3   |    select|   0|  0|   10|           1|          11|
    |normalized_1066_fu_33261_p3   |    select|   0|  0|   10|           1|          11|
    |normalized_1068_fu_33296_p3   |    select|   0|  0|   10|           1|          11|
    |normalized_106_fu_14326_p3    |    select|   0|  0|   10|           1|          11|
    |normalized_1070_fu_33330_p3   |    select|   0|  0|   10|           1|          11|
    |normalized_1072_fu_33366_p3   |    select|   0|  0|   10|           1|          11|
    |normalized_1074_fu_38246_p3   |    select|   0|  0|   10|           1|          11|
    |normalized_1076_fu_38266_p3   |    select|   0|  0|   10|           1|          11|
    |normalized_1078_fu_38304_p3   |    select|   0|  0|   10|           1|          11|
    |normalized_1080_fu_38340_p3   |    select|   0|  0|   10|           1|          11|
    |normalized_1085_fu_33424_p3   |    select|   0|  0|   10|           1|          11|
    |normalized_1087_fu_33459_p3   |    select|   0|  0|   10|           1|          11|
    |normalized_1089_fu_33493_p3   |    select|   0|  0|   10|           1|          11|
    |normalized_108_fu_14360_p3    |    select|   0|  0|   10|           1|          11|
    |normalized_1091_fu_33529_p3   |    select|   0|  0|   10|           1|          11|
    |normalized_1093_fu_38399_p3   |    select|   0|  0|   10|           1|          11|
    |normalized_1095_fu_38419_p3   |    select|   0|  0|   10|           1|          11|
    |normalized_1097_fu_38457_p3   |    select|   0|  0|   10|           1|          11|
    |normalized_1099_fu_38493_p3   |    select|   0|  0|   10|           1|          11|
    |normalized_1104_fu_33587_p3   |    select|   0|  0|   10|           1|          11|
    |normalized_1106_fu_33622_p3   |    select|   0|  0|   10|           1|          11|
    |normalized_1108_fu_33656_p3   |    select|   0|  0|   10|           1|          11|
    |normalized_110_fu_19416_p3    |    select|   0|  0|   10|           1|          11|
    |normalized_1110_fu_33692_p3   |    select|   0|  0|   10|           1|          11|
    |normalized_1112_fu_38552_p3   |    select|   0|  0|   10|           1|          11|
    |normalized_1114_fu_38572_p3   |    select|   0|  0|   10|           1|          11|
    |normalized_1116_fu_38610_p3   |    select|   0|  0|   10|           1|          11|
    |normalized_1118_fu_38646_p3   |    select|   0|  0|   10|           1|          11|
    |normalized_1123_fu_33750_p3   |    select|   0|  0|   10|           1|          11|
    |normalized_1125_fu_33785_p3   |    select|   0|  0|   10|           1|          11|
    |normalized_1127_fu_33819_p3   |    select|   0|  0|   10|           1|          11|
    |normalized_1129_fu_33855_p3   |    select|   0|  0|   10|           1|          11|
    |normalized_112_fu_19436_p3    |    select|   0|  0|   10|           1|          11|
    |normalized_1131_fu_38705_p3   |    select|   0|  0|   10|           1|          11|
    |normalized_1133_fu_38725_p3   |    select|   0|  0|   10|           1|          11|
    |normalized_1135_fu_38763_p3   |    select|   0|  0|   10|           1|          11|
    |normalized_1137_fu_38799_p3   |    select|   0|  0|   10|           1|          11|
    |normalized_1142_fu_33913_p3   |    select|   0|  0|   10|           1|          11|
    |normalized_1144_fu_33948_p3   |    select|   0|  0|   10|           1|          11|
    |normalized_1146_fu_33982_p3   |    select|   0|  0|   10|           1|          11|
    |normalized_1148_fu_34018_p3   |    select|   0|  0|   10|           1|          11|
    |normalized_1150_fu_38858_p3   |    select|   0|  0|   10|           1|          11|
    |normalized_1152_fu_38878_p3   |    select|   0|  0|   10|           1|          11|
    |normalized_1154_fu_38916_p3   |    select|   0|  0|   10|           1|          11|
    |normalized_1156_fu_38952_p3   |    select|   0|  0|   10|           1|          11|
    |normalized_1161_fu_34076_p3   |    select|   0|  0|   10|           1|          11|
    |normalized_1163_fu_34111_p3   |    select|   0|  0|   10|           1|          11|
    |normalized_1165_fu_34145_p3   |    select|   0|  0|   10|           1|          11|
    |normalized_1167_fu_34181_p3   |    select|   0|  0|   10|           1|          11|
    |normalized_1169_fu_39011_p3   |    select|   0|  0|   10|           1|          11|
    |normalized_1171_fu_39031_p3   |    select|   0|  0|   10|           1|          11|
    |normalized_1173_fu_39069_p3   |    select|   0|  0|   10|           1|          11|
    |normalized_1175_fu_39105_p3   |    select|   0|  0|   10|           1|          11|
    |normalized_117_fu_7032_p3     |    select|   0|  0|   10|           1|          11|
    |normalized_1180_fu_34239_p3   |    select|   0|  0|   10|           1|          11|
    |normalized_1182_fu_34274_p3   |    select|   0|  0|   10|           1|          11|
    |normalized_1184_fu_34308_p3   |    select|   0|  0|   10|           1|          11|
    |normalized_1186_fu_34344_p3   |    select|   0|  0|   10|           1|          11|
    |normalized_1188_fu_39164_p3   |    select|   0|  0|   10|           1|          11|
    |normalized_1190_fu_39184_p3   |    select|   0|  0|   10|           1|          11|
    |normalized_1192_fu_39222_p3   |    select|   0|  0|   10|           1|          11|
    |normalized_1194_fu_39258_p3   |    select|   0|  0|   10|           1|          11|
    |normalized_1199_fu_34402_p3   |    select|   0|  0|   10|           1|          11|
    |normalized_119_fu_7070_p3     |    select|   0|  0|   10|           1|          11|
    |normalized_11_fu_13791_p3     |    select|   0|  0|   10|           1|          11|
    |normalized_1201_fu_34437_p3   |    select|   0|  0|   10|           1|          11|
    |normalized_1203_fu_34471_p3   |    select|   0|  0|   10|           1|          11|
    |normalized_1205_fu_34507_p3   |    select|   0|  0|   10|           1|          11|
    |normalized_1207_fu_39317_p3   |    select|   0|  0|   10|           1|          11|
    |normalized_1209_fu_39337_p3   |    select|   0|  0|   10|           1|          11|
    |normalized_1211_fu_39375_p3   |    select|   0|  0|   10|           1|          11|
    |normalized_1213_fu_39411_p3   |    select|   0|  0|   10|           1|          11|
    |normalized_1218_fu_34565_p3   |    select|   0|  0|   10|           1|          11|
    |normalized_121_fu_7104_p3     |    select|   0|  0|   10|           1|          11|
    |normalized_1220_fu_34600_p3   |    select|   0|  0|   10|           1|          11|
    |normalized_1222_fu_34634_p3   |    select|   0|  0|   10|           1|          11|
    |normalized_1224_fu_34670_p3   |    select|   0|  0|   10|           1|          11|
    |normalized_1226_fu_39470_p3   |    select|   0|  0|   10|           1|          11|
    |normalized_1228_fu_39490_p3   |    select|   0|  0|   10|           1|          11|
    |normalized_1230_fu_39528_p3   |    select|   0|  0|   10|           1|          11|
    |normalized_1232_fu_39564_p3   |    select|   0|  0|   10|           1|          11|
    |normalized_123_fu_14413_p3    |    select|   0|  0|   10|           1|          11|
    |normalized_125_fu_14433_p3    |    select|   0|  0|   10|           1|          11|
    |normalized_127_fu_14467_p3    |    select|   0|  0|   10|           1|          11|
    |normalized_129_fu_19642_p3    |    select|   0|  0|   10|           1|          11|
    |normalized_131_fu_19662_p3    |    select|   0|  0|   10|           1|          11|
    |normalized_136_fu_7258_p3     |    select|   0|  0|   10|           1|          11|
    |normalized_138_fu_7296_p3     |    select|   0|  0|   10|           1|          11|
    |normalized_13_fu_13825_p3     |    select|   0|  0|   10|           1|          11|
    |normalized_140_fu_7330_p3     |    select|   0|  0|   10|           1|          11|
    |normalized_142_fu_14520_p3    |    select|   0|  0|   10|           1|          11|
    |normalized_144_fu_14540_p3    |    select|   0|  0|   10|           1|          11|
    |normalized_146_fu_14574_p3    |    select|   0|  0|   10|           1|          11|
    |normalized_148_fu_19868_p3    |    select|   0|  0|   10|           1|          11|
    |normalized_150_fu_19888_p3    |    select|   0|  0|   10|           1|          11|
    |normalized_155_fu_7472_p3     |    select|   0|  0|   10|           1|          11|
    |normalized_157_fu_7510_p3     |    select|   0|  0|   10|           1|          11|
    |normalized_159_fu_7544_p3     |    select|   0|  0|   10|           1|          11|
    |normalized_15_fu_18303_p3     |    select|   0|  0|   10|           1|          11|
    |normalized_161_fu_14627_p3    |    select|   0|  0|   10|           1|          11|
    |normalized_163_fu_14647_p3    |    select|   0|  0|   10|           1|          11|
    |normalized_165_fu_14681_p3    |    select|   0|  0|   10|           1|          11|
    |normalized_167_fu_20094_p3    |    select|   0|  0|   10|           1|          11|
    |normalized_169_fu_20114_p3    |    select|   0|  0|   10|           1|          11|
    |normalized_174_fu_7688_p3     |    select|   0|  0|   10|           1|          11|
    |normalized_176_fu_7726_p3     |    select|   0|  0|   10|           1|          11|
    |normalized_178_fu_7760_p3     |    select|   0|  0|   10|           1|          11|
    |normalized_17_fu_18323_p3     |    select|   0|  0|   10|           1|          11|
    |normalized_180_fu_14734_p3    |    select|   0|  0|   10|           1|          11|
    |normalized_182_fu_14754_p3    |    select|   0|  0|   10|           1|          11|
    |normalized_184_fu_14788_p3    |    select|   0|  0|   10|           1|          11|
    |normalized_186_fu_20320_p3    |    select|   0|  0|   10|           1|          11|
    |normalized_188_fu_20340_p3    |    select|   0|  0|   10|           1|          11|
    |normalized_193_fu_7914_p3     |    select|   0|  0|   10|           1|          11|
    |normalized_195_fu_7952_p3     |    select|   0|  0|   10|           1|          11|
    |normalized_197_fu_7986_p3     |    select|   0|  0|   10|           1|          11|
    |normalized_199_fu_14841_p3    |    select|   0|  0|   10|           1|          11|
    |normalized_201_fu_14861_p3    |    select|   0|  0|   10|           1|          11|
    |normalized_203_fu_14895_p3    |    select|   0|  0|   10|           1|          11|
    |normalized_205_fu_20546_p3    |    select|   0|  0|   10|           1|          11|
    |normalized_207_fu_20566_p3    |    select|   0|  0|   10|           1|          11|
    |normalized_212_fu_8140_p3     |    select|   0|  0|   10|           1|          11|
    |normalized_214_fu_8178_p3     |    select|   0|  0|   10|           1|          11|
    |normalized_216_fu_8212_p3     |    select|   0|  0|   10|           1|          11|
    |normalized_218_fu_14948_p3    |    select|   0|  0|   10|           1|          11|
    |normalized_220_fu_14968_p3    |    select|   0|  0|   10|           1|          11|
    |normalized_222_fu_15002_p3    |    select|   0|  0|   10|           1|          11|
    |normalized_224_fu_20772_p3    |    select|   0|  0|   10|           1|          11|
    |normalized_226_fu_20792_p3    |    select|   0|  0|   10|           1|          11|
    |normalized_22_fu_5902_p3      |    select|   0|  0|   10|           1|          11|
    |normalized_231_fu_8366_p3     |    select|   0|  0|   10|           1|          11|
    |normalized_233_fu_8404_p3     |    select|   0|  0|   10|           1|          11|
    |normalized_235_fu_8438_p3     |    select|   0|  0|   10|           1|          11|
    |normalized_237_fu_15055_p3    |    select|   0|  0|   10|           1|          11|
    |normalized_239_fu_15075_p3    |    select|   0|  0|   10|           1|          11|
    |normalized_241_fu_15109_p3    |    select|   0|  0|   10|           1|          11|
    |normalized_243_fu_20998_p3    |    select|   0|  0|   10|           1|          11|
    |normalized_245_fu_21018_p3    |    select|   0|  0|   10|           1|          11|
    |normalized_24_fu_5940_p3      |    select|   0|  0|   10|           1|          11|
    |normalized_250_fu_8592_p3     |    select|   0|  0|   10|           1|          11|
    |normalized_252_fu_8630_p3     |    select|   0|  0|   10|           1|          11|
    |normalized_254_fu_8664_p3     |    select|   0|  0|   10|           1|          11|
    |normalized_256_fu_15162_p3    |    select|   0|  0|   10|           1|          11|
    |normalized_258_fu_15182_p3    |    select|   0|  0|   10|           1|          11|
    |normalized_260_fu_15216_p3    |    select|   0|  0|   10|           1|          11|
    |normalized_262_fu_21224_p3    |    select|   0|  0|   10|           1|          11|
    |normalized_264_fu_21244_p3    |    select|   0|  0|   10|           1|          11|
    |normalized_269_fu_8818_p3     |    select|   0|  0|   10|           1|          11|
    |normalized_26_fu_5974_p3      |    select|   0|  0|   10|           1|          11|
    |normalized_271_fu_8856_p3     |    select|   0|  0|   10|           1|          11|
    |normalized_273_fu_8890_p3     |    select|   0|  0|   10|           1|          11|
    |normalized_275_fu_15269_p3    |    select|   0|  0|   10|           1|          11|
    |normalized_277_fu_15289_p3    |    select|   0|  0|   10|           1|          11|
    |normalized_279_fu_15323_p3    |    select|   0|  0|   10|           1|          11|
    |normalized_281_fu_21450_p3    |    select|   0|  0|   10|           1|          11|
    |normalized_283_fu_21470_p3    |    select|   0|  0|   10|           1|          11|
    |normalized_288_fu_9044_p3     |    select|   0|  0|   10|           1|          11|
    |normalized_28_fu_13878_p3     |    select|   0|  0|   10|           1|          11|
    |normalized_290_fu_9082_p3     |    select|   0|  0|   10|           1|          11|
    |normalized_292_fu_9116_p3     |    select|   0|  0|   10|           1|          11|
    |normalized_294_fu_15376_p3    |    select|   0|  0|   10|           1|          11|
    |normalized_296_fu_15396_p3    |    select|   0|  0|   10|           1|          11|
    |normalized_298_fu_15430_p3    |    select|   0|  0|   10|           1|          11|
    |normalized_300_fu_21676_p3    |    select|   0|  0|   10|           1|          11|
    |normalized_302_fu_21696_p3    |    select|   0|  0|   10|           1|          11|
    |normalized_306_fu_9236_p3     |    select|   0|  0|   10|           1|          11|
    |normalized_308_fu_9274_p3     |    select|   0|  0|   10|           1|          11|
    |normalized_30_fu_13898_p3     |    select|   0|  0|   10|           1|          11|
    |normalized_310_fu_9308_p3     |    select|   0|  0|   10|           1|          11|
    |normalized_312_fu_15483_p3    |    select|   0|  0|   10|           1|          11|
    |normalized_314_fu_15503_p3    |    select|   0|  0|   10|           1|          11|
    |normalized_316_fu_15537_p3    |    select|   0|  0|   10|           1|          11|
    |normalized_318_fu_21895_p3    |    select|   0|  0|   10|           1|          11|
    |normalized_320_fu_21915_p3    |    select|   0|  0|   10|           1|          11|
    |normalized_325_fu_15599_p3    |    select|   0|  0|   10|           1|          11|
    |normalized_327_fu_15634_p3    |    select|   0|  0|   10|           1|          11|
    |normalized_329_fu_15668_p3    |    select|   0|  0|   10|           1|          11|
    |normalized_32_fu_13932_p3     |    select|   0|  0|   10|           1|          11|
    |normalized_331_fu_15704_p3    |    select|   0|  0|   10|           1|          11|
    |normalized_333_fu_22067_p3    |    select|   0|  0|   10|           1|          11|
    |normalized_335_fu_22087_p3    |    select|   0|  0|   10|           1|          11|
    |normalized_337_fu_22125_p3    |    select|   0|  0|   10|           1|          11|
    |normalized_339_fu_22161_p3    |    select|   0|  0|   10|           1|          11|
    |normalized_344_fu_15762_p3    |    select|   0|  0|   10|           1|          11|
    |normalized_346_fu_15797_p3    |    select|   0|  0|   10|           1|          11|
    |normalized_348_fu_15831_p3    |    select|   0|  0|   10|           1|          11|
    |normalized_34_fu_18512_p3     |    select|   0|  0|   10|           1|          11|
    |normalized_350_fu_15867_p3    |    select|   0|  0|   10|           1|          11|
    |normalized_352_fu_22220_p3    |    select|   0|  0|   10|           1|          11|
    |normalized_354_fu_22240_p3    |    select|   0|  0|   10|           1|          11|
    |normalized_356_fu_22278_p3    |    select|   0|  0|   10|           1|          11|
    |normalized_358_fu_22314_p3    |    select|   0|  0|   10|           1|          11|
    |normalized_363_fu_15925_p3    |    select|   0|  0|   10|           1|          11|
    |normalized_365_fu_15960_p3    |    select|   0|  0|   10|           1|          11|
    |normalized_367_fu_15994_p3    |    select|   0|  0|   10|           1|          11|
    |normalized_369_fu_16030_p3    |    select|   0|  0|   10|           1|          11|
    |normalized_36_fu_18532_p3     |    select|   0|  0|   10|           1|          11|
    |normalized_371_fu_16066_p3    |    select|   0|  0|   10|           1|          11|
    |normalized_373_fu_22373_p3    |    select|   0|  0|   10|           1|          11|
    |normalized_375_fu_22408_p3    |    select|   0|  0|   10|           1|          11|
    |normalized_377_fu_22444_p3    |    select|   0|  0|   10|           1|          11|
    |normalized_382_fu_16110_p3    |    select|   0|  0|   10|           1|          11|
    |normalized_384_fu_16145_p3    |    select|   0|  0|   10|           1|          11|
    |normalized_386_fu_16179_p3    |    select|   0|  0|   10|           1|          11|
    |normalized_388_fu_16215_p3    |    select|   0|  0|   10|           1|          11|
    |normalized_390_fu_22503_p3    |    select|   0|  0|   10|           1|          11|
    |normalized_392_fu_22523_p3    |    select|   0|  0|   10|           1|          11|
    |normalized_394_fu_22561_p3    |    select|   0|  0|   10|           1|          11|
    |normalized_396_fu_22597_p3    |    select|   0|  0|   10|           1|          11|
    |normalized_3_fu_5720_p3       |    select|   0|  0|   10|           1|          11|
    |normalized_401_fu_16273_p3    |    select|   0|  0|   10|           1|          11|
    |normalized_403_fu_16308_p3    |    select|   0|  0|   10|           1|          11|
    |normalized_405_fu_16342_p3    |    select|   0|  0|   10|           1|          11|
    |normalized_407_fu_16378_p3    |    select|   0|  0|   10|           1|          11|
    |normalized_409_fu_22656_p3    |    select|   0|  0|   10|           1|          11|
    |normalized_411_fu_22676_p3    |    select|   0|  0|   10|           1|          11|
    |normalized_413_fu_22714_p3    |    select|   0|  0|   10|           1|          11|
    |normalized_415_fu_22750_p3    |    select|   0|  0|   10|           1|          11|
    |normalized_41_fu_6128_p3      |    select|   0|  0|   10|           1|          11|
    |normalized_420_fu_16436_p3    |    select|   0|  0|   10|           1|          11|
    |normalized_422_fu_16471_p3    |    select|   0|  0|   10|           1|          11|
    |normalized_424_fu_16505_p3    |    select|   0|  0|   10|           1|          11|
    |normalized_426_fu_16541_p3    |    select|   0|  0|   10|           1|          11|
    |normalized_428_fu_22809_p3    |    select|   0|  0|   10|           1|          11|
    |normalized_430_fu_22829_p3    |    select|   0|  0|   10|           1|          11|
    |normalized_432_fu_22867_p3    |    select|   0|  0|   10|           1|          11|
    |normalized_434_fu_22903_p3    |    select|   0|  0|   10|           1|          11|
    |normalized_439_fu_16599_p3    |    select|   0|  0|   10|           1|          11|
    |normalized_43_fu_6166_p3      |    select|   0|  0|   10|           1|          11|
    |normalized_441_fu_16634_p3    |    select|   0|  0|   10|           1|          11|
    |normalized_443_fu_16668_p3    |    select|   0|  0|   10|           1|          11|
    |normalized_445_fu_16704_p3    |    select|   0|  0|   10|           1|          11|
    |normalized_447_fu_22962_p3    |    select|   0|  0|   10|           1|          11|
    |normalized_449_fu_22982_p3    |    select|   0|  0|   10|           1|          11|
    |normalized_451_fu_23020_p3    |    select|   0|  0|   10|           1|          11|
    |normalized_453_fu_23056_p3    |    select|   0|  0|   10|           1|          11|
    |normalized_458_fu_16762_p3    |    select|   0|  0|   10|           1|          11|
    |normalized_45_fu_6200_p3      |    select|   0|  0|   10|           1|          11|
    |normalized_460_fu_16797_p3    |    select|   0|  0|   10|           1|          11|
    |normalized_462_fu_16831_p3    |    select|   0|  0|   10|           1|          11|
    |normalized_464_fu_16867_p3    |    select|   0|  0|   10|           1|          11|
    |normalized_466_fu_23115_p3    |    select|   0|  0|   10|           1|          11|
    |normalized_468_fu_23135_p3    |    select|   0|  0|   10|           1|          11|
    |normalized_470_fu_23173_p3    |    select|   0|  0|   10|           1|          11|
    |normalized_472_fu_23209_p3    |    select|   0|  0|   10|           1|          11|
    |normalized_477_fu_16925_p3    |    select|   0|  0|   10|           1|          11|
    |normalized_479_fu_16960_p3    |    select|   0|  0|   10|           1|          11|
    |normalized_47_fu_13985_p3     |    select|   0|  0|   10|           1|          11|
    |normalized_481_fu_16994_p3    |    select|   0|  0|   10|           1|          11|
    |normalized_483_fu_17030_p3    |    select|   0|  0|   10|           1|          11|
    |normalized_485_fu_17066_p3    |    select|   0|  0|   10|           1|          11|
    |normalized_487_fu_23268_p3    |    select|   0|  0|   10|           1|          11|
    |normalized_489_fu_23303_p3    |    select|   0|  0|   10|           1|          11|
    |normalized_491_fu_23339_p3    |    select|   0|  0|   10|           1|          11|
    |normalized_496_fu_17110_p3    |    select|   0|  0|   10|           1|          11|
    |normalized_498_fu_17145_p3    |    select|   0|  0|   10|           1|          11|
    |normalized_49_fu_14005_p3     |    select|   0|  0|   10|           1|          11|
    |normalized_500_fu_17179_p3    |    select|   0|  0|   10|           1|          11|
    |normalized_502_fu_17215_p3    |    select|   0|  0|   10|           1|          11|
    |normalized_504_fu_23398_p3    |    select|   0|  0|   10|           1|          11|
    |normalized_506_fu_23418_p3    |    select|   0|  0|   10|           1|          11|
    |normalized_508_fu_23456_p3    |    select|   0|  0|   10|           1|          11|
    |normalized_510_fu_23492_p3    |    select|   0|  0|   10|           1|          11|
    |normalized_515_fu_17273_p3    |    select|   0|  0|   10|           1|          11|
    |normalized_517_fu_17308_p3    |    select|   0|  0|   10|           1|          11|
    |normalized_519_fu_17342_p3    |    select|   0|  0|   10|           1|          11|
    |normalized_51_fu_14039_p3     |    select|   0|  0|   10|           1|          11|
    |normalized_521_fu_17378_p3    |    select|   0|  0|   10|           1|          11|
    |normalized_523_fu_17414_p3    |    select|   0|  0|   10|           1|          11|
    |normalized_525_fu_23551_p3    |    select|   0|  0|   10|           1|          11|
    |normalized_527_fu_23586_p3    |    select|   0|  0|   10|           1|          11|
    |normalized_529_fu_23622_p3    |    select|   0|  0|   10|           1|          11|
    |normalized_534_fu_17458_p3    |    select|   0|  0|   10|           1|          11|
    |normalized_536_fu_17493_p3    |    select|   0|  0|   10|           1|          11|
    |normalized_538_fu_17527_p3    |    select|   0|  0|   10|           1|          11|
    |normalized_53_fu_18738_p3     |    select|   0|  0|   10|           1|          11|
    |normalized_540_fu_17563_p3    |    select|   0|  0|   10|           1|          11|
    |normalized_542_fu_23681_p3    |    select|   0|  0|   10|           1|          11|
    |normalized_544_fu_23701_p3    |    select|   0|  0|   10|           1|          11|
    |normalized_546_fu_23739_p3    |    select|   0|  0|   10|           1|          11|
    |normalized_548_fu_23775_p3    |    select|   0|  0|   10|           1|          11|
    |normalized_553_fu_17621_p3    |    select|   0|  0|   10|           1|          11|
    |normalized_555_fu_17656_p3    |    select|   0|  0|   10|           1|          11|
    |normalized_557_fu_17690_p3    |    select|   0|  0|   10|           1|          11|
    |normalized_559_fu_17726_p3    |    select|   0|  0|   10|           1|          11|
    |normalized_55_fu_18758_p3     |    select|   0|  0|   10|           1|          11|
    |normalized_561_fu_23834_p3    |    select|   0|  0|   10|           1|          11|
    |normalized_563_fu_23854_p3    |    select|   0|  0|   10|           1|          11|
    |normalized_565_fu_23892_p3    |    select|   0|  0|   10|           1|          11|
    |normalized_567_fu_23928_p3    |    select|   0|  0|   10|           1|          11|
    |normalized_572_fu_17784_p3    |    select|   0|  0|   10|           1|          11|
    |normalized_574_fu_17819_p3    |    select|   0|  0|   10|           1|          11|
    |normalized_576_fu_17853_p3    |    select|   0|  0|   10|           1|          11|
    |normalized_578_fu_17889_p3    |    select|   0|  0|   10|           1|          11|
    |normalized_580_fu_23987_p3    |    select|   0|  0|   10|           1|          11|
    |normalized_582_fu_24007_p3    |    select|   0|  0|   10|           1|          11|
    |normalized_584_fu_24045_p3    |    select|   0|  0|   10|           1|          11|
    |normalized_586_fu_24081_p3    |    select|   0|  0|   10|           1|          11|
    |normalized_591_fu_17947_p3    |    select|   0|  0|   10|           1|          11|
    |normalized_593_fu_17982_p3    |    select|   0|  0|   10|           1|          11|
    |normalized_595_fu_18016_p3    |    select|   0|  0|   10|           1|          11|
    |normalized_597_fu_18052_p3    |    select|   0|  0|   10|           1|          11|
    |normalized_599_fu_18088_p3    |    select|   0|  0|   10|           1|          11|
    |normalized_5_fu_5758_p3       |    select|   0|  0|   10|           1|          11|
    |normalized_601_fu_24140_p3    |    select|   0|  0|   10|           1|          11|
    |normalized_603_fu_24175_p3    |    select|   0|  0|   10|           1|          11|
    |normalized_605_fu_24211_p3    |    select|   0|  0|   10|           1|          11|
    |normalized_60_fu_6354_p3      |    select|   0|  0|   10|           1|          11|
    |normalized_610_fu_18132_p3    |    select|   0|  0|   10|           1|          11|
    |normalized_612_fu_18167_p3    |    select|   0|  0|   10|           1|          11|
    |normalized_614_fu_18201_p3    |    select|   0|  0|   10|           1|          11|
    |normalized_616_fu_18237_p3    |    select|   0|  0|   10|           1|          11|
    |normalized_618_fu_24270_p3    |    select|   0|  0|   10|           1|          11|
    |normalized_620_fu_24290_p3    |    select|   0|  0|   10|           1|          11|
    |normalized_622_fu_24328_p3    |    select|   0|  0|   10|           1|          11|
    |normalized_624_fu_24364_p3    |    select|   0|  0|   10|           1|          11|
    |normalized_629_fu_24432_p3    |    select|   0|  0|   10|           1|          11|
    |normalized_62_fu_6392_p3      |    select|   0|  0|   10|           1|          11|
    |normalized_631_fu_24467_p3    |    select|   0|  0|   10|           1|          11|
    |normalized_633_fu_24501_p3    |    select|   0|  0|   10|           1|          11|
    |normalized_635_fu_24537_p3    |    select|   0|  0|   10|           1|          11|
    |normalized_637_fu_29663_p3    |    select|   0|  0|   10|           1|          11|
    |normalized_639_fu_29683_p3    |    select|   0|  0|   10|           1|          11|
    |normalized_641_fu_29721_p3    |    select|   0|  0|   10|           1|          11|
    |normalized_643_fu_29757_p3    |    select|   0|  0|   10|           1|          11|
    |normalized_648_fu_24595_p3    |    select|   0|  0|   10|           1|          11|
    |normalized_64_fu_6426_p3      |    select|   0|  0|   10|           1|          11|
    |normalized_650_fu_24630_p3    |    select|   0|  0|   10|           1|          11|
    |normalized_652_fu_24664_p3    |    select|   0|  0|   10|           1|          11|
    |normalized_654_fu_24700_p3    |    select|   0|  0|   10|           1|          11|
    |normalized_656_fu_29816_p3    |    select|   0|  0|   10|           1|          11|
    |normalized_658_fu_29836_p3    |    select|   0|  0|   10|           1|          11|
    |normalized_660_fu_29874_p3    |    select|   0|  0|   10|           1|          11|
    |normalized_662_fu_29910_p3    |    select|   0|  0|   10|           1|          11|
    |normalized_667_fu_24758_p3    |    select|   0|  0|   10|           1|          11|
    |normalized_669_fu_24793_p3    |    select|   0|  0|   10|           1|          11|
    |normalized_66_fu_14092_p3     |    select|   0|  0|   10|           1|          11|
    |normalized_671_fu_24827_p3    |    select|   0|  0|   10|           1|          11|
    |normalized_673_fu_24863_p3    |    select|   0|  0|   10|           1|          11|
    |normalized_675_fu_29969_p3    |    select|   0|  0|   10|           1|          11|
    |normalized_677_fu_29989_p3    |    select|   0|  0|   10|           1|          11|
    |normalized_679_fu_30027_p3    |    select|   0|  0|   10|           1|          11|
    |normalized_681_fu_30063_p3    |    select|   0|  0|   10|           1|          11|
    |normalized_686_fu_24921_p3    |    select|   0|  0|   10|           1|          11|
    |normalized_688_fu_24956_p3    |    select|   0|  0|   10|           1|          11|
    |normalized_68_fu_14112_p3     |    select|   0|  0|   10|           1|          11|
    |normalized_690_fu_24990_p3    |    select|   0|  0|   10|           1|          11|
    |normalized_692_fu_25026_p3    |    select|   0|  0|   10|           1|          11|
    |normalized_694_fu_30122_p3    |    select|   0|  0|   10|           1|          11|
    |normalized_696_fu_30142_p3    |    select|   0|  0|   10|           1|          11|
    |normalized_698_fu_30180_p3    |    select|   0|  0|   10|           1|          11|
    |normalized_700_fu_30216_p3    |    select|   0|  0|   10|           1|          11|
    |normalized_705_fu_25084_p3    |    select|   0|  0|   10|           1|          11|
    |normalized_707_fu_25119_p3    |    select|   0|  0|   10|           1|          11|
    |normalized_709_fu_25153_p3    |    select|   0|  0|   10|           1|          11|
    |normalized_70_fu_14146_p3     |    select|   0|  0|   10|           1|          11|
    |normalized_711_fu_25189_p3    |    select|   0|  0|   10|           1|          11|
    |normalized_713_fu_30275_p3    |    select|   0|  0|   10|           1|          11|
    |normalized_715_fu_30295_p3    |    select|   0|  0|   10|           1|          11|
    |normalized_717_fu_30333_p3    |    select|   0|  0|   10|           1|          11|
    |normalized_719_fu_30369_p3    |    select|   0|  0|   10|           1|          11|
    |normalized_724_fu_25247_p3    |    select|   0|  0|   10|           1|          11|
    |normalized_726_fu_25282_p3    |    select|   0|  0|   10|           1|          11|
    |normalized_728_fu_25316_p3    |    select|   0|  0|   10|           1|          11|
    |normalized_72_fu_18964_p3     |    select|   0|  0|   10|           1|          11|
    |normalized_730_fu_25352_p3    |    select|   0|  0|   10|           1|          11|
    |normalized_732_fu_30428_p3    |    select|   0|  0|   10|           1|          11|
    |normalized_734_fu_30448_p3    |    select|   0|  0|   10|           1|          11|
    |normalized_736_fu_30486_p3    |    select|   0|  0|   10|           1|          11|
    |normalized_738_fu_30522_p3    |    select|   0|  0|   10|           1|          11|
    |normalized_743_fu_25410_p3    |    select|   0|  0|   10|           1|          11|
    |normalized_745_fu_25445_p3    |    select|   0|  0|   10|           1|          11|
    |normalized_747_fu_25479_p3    |    select|   0|  0|   10|           1|          11|
    |normalized_749_fu_25515_p3    |    select|   0|  0|   10|           1|          11|
    |normalized_74_fu_18984_p3     |    select|   0|  0|   10|           1|          11|
    |normalized_751_fu_30581_p3    |    select|   0|  0|   10|           1|          11|
    |normalized_753_fu_30601_p3    |    select|   0|  0|   10|           1|          11|
    |normalized_755_fu_30639_p3    |    select|   0|  0|   10|           1|          11|
    |normalized_757_fu_30675_p3    |    select|   0|  0|   10|           1|          11|
    |normalized_762_fu_25573_p3    |    select|   0|  0|   10|           1|          11|
    |normalized_764_fu_25608_p3    |    select|   0|  0|   10|           1|          11|
    |normalized_766_fu_25642_p3    |    select|   0|  0|   10|           1|          11|
    |normalized_768_fu_25678_p3    |    select|   0|  0|   10|           1|          11|
    |normalized_770_fu_30734_p3    |    select|   0|  0|   10|           1|          11|
    |normalized_772_fu_30754_p3    |    select|   0|  0|   10|           1|          11|
    |normalized_774_fu_30792_p3    |    select|   0|  0|   10|           1|          11|
    |normalized_776_fu_30828_p3    |    select|   0|  0|   10|           1|          11|
    |normalized_781_fu_25736_p3    |    select|   0|  0|   10|           1|          11|
    |normalized_783_fu_25771_p3    |    select|   0|  0|   10|           1|          11|
    |normalized_785_fu_25805_p3    |    select|   0|  0|   10|           1|          11|
    |normalized_787_fu_25841_p3    |    select|   0|  0|   10|           1|          11|
    |normalized_789_fu_30887_p3    |    select|   0|  0|   10|           1|          11|
    |normalized_791_fu_30907_p3    |    select|   0|  0|   10|           1|          11|
    |normalized_793_fu_30945_p3    |    select|   0|  0|   10|           1|          11|
    |normalized_795_fu_30981_p3    |    select|   0|  0|   10|           1|          11|
    |normalized_79_fu_6580_p3      |    select|   0|  0|   10|           1|          11|
    |normalized_7_fu_5792_p3       |    select|   0|  0|   10|           1|          11|
    |normalized_800_fu_25899_p3    |    select|   0|  0|   10|           1|          11|
    |normalized_802_fu_25934_p3    |    select|   0|  0|   10|           1|          11|
    |normalized_804_fu_25968_p3    |    select|   0|  0|   10|           1|          11|
    |normalized_806_fu_26004_p3    |    select|   0|  0|   10|           1|          11|
    |normalized_808_fu_31040_p3    |    select|   0|  0|   10|           1|          11|
    |normalized_810_fu_31060_p3    |    select|   0|  0|   10|           1|          11|
    |normalized_812_fu_31098_p3    |    select|   0|  0|   10|           1|          11|
    |normalized_814_fu_31134_p3    |    select|   0|  0|   10|           1|          11|
    |normalized_819_fu_26062_p3    |    select|   0|  0|   10|           1|          11|
    |normalized_81_fu_6618_p3      |    select|   0|  0|   10|           1|          11|
    |normalized_821_fu_26097_p3    |    select|   0|  0|   10|           1|          11|
    |normalized_823_fu_26131_p3    |    select|   0|  0|   10|           1|          11|
    |normalized_825_fu_26167_p3    |    select|   0|  0|   10|           1|          11|
    |normalized_827_fu_31193_p3    |    select|   0|  0|   10|           1|          11|
    |normalized_829_fu_31213_p3    |    select|   0|  0|   10|           1|          11|
    |normalized_831_fu_31251_p3    |    select|   0|  0|   10|           1|          11|
    |normalized_833_fu_31287_p3    |    select|   0|  0|   10|           1|          11|
    |normalized_838_fu_26225_p3    |    select|   0|  0|   10|           1|          11|
    |normalized_83_fu_6652_p3      |    select|   0|  0|   10|           1|          11|
    |normalized_840_fu_26260_p3    |    select|   0|  0|   10|           1|          11|
    |normalized_842_fu_26294_p3    |    select|   0|  0|   10|           1|          11|
    |normalized_844_fu_26330_p3    |    select|   0|  0|   10|           1|          11|
    |normalized_846_fu_31346_p3    |    select|   0|  0|   10|           1|          11|
    |normalized_848_fu_31366_p3    |    select|   0|  0|   10|           1|          11|
    |normalized_850_fu_31404_p3    |    select|   0|  0|   10|           1|          11|
    |normalized_852_fu_31440_p3    |    select|   0|  0|   10|           1|          11|
    |normalized_857_fu_26388_p3    |    select|   0|  0|   10|           1|          11|
    |normalized_859_fu_26423_p3    |    select|   0|  0|   10|           1|          11|
    |normalized_85_fu_14199_p3     |    select|   0|  0|   10|           1|          11|
    |normalized_861_fu_26457_p3    |    select|   0|  0|   10|           1|          11|
    |normalized_863_fu_26493_p3    |    select|   0|  0|   10|           1|          11|
    |normalized_865_fu_31499_p3    |    select|   0|  0|   10|           1|          11|
    |normalized_867_fu_31519_p3    |    select|   0|  0|   10|           1|          11|
    |normalized_869_fu_31557_p3    |    select|   0|  0|   10|           1|          11|
    |normalized_871_fu_31593_p3    |    select|   0|  0|   10|           1|          11|
    |normalized_876_fu_26551_p3    |    select|   0|  0|   10|           1|          11|
    |normalized_878_fu_26586_p3    |    select|   0|  0|   10|           1|          11|
    |normalized_87_fu_14219_p3     |    select|   0|  0|   10|           1|          11|
    |normalized_880_fu_26620_p3    |    select|   0|  0|   10|           1|          11|
    |normalized_882_fu_26656_p3    |    select|   0|  0|   10|           1|          11|
    |normalized_884_fu_31652_p3    |    select|   0|  0|   10|           1|          11|
    |normalized_886_fu_31672_p3    |    select|   0|  0|   10|           1|          11|
    |normalized_888_fu_31710_p3    |    select|   0|  0|   10|           1|          11|
    |normalized_890_fu_31746_p3    |    select|   0|  0|   10|           1|          11|
    |normalized_895_fu_26714_p3    |    select|   0|  0|   10|           1|          11|
    |normalized_897_fu_26749_p3    |    select|   0|  0|   10|           1|          11|
    |normalized_899_fu_26783_p3    |    select|   0|  0|   10|           1|          11|
    |normalized_89_fu_14253_p3     |    select|   0|  0|   10|           1|          11|
    |normalized_901_fu_26819_p3    |    select|   0|  0|   10|           1|          11|
    |normalized_903_fu_31805_p3    |    select|   0|  0|   10|           1|          11|
    |normalized_905_fu_31825_p3    |    select|   0|  0|   10|           1|          11|
    |normalized_907_fu_31863_p3    |    select|   0|  0|   10|           1|          11|
    |normalized_909_fu_31899_p3    |    select|   0|  0|   10|           1|          11|
    |normalized_914_fu_26877_p3    |    select|   0|  0|   10|           1|          11|
    |normalized_916_fu_26912_p3    |    select|   0|  0|   10|           1|          11|
    |normalized_918_fu_26946_p3    |    select|   0|  0|   10|           1|          11|
    |normalized_91_fu_19190_p3     |    select|   0|  0|   10|           1|          11|
    |normalized_920_fu_26982_p3    |    select|   0|  0|   10|           1|          11|
    |normalized_922_fu_31958_p3    |    select|   0|  0|   10|           1|          11|
    |normalized_924_fu_31978_p3    |    select|   0|  0|   10|           1|          11|
    |normalized_926_fu_32016_p3    |    select|   0|  0|   10|           1|          11|
    |normalized_928_fu_32052_p3    |    select|   0|  0|   10|           1|          11|
    |normalized_933_fu_32120_p3    |    select|   0|  0|   10|           1|          11|
    |normalized_935_fu_32155_p3    |    select|   0|  0|   10|           1|          11|
    |normalized_937_fu_32189_p3    |    select|   0|  0|   10|           1|          11|
    |normalized_939_fu_32225_p3    |    select|   0|  0|   10|           1|          11|
    |normalized_93_fu_19210_p3     |    select|   0|  0|   10|           1|          11|
    |normalized_941_fu_37175_p3    |    select|   0|  0|   10|           1|          11|
    |normalized_943_fu_37195_p3    |    select|   0|  0|   10|           1|          11|
    |normalized_945_fu_37233_p3    |    select|   0|  0|   10|           1|          11|
    |normalized_947_fu_37269_p3    |    select|   0|  0|   10|           1|          11|
    |normalized_952_fu_32283_p3    |    select|   0|  0|   10|           1|          11|
    |normalized_954_fu_32318_p3    |    select|   0|  0|   10|           1|          11|
    |normalized_956_fu_32352_p3    |    select|   0|  0|   10|           1|          11|
    |normalized_958_fu_32388_p3    |    select|   0|  0|   10|           1|          11|
    |normalized_960_fu_37328_p3    |    select|   0|  0|   10|           1|          11|
    |normalized_962_fu_37348_p3    |    select|   0|  0|   10|           1|          11|
    |normalized_964_fu_37386_p3    |    select|   0|  0|   10|           1|          11|
    |normalized_966_fu_37422_p3    |    select|   0|  0|   10|           1|          11|
    |normalized_971_fu_32446_p3    |    select|   0|  0|   10|           1|          11|
    |normalized_973_fu_32481_p3    |    select|   0|  0|   10|           1|          11|
    |normalized_975_fu_32515_p3    |    select|   0|  0|   10|           1|          11|
    |normalized_977_fu_32551_p3    |    select|   0|  0|   10|           1|          11|
    |normalized_979_fu_37481_p3    |    select|   0|  0|   10|           1|          11|
    |normalized_981_fu_37501_p3    |    select|   0|  0|   10|           1|          11|
    |normalized_983_fu_37539_p3    |    select|   0|  0|   10|           1|          11|
    |normalized_985_fu_37575_p3    |    select|   0|  0|   10|           1|          11|
    |normalized_98_fu_6806_p3      |    select|   0|  0|   10|           1|          11|
    |normalized_990_fu_32609_p3    |    select|   0|  0|   10|           1|          11|
    |normalized_992_fu_32644_p3    |    select|   0|  0|   10|           1|          11|
    |normalized_994_fu_32678_p3    |    select|   0|  0|   10|           1|          11|
    |normalized_996_fu_32714_p3    |    select|   0|  0|   10|           1|          11|
    |normalized_998_fu_37634_p3    |    select|   0|  0|   10|           1|          11|
    |normalized_9_fu_13771_p3      |    select|   0|  0|   10|           1|          11|
    |select_ln20_1008_fu_31945_p3  |    select|   0|  0|   10|           1|          10|
    |select_ln20_100_fu_8148_p3    |    select|   0|  0|    3|           1|           1|
    |select_ln20_1017_fu_32098_p3  |    select|   0|  0|   10|           1|          10|
    |select_ln20_101_fu_8186_p3    |    select|   0|  0|    2|           1|           2|
    |select_ln20_1026_fu_37315_p3  |    select|   0|  0|   10|           1|          10|
    |select_ln20_102_fu_8226_p3    |    select|   0|  0|    3|           1|           3|
    |select_ln20_1035_fu_37468_p3  |    select|   0|  0|   10|           1|          10|
    |select_ln20_103_fu_8248_p3    |    select|   0|  0|    3|           1|           3|
    |select_ln20_1044_fu_37621_p3  |    select|   0|  0|   10|           1|          10|
    |select_ln20_104_fu_14981_p3   |    select|   0|  0|    3|           1|           3|
    |select_ln20_1053_fu_37774_p3  |    select|   0|  0|   10|           1|          10|
    |select_ln20_105_fu_15016_p3   |    select|   0|  0|    3|           1|           3|
    |select_ln20_1062_fu_37927_p3  |    select|   0|  0|   10|           1|          10|
    |select_ln20_106_fu_15042_p3   |    select|   0|  0|    4|           1|           4|
    |select_ln20_1071_fu_38080_p3  |    select|   0|  0|   10|           1|          10|
    |select_ln20_107_fu_20805_p3   |    select|   0|  0|    4|           1|           4|
    |select_ln20_1080_fu_38233_p3  |    select|   0|  0|   10|           1|          10|
    |select_ln20_1089_fu_38386_p3  |    select|   0|  0|   10|           1|          10|
    |select_ln20_108_fu_20838_p3   |    select|   0|  0|    4|           1|           4|
    |select_ln20_1098_fu_38539_p3  |    select|   0|  0|   10|           1|          10|
    |select_ln20_109_fu_8374_p3    |    select|   0|  0|    3|           1|           1|
    |select_ln20_10_fu_5910_p3     |    select|   0|  0|    3|           1|           1|
    |select_ln20_1107_fu_38692_p3  |    select|   0|  0|   10|           1|          10|
    |select_ln20_110_fu_8412_p3    |    select|   0|  0|    2|           1|           2|
    |select_ln20_1116_fu_38845_p3  |    select|   0|  0|   10|           1|          10|
    |select_ln20_111_fu_8452_p3    |    select|   0|  0|    3|           1|           3|
    |select_ln20_1125_fu_38998_p3  |    select|   0|  0|   10|           1|          10|
    |select_ln20_112_fu_8474_p3    |    select|   0|  0|    3|           1|           3|
    |select_ln20_1134_fu_39151_p3  |    select|   0|  0|   10|           1|          10|
    |select_ln20_113_fu_15088_p3   |    select|   0|  0|    3|           1|           3|
    |select_ln20_1143_fu_39304_p3  |    select|   0|  0|   10|           1|          10|
    |select_ln20_114_fu_15123_p3   |    select|   0|  0|    3|           1|           3|
    |select_ln20_1152_fu_39457_p3  |    select|   0|  0|   10|           1|          10|
    |select_ln20_115_fu_15149_p3   |    select|   0|  0|    4|           1|           4|
    |select_ln20_1161_fu_39610_p3  |    select|   0|  0|   10|           1|          10|
    |select_ln20_116_fu_21031_p3   |    select|   0|  0|    4|           1|           4|
    |select_ln20_117_fu_21064_p3   |    select|   0|  0|    4|           1|           4|
    |select_ln20_118_fu_8600_p3    |    select|   0|  0|    3|           1|           1|
    |select_ln20_119_fu_8638_p3    |    select|   0|  0|    2|           1|           2|
    |select_ln20_11_fu_5948_p3     |    select|   0|  0|    2|           1|           2|
    |select_ln20_120_fu_8678_p3    |    select|   0|  0|    3|           1|           3|
    |select_ln20_121_fu_8700_p3    |    select|   0|  0|    3|           1|           3|
    |select_ln20_122_fu_15195_p3   |    select|   0|  0|    3|           1|           3|
    |select_ln20_123_fu_15230_p3   |    select|   0|  0|    3|           1|           3|
    |select_ln20_124_fu_15256_p3   |    select|   0|  0|    4|           1|           4|
    |select_ln20_125_fu_21257_p3   |    select|   0|  0|    4|           1|           4|
    |select_ln20_126_fu_21290_p3   |    select|   0|  0|    4|           1|           4|
    |select_ln20_127_fu_8826_p3    |    select|   0|  0|    3|           1|           1|
    |select_ln20_128_fu_8864_p3    |    select|   0|  0|    2|           1|           2|
    |select_ln20_129_fu_8904_p3    |    select|   0|  0|    3|           1|           3|
    |select_ln20_12_fu_5988_p3     |    select|   0|  0|    3|           1|           3|
    |select_ln20_130_fu_8926_p3    |    select|   0|  0|    3|           1|           3|
    |select_ln20_131_fu_15302_p3   |    select|   0|  0|    3|           1|           3|
    |select_ln20_132_fu_15337_p3   |    select|   0|  0|    3|           1|           3|
    |select_ln20_133_fu_15363_p3   |    select|   0|  0|    4|           1|           4|
    |select_ln20_134_fu_21483_p3   |    select|   0|  0|    4|           1|           4|
    |select_ln20_135_fu_21516_p3   |    select|   0|  0|    4|           1|           4|
    |select_ln20_136_fu_9052_p3    |    select|   0|  0|    3|           1|           1|
    |select_ln20_137_fu_9090_p3    |    select|   0|  0|    2|           1|           2|
    |select_ln20_138_fu_9130_p3    |    select|   0|  0|    3|           1|           3|
    |select_ln20_139_fu_9152_p3    |    select|   0|  0|    3|           1|           3|
    |select_ln20_13_fu_6010_p3     |    select|   0|  0|    3|           1|           3|
    |select_ln20_140_fu_15409_p3   |    select|   0|  0|    3|           1|           3|
    |select_ln20_141_fu_15444_p3   |    select|   0|  0|    3|           1|           3|
    |select_ln20_142_fu_15470_p3   |    select|   0|  0|    4|           1|           4|
    |select_ln20_143_fu_21709_p3   |    select|   0|  0|    4|           1|           4|
    |select_ln20_144_fu_21742_p3   |    select|   0|  0|    4|           1|           4|
    |select_ln20_145_fu_9244_p3    |    select|   0|  0|    3|           1|           1|
    |select_ln20_146_fu_9282_p3    |    select|   0|  0|    2|           1|           2|
    |select_ln20_147_fu_9322_p3    |    select|   0|  0|    3|           1|           3|
    |select_ln20_148_fu_9344_p3    |    select|   0|  0|    3|           1|           3|
    |select_ln20_149_fu_15516_p3   |    select|   0|  0|    3|           1|           3|
    |select_ln20_14_fu_13911_p3    |    select|   0|  0|    3|           1|           3|
    |select_ln20_150_fu_15551_p3   |    select|   0|  0|    3|           1|           3|
    |select_ln20_151_fu_15577_p3   |    select|   0|  0|    4|           1|           4|
    |select_ln20_152_fu_21928_p3   |    select|   0|  0|    4|           1|           4|
    |select_ln20_153_fu_21961_p3   |    select|   0|  0|    4|           1|           4|
    |select_ln20_154_fu_15606_p3   |    select|   0|  0|    3|           1|           1|
    |select_ln20_155_fu_15642_p3   |    select|   0|  0|    2|           1|           2|
    |select_ln20_156_fu_15682_p3   |    select|   0|  0|    3|           1|           3|
    |select_ln20_157_fu_15718_p3   |    select|   0|  0|    3|           1|           3|
    |select_ln20_158_fu_15740_p3   |    select|   0|  0|    3|           1|           3|
    |select_ln20_159_fu_22100_p3   |    select|   0|  0|    3|           1|           3|
    |select_ln20_15_fu_13946_p3    |    select|   0|  0|    3|           1|           3|
    |select_ln20_160_fu_22139_p3   |    select|   0|  0|    4|           1|           4|
    |select_ln20_161_fu_22175_p3   |    select|   0|  0|    4|           1|           4|
    |select_ln20_162_fu_27397_p3   |    select|   0|  0|    4|           1|           4|
    |select_ln20_163_fu_15769_p3   |    select|   0|  0|    3|           1|           1|
    |select_ln20_164_fu_15805_p3   |    select|   0|  0|    2|           1|           2|
    |select_ln20_165_fu_15845_p3   |    select|   0|  0|    3|           1|           3|
    |select_ln20_166_fu_15881_p3   |    select|   0|  0|    3|           1|           3|
    |select_ln20_167_fu_15903_p3   |    select|   0|  0|    3|           1|           3|
    |select_ln20_168_fu_22253_p3   |    select|   0|  0|    3|           1|           3|
    |select_ln20_169_fu_22292_p3   |    select|   0|  0|    4|           1|           4|
    |select_ln20_16_fu_13972_p3    |    select|   0|  0|    4|           1|           4|
    |select_ln20_170_fu_22328_p3   |    select|   0|  0|    4|           1|           4|
    |select_ln20_171_fu_27542_p3   |    select|   0|  0|    4|           1|           4|
    |select_ln20_172_fu_15932_p3   |    select|   0|  0|    3|           1|           1|
    |select_ln20_173_fu_15968_p3   |    select|   0|  0|    2|           1|           2|
    |select_ln20_174_fu_16008_p3   |    select|   0|  0|    3|           1|           3|
    |select_ln20_175_fu_16044_p3   |    select|   0|  0|    3|           1|           3|
    |select_ln20_176_fu_16080_p3   |    select|   0|  0|    3|           1|           3|
    |select_ln20_177_fu_22384_p3   |    select|   0|  0|    3|           1|           3|
    |select_ln20_178_fu_22422_p3   |    select|   0|  0|    4|           1|           4|
    |select_ln20_179_fu_22458_p3   |    select|   0|  0|    4|           1|           4|
    |select_ln20_17_fu_18545_p3    |    select|   0|  0|    4|           1|           4|
    |select_ln20_180_fu_27687_p3   |    select|   0|  0|    4|           1|           4|
    |select_ln20_181_fu_16117_p3   |    select|   0|  0|    3|           1|           1|
    |select_ln20_182_fu_16153_p3   |    select|   0|  0|    2|           1|           2|
    |select_ln20_183_fu_16193_p3   |    select|   0|  0|    3|           1|           3|
    |select_ln20_184_fu_16229_p3   |    select|   0|  0|    3|           1|           3|
    |select_ln20_185_fu_16251_p3   |    select|   0|  0|    3|           1|           3|
    |select_ln20_186_fu_22536_p3   |    select|   0|  0|    3|           1|           3|
    |select_ln20_187_fu_22575_p3   |    select|   0|  0|    4|           1|           4|
    |select_ln20_188_fu_22611_p3   |    select|   0|  0|    4|           1|           4|
    |select_ln20_189_fu_27832_p3   |    select|   0|  0|    4|           1|           4|
    |select_ln20_18_fu_18578_p3    |    select|   0|  0|    4|           1|           4|
    |select_ln20_190_fu_16280_p3   |    select|   0|  0|    3|           1|           1|
    |select_ln20_191_fu_16316_p3   |    select|   0|  0|    2|           1|           2|
    |select_ln20_192_fu_16356_p3   |    select|   0|  0|    3|           1|           3|
    |select_ln20_193_fu_16392_p3   |    select|   0|  0|    3|           1|           3|
    |select_ln20_194_fu_16414_p3   |    select|   0|  0|    3|           1|           3|
    |select_ln20_195_fu_22689_p3   |    select|   0|  0|    3|           1|           3|
    |select_ln20_196_fu_22728_p3   |    select|   0|  0|    4|           1|           4|
    |select_ln20_197_fu_22764_p3   |    select|   0|  0|    4|           1|           4|
    |select_ln20_198_fu_27977_p3   |    select|   0|  0|    4|           1|           4|
    |select_ln20_199_fu_16443_p3   |    select|   0|  0|    3|           1|           1|
    |select_ln20_19_fu_6136_p3     |    select|   0|  0|    3|           1|           1|
    |select_ln20_1_fu_5728_p3      |    select|   0|  0|    3|           1|           1|
    |select_ln20_200_fu_16479_p3   |    select|   0|  0|    2|           1|           2|
    |select_ln20_201_fu_16519_p3   |    select|   0|  0|    3|           1|           3|
    |select_ln20_202_fu_16555_p3   |    select|   0|  0|    3|           1|           3|
    |select_ln20_203_fu_16577_p3   |    select|   0|  0|    3|           1|           3|
    |select_ln20_204_fu_22842_p3   |    select|   0|  0|    3|           1|           3|
    |select_ln20_205_fu_22881_p3   |    select|   0|  0|    4|           1|           4|
    |select_ln20_206_fu_22917_p3   |    select|   0|  0|    4|           1|           4|
    |select_ln20_207_fu_28122_p3   |    select|   0|  0|    4|           1|           4|
    |select_ln20_208_fu_16606_p3   |    select|   0|  0|    3|           1|           1|
    |select_ln20_209_fu_16642_p3   |    select|   0|  0|    2|           1|           2|
    |select_ln20_20_fu_6174_p3     |    select|   0|  0|    2|           1|           2|
    |select_ln20_210_fu_16682_p3   |    select|   0|  0|    3|           1|           3|
    |select_ln20_211_fu_16718_p3   |    select|   0|  0|    3|           1|           3|
    |select_ln20_212_fu_16740_p3   |    select|   0|  0|    3|           1|           3|
    |select_ln20_213_fu_22995_p3   |    select|   0|  0|    3|           1|           3|
    |select_ln20_214_fu_23034_p3   |    select|   0|  0|    4|           1|           4|
    |select_ln20_215_fu_23070_p3   |    select|   0|  0|    4|           1|           4|
    |select_ln20_216_fu_28267_p3   |    select|   0|  0|    4|           1|           4|
    |select_ln20_217_fu_16769_p3   |    select|   0|  0|    3|           1|           1|
    |select_ln20_218_fu_16805_p3   |    select|   0|  0|    2|           1|           2|
    |select_ln20_219_fu_16845_p3   |    select|   0|  0|    3|           1|           3|
    |select_ln20_21_fu_6214_p3     |    select|   0|  0|    3|           1|           3|
    |select_ln20_220_fu_16881_p3   |    select|   0|  0|    3|           1|           3|
    |select_ln20_221_fu_16903_p3   |    select|   0|  0|    3|           1|           3|
    |select_ln20_222_fu_23148_p3   |    select|   0|  0|    3|           1|           3|
    |select_ln20_223_fu_23187_p3   |    select|   0|  0|    4|           1|           4|
    |select_ln20_224_fu_23223_p3   |    select|   0|  0|    4|           1|           4|
    |select_ln20_225_fu_28412_p3   |    select|   0|  0|    4|           1|           4|
    |select_ln20_226_fu_16932_p3   |    select|   0|  0|    3|           1|           1|
    |select_ln20_227_fu_16968_p3   |    select|   0|  0|    2|           1|           2|
    |select_ln20_228_fu_17008_p3   |    select|   0|  0|    3|           1|           3|
    |select_ln20_229_fu_17044_p3   |    select|   0|  0|    3|           1|           3|
    |select_ln20_22_fu_6236_p3     |    select|   0|  0|    3|           1|           3|
    |select_ln20_230_fu_17080_p3   |    select|   0|  0|    3|           1|           3|
    |select_ln20_231_fu_23279_p3   |    select|   0|  0|    3|           1|           3|
    |select_ln20_232_fu_23317_p3   |    select|   0|  0|    4|           1|           4|
    |select_ln20_233_fu_23353_p3   |    select|   0|  0|    4|           1|           4|
    |select_ln20_234_fu_28557_p3   |    select|   0|  0|    4|           1|           4|
    |select_ln20_235_fu_17117_p3   |    select|   0|  0|    3|           1|           1|
    |select_ln20_236_fu_17153_p3   |    select|   0|  0|    2|           1|           2|
    |select_ln20_237_fu_17193_p3   |    select|   0|  0|    3|           1|           3|
    |select_ln20_238_fu_17229_p3   |    select|   0|  0|    3|           1|           3|
    |select_ln20_239_fu_17251_p3   |    select|   0|  0|    3|           1|           3|
    |select_ln20_23_fu_14018_p3    |    select|   0|  0|    3|           1|           3|
    |select_ln20_240_fu_23431_p3   |    select|   0|  0|    3|           1|           3|
    |select_ln20_241_fu_23470_p3   |    select|   0|  0|    4|           1|           4|
    |select_ln20_242_fu_23506_p3   |    select|   0|  0|    4|           1|           4|
    |select_ln20_243_fu_28702_p3   |    select|   0|  0|    4|           1|           4|
    |select_ln20_244_fu_17280_p3   |    select|   0|  0|    3|           1|           1|
    |select_ln20_245_fu_17316_p3   |    select|   0|  0|    2|           1|           2|
    |select_ln20_246_fu_17356_p3   |    select|   0|  0|    3|           1|           3|
    |select_ln20_247_fu_17392_p3   |    select|   0|  0|    3|           1|           3|
    |select_ln20_248_fu_17428_p3   |    select|   0|  0|    3|           1|           3|
    |select_ln20_249_fu_23562_p3   |    select|   0|  0|    3|           1|           3|
    |select_ln20_24_fu_14053_p3    |    select|   0|  0|    3|           1|           3|
    |select_ln20_250_fu_23600_p3   |    select|   0|  0|    4|           1|           4|
    |select_ln20_251_fu_23636_p3   |    select|   0|  0|    4|           1|           4|
    |select_ln20_252_fu_28847_p3   |    select|   0|  0|    4|           1|           4|
    |select_ln20_253_fu_17465_p3   |    select|   0|  0|    3|           1|           1|
    |select_ln20_254_fu_17501_p3   |    select|   0|  0|    2|           1|           2|
    |select_ln20_255_fu_17541_p3   |    select|   0|  0|    3|           1|           3|
    |select_ln20_256_fu_17577_p3   |    select|   0|  0|    3|           1|           3|
    |select_ln20_257_fu_17599_p3   |    select|   0|  0|    3|           1|           3|
    |select_ln20_258_fu_23714_p3   |    select|   0|  0|    3|           1|           3|
    |select_ln20_259_fu_23753_p3   |    select|   0|  0|    4|           1|           4|
    |select_ln20_25_fu_14079_p3    |    select|   0|  0|    4|           1|           4|
    |select_ln20_260_fu_23789_p3   |    select|   0|  0|    4|           1|           4|
    |select_ln20_261_fu_28992_p3   |    select|   0|  0|    4|           1|           4|
    |select_ln20_262_fu_17628_p3   |    select|   0|  0|    3|           1|           1|
    |select_ln20_263_fu_17664_p3   |    select|   0|  0|    2|           1|           2|
    |select_ln20_264_fu_17704_p3   |    select|   0|  0|    3|           1|           3|
    |select_ln20_265_fu_17740_p3   |    select|   0|  0|    3|           1|           3|
    |select_ln20_266_fu_17762_p3   |    select|   0|  0|    3|           1|           3|
    |select_ln20_267_fu_23867_p3   |    select|   0|  0|    3|           1|           3|
    |select_ln20_268_fu_23906_p3   |    select|   0|  0|    4|           1|           4|
    |select_ln20_269_fu_23942_p3   |    select|   0|  0|    4|           1|           4|
    |select_ln20_26_fu_18771_p3    |    select|   0|  0|    4|           1|           4|
    |select_ln20_270_fu_29137_p3   |    select|   0|  0|    4|           1|           4|
    |select_ln20_271_fu_17791_p3   |    select|   0|  0|    3|           1|           1|
    |select_ln20_272_fu_17827_p3   |    select|   0|  0|    2|           1|           2|
    |select_ln20_273_fu_17867_p3   |    select|   0|  0|    3|           1|           3|
    |select_ln20_274_fu_17903_p3   |    select|   0|  0|    3|           1|           3|
    |select_ln20_275_fu_17925_p3   |    select|   0|  0|    3|           1|           3|
    |select_ln20_276_fu_24020_p3   |    select|   0|  0|    3|           1|           3|
    |select_ln20_277_fu_24059_p3   |    select|   0|  0|    4|           1|           4|
    |select_ln20_278_fu_24095_p3   |    select|   0|  0|    4|           1|           4|
    |select_ln20_279_fu_29282_p3   |    select|   0|  0|    4|           1|           4|
    |select_ln20_27_fu_18804_p3    |    select|   0|  0|    4|           1|           4|
    |select_ln20_280_fu_17954_p3   |    select|   0|  0|    3|           1|           1|
    |select_ln20_281_fu_17990_p3   |    select|   0|  0|    2|           1|           2|
    |select_ln20_282_fu_18030_p3   |    select|   0|  0|    3|           1|           3|
    |select_ln20_283_fu_18066_p3   |    select|   0|  0|    3|           1|           3|
    |select_ln20_284_fu_18102_p3   |    select|   0|  0|    3|           1|           3|
    |select_ln20_285_fu_24151_p3   |    select|   0|  0|    3|           1|           3|
    |select_ln20_286_fu_24189_p3   |    select|   0|  0|    4|           1|           4|
    |select_ln20_287_fu_24225_p3   |    select|   0|  0|    4|           1|           4|
    |select_ln20_288_fu_29427_p3   |    select|   0|  0|    4|           1|           4|
    |select_ln20_289_fu_18139_p3   |    select|   0|  0|    3|           1|           1|
    |select_ln20_28_fu_6362_p3     |    select|   0|  0|    3|           1|           1|
    |select_ln20_290_fu_18175_p3   |    select|   0|  0|    2|           1|           2|
    |select_ln20_291_fu_18215_p3   |    select|   0|  0|    3|           1|           3|
    |select_ln20_292_fu_18251_p3   |    select|   0|  0|    3|           1|           3|
    |select_ln20_293_fu_18273_p3   |    select|   0|  0|    3|           1|           3|
    |select_ln20_294_fu_24303_p3   |    select|   0|  0|    3|           1|           3|
    |select_ln20_295_fu_24342_p3   |    select|   0|  0|    4|           1|           4|
    |select_ln20_296_fu_24378_p3   |    select|   0|  0|    4|           1|           4|
    |select_ln20_297_fu_29572_p3   |    select|   0|  0|    4|           1|           4|
    |select_ln20_298_fu_24439_p3   |    select|   0|  0|    3|           1|           1|
    |select_ln20_299_fu_24475_p3   |    select|   0|  0|    2|           1|           2|
    |select_ln20_29_fu_6400_p3     |    select|   0|  0|    2|           1|           2|
    |select_ln20_2_fu_5766_p3      |    select|   0|  0|    2|           1|           2|
    |select_ln20_300_fu_24515_p3   |    select|   0|  0|    3|           1|           3|
    |select_ln20_301_fu_24551_p3   |    select|   0|  0|    3|           1|           3|
    |select_ln20_302_fu_24573_p3   |    select|   0|  0|    3|           1|           3|
    |select_ln20_303_fu_29696_p3   |    select|   0|  0|    3|           1|           3|
    |select_ln20_304_fu_29735_p3   |    select|   0|  0|    4|           1|           4|
    |select_ln20_305_fu_29771_p3   |    select|   0|  0|    4|           1|           4|
    |select_ln20_306_fu_34909_p3   |    select|   0|  0|    4|           1|           4|
    |select_ln20_307_fu_24602_p3   |    select|   0|  0|    3|           1|           1|
    |select_ln20_308_fu_24638_p3   |    select|   0|  0|    2|           1|           2|
    |select_ln20_309_fu_24678_p3   |    select|   0|  0|    3|           1|           3|
    |select_ln20_30_fu_6440_p3     |    select|   0|  0|    3|           1|           3|
    |select_ln20_310_fu_24714_p3   |    select|   0|  0|    3|           1|           3|
    |select_ln20_311_fu_24736_p3   |    select|   0|  0|    3|           1|           3|
    |select_ln20_312_fu_29849_p3   |    select|   0|  0|    3|           1|           3|
    |select_ln20_313_fu_29888_p3   |    select|   0|  0|    4|           1|           4|
    |select_ln20_314_fu_29924_p3   |    select|   0|  0|    4|           1|           4|
    |select_ln20_315_fu_35054_p3   |    select|   0|  0|    4|           1|           4|
    |select_ln20_316_fu_24765_p3   |    select|   0|  0|    3|           1|           1|
    |select_ln20_317_fu_24801_p3   |    select|   0|  0|    2|           1|           2|
    |select_ln20_318_fu_24841_p3   |    select|   0|  0|    3|           1|           3|
    |select_ln20_319_fu_24877_p3   |    select|   0|  0|    3|           1|           3|
    |select_ln20_31_fu_6462_p3     |    select|   0|  0|    3|           1|           3|
    |select_ln20_320_fu_24899_p3   |    select|   0|  0|    3|           1|           3|
    |select_ln20_321_fu_30002_p3   |    select|   0|  0|    3|           1|           3|
    |select_ln20_322_fu_30041_p3   |    select|   0|  0|    4|           1|           4|
    |select_ln20_323_fu_30077_p3   |    select|   0|  0|    4|           1|           4|
    |select_ln20_324_fu_35199_p3   |    select|   0|  0|    4|           1|           4|
    |select_ln20_325_fu_24928_p3   |    select|   0|  0|    3|           1|           1|
    |select_ln20_326_fu_24964_p3   |    select|   0|  0|    2|           1|           2|
    |select_ln20_327_fu_25004_p3   |    select|   0|  0|    3|           1|           3|
    |select_ln20_328_fu_25040_p3   |    select|   0|  0|    3|           1|           3|
    |select_ln20_329_fu_25062_p3   |    select|   0|  0|    3|           1|           3|
    |select_ln20_32_fu_14125_p3    |    select|   0|  0|    3|           1|           3|
    |select_ln20_330_fu_30155_p3   |    select|   0|  0|    3|           1|           3|
    |select_ln20_331_fu_30194_p3   |    select|   0|  0|    4|           1|           4|
    |select_ln20_332_fu_30230_p3   |    select|   0|  0|    4|           1|           4|
    |select_ln20_333_fu_35344_p3   |    select|   0|  0|    4|           1|           4|
    |select_ln20_334_fu_25091_p3   |    select|   0|  0|    3|           1|           1|
    |select_ln20_335_fu_25127_p3   |    select|   0|  0|    2|           1|           2|
    |select_ln20_336_fu_25167_p3   |    select|   0|  0|    3|           1|           3|
    |select_ln20_337_fu_25203_p3   |    select|   0|  0|    3|           1|           3|
    |select_ln20_338_fu_25225_p3   |    select|   0|  0|    3|           1|           3|
    |select_ln20_339_fu_30308_p3   |    select|   0|  0|    3|           1|           3|
    |select_ln20_33_fu_14160_p3    |    select|   0|  0|    3|           1|           3|
    |select_ln20_340_fu_30347_p3   |    select|   0|  0|    4|           1|           4|
    |select_ln20_341_fu_30383_p3   |    select|   0|  0|    4|           1|           4|
    |select_ln20_342_fu_35489_p3   |    select|   0|  0|    4|           1|           4|
    |select_ln20_343_fu_25254_p3   |    select|   0|  0|    3|           1|           1|
    |select_ln20_344_fu_25290_p3   |    select|   0|  0|    2|           1|           2|
    |select_ln20_345_fu_25330_p3   |    select|   0|  0|    3|           1|           3|
    |select_ln20_346_fu_25366_p3   |    select|   0|  0|    3|           1|           3|
    |select_ln20_347_fu_25388_p3   |    select|   0|  0|    3|           1|           3|
    |select_ln20_348_fu_30461_p3   |    select|   0|  0|    3|           1|           3|
    |select_ln20_349_fu_30500_p3   |    select|   0|  0|    4|           1|           4|
    |select_ln20_34_fu_14186_p3    |    select|   0|  0|    4|           1|           4|
    |select_ln20_350_fu_30536_p3   |    select|   0|  0|    4|           1|           4|
    |select_ln20_351_fu_35634_p3   |    select|   0|  0|    4|           1|           4|
    |select_ln20_352_fu_25417_p3   |    select|   0|  0|    3|           1|           1|
    |select_ln20_353_fu_25453_p3   |    select|   0|  0|    2|           1|           2|
    |select_ln20_354_fu_25493_p3   |    select|   0|  0|    3|           1|           3|
    |select_ln20_355_fu_25529_p3   |    select|   0|  0|    3|           1|           3|
    |select_ln20_356_fu_25551_p3   |    select|   0|  0|    3|           1|           3|
    |select_ln20_357_fu_30614_p3   |    select|   0|  0|    3|           1|           3|
    |select_ln20_358_fu_30653_p3   |    select|   0|  0|    4|           1|           4|
    |select_ln20_359_fu_30689_p3   |    select|   0|  0|    4|           1|           4|
    |select_ln20_35_fu_18997_p3    |    select|   0|  0|    4|           1|           4|
    |select_ln20_360_fu_35779_p3   |    select|   0|  0|    4|           1|           4|
    |select_ln20_361_fu_25580_p3   |    select|   0|  0|    3|           1|           1|
    |select_ln20_362_fu_25616_p3   |    select|   0|  0|    2|           1|           2|
    |select_ln20_363_fu_25656_p3   |    select|   0|  0|    3|           1|           3|
    |select_ln20_364_fu_25692_p3   |    select|   0|  0|    3|           1|           3|
    |select_ln20_365_fu_25714_p3   |    select|   0|  0|    3|           1|           3|
    |select_ln20_366_fu_30767_p3   |    select|   0|  0|    3|           1|           3|
    |select_ln20_367_fu_30806_p3   |    select|   0|  0|    4|           1|           4|
    |select_ln20_368_fu_30842_p3   |    select|   0|  0|    4|           1|           4|
    |select_ln20_369_fu_35924_p3   |    select|   0|  0|    4|           1|           4|
    |select_ln20_36_fu_19030_p3    |    select|   0|  0|    4|           1|           4|
    |select_ln20_370_fu_25743_p3   |    select|   0|  0|    3|           1|           1|
    |select_ln20_371_fu_25779_p3   |    select|   0|  0|    2|           1|           2|
    |select_ln20_372_fu_25819_p3   |    select|   0|  0|    3|           1|           3|
    |select_ln20_373_fu_25855_p3   |    select|   0|  0|    3|           1|           3|
    |select_ln20_374_fu_25877_p3   |    select|   0|  0|    3|           1|           3|
    |select_ln20_375_fu_30920_p3   |    select|   0|  0|    3|           1|           3|
    |select_ln20_376_fu_30959_p3   |    select|   0|  0|    4|           1|           4|
    |select_ln20_377_fu_30995_p3   |    select|   0|  0|    4|           1|           4|
    |select_ln20_378_fu_36069_p3   |    select|   0|  0|    4|           1|           4|
    |select_ln20_379_fu_25906_p3   |    select|   0|  0|    3|           1|           1|
    |select_ln20_37_fu_6588_p3     |    select|   0|  0|    3|           1|           1|
    |select_ln20_380_fu_25942_p3   |    select|   0|  0|    2|           1|           2|
    |select_ln20_381_fu_25982_p3   |    select|   0|  0|    3|           1|           3|
    |select_ln20_382_fu_26018_p3   |    select|   0|  0|    3|           1|           3|
    |select_ln20_383_fu_26040_p3   |    select|   0|  0|    3|           1|           3|
    |select_ln20_384_fu_31073_p3   |    select|   0|  0|    3|           1|           3|
    |select_ln20_385_fu_31112_p3   |    select|   0|  0|    4|           1|           4|
    |select_ln20_386_fu_31148_p3   |    select|   0|  0|    4|           1|           4|
    |select_ln20_387_fu_36214_p3   |    select|   0|  0|    4|           1|           4|
    |select_ln20_388_fu_26069_p3   |    select|   0|  0|    3|           1|           1|
    |select_ln20_389_fu_26105_p3   |    select|   0|  0|    2|           1|           2|
    |select_ln20_38_fu_6626_p3     |    select|   0|  0|    2|           1|           2|
    |select_ln20_390_fu_26145_p3   |    select|   0|  0|    3|           1|           3|
    |select_ln20_391_fu_26181_p3   |    select|   0|  0|    3|           1|           3|
    |select_ln20_392_fu_26203_p3   |    select|   0|  0|    3|           1|           3|
    |select_ln20_393_fu_31226_p3   |    select|   0|  0|    3|           1|           3|
    |select_ln20_394_fu_31265_p3   |    select|   0|  0|    4|           1|           4|
    |select_ln20_395_fu_31301_p3   |    select|   0|  0|    4|           1|           4|
    |select_ln20_396_fu_36359_p3   |    select|   0|  0|    4|           1|           4|
    |select_ln20_397_fu_26232_p3   |    select|   0|  0|    3|           1|           1|
    |select_ln20_398_fu_26268_p3   |    select|   0|  0|    2|           1|           2|
    |select_ln20_399_fu_26308_p3   |    select|   0|  0|    3|           1|           3|
    |select_ln20_39_fu_6666_p3     |    select|   0|  0|    3|           1|           3|
    |select_ln20_3_fu_5806_p3      |    select|   0|  0|    3|           1|           3|
    |select_ln20_400_fu_26344_p3   |    select|   0|  0|    3|           1|           3|
    |select_ln20_401_fu_26366_p3   |    select|   0|  0|    3|           1|           3|
    |select_ln20_402_fu_31379_p3   |    select|   0|  0|    3|           1|           3|
    |select_ln20_403_fu_31418_p3   |    select|   0|  0|    4|           1|           4|
    |select_ln20_404_fu_31454_p3   |    select|   0|  0|    4|           1|           4|
    |select_ln20_405_fu_36504_p3   |    select|   0|  0|    4|           1|           4|
    |select_ln20_406_fu_26395_p3   |    select|   0|  0|    3|           1|           1|
    |select_ln20_407_fu_26431_p3   |    select|   0|  0|    2|           1|           2|
    |select_ln20_408_fu_26471_p3   |    select|   0|  0|    3|           1|           3|
    |select_ln20_409_fu_26507_p3   |    select|   0|  0|    3|           1|           3|
    |select_ln20_40_fu_6688_p3     |    select|   0|  0|    3|           1|           3|
    |select_ln20_410_fu_26529_p3   |    select|   0|  0|    3|           1|           3|
    |select_ln20_411_fu_31532_p3   |    select|   0|  0|    3|           1|           3|
    |select_ln20_412_fu_31571_p3   |    select|   0|  0|    4|           1|           4|
    |select_ln20_413_fu_31607_p3   |    select|   0|  0|    4|           1|           4|
    |select_ln20_414_fu_36649_p3   |    select|   0|  0|    4|           1|           4|
    |select_ln20_415_fu_26558_p3   |    select|   0|  0|    3|           1|           1|
    |select_ln20_416_fu_26594_p3   |    select|   0|  0|    2|           1|           2|
    |select_ln20_417_fu_26634_p3   |    select|   0|  0|    3|           1|           3|
    |select_ln20_418_fu_26670_p3   |    select|   0|  0|    3|           1|           3|
    |select_ln20_419_fu_26692_p3   |    select|   0|  0|    3|           1|           3|
    |select_ln20_41_fu_14232_p3    |    select|   0|  0|    3|           1|           3|
    |select_ln20_420_fu_31685_p3   |    select|   0|  0|    3|           1|           3|
    |select_ln20_421_fu_31724_p3   |    select|   0|  0|    4|           1|           4|
    |select_ln20_422_fu_31760_p3   |    select|   0|  0|    4|           1|           4|
    |select_ln20_423_fu_36794_p3   |    select|   0|  0|    4|           1|           4|
    |select_ln20_424_fu_26721_p3   |    select|   0|  0|    3|           1|           1|
    |select_ln20_425_fu_26757_p3   |    select|   0|  0|    2|           1|           2|
    |select_ln20_426_fu_26797_p3   |    select|   0|  0|    3|           1|           3|
    |select_ln20_427_fu_26833_p3   |    select|   0|  0|    3|           1|           3|
    |select_ln20_428_fu_26855_p3   |    select|   0|  0|    3|           1|           3|
    |select_ln20_429_fu_31838_p3   |    select|   0|  0|    3|           1|           3|
    |select_ln20_42_fu_14267_p3    |    select|   0|  0|    3|           1|           3|
    |select_ln20_430_fu_31877_p3   |    select|   0|  0|    4|           1|           4|
    |select_ln20_431_fu_31913_p3   |    select|   0|  0|    4|           1|           4|
    |select_ln20_432_fu_36939_p3   |    select|   0|  0|    4|           1|           4|
    |select_ln20_433_fu_26884_p3   |    select|   0|  0|    3|           1|           1|
    |select_ln20_434_fu_26920_p3   |    select|   0|  0|    2|           1|           2|
    |select_ln20_435_fu_26960_p3   |    select|   0|  0|    3|           1|           3|
    |select_ln20_436_fu_26996_p3   |    select|   0|  0|    3|           1|           3|
    |select_ln20_437_fu_27018_p3   |    select|   0|  0|    3|           1|           3|
    |select_ln20_438_fu_31991_p3   |    select|   0|  0|    3|           1|           3|
    |select_ln20_439_fu_32030_p3   |    select|   0|  0|    4|           1|           4|
    |select_ln20_43_fu_14293_p3    |    select|   0|  0|    4|           1|           4|
    |select_ln20_440_fu_32066_p3   |    select|   0|  0|    4|           1|           4|
    |select_ln20_441_fu_37084_p3   |    select|   0|  0|    4|           1|           4|
    |select_ln20_442_fu_32127_p3   |    select|   0|  0|    3|           1|           1|
    |select_ln20_443_fu_32163_p3   |    select|   0|  0|    2|           1|           2|
    |select_ln20_444_fu_32203_p3   |    select|   0|  0|    3|           1|           3|
    |select_ln20_445_fu_32239_p3   |    select|   0|  0|    3|           1|           3|
    |select_ln20_446_fu_32261_p3   |    select|   0|  0|    3|           1|           3|
    |select_ln20_447_fu_37208_p3   |    select|   0|  0|    3|           1|           3|
    |select_ln20_448_fu_37247_p3   |    select|   0|  0|    4|           1|           4|
    |select_ln20_449_fu_37283_p3   |    select|   0|  0|    4|           1|           4|
    |select_ln20_44_fu_19223_p3    |    select|   0|  0|    4|           1|           4|
    |select_ln20_450_fu_39753_p3   |    select|   0|  0|    4|           1|           4|
    |select_ln20_451_fu_32290_p3   |    select|   0|  0|    3|           1|           1|
    |select_ln20_452_fu_32326_p3   |    select|   0|  0|    2|           1|           2|
    |select_ln20_453_fu_32366_p3   |    select|   0|  0|    3|           1|           3|
    |select_ln20_454_fu_32402_p3   |    select|   0|  0|    3|           1|           3|
    |select_ln20_455_fu_32424_p3   |    select|   0|  0|    3|           1|           3|
    |select_ln20_456_fu_37361_p3   |    select|   0|  0|    3|           1|           3|
    |select_ln20_457_fu_37400_p3   |    select|   0|  0|    4|           1|           4|
    |select_ln20_458_fu_37436_p3   |    select|   0|  0|    4|           1|           4|
    |select_ln20_459_fu_39898_p3   |    select|   0|  0|    4|           1|           4|
    |select_ln20_45_fu_19256_p3    |    select|   0|  0|    4|           1|           4|
    |select_ln20_460_fu_32453_p3   |    select|   0|  0|    3|           1|           1|
    |select_ln20_461_fu_32489_p3   |    select|   0|  0|    2|           1|           2|
    |select_ln20_462_fu_32529_p3   |    select|   0|  0|    3|           1|           3|
    |select_ln20_463_fu_32565_p3   |    select|   0|  0|    3|           1|           3|
    |select_ln20_464_fu_32587_p3   |    select|   0|  0|    3|           1|           3|
    |select_ln20_465_fu_37514_p3   |    select|   0|  0|    3|           1|           3|
    |select_ln20_466_fu_37553_p3   |    select|   0|  0|    4|           1|           4|
    |select_ln20_467_fu_37589_p3   |    select|   0|  0|    4|           1|           4|
    |select_ln20_468_fu_40043_p3   |    select|   0|  0|    4|           1|           4|
    |select_ln20_469_fu_32616_p3   |    select|   0|  0|    3|           1|           1|
    |select_ln20_46_fu_6814_p3     |    select|   0|  0|    3|           1|           1|
    |select_ln20_470_fu_32652_p3   |    select|   0|  0|    2|           1|           2|
    |select_ln20_471_fu_32692_p3   |    select|   0|  0|    3|           1|           3|
    |select_ln20_472_fu_32728_p3   |    select|   0|  0|    3|           1|           3|
    |select_ln20_473_fu_32750_p3   |    select|   0|  0|    3|           1|           3|
    |select_ln20_474_fu_37667_p3   |    select|   0|  0|    3|           1|           3|
    |select_ln20_475_fu_37706_p3   |    select|   0|  0|    4|           1|           4|
    |select_ln20_476_fu_37742_p3   |    select|   0|  0|    4|           1|           4|
    |select_ln20_477_fu_40188_p3   |    select|   0|  0|    4|           1|           4|
    |select_ln20_478_fu_32779_p3   |    select|   0|  0|    3|           1|           1|
    |select_ln20_479_fu_32815_p3   |    select|   0|  0|    2|           1|           2|
    |select_ln20_47_fu_6852_p3     |    select|   0|  0|    2|           1|           2|
    |select_ln20_480_fu_32855_p3   |    select|   0|  0|    3|           1|           3|
    |select_ln20_481_fu_32891_p3   |    select|   0|  0|    3|           1|           3|
    |select_ln20_482_fu_32913_p3   |    select|   0|  0|    3|           1|           3|
    |select_ln20_483_fu_37820_p3   |    select|   0|  0|    3|           1|           3|
    |select_ln20_484_fu_37859_p3   |    select|   0|  0|    4|           1|           4|
    |select_ln20_485_fu_37895_p3   |    select|   0|  0|    4|           1|           4|
    |select_ln20_486_fu_40333_p3   |    select|   0|  0|    4|           1|           4|
    |select_ln20_487_fu_32942_p3   |    select|   0|  0|    3|           1|           1|
    |select_ln20_488_fu_32978_p3   |    select|   0|  0|    2|           1|           2|
    |select_ln20_489_fu_33018_p3   |    select|   0|  0|    3|           1|           3|
    |select_ln20_48_fu_6892_p3     |    select|   0|  0|    3|           1|           3|
    |select_ln20_490_fu_33054_p3   |    select|   0|  0|    3|           1|           3|
    |select_ln20_491_fu_33076_p3   |    select|   0|  0|    3|           1|           3|
    |select_ln20_492_fu_37973_p3   |    select|   0|  0|    3|           1|           3|
    |select_ln20_493_fu_38012_p3   |    select|   0|  0|    4|           1|           4|
    |select_ln20_494_fu_38048_p3   |    select|   0|  0|    4|           1|           4|
    |select_ln20_495_fu_40478_p3   |    select|   0|  0|    4|           1|           4|
    |select_ln20_496_fu_33105_p3   |    select|   0|  0|    3|           1|           1|
    |select_ln20_497_fu_33141_p3   |    select|   0|  0|    2|           1|           2|
    |select_ln20_498_fu_33181_p3   |    select|   0|  0|    3|           1|           3|
    |select_ln20_499_fu_33217_p3   |    select|   0|  0|    3|           1|           3|
    |select_ln20_49_fu_6914_p3     |    select|   0|  0|    3|           1|           3|
    |select_ln20_4_fu_5828_p3      |    select|   0|  0|    3|           1|           3|
    |select_ln20_500_fu_33239_p3   |    select|   0|  0|    3|           1|           3|
    |select_ln20_501_fu_38126_p3   |    select|   0|  0|    3|           1|           3|
    |select_ln20_502_fu_38165_p3   |    select|   0|  0|    4|           1|           4|
    |select_ln20_503_fu_38201_p3   |    select|   0|  0|    4|           1|           4|
    |select_ln20_504_fu_40623_p3   |    select|   0|  0|    4|           1|           4|
    |select_ln20_505_fu_33268_p3   |    select|   0|  0|    3|           1|           1|
    |select_ln20_506_fu_33304_p3   |    select|   0|  0|    2|           1|           2|
    |select_ln20_507_fu_33344_p3   |    select|   0|  0|    3|           1|           3|
    |select_ln20_508_fu_33380_p3   |    select|   0|  0|    3|           1|           3|
    |select_ln20_509_fu_33402_p3   |    select|   0|  0|    3|           1|           3|
    |select_ln20_50_fu_14339_p3    |    select|   0|  0|    3|           1|           3|
    |select_ln20_510_fu_38279_p3   |    select|   0|  0|    3|           1|           3|
    |select_ln20_511_fu_38318_p3   |    select|   0|  0|    4|           1|           4|
    |select_ln20_512_fu_38354_p3   |    select|   0|  0|    4|           1|           4|
    |select_ln20_513_fu_40768_p3   |    select|   0|  0|    4|           1|           4|
    |select_ln20_514_fu_33431_p3   |    select|   0|  0|    3|           1|           1|
    |select_ln20_515_fu_33467_p3   |    select|   0|  0|    2|           1|           2|
    |select_ln20_516_fu_33507_p3   |    select|   0|  0|    3|           1|           3|
    |select_ln20_517_fu_33543_p3   |    select|   0|  0|    3|           1|           3|
    |select_ln20_518_fu_33565_p3   |    select|   0|  0|    3|           1|           3|
    |select_ln20_519_fu_38432_p3   |    select|   0|  0|    3|           1|           3|
    |select_ln20_51_fu_14374_p3    |    select|   0|  0|    3|           1|           3|
    |select_ln20_520_fu_38471_p3   |    select|   0|  0|    4|           1|           4|
    |select_ln20_521_fu_38507_p3   |    select|   0|  0|    4|           1|           4|
    |select_ln20_522_fu_40913_p3   |    select|   0|  0|    4|           1|           4|
    |select_ln20_523_fu_33594_p3   |    select|   0|  0|    3|           1|           1|
    |select_ln20_524_fu_33630_p3   |    select|   0|  0|    2|           1|           2|
    |select_ln20_525_fu_33670_p3   |    select|   0|  0|    3|           1|           3|
    |select_ln20_526_fu_33706_p3   |    select|   0|  0|    3|           1|           3|
    |select_ln20_527_fu_33728_p3   |    select|   0|  0|    3|           1|           3|
    |select_ln20_528_fu_38585_p3   |    select|   0|  0|    3|           1|           3|
    |select_ln20_529_fu_38624_p3   |    select|   0|  0|    4|           1|           4|
    |select_ln20_52_fu_14400_p3    |    select|   0|  0|    4|           1|           4|
    |select_ln20_530_fu_38660_p3   |    select|   0|  0|    4|           1|           4|
    |select_ln20_531_fu_41058_p3   |    select|   0|  0|    4|           1|           4|
    |select_ln20_532_fu_33757_p3   |    select|   0|  0|    3|           1|           1|
    |select_ln20_533_fu_33793_p3   |    select|   0|  0|    2|           1|           2|
    |select_ln20_534_fu_33833_p3   |    select|   0|  0|    3|           1|           3|
    |select_ln20_535_fu_33869_p3   |    select|   0|  0|    3|           1|           3|
    |select_ln20_536_fu_33891_p3   |    select|   0|  0|    3|           1|           3|
    |select_ln20_537_fu_38738_p3   |    select|   0|  0|    3|           1|           3|
    |select_ln20_538_fu_38777_p3   |    select|   0|  0|    4|           1|           4|
    |select_ln20_539_fu_38813_p3   |    select|   0|  0|    4|           1|           4|
    |select_ln20_53_fu_19449_p3    |    select|   0|  0|    4|           1|           4|
    |select_ln20_540_fu_41203_p3   |    select|   0|  0|    4|           1|           4|
    |select_ln20_541_fu_33920_p3   |    select|   0|  0|    3|           1|           1|
    |select_ln20_542_fu_33956_p3   |    select|   0|  0|    2|           1|           2|
    |select_ln20_543_fu_33996_p3   |    select|   0|  0|    3|           1|           3|
    |select_ln20_544_fu_34032_p3   |    select|   0|  0|    3|           1|           3|
    |select_ln20_545_fu_34054_p3   |    select|   0|  0|    3|           1|           3|
    |select_ln20_546_fu_38891_p3   |    select|   0|  0|    3|           1|           3|
    |select_ln20_547_fu_38930_p3   |    select|   0|  0|    4|           1|           4|
    |select_ln20_548_fu_38966_p3   |    select|   0|  0|    4|           1|           4|
    |select_ln20_549_fu_41348_p3   |    select|   0|  0|    4|           1|           4|
    |select_ln20_54_fu_19482_p3    |    select|   0|  0|    4|           1|           4|
    |select_ln20_550_fu_34083_p3   |    select|   0|  0|    3|           1|           1|
    |select_ln20_551_fu_34119_p3   |    select|   0|  0|    2|           1|           2|
    |select_ln20_552_fu_34159_p3   |    select|   0|  0|    3|           1|           3|
    |select_ln20_553_fu_34195_p3   |    select|   0|  0|    3|           1|           3|
    |select_ln20_554_fu_34217_p3   |    select|   0|  0|    3|           1|           3|
    |select_ln20_555_fu_39044_p3   |    select|   0|  0|    3|           1|           3|
    |select_ln20_556_fu_39083_p3   |    select|   0|  0|    4|           1|           4|
    |select_ln20_557_fu_39119_p3   |    select|   0|  0|    4|           1|           4|
    |select_ln20_558_fu_41493_p3   |    select|   0|  0|    4|           1|           4|
    |select_ln20_559_fu_34246_p3   |    select|   0|  0|    3|           1|           1|
    |select_ln20_55_fu_7040_p3     |    select|   0|  0|    3|           1|           1|
    |select_ln20_560_fu_34282_p3   |    select|   0|  0|    2|           1|           2|
    |select_ln20_561_fu_34322_p3   |    select|   0|  0|    3|           1|           3|
    |select_ln20_562_fu_34358_p3   |    select|   0|  0|    3|           1|           3|
    |select_ln20_563_fu_34380_p3   |    select|   0|  0|    3|           1|           3|
    |select_ln20_564_fu_39197_p3   |    select|   0|  0|    3|           1|           3|
    |select_ln20_565_fu_39236_p3   |    select|   0|  0|    4|           1|           4|
    |select_ln20_566_fu_39272_p3   |    select|   0|  0|    4|           1|           4|
    |select_ln20_567_fu_41638_p3   |    select|   0|  0|    4|           1|           4|
    |select_ln20_568_fu_34409_p3   |    select|   0|  0|    3|           1|           1|
    |select_ln20_569_fu_34445_p3   |    select|   0|  0|    2|           1|           2|
    |select_ln20_56_fu_7078_p3     |    select|   0|  0|    2|           1|           2|
    |select_ln20_570_fu_34485_p3   |    select|   0|  0|    3|           1|           3|
    |select_ln20_571_fu_34521_p3   |    select|   0|  0|    3|           1|           3|
    |select_ln20_572_fu_34543_p3   |    select|   0|  0|    3|           1|           3|
    |select_ln20_573_fu_39350_p3   |    select|   0|  0|    3|           1|           3|
    |select_ln20_574_fu_39389_p3   |    select|   0|  0|    4|           1|           4|
    |select_ln20_575_fu_39425_p3   |    select|   0|  0|    4|           1|           4|
    |select_ln20_576_fu_41783_p3   |    select|   0|  0|    4|           1|           4|
    |select_ln20_577_fu_34572_p3   |    select|   0|  0|    3|           1|           1|
    |select_ln20_578_fu_34608_p3   |    select|   0|  0|    2|           1|           2|
    |select_ln20_579_fu_34648_p3   |    select|   0|  0|    3|           1|           3|
    |select_ln20_57_fu_7118_p3     |    select|   0|  0|    3|           1|           3|
    |select_ln20_580_fu_34684_p3   |    select|   0|  0|    3|           1|           3|
    |select_ln20_581_fu_34706_p3   |    select|   0|  0|    3|           1|           3|
    |select_ln20_582_fu_39503_p3   |    select|   0|  0|    3|           1|           3|
    |select_ln20_583_fu_39542_p3   |    select|   0|  0|    4|           1|           4|
    |select_ln20_584_fu_39578_p3   |    select|   0|  0|    4|           1|           4|
    |select_ln20_585_fu_41928_p3   |    select|   0|  0|    4|           1|           4|
    |select_ln20_58_fu_7140_p3     |    select|   0|  0|    3|           1|           3|
    |select_ln20_594_fu_18600_p3   |    select|   0|  0|   10|           1|          10|
    |select_ln20_59_fu_14446_p3    |    select|   0|  0|    3|           1|           3|
    |select_ln20_5_fu_13804_p3     |    select|   0|  0|    3|           1|           3|
    |select_ln20_603_fu_18826_p3   |    select|   0|  0|   10|           1|          10|
    |select_ln20_60_fu_14481_p3    |    select|   0|  0|    3|           1|           3|
    |select_ln20_612_fu_19052_p3   |    select|   0|  0|   10|           1|          10|
    |select_ln20_61_fu_14507_p3    |    select|   0|  0|    4|           1|           4|
    |select_ln20_621_fu_19278_p3   |    select|   0|  0|   10|           1|          10|
    |select_ln20_62_fu_19675_p3    |    select|   0|  0|    4|           1|           4|
    |select_ln20_630_fu_19504_p3   |    select|   0|  0|   10|           1|          10|
    |select_ln20_639_fu_19730_p3   |    select|   0|  0|   10|           1|          10|
    |select_ln20_63_fu_19708_p3    |    select|   0|  0|    4|           1|           4|
    |select_ln20_648_fu_19956_p3   |    select|   0|  0|   10|           1|          10|
    |select_ln20_64_fu_7266_p3     |    select|   0|  0|    3|           1|           1|
    |select_ln20_657_fu_20182_p3   |    select|   0|  0|   10|           1|          10|
    |select_ln20_65_fu_7304_p3     |    select|   0|  0|    2|           1|           2|
    |select_ln20_666_fu_20408_p3   |    select|   0|  0|   10|           1|          10|
    |select_ln20_66_fu_7344_p3     |    select|   0|  0|    3|           1|           3|
    |select_ln20_675_fu_20634_p3   |    select|   0|  0|   10|           1|          10|
    |select_ln20_67_fu_7366_p3     |    select|   0|  0|    3|           1|           3|
    |select_ln20_684_fu_20860_p3   |    select|   0|  0|   10|           1|          10|
    |select_ln20_68_fu_14553_p3    |    select|   0|  0|    3|           1|           3|
    |select_ln20_693_fu_21086_p3   |    select|   0|  0|   10|           1|          10|
    |select_ln20_69_fu_14588_p3    |    select|   0|  0|    3|           1|           3|
    |select_ln20_6_fu_13839_p3     |    select|   0|  0|    3|           1|           3|
    |select_ln20_702_fu_21312_p3   |    select|   0|  0|   10|           1|          10|
    |select_ln20_70_fu_14614_p3    |    select|   0|  0|    4|           1|           4|
    |select_ln20_711_fu_21538_p3   |    select|   0|  0|   10|           1|          10|
    |select_ln20_71_fu_19901_p3    |    select|   0|  0|    4|           1|           4|
    |select_ln20_720_fu_21764_p3   |    select|   0|  0|   10|           1|          10|
    |select_ln20_729_fu_21983_p3   |    select|   0|  0|   10|           1|          10|
    |select_ln20_72_fu_19934_p3    |    select|   0|  0|    4|           1|           4|
    |select_ln20_738_fu_22207_p3   |    select|   0|  0|   10|           1|          10|
    |select_ln20_73_fu_7480_p3     |    select|   0|  0|    3|           1|           1|
    |select_ln20_747_fu_22360_p3   |    select|   0|  0|   10|           1|          10|
    |select_ln20_74_fu_7518_p3     |    select|   0|  0|    2|           1|           2|
    |select_ln20_756_fu_22490_p3   |    select|   0|  0|   10|           1|          10|
    |select_ln20_75_fu_7558_p3     |    select|   0|  0|    3|           1|           3|
    |select_ln20_765_fu_22643_p3   |    select|   0|  0|   10|           1|          10|
    |select_ln20_76_fu_7580_p3     |    select|   0|  0|    3|           1|           3|
    |select_ln20_774_fu_22796_p3   |    select|   0|  0|   10|           1|          10|
    |select_ln20_77_fu_14660_p3    |    select|   0|  0|    3|           1|           3|
    |select_ln20_783_fu_22949_p3   |    select|   0|  0|   10|           1|          10|
    |select_ln20_78_fu_14695_p3    |    select|   0|  0|    3|           1|           3|
    |select_ln20_792_fu_23102_p3   |    select|   0|  0|   10|           1|          10|
    |select_ln20_79_fu_14721_p3    |    select|   0|  0|    4|           1|           4|
    |select_ln20_7_fu_13865_p3     |    select|   0|  0|    4|           1|           4|
    |select_ln20_801_fu_23255_p3   |    select|   0|  0|   10|           1|          10|
    |select_ln20_80_fu_20127_p3    |    select|   0|  0|    4|           1|           4|
    |select_ln20_810_fu_23385_p3   |    select|   0|  0|   10|           1|          10|
    |select_ln20_819_fu_23538_p3   |    select|   0|  0|   10|           1|          10|
    |select_ln20_81_fu_20160_p3    |    select|   0|  0|    4|           1|           4|
    |select_ln20_828_fu_23668_p3   |    select|   0|  0|   10|           1|          10|
    |select_ln20_82_fu_7696_p3     |    select|   0|  0|    3|           1|           1|
    |select_ln20_837_fu_23821_p3   |    select|   0|  0|   10|           1|          10|
    |select_ln20_83_fu_7734_p3     |    select|   0|  0|    2|           1|           2|
    |select_ln20_846_fu_23974_p3   |    select|   0|  0|   10|           1|          10|
    |select_ln20_84_fu_7774_p3     |    select|   0|  0|    3|           1|           3|
    |select_ln20_855_fu_24127_p3   |    select|   0|  0|   10|           1|          10|
    |select_ln20_85_fu_7796_p3     |    select|   0|  0|    3|           1|           3|
    |select_ln20_864_fu_24257_p3   |    select|   0|  0|   10|           1|          10|
    |select_ln20_86_fu_14767_p3    |    select|   0|  0|    3|           1|           3|
    |select_ln20_873_fu_24410_p3   |    select|   0|  0|   10|           1|          10|
    |select_ln20_87_fu_14802_p3    |    select|   0|  0|    3|           1|           3|
    |select_ln20_882_fu_29803_p3   |    select|   0|  0|   10|           1|          10|
    |select_ln20_88_fu_14828_p3    |    select|   0|  0|    4|           1|           4|
    |select_ln20_891_fu_29956_p3   |    select|   0|  0|   10|           1|          10|
    |select_ln20_89_fu_20353_p3    |    select|   0|  0|    4|           1|           4|
    |select_ln20_8_fu_18336_p3     |    select|   0|  0|    4|           1|           4|
    |select_ln20_900_fu_30109_p3   |    select|   0|  0|   10|           1|          10|
    |select_ln20_909_fu_30262_p3   |    select|   0|  0|   10|           1|          10|
    |select_ln20_90_fu_20386_p3    |    select|   0|  0|    4|           1|           4|
    |select_ln20_918_fu_30415_p3   |    select|   0|  0|   10|           1|          10|
    |select_ln20_91_fu_7922_p3     |    select|   0|  0|    3|           1|           1|
    |select_ln20_927_fu_30568_p3   |    select|   0|  0|   10|           1|          10|
    |select_ln20_92_fu_7960_p3     |    select|   0|  0|    2|           1|           2|
    |select_ln20_936_fu_30721_p3   |    select|   0|  0|   10|           1|          10|
    |select_ln20_93_fu_8000_p3     |    select|   0|  0|    3|           1|           3|
    |select_ln20_945_fu_30874_p3   |    select|   0|  0|   10|           1|          10|
    |select_ln20_94_fu_8022_p3     |    select|   0|  0|    3|           1|           3|
    |select_ln20_954_fu_31027_p3   |    select|   0|  0|   10|           1|          10|
    |select_ln20_95_fu_14874_p3    |    select|   0|  0|    3|           1|           3|
    |select_ln20_963_fu_31180_p3   |    select|   0|  0|   10|           1|          10|
    |select_ln20_96_fu_14909_p3    |    select|   0|  0|    3|           1|           3|
    |select_ln20_972_fu_31333_p3   |    select|   0|  0|   10|           1|          10|
    |select_ln20_97_fu_14935_p3    |    select|   0|  0|    4|           1|           4|
    |select_ln20_981_fu_31486_p3   |    select|   0|  0|   10|           1|          10|
    |select_ln20_98_fu_20579_p3    |    select|   0|  0|    4|           1|           4|
    |select_ln20_990_fu_31639_p3   |    select|   0|  0|   10|           1|          10|
    |select_ln20_999_fu_31792_p3   |    select|   0|  0|   10|           1|          10|
    |select_ln20_99_fu_20612_p3    |    select|   0|  0|    4|           1|           4|
    |select_ln20_9_fu_18391_p3     |    select|   0|  0|   10|           1|          10|
    |select_ln20_fu_18369_p3       |    select|   0|  0|    4|           1|           4|
    |select_ln22_10_fu_7944_p3     |    select|   0|  0|    3|           1|           3|
    |select_ln22_11_fu_8170_p3     |    select|   0|  0|    3|           1|           3|
    |select_ln22_12_fu_8396_p3     |    select|   0|  0|    3|           1|           3|
    |select_ln22_13_fu_8622_p3     |    select|   0|  0|    3|           1|           3|
    |select_ln22_14_fu_8848_p3     |    select|   0|  0|    3|           1|           3|
    |select_ln22_15_fu_9074_p3     |    select|   0|  0|    3|           1|           3|
    |select_ln22_16_fu_9266_p3     |    select|   0|  0|    3|           1|           3|
    |select_ln22_17_fu_15627_p3    |    select|   0|  0|    3|           1|           3|
    |select_ln22_18_fu_15790_p3    |    select|   0|  0|    3|           1|           3|
    |select_ln22_19_fu_15953_p3    |    select|   0|  0|    3|           1|           3|
    |select_ln22_1_fu_5932_p3      |    select|   0|  0|    3|           1|           3|
    |select_ln22_20_fu_16138_p3    |    select|   0|  0|    3|           1|           3|
    |select_ln22_21_fu_16301_p3    |    select|   0|  0|    3|           1|           3|
    |select_ln22_22_fu_16464_p3    |    select|   0|  0|    3|           1|           3|
    |select_ln22_23_fu_16627_p3    |    select|   0|  0|    3|           1|           3|
    |select_ln22_24_fu_16790_p3    |    select|   0|  0|    3|           1|           3|
    |select_ln22_25_fu_16953_p3    |    select|   0|  0|    3|           1|           3|
    |select_ln22_26_fu_17138_p3    |    select|   0|  0|    3|           1|           3|
    |select_ln22_27_fu_17301_p3    |    select|   0|  0|    3|           1|           3|
    |select_ln22_28_fu_17486_p3    |    select|   0|  0|    3|           1|           3|
    |select_ln22_29_fu_17649_p3    |    select|   0|  0|    3|           1|           3|
    |select_ln22_2_fu_6158_p3      |    select|   0|  0|    3|           1|           3|
    |select_ln22_30_fu_17812_p3    |    select|   0|  0|    3|           1|           3|
    |select_ln22_31_fu_17975_p3    |    select|   0|  0|    3|           1|           3|
    |select_ln22_32_fu_18160_p3    |    select|   0|  0|    3|           1|           3|
    |select_ln22_33_fu_24460_p3    |    select|   0|  0|    3|           1|           3|
    |select_ln22_34_fu_24623_p3    |    select|   0|  0|    3|           1|           3|
    |select_ln22_35_fu_24786_p3    |    select|   0|  0|    3|           1|           3|
    |select_ln22_36_fu_24949_p3    |    select|   0|  0|    3|           1|           3|
    |select_ln22_37_fu_25112_p3    |    select|   0|  0|    3|           1|           3|
    |select_ln22_38_fu_25275_p3    |    select|   0|  0|    3|           1|           3|
    |select_ln22_39_fu_25438_p3    |    select|   0|  0|    3|           1|           3|
    |select_ln22_3_fu_6384_p3      |    select|   0|  0|    3|           1|           3|
    |select_ln22_40_fu_25601_p3    |    select|   0|  0|    3|           1|           3|
    |select_ln22_41_fu_25764_p3    |    select|   0|  0|    3|           1|           3|
    |select_ln22_42_fu_25927_p3    |    select|   0|  0|    3|           1|           3|
    |select_ln22_43_fu_26090_p3    |    select|   0|  0|    3|           1|           3|
    |select_ln22_44_fu_26253_p3    |    select|   0|  0|    3|           1|           3|
    |select_ln22_45_fu_26416_p3    |    select|   0|  0|    3|           1|           3|
    |select_ln22_46_fu_26579_p3    |    select|   0|  0|    3|           1|           3|
    |select_ln22_47_fu_26742_p3    |    select|   0|  0|    3|           1|           3|
    |select_ln22_48_fu_26905_p3    |    select|   0|  0|    3|           1|           3|
    |select_ln22_49_fu_32148_p3    |    select|   0|  0|    3|           1|           3|
    |select_ln22_4_fu_6610_p3      |    select|   0|  0|    3|           1|           3|
    |select_ln22_50_fu_32311_p3    |    select|   0|  0|    3|           1|           3|
    |select_ln22_51_fu_32474_p3    |    select|   0|  0|    3|           1|           3|
    |select_ln22_52_fu_32637_p3    |    select|   0|  0|    3|           1|           3|
    |select_ln22_53_fu_32800_p3    |    select|   0|  0|    3|           1|           3|
    |select_ln22_54_fu_32963_p3    |    select|   0|  0|    3|           1|           3|
    |select_ln22_55_fu_33126_p3    |    select|   0|  0|    3|           1|           3|
    |select_ln22_56_fu_33289_p3    |    select|   0|  0|    3|           1|           3|
    |select_ln22_57_fu_33452_p3    |    select|   0|  0|    3|           1|           3|
    |select_ln22_58_fu_33615_p3    |    select|   0|  0|    3|           1|           3|
    |select_ln22_59_fu_33778_p3    |    select|   0|  0|    3|           1|           3|
    |select_ln22_5_fu_6836_p3      |    select|   0|  0|    3|           1|           3|
    |select_ln22_60_fu_33941_p3    |    select|   0|  0|    3|           1|           3|
    |select_ln22_61_fu_34104_p3    |    select|   0|  0|    3|           1|           3|
    |select_ln22_62_fu_34267_p3    |    select|   0|  0|    3|           1|           3|
    |select_ln22_63_fu_34430_p3    |    select|   0|  0|    3|           1|           3|
    |select_ln22_64_fu_34593_p3    |    select|   0|  0|    3|           1|           3|
    |select_ln22_6_fu_7062_p3      |    select|   0|  0|    3|           1|           3|
    |select_ln22_7_fu_7288_p3      |    select|   0|  0|    3|           1|           3|
    |select_ln22_8_fu_7502_p3      |    select|   0|  0|    3|           1|           3|
    |select_ln22_9_fu_7718_p3      |    select|   0|  0|    3|           1|           3|
    |select_ln22_fu_5750_p3        |    select|   0|  0|    3|           1|           3|
    |ap_enable_pp0                 |       xor|   0|  0|    2|           1|           2|
    +------------------------------+----------+----+---+-----+------------+------------+
    |Total                         |          |   0|  0|20492|        7531|       11895|
    +------------------------------+----------+----+---+-----+------------+------------+

    * Multiplexer: 
    +----------------------------------------+-----+-----------+-----+-----------+
    |                  Name                  | LUT | Input Size| Bits| Total Bits|
    +----------------------------------------+-----+-----------+-----+-----------+
    |ap_NS_fsm                               |   31|          6|    1|          6|
    |ap_done_int                             |    9|          2|    1|          2|
    |ap_enable_reg_pp0_iter0                 |    9|          2|    1|          2|
    |ap_enable_reg_pp0_iter1                 |    9|          2|    1|          2|
    |ap_enable_reg_pp0_iter3                 |    9|          2|    1|          2|
    |ap_loop_exit_ready_pp0_iter1_reg        |    9|          2|    1|          2|
    |ap_loop_exit_ready_pp0_iter2_reg        |    9|          2|    1|          2|
    |ap_phi_reg_pp0_iter0_bits_267_reg_3822  |   20|          4|   19|         76|
    |ap_sig_allocacmp_k_1                    |    9|          2|   13|         26|
    |ap_sig_allocacmp_p_load                 |    9|          2|   32|         64|
    |ap_sig_allocacmp_p_load261              |    9|          2|   32|         64|
    |ap_sig_allocacmp_p_load263              |    9|          2|   32|         64|
    |ap_sig_allocacmp_p_load265              |    9|          2|   32|         64|
    |ap_sig_allocacmp_p_load267              |    9|          2|   32|         64|
    |ap_sig_allocacmp_p_load269              |    9|          2|   32|         64|
    |ap_sig_allocacmp_p_load271              |    9|          2|   32|         64|
    |ap_sig_allocacmp_p_load273              |    9|          2|   32|         64|
    |ap_sig_allocacmp_p_load275              |    9|          2|   32|         64|
    |ap_sig_allocacmp_p_load277              |    9|          2|   32|         64|
    |ap_sig_allocacmp_p_load279              |    9|          2|   32|         64|
    |ap_sig_allocacmp_p_load281              |    9|          2|   32|         64|
    |ap_sig_allocacmp_p_load283              |    9|          2|   32|         64|
    |ap_sig_allocacmp_p_load285              |    9|          2|   32|         64|
    |ap_sig_allocacmp_p_load287              |    9|          2|   32|         64|
    |ap_sig_allocacmp_p_load289              |    9|          2|   32|         64|
    |ap_sig_allocacmp_p_load291              |    9|          2|   32|         64|
    |ap_sig_allocacmp_p_load293              |    9|          2|   32|         64|
    |ap_sig_allocacmp_p_load295              |    9|          2|   32|         64|
    |ap_sig_allocacmp_p_load297              |    9|          2|   32|         64|
    |ap_sig_allocacmp_p_load299              |    9|          2|   32|         64|
    |ap_sig_allocacmp_p_load301              |    9|          2|   32|         64|
    |ap_sig_allocacmp_p_load303              |    9|          2|   32|         64|
    |ap_sig_allocacmp_p_load305              |    9|          2|   32|         64|
    |ap_sig_allocacmp_p_load307              |    9|          2|   32|         64|
    |ap_sig_allocacmp_p_load309              |    9|          2|   32|         64|
    |ap_sig_allocacmp_p_load311              |    9|          2|   32|         64|
    |ap_sig_allocacmp_p_load313              |    9|          2|   32|         64|
    |ap_sig_allocacmp_p_load315              |    9|          2|   32|         64|
    |ap_sig_allocacmp_p_load317              |    9|          2|   32|         64|
    |ap_sig_allocacmp_p_load319              |    9|          2|   32|         64|
    |ap_sig_allocacmp_p_load321              |    9|          2|   32|         64|
    |ap_sig_allocacmp_p_load323              |    9|          2|   32|         64|
    |ap_sig_allocacmp_p_load325              |    9|          2|   32|         64|
    |ap_sig_allocacmp_p_load327              |    9|          2|   32|         64|
    |ap_sig_allocacmp_p_load329              |    9|          2|   32|         64|
    |ap_sig_allocacmp_p_load331              |    9|          2|   32|         64|
    |ap_sig_allocacmp_p_load333              |    9|          2|   32|         64|
    |ap_sig_allocacmp_p_load335              |    9|          2|   32|         64|
    |ap_sig_allocacmp_p_load337              |    9|          2|   32|         64|
    |ap_sig_allocacmp_p_load339              |    9|          2|   32|         64|
    |ap_sig_allocacmp_p_load341              |    9|          2|   32|         64|
    |ap_sig_allocacmp_p_load343              |    9|          2|   32|         64|
    |ap_sig_allocacmp_p_load345              |    9|          2|   32|         64|
    |ap_sig_allocacmp_p_load347              |    9|          2|   32|         64|
    |ap_sig_allocacmp_p_load349              |    9|          2|   32|         64|
    |ap_sig_allocacmp_p_load351              |    9|          2|   32|         64|
    |ap_sig_allocacmp_p_load353              |    9|          2|   32|         64|
    |ap_sig_allocacmp_p_load355              |    9|          2|   32|         64|
    |ap_sig_allocacmp_p_load357              |    9|          2|   32|         64|
    |ap_sig_allocacmp_p_load359              |    9|          2|   32|         64|
    |ap_sig_allocacmp_p_load361              |    9|          2|   32|         64|
    |ap_sig_allocacmp_p_load363              |    9|          2|   32|         64|
    |ap_sig_allocacmp_p_load365              |    9|          2|   32|         64|
    |ap_sig_allocacmp_p_load367              |    9|          2|   32|         64|
    |ap_sig_allocacmp_p_load369              |    9|          2|   32|         64|
    |ap_sig_allocacmp_p_load371              |    9|          2|   32|         64|
    |ap_sig_allocacmp_p_load373              |    9|          2|   32|         64|
    |ap_sig_allocacmp_p_load375              |    9|          2|   32|         64|
    |ap_sig_allocacmp_p_load377              |    9|          2|   32|         64|
    |ap_sig_allocacmp_p_load379              |    9|          2|   32|         64|
    |ap_sig_allocacmp_p_load381              |    9|          2|   32|         64|
    |ap_sig_allocacmp_p_load383              |    9|          2|   32|         64|
    |ap_sig_allocacmp_p_load385              |    9|          2|   32|         64|
    |ap_sig_allocacmp_p_load387              |    9|          2|   32|         64|
    |ap_sig_allocacmp_p_load389              |    9|          2|   32|         64|
    |ap_sig_allocacmp_p_load391              |    9|          2|   32|         64|
    |ap_sig_allocacmp_p_load393              |    9|          2|   32|         64|
    |ap_sig_allocacmp_p_load395              |    9|          2|   32|         64|
    |ap_sig_allocacmp_p_load397              |    9|          2|   32|         64|
    |ap_sig_allocacmp_p_load399              |    9|          2|   32|         64|
    |ap_sig_allocacmp_p_load401              |    9|          2|   32|         64|
    |ap_sig_allocacmp_p_load403              |    9|          2|   32|         64|
    |ap_sig_allocacmp_p_load405              |    9|          2|   32|         64|
    |ap_sig_allocacmp_p_load407              |    9|          2|   32|         64|
    |ap_sig_allocacmp_p_load409              |    9|          2|   32|         64|
    |ap_sig_allocacmp_p_load411              |    9|          2|   32|         64|
    |ap_sig_allocacmp_p_load413              |    9|          2|   32|         64|
    |ap_sig_allocacmp_p_load415              |    9|          2|   32|         64|
    |ap_sig_allocacmp_p_load417              |    9|          2|   32|         64|
    |ap_sig_allocacmp_p_load419              |    9|          2|   32|         64|
    |ap_sig_allocacmp_p_load421              |    9|          2|   32|         64|
    |ap_sig_allocacmp_p_load423              |    9|          2|   32|         64|
    |ap_sig_allocacmp_p_load425              |    9|          2|   32|         64|
    |ap_sig_allocacmp_p_load427              |    9|          2|   32|         64|
    |ap_sig_allocacmp_p_load429              |    9|          2|   32|         64|
    |ap_sig_allocacmp_p_load431              |    9|          2|   32|         64|
    |ap_sig_allocacmp_p_load433              |    9|          2|   32|         64|
    |ap_sig_allocacmp_p_load435              |    9|          2|   32|         64|
    |ap_sig_allocacmp_p_load437              |    9|          2|   32|         64|
    |ap_sig_allocacmp_p_load439              |    9|          2|   32|         64|
    |ap_sig_allocacmp_p_load441              |    9|          2|   32|         64|
    |ap_sig_allocacmp_p_load443              |    9|          2|   32|         64|
    |ap_sig_allocacmp_p_load445              |    9|          2|   32|         64|
    |ap_sig_allocacmp_p_load447              |    9|          2|   32|         64|
    |ap_sig_allocacmp_p_load449              |    9|          2|   32|         64|
    |ap_sig_allocacmp_p_load451              |    9|          2|   32|         64|
    |ap_sig_allocacmp_p_load453              |    9|          2|   32|         64|
    |ap_sig_allocacmp_p_load455              |    9|          2|   32|         64|
    |ap_sig_allocacmp_p_load457              |    9|          2|   32|         64|
    |ap_sig_allocacmp_p_load459              |    9|          2|   32|         64|
    |ap_sig_allocacmp_p_load461              |    9|          2|   32|         64|
    |ap_sig_allocacmp_p_load463              |    9|          2|   32|         64|
    |ap_sig_allocacmp_p_load465              |    9|          2|   32|         64|
    |ap_sig_allocacmp_p_load467              |    9|          2|   32|         64|
    |ap_sig_allocacmp_p_load469              |    9|          2|   32|         64|
    |ap_sig_allocacmp_p_load471              |    9|          2|   32|         64|
    |ap_sig_allocacmp_p_load473              |    9|          2|   32|         64|
    |ap_sig_allocacmp_p_load475              |    9|          2|   32|         64|
    |ap_sig_allocacmp_p_load477              |    9|          2|   32|         64|
    |ap_sig_allocacmp_p_load479              |    9|          2|   32|         64|
    |ap_sig_allocacmp_p_load481              |    9|          2|   32|         64|
    |ap_sig_allocacmp_p_load483              |    9|          2|   32|         64|
    |ap_sig_allocacmp_p_load485              |    9|          2|   32|         64|
    |ap_sig_allocacmp_p_load487              |    9|          2|   32|         64|
    |ap_sig_allocacmp_p_load489              |    9|          2|   32|         64|
    |ap_sig_allocacmp_p_load491              |    9|          2|   32|         64|
    |ap_sig_allocacmp_p_load493              |    9|          2|   32|         64|
    |ap_sig_allocacmp_p_load495              |    9|          2|   32|         64|
    |ap_sig_allocacmp_p_load497              |    9|          2|   32|         64|
    |ap_sig_allocacmp_p_load499              |    9|          2|   32|         64|
    |ap_sig_allocacmp_p_load501              |    9|          2|   32|         64|
    |ap_sig_allocacmp_p_load503              |    9|          2|   32|         64|
    |ap_sig_allocacmp_p_load505              |    9|          2|   32|         64|
    |ap_sig_allocacmp_p_load507              |    9|          2|   32|         64|
    |ap_sig_allocacmp_p_load509              |    9|          2|   32|         64|
    |ap_sig_allocacmp_p_load511              |    9|          2|   32|         64|
    |ap_sig_allocacmp_p_load513              |    9|          2|   32|         64|
    |ap_sig_allocacmp_p_load515              |    9|          2|   32|         64|
    |ap_sig_allocacmp_p_load517              |    9|          2|   32|         64|
    |ap_sig_allocacmp_p_load519              |    9|          2|   32|         64|
    |ap_sig_allocacmp_p_load521              |    9|          2|   32|         64|
    |ap_sig_allocacmp_p_load523              |    9|          2|   32|         64|
    |ap_sig_allocacmp_p_load525              |    9|          2|   32|         64|
    |ap_sig_allocacmp_p_load527              |    9|          2|   32|         64|
    |ap_sig_allocacmp_p_load529              |    9|          2|   32|         64|
    |ap_sig_allocacmp_p_load531              |    9|          2|   32|         64|
    |ap_sig_allocacmp_p_load533              |    9|          2|   32|         64|
    |ap_sig_allocacmp_p_load535              |    9|          2|   32|         64|
    |ap_sig_allocacmp_p_load537              |    9|          2|   32|         64|
    |ap_sig_allocacmp_p_load539              |    9|          2|   32|         64|
    |ap_sig_allocacmp_p_load541              |    9|          2|   32|         64|
    |ap_sig_allocacmp_p_load543              |    9|          2|   32|         64|
    |ap_sig_allocacmp_p_load545              |    9|          2|   32|         64|
    |ap_sig_allocacmp_p_load547              |    9|          2|   32|         64|
    |ap_sig_allocacmp_p_load549              |    9|          2|   32|         64|
    |ap_sig_allocacmp_p_load551              |    9|          2|   32|         64|
    |ap_sig_allocacmp_p_load553              |    9|          2|   32|         64|
    |ap_sig_allocacmp_p_load555              |    9|          2|   32|         64|
    |ap_sig_allocacmp_p_load557              |    9|          2|   32|         64|
    |ap_sig_allocacmp_p_load559              |    9|          2|   32|         64|
    |ap_sig_allocacmp_p_load561              |    9|          2|   32|         64|
    |ap_sig_allocacmp_p_load563              |    9|          2|   32|         64|
    |ap_sig_allocacmp_p_load565              |    9|          2|   32|         64|
    |ap_sig_allocacmp_p_load567              |    9|          2|   32|         64|
    |ap_sig_allocacmp_p_load569              |    9|          2|   32|         64|
    |ap_sig_allocacmp_p_load571              |    9|          2|   32|         64|
    |ap_sig_allocacmp_p_load573              |    9|          2|   32|         64|
    |ap_sig_allocacmp_p_load575              |    9|          2|   32|         64|
    |ap_sig_allocacmp_p_load577              |    9|          2|   32|         64|
    |ap_sig_allocacmp_p_load579              |    9|          2|   32|         64|
    |ap_sig_allocacmp_p_load581              |    9|          2|   32|         64|
    |ap_sig_allocacmp_p_load583              |    9|          2|   32|         64|
    |ap_sig_allocacmp_p_load585              |    9|          2|   32|         64|
    |ap_sig_allocacmp_p_load587              |    9|          2|   32|         64|
    |ap_sig_allocacmp_p_load589              |    9|          2|   32|         64|
    |ap_sig_allocacmp_p_load591              |    9|          2|   32|         64|
    |ap_sig_allocacmp_p_load593              |    9|          2|   32|         64|
    |ap_sig_allocacmp_p_load595              |    9|          2|   32|         64|
    |ap_sig_allocacmp_p_load597              |    9|          2|   32|         64|
    |ap_sig_allocacmp_p_load599              |    9|          2|   32|         64|
    |ap_sig_allocacmp_p_load601              |    9|          2|   32|         64|
    |ap_sig_allocacmp_p_load603              |    9|          2|   32|         64|
    |ap_sig_allocacmp_p_load605              |    9|          2|   32|         64|
    |ap_sig_allocacmp_p_load607              |    9|          2|   32|         64|
    |ap_sig_allocacmp_p_load609              |    9|          2|   32|         64|
    |ap_sig_allocacmp_p_load611              |    9|          2|   32|         64|
    |ap_sig_allocacmp_p_load613              |    9|          2|   32|         64|
    |ap_sig_allocacmp_p_load615              |    9|          2|   32|         64|
    |ap_sig_allocacmp_p_load617              |    9|          2|   32|         64|
    |ap_sig_allocacmp_p_load619              |    9|          2|   32|         64|
    |ap_sig_allocacmp_p_load621              |    9|          2|   32|         64|
    |ap_sig_allocacmp_p_load623              |    9|          2|   32|         64|
    |ap_sig_allocacmp_p_load625              |    9|          2|   32|         64|
    |ap_sig_allocacmp_p_load627              |    9|          2|   32|         64|
    |ap_sig_allocacmp_p_load629              |    9|          2|   32|         64|
    |ap_sig_allocacmp_p_load631              |    9|          2|   32|         64|
    |ap_sig_allocacmp_p_load633              |    9|          2|   32|         64|
    |ap_sig_allocacmp_p_load635              |    9|          2|   32|         64|
    |ap_sig_allocacmp_p_load637              |    9|          2|   32|         64|
    |ap_sig_allocacmp_p_load639              |    9|          2|   32|         64|
    |ap_sig_allocacmp_p_load641              |    9|          2|   32|         64|
    |ap_sig_allocacmp_p_load643              |    9|          2|   32|         64|
    |ap_sig_allocacmp_p_load645              |    9|          2|   32|         64|
    |ap_sig_allocacmp_p_load647              |    9|          2|   32|         64|
    |ap_sig_allocacmp_p_load649              |    9|          2|   32|         64|
    |ap_sig_allocacmp_p_load651              |    9|          2|   32|         64|
    |ap_sig_allocacmp_p_load653              |    9|          2|   32|         64|
    |ap_sig_allocacmp_p_load655              |    9|          2|   32|         64|
    |ap_sig_allocacmp_p_load657              |    9|          2|   32|         64|
    |ap_sig_allocacmp_p_load659              |    9|          2|   32|         64|
    |ap_sig_allocacmp_p_load661              |    9|          2|   32|         64|
    |ap_sig_allocacmp_p_load663              |    9|          2|   32|         64|
    |ap_sig_allocacmp_p_load665              |    9|          2|   32|         64|
    |ap_sig_allocacmp_p_load667              |    9|          2|   32|         64|
    |ap_sig_allocacmp_p_load669              |    9|          2|   32|         64|
    |ap_sig_allocacmp_p_load671              |    9|          2|   32|         64|
    |ap_sig_allocacmp_p_load673              |    9|          2|   32|         64|
    |ap_sig_allocacmp_p_load675              |    9|          2|   32|         64|
    |ap_sig_allocacmp_p_load677              |    9|          2|   32|         64|
    |ap_sig_allocacmp_p_load679              |    9|          2|   32|         64|
    |ap_sig_allocacmp_p_load681              |    9|          2|   32|         64|
    |ap_sig_allocacmp_p_load683              |    9|          2|   32|         64|
    |ap_sig_allocacmp_p_load685              |    9|          2|   32|         64|
    |ap_sig_allocacmp_p_load687              |    9|          2|   32|         64|
    |ap_sig_allocacmp_p_load689              |    9|          2|   32|         64|
    |ap_sig_allocacmp_p_load691              |    9|          2|   32|         64|
    |ap_sig_allocacmp_p_load693              |    9|          2|   32|         64|
    |ap_sig_allocacmp_p_load695              |    9|          2|   32|         64|
    |ap_sig_allocacmp_p_load697              |    9|          2|   32|         64|
    |ap_sig_allocacmp_p_load699              |    9|          2|   32|         64|
    |ap_sig_allocacmp_p_load701              |    9|          2|   32|         64|
    |ap_sig_allocacmp_p_load703              |    9|          2|   32|         64|
    |ap_sig_allocacmp_p_load705              |    9|          2|   32|         64|
    |ap_sig_allocacmp_p_load707              |    9|          2|   32|         64|
    |ap_sig_allocacmp_p_load709              |    9|          2|   32|         64|
    |ap_sig_allocacmp_p_load711              |    9|          2|   32|         64|
    |ap_sig_allocacmp_p_load713              |    9|          2|   32|         64|
    |ap_sig_allocacmp_p_load715              |    9|          2|   32|         64|
    |ap_sig_allocacmp_p_load717              |    9|          2|   32|         64|
    |ap_sig_allocacmp_p_load719              |    9|          2|   32|         64|
    |ap_sig_allocacmp_p_load721              |    9|          2|   32|         64|
    |ap_sig_allocacmp_p_load723              |    9|          2|   32|         64|
    |ap_sig_allocacmp_p_load725              |    9|          2|   32|         64|
    |ap_sig_allocacmp_p_load727              |    9|          2|   32|         64|
    |ap_sig_allocacmp_p_load729              |    9|          2|   32|         64|
    |ap_sig_allocacmp_p_load731              |    9|          2|   32|         64|
    |ap_sig_allocacmp_p_load733              |    9|          2|   32|         64|
    |ap_sig_allocacmp_p_load735              |    9|          2|   32|         64|
    |ap_sig_allocacmp_p_load737              |    9|          2|   32|         64|
    |ap_sig_allocacmp_p_load739              |    9|          2|   32|         64|
    |ap_sig_allocacmp_p_load741              |    9|          2|   32|         64|
    |ap_sig_allocacmp_p_load743              |    9|          2|   32|         64|
    |ap_sig_allocacmp_p_load745              |    9|          2|   32|         64|
    |ap_sig_allocacmp_p_load747              |    9|          2|   32|         64|
    |ap_sig_allocacmp_p_load749              |    9|          2|   32|         64|
    |ap_sig_allocacmp_p_load751              |    9|          2|   32|         64|
    |ap_sig_allocacmp_p_load753              |    9|          2|   32|         64|
    |ap_sig_allocacmp_p_load755              |    9|          2|   32|         64|
    |ap_sig_allocacmp_p_load757              |    9|          2|   32|         64|
    |ap_sig_allocacmp_p_load759              |    9|          2|   32|         64|
    |ap_sig_allocacmp_p_load761              |    9|          2|   32|         64|
    |ap_sig_allocacmp_p_load763              |    9|          2|   32|         64|
    |ap_sig_allocacmp_p_load765              |    9|          2|   32|         64|
    |ap_sig_allocacmp_p_load767              |    9|          2|   32|         64|
    |ap_sig_allocacmp_p_load769              |    9|          2|   32|         64|
    |empty_100_fu_1026                       |    9|          2|   32|         64|
    |empty_101_fu_1030                       |    9|          2|   32|         64|
    |empty_102_fu_1034                       |    9|          2|   32|         64|
    |empty_103_fu_1038                       |    9|          2|   32|         64|
    |empty_104_fu_1042                       |    9|          2|   32|         64|
    |empty_105_fu_1046                       |    9|          2|   32|         64|
    |empty_106_fu_1050                       |    9|          2|   32|         64|
    |empty_107_fu_1054                       |    9|          2|   32|         64|
    |empty_108_fu_1058                       |    9|          2|   32|         64|
    |empty_109_fu_1062                       |    9|          2|   32|         64|
    |empty_110_fu_1066                       |    9|          2|   32|         64|
    |empty_111_fu_1070                       |    9|          2|   32|         64|
    |empty_112_fu_1074                       |    9|          2|   32|         64|
    |empty_113_fu_1078                       |    9|          2|   32|         64|
    |empty_114_fu_1082                       |    9|          2|   32|         64|
    |empty_115_fu_1086                       |    9|          2|   32|         64|
    |empty_116_fu_1090                       |    9|          2|   32|         64|
    |empty_117_fu_1094                       |    9|          2|   32|         64|
    |empty_118_fu_1098                       |    9|          2|   32|         64|
    |empty_119_fu_1102                       |    9|          2|   32|         64|
    |empty_120_fu_1106                       |    9|          2|   32|         64|
    |empty_121_fu_1110                       |    9|          2|   32|         64|
    |empty_122_fu_1114                       |    9|          2|   32|         64|
    |empty_123_fu_1118                       |    9|          2|   32|         64|
    |empty_124_fu_1122                       |    9|          2|   32|         64|
    |empty_125_fu_1126                       |    9|          2|   32|         64|
    |empty_126_fu_1130                       |    9|          2|   32|         64|
    |empty_127_fu_1134                       |    9|          2|   32|         64|
    |empty_128_fu_1138                       |    9|          2|   32|         64|
    |empty_129_fu_1142                       |    9|          2|   32|         64|
    |empty_130_fu_1146                       |    9|          2|   32|         64|
    |empty_131_fu_1150                       |    9|          2|   32|         64|
    |empty_132_fu_1154                       |    9|          2|   32|         64|
    |empty_133_fu_1158                       |    9|          2|   32|         64|
    |empty_134_fu_1162                       |    9|          2|   32|         64|
    |empty_135_fu_1166                       |    9|          2|   32|         64|
    |empty_136_fu_1170                       |    9|          2|   32|         64|
    |empty_137_fu_1174                       |    9|          2|   32|         64|
    |empty_138_fu_1178                       |    9|          2|   32|         64|
    |empty_139_fu_1182                       |    9|          2|   32|         64|
    |empty_140_fu_1186                       |    9|          2|   32|         64|
    |empty_141_fu_1190                       |    9|          2|   32|         64|
    |empty_142_fu_1194                       |    9|          2|   32|         64|
    |empty_143_fu_1198                       |    9|          2|   32|         64|
    |empty_144_fu_1202                       |    9|          2|   32|         64|
    |empty_145_fu_1206                       |    9|          2|   32|         64|
    |empty_146_fu_1210                       |    9|          2|   32|         64|
    |empty_147_fu_1214                       |    9|          2|   32|         64|
    |empty_148_fu_1218                       |    9|          2|   32|         64|
    |empty_149_fu_1222                       |    9|          2|   32|         64|
    |empty_150_fu_1226                       |    9|          2|   32|         64|
    |empty_151_fu_1230                       |    9|          2|   32|         64|
    |empty_152_fu_1234                       |    9|          2|   32|         64|
    |empty_153_fu_1238                       |    9|          2|   32|         64|
    |empty_154_fu_1242                       |    9|          2|   32|         64|
    |empty_155_fu_1246                       |    9|          2|   32|         64|
    |empty_156_fu_1250                       |    9|          2|   32|         64|
    |empty_157_fu_1254                       |    9|          2|   32|         64|
    |empty_158_fu_1258                       |    9|          2|   32|         64|
    |empty_159_fu_1262                       |    9|          2|   32|         64|
    |empty_160_fu_1266                       |    9|          2|   32|         64|
    |empty_161_fu_1270                       |    9|          2|   32|         64|
    |empty_162_fu_1274                       |    9|          2|   32|         64|
    |empty_163_fu_1278                       |    9|          2|   32|         64|
    |empty_164_fu_1282                       |    9|          2|   32|         64|
    |empty_165_fu_1286                       |    9|          2|   32|         64|
    |empty_166_fu_1290                       |    9|          2|   32|         64|
    |empty_167_fu_1294                       |    9|          2|   32|         64|
    |empty_168_fu_1298                       |    9|          2|   32|         64|
    |empty_169_fu_1302                       |    9|          2|   32|         64|
    |empty_170_fu_1306                       |    9|          2|   32|         64|
    |empty_171_fu_1310                       |    9|          2|   32|         64|
    |empty_172_fu_1314                       |    9|          2|   32|         64|
    |empty_173_fu_1318                       |    9|          2|   32|         64|
    |empty_174_fu_1322                       |    9|          2|   32|         64|
    |empty_175_fu_1326                       |    9|          2|   32|         64|
    |empty_176_fu_1330                       |    9|          2|   32|         64|
    |empty_177_fu_1334                       |    9|          2|   32|         64|
    |empty_178_fu_1338                       |    9|          2|   32|         64|
    |empty_179_fu_1342                       |    9|          2|   32|         64|
    |empty_180_fu_1346                       |    9|          2|   32|         64|
    |empty_181_fu_1350                       |    9|          2|   32|         64|
    |empty_182_fu_1354                       |    9|          2|   32|         64|
    |empty_183_fu_1358                       |    9|          2|   32|         64|
    |empty_184_fu_1362                       |    9|          2|   32|         64|
    |empty_185_fu_1366                       |    9|          2|   32|         64|
    |empty_186_fu_1370                       |    9|          2|   32|         64|
    |empty_187_fu_1374                       |    9|          2|   32|         64|
    |empty_188_fu_1378                       |    9|          2|   32|         64|
    |empty_189_fu_1382                       |    9|          2|   32|         64|
    |empty_190_fu_1386                       |    9|          2|   32|         64|
    |empty_191_fu_1390                       |    9|          2|   32|         64|
    |empty_192_fu_1394                       |    9|          2|   32|         64|
    |empty_193_fu_1398                       |    9|          2|   32|         64|
    |empty_194_fu_1402                       |    9|          2|   32|         64|
    |empty_195_fu_1406                       |    9|          2|   32|         64|
    |empty_196_fu_1410                       |    9|          2|   32|         64|
    |empty_197_fu_1414                       |    9|          2|   32|         64|
    |empty_198_fu_1418                       |    9|          2|   32|         64|
    |empty_199_fu_1422                       |    9|          2|   32|         64|
    |empty_200_fu_1426                       |    9|          2|   32|         64|
    |empty_201_fu_1430                       |    9|          2|   32|         64|
    |empty_202_fu_1434                       |    9|          2|   32|         64|
    |empty_203_fu_1438                       |    9|          2|   32|         64|
    |empty_204_fu_1442                       |    9|          2|   32|         64|
    |empty_205_fu_1446                       |    9|          2|   32|         64|
    |empty_206_fu_1450                       |    9|          2|   32|         64|
    |empty_207_fu_1454                       |    9|          2|   32|         64|
    |empty_208_fu_1458                       |    9|          2|   32|         64|
    |empty_209_fu_1462                       |    9|          2|   32|         64|
    |empty_210_fu_1466                       |    9|          2|   32|         64|
    |empty_211_fu_1470                       |    9|          2|   32|         64|
    |empty_212_fu_1474                       |    9|          2|   32|         64|
    |empty_213_fu_1478                       |    9|          2|   32|         64|
    |empty_214_fu_1482                       |    9|          2|   32|         64|
    |empty_215_fu_1486                       |    9|          2|   32|         64|
    |empty_216_fu_1490                       |    9|          2|   32|         64|
    |empty_217_fu_1494                       |    9|          2|   32|         64|
    |empty_218_fu_1498                       |    9|          2|   32|         64|
    |empty_219_fu_1502                       |    9|          2|   32|         64|
    |empty_220_fu_1506                       |    9|          2|   32|         64|
    |empty_221_fu_1510                       |    9|          2|   32|         64|
    |empty_222_fu_1514                       |    9|          2|   32|         64|
    |empty_223_fu_1518                       |    9|          2|   32|         64|
    |empty_224_fu_1522                       |    9|          2|   32|         64|
    |empty_225_fu_1526                       |    9|          2|   32|         64|
    |empty_226_fu_1530                       |    9|          2|   32|         64|
    |empty_227_fu_1534                       |    9|          2|   32|         64|
    |empty_228_fu_1538                       |    9|          2|   32|         64|
    |empty_229_fu_1542                       |    9|          2|   32|         64|
    |empty_230_fu_1546                       |    9|          2|   32|         64|
    |empty_231_fu_1550                       |    9|          2|   32|         64|
    |empty_232_fu_1554                       |    9|          2|   32|         64|
    |empty_233_fu_1558                       |    9|          2|   32|         64|
    |empty_234_fu_1562                       |    9|          2|   32|         64|
    |empty_235_fu_1566                       |    9|          2|   32|         64|
    |empty_236_fu_1570                       |    9|          2|   32|         64|
    |empty_237_fu_1574                       |    9|          2|   32|         64|
    |empty_238_fu_1578                       |    9|          2|   32|         64|
    |empty_239_fu_1582                       |    9|          2|   32|         64|
    |empty_240_fu_1586                       |    9|          2|   32|         64|
    |empty_241_fu_1590                       |    9|          2|   32|         64|
    |empty_242_fu_1594                       |    9|          2|   32|         64|
    |empty_243_fu_1598                       |    9|          2|   32|         64|
    |empty_244_fu_1602                       |    9|          2|   32|         64|
    |empty_245_fu_1606                       |    9|          2|   32|         64|
    |empty_246_fu_1610                       |    9|          2|   32|         64|
    |empty_247_fu_1614                       |    9|          2|   32|         64|
    |empty_248_fu_1618                       |    9|          2|   32|         64|
    |empty_249_fu_1622                       |    9|          2|   32|         64|
    |empty_250_fu_1626                       |    9|          2|   32|         64|
    |empty_251_fu_1630                       |    9|          2|   32|         64|
    |empty_252_fu_1634                       |    9|          2|   32|         64|
    |empty_253_fu_1638                       |    9|          2|   32|         64|
    |empty_254_fu_1642                       |    9|          2|   32|         64|
    |empty_255_fu_1646                       |    9|          2|   32|         64|
    |empty_256_fu_1650                       |    9|          2|   32|         64|
    |empty_257_fu_1654                       |    9|          2|   32|         64|
    |empty_258_fu_1658                       |    9|          2|   32|         64|
    |empty_259_fu_1662                       |    9|          2|   32|         64|
    |empty_260_fu_1666                       |    9|          2|   32|         64|
    |empty_261_fu_1670                       |    9|          2|   32|         64|
    |empty_262_fu_1674                       |    9|          2|   32|         64|
    |empty_263_fu_1678                       |    9|          2|   32|         64|
    |empty_264_fu_1682                       |    9|          2|   32|         64|
    |empty_265_fu_1686                       |    9|          2|   32|         64|
    |empty_266_fu_1690                       |    9|          2|   32|         64|
    |empty_267_fu_1694                       |    9|          2|   32|         64|
    |empty_268_fu_1698                       |    9|          2|   32|         64|
    |empty_269_fu_1702                       |    9|          2|   32|         64|
    |empty_270_fu_1706                       |    9|          2|   32|         64|
    |empty_271_fu_1710                       |    9|          2|   32|         64|
    |empty_272_fu_1714                       |    9|          2|   32|         64|
    |empty_273_fu_1718                       |    9|          2|   32|         64|
    |empty_274_fu_1722                       |    9|          2|   32|         64|
    |empty_275_fu_1726                       |    9|          2|   32|         64|
    |empty_276_fu_1730                       |    9|          2|   32|         64|
    |empty_277_fu_1734                       |    9|          2|   32|         64|
    |empty_278_fu_1738                       |    9|          2|   32|         64|
    |empty_279_fu_1742                       |    9|          2|   32|         64|
    |empty_280_fu_1746                       |    9|          2|   32|         64|
    |empty_281_fu_1750                       |    9|          2|   32|         64|
    |empty_282_fu_1754                       |    9|          2|   32|         64|
    |empty_283_fu_1758                       |    9|          2|   32|         64|
    |empty_284_fu_1762                       |    9|          2|   32|         64|
    |empty_285_fu_1766                       |    9|          2|   32|         64|
    |empty_286_fu_1770                       |    9|          2|   32|         64|
    |empty_287_fu_1774                       |    9|          2|   32|         64|
    |empty_288_fu_1778                       |    9|          2|   32|         64|
    |empty_289_fu_1782                       |    9|          2|   32|         64|
    |empty_290_fu_1786                       |    9|          2|   32|         64|
    |empty_291_fu_1790                       |    9|          2|   32|         64|
    |empty_292_fu_1794                       |    9|          2|   32|         64|
    |empty_293_fu_1798                       |    9|          2|   32|         64|
    |empty_294_fu_1802                       |    9|          2|   32|         64|
    |empty_295_fu_1806                       |    9|          2|   32|         64|
    |empty_296_fu_1810                       |    9|          2|   32|         64|
    |empty_42_fu_794                         |    9|          2|   32|         64|
    |empty_43_fu_798                         |    9|          2|   32|         64|
    |empty_44_fu_802                         |    9|          2|   32|         64|
    |empty_45_fu_806                         |    9|          2|   32|         64|
    |empty_46_fu_810                         |    9|          2|   32|         64|
    |empty_47_fu_814                         |    9|          2|   32|         64|
    |empty_48_fu_818                         |    9|          2|   32|         64|
    |empty_49_fu_822                         |    9|          2|   32|         64|
    |empty_50_fu_826                         |    9|          2|   32|         64|
    |empty_51_fu_830                         |    9|          2|   32|         64|
    |empty_52_fu_834                         |    9|          2|   32|         64|
    |empty_53_fu_838                         |    9|          2|   32|         64|
    |empty_54_fu_842                         |    9|          2|   32|         64|
    |empty_55_fu_846                         |    9|          2|   32|         64|
    |empty_56_fu_850                         |    9|          2|   32|         64|
    |empty_57_fu_854                         |    9|          2|   32|         64|
    |empty_58_fu_858                         |    9|          2|   32|         64|
    |empty_59_fu_862                         |    9|          2|   32|         64|
    |empty_60_fu_866                         |    9|          2|   32|         64|
    |empty_61_fu_870                         |    9|          2|   32|         64|
    |empty_62_fu_874                         |    9|          2|   32|         64|
    |empty_63_fu_878                         |    9|          2|   32|         64|
    |empty_64_fu_882                         |    9|          2|   32|         64|
    |empty_65_fu_886                         |    9|          2|   32|         64|
    |empty_66_fu_890                         |    9|          2|   32|         64|
    |empty_67_fu_894                         |    9|          2|   32|         64|
    |empty_68_fu_898                         |    9|          2|   32|         64|
    |empty_69_fu_902                         |    9|          2|   32|         64|
    |empty_70_fu_906                         |    9|          2|   32|         64|
    |empty_71_fu_910                         |    9|          2|   32|         64|
    |empty_72_fu_914                         |    9|          2|   32|         64|
    |empty_73_fu_918                         |    9|          2|   32|         64|
    |empty_74_fu_922                         |    9|          2|   32|         64|
    |empty_75_fu_926                         |    9|          2|   32|         64|
    |empty_76_fu_930                         |    9|          2|   32|         64|
    |empty_77_fu_934                         |    9|          2|   32|         64|
    |empty_78_fu_938                         |    9|          2|   32|         64|
    |empty_79_fu_942                         |    9|          2|   32|         64|
    |empty_80_fu_946                         |    9|          2|   32|         64|
    |empty_81_fu_950                         |    9|          2|   32|         64|
    |empty_82_fu_954                         |    9|          2|   32|         64|
    |empty_83_fu_958                         |    9|          2|   32|         64|
    |empty_84_fu_962                         |    9|          2|   32|         64|
    |empty_85_fu_966                         |    9|          2|   32|         64|
    |empty_86_fu_970                         |    9|          2|   32|         64|
    |empty_87_fu_974                         |    9|          2|   32|         64|
    |empty_88_fu_978                         |    9|          2|   32|         64|
    |empty_89_fu_982                         |    9|          2|   32|         64|
    |empty_90_fu_986                         |    9|          2|   32|         64|
    |empty_91_fu_990                         |    9|          2|   32|         64|
    |empty_92_fu_994                         |    9|          2|   32|         64|
    |empty_93_fu_998                         |    9|          2|   32|         64|
    |empty_94_fu_1002                        |    9|          2|   32|         64|
    |empty_95_fu_1006                        |    9|          2|   32|         64|
    |empty_96_fu_1010                        |    9|          2|   32|         64|
    |empty_97_fu_1014                        |    9|          2|   32|         64|
    |empty_98_fu_1018                        |    9|          2|   32|         64|
    |empty_99_fu_1022                        |    9|          2|   32|         64|
    |empty_fu_790                            |    9|          2|   32|         64|
    |grp_fu_3835_p0                          |   31|          6|   32|        192|
    |grp_fu_3835_p1                          |   31|          6|   32|        192|
    |grp_fu_3839_p0                          |   31|          6|   32|        192|
    |grp_fu_3839_p1                          |   31|          6|   32|        192|
    |grp_fu_3843_p0                          |   31|          6|   32|        192|
    |grp_fu_3843_p1                          |   31|          6|   32|        192|
    |grp_fu_3847_p0                          |   31|          6|   32|        192|
    |grp_fu_3847_p1                          |   31|          6|   32|        192|
    |grp_fu_3851_p0                          |   31|          6|   32|        192|
    |grp_fu_3851_p1                          |   31|          6|   32|        192|
    |grp_fu_3855_p0                          |   31|          6|   32|        192|
    |grp_fu_3855_p1                          |   31|          6|   32|        192|
    |grp_fu_3859_p0                          |   31|          6|   32|        192|
    |grp_fu_3859_p1                          |   31|          6|   32|        192|
    |grp_fu_3863_p0                          |   31|          6|   32|        192|
    |grp_fu_3863_p1                          |   31|          6|   32|        192|
    |grp_fu_3867_p0                          |   31|          6|   32|        192|
    |grp_fu_3867_p1                          |   31|          6|   32|        192|
    |grp_fu_3871_p0                          |   31|          6|   32|        192|
    |grp_fu_3871_p1                          |   31|          6|   32|        192|
    |grp_fu_3875_p0                          |   31|          6|   32|        192|
    |grp_fu_3875_p1                          |   31|          6|   32|        192|
    |grp_fu_3879_p0                          |   31|          6|   32|        192|
    |grp_fu_3879_p1                          |   31|          6|   32|        192|
    |grp_fu_3883_p0                          |   31|          6|   32|        192|
    |grp_fu_3883_p1                          |   31|          6|   32|        192|
    |grp_fu_3887_p0                          |   31|          6|   32|        192|
    |grp_fu_3887_p1                          |   31|          6|   32|        192|
    |grp_fu_3891_p0                          |   31|          6|   32|        192|
    |grp_fu_3891_p1                          |   31|          6|   32|        192|
    |grp_fu_3895_p0                          |   31|          6|   32|        192|
    |grp_fu_3895_p1                          |   31|          6|   32|        192|
    |grp_fu_3899_p0                          |   31|          6|   32|        192|
    |grp_fu_3899_p1                          |   31|          6|   32|        192|
    |grp_fu_3903_p0                          |   31|          6|   32|        192|
    |grp_fu_3903_p1                          |   31|          6|   32|        192|
    |grp_fu_3907_p0                          |   31|          6|   32|        192|
    |grp_fu_3907_p1                          |   31|          6|   32|        192|
    |grp_fu_3911_p0                          |   31|          6|   32|        192|
    |grp_fu_3911_p1                          |   31|          6|   32|        192|
    |grp_fu_3915_p0                          |   31|          6|   32|        192|
    |grp_fu_3915_p1                          |   31|          6|   32|        192|
    |grp_fu_3919_p0                          |   31|          6|   32|        192|
    |grp_fu_3919_p1                          |   31|          6|   32|        192|
    |grp_fu_3923_p0                          |   31|          6|   32|        192|
    |grp_fu_3923_p1                          |   31|          6|   32|        192|
    |grp_fu_3927_p0                          |   31|          6|   32|        192|
    |grp_fu_3927_p1                          |   31|          6|   32|        192|
    |grp_fu_3931_p0                          |   31|          6|   32|        192|
    |grp_fu_3931_p1                          |   31|          6|   32|        192|
    |grp_fu_3935_p0                          |   31|          6|   32|        192|
    |grp_fu_3935_p1                          |   31|          6|   32|        192|
    |grp_fu_3939_p0                          |   31|          6|   32|        192|
    |grp_fu_3939_p1                          |   31|          6|   32|        192|
    |grp_fu_3943_p0                          |   31|          6|   32|        192|
    |grp_fu_3943_p1                          |   31|          6|   32|        192|
    |grp_fu_3947_p0                          |   31|          6|   32|        192|
    |grp_fu_3947_p1                          |   31|          6|   32|        192|
    |grp_fu_3951_p0                          |   31|          6|   32|        192|
    |grp_fu_3951_p1                          |   31|          6|   32|        192|
    |grp_fu_3955_p0                          |   31|          6|   32|        192|
    |grp_fu_3955_p1                          |   31|          6|   32|        192|
    |grp_fu_3959_p0                          |   31|          6|   32|        192|
    |grp_fu_3959_p1                          |   31|          6|   32|        192|
    |grp_fu_3963_p0                          |   31|          6|   32|        192|
    |grp_fu_3963_p1                          |   31|          6|   32|        192|
    |grp_fu_3967_p0                          |   31|          6|   32|        192|
    |grp_fu_3967_p1                          |   31|          6|   32|        192|
    |grp_fu_3971_p0                          |   31|          6|   32|        192|
    |grp_fu_3971_p1                          |   31|          6|   32|        192|
    |grp_fu_3975_p0                          |   31|          6|   32|        192|
    |grp_fu_3975_p1                          |   31|          6|   32|        192|
    |grp_fu_3979_p0                          |   31|          6|   32|        192|
    |grp_fu_3979_p1                          |   31|          6|   32|        192|
    |grp_fu_3983_p0                          |   31|          6|   32|        192|
    |grp_fu_3983_p1                          |   31|          6|   32|        192|
    |grp_fu_3987_p0                          |   31|          6|   32|        192|
    |grp_fu_3987_p1                          |   31|          6|   32|        192|
    |grp_fu_3991_p0                          |   31|          6|   32|        192|
    |grp_fu_3991_p1                          |   31|          6|   32|        192|
    |grp_fu_3995_p0                          |   31|          6|   32|        192|
    |grp_fu_3995_p1                          |   31|          6|   32|        192|
    |grp_fu_3999_p0                          |   31|          6|   32|        192|
    |grp_fu_3999_p1                          |   31|          6|   32|        192|
    |grp_fu_4003_p0                          |   31|          6|   32|        192|
    |grp_fu_4003_p1                          |   31|          6|   32|        192|
    |grp_fu_4007_p0                          |   31|          6|   32|        192|
    |grp_fu_4007_p1                          |   31|          6|   32|        192|
    |grp_fu_4011_p0                          |   31|          6|   32|        192|
    |grp_fu_4011_p1                          |   31|          6|   32|        192|
    |grp_fu_4015_p0                          |   31|          6|   32|        192|
    |grp_fu_4015_p1                          |   31|          6|   32|        192|
    |grp_fu_4019_p0                          |   31|          6|   32|        192|
    |grp_fu_4019_p1                          |   31|          6|   32|        192|
    |grp_fu_4023_p0                          |   31|          6|   32|        192|
    |grp_fu_4023_p1                          |   31|          6|   32|        192|
    |grp_fu_4027_p0                          |   26|          5|   32|        160|
    |grp_fu_4027_p1                          |   26|          5|   32|        160|
    |grp_fu_4031_p0                          |   26|          5|   32|        160|
    |grp_fu_4031_p1                          |   26|          5|   32|        160|
    |grp_fu_4035_p0                          |   26|          5|   32|        160|
    |grp_fu_4035_p1                          |   26|          5|   32|        160|
    |grp_fu_4039_p0                          |   26|          5|   32|        160|
    |grp_fu_4039_p1                          |   26|          5|   32|        160|
    |grp_fu_4043_p0                          |   31|          6|   32|        192|
    |grp_fu_4043_p1                          |   31|          6|   32|        192|
    |grp_fu_4047_p0                          |   31|          6|   32|        192|
    |grp_fu_4047_p1                          |   31|          6|   32|        192|
    |grp_fu_4051_p0                          |   31|          6|   32|        192|
    |grp_fu_4051_p1                          |   31|          6|   32|        192|
    |grp_fu_4055_p0                          |   31|          6|   32|        192|
    |grp_fu_4055_p1                          |   31|          6|   32|        192|
    |grp_fu_4059_p0                          |   31|          6|   32|        192|
    |grp_fu_4059_p1                          |   31|          6|   32|        192|
    |grp_fu_4063_p0                          |   31|          6|   32|        192|
    |grp_fu_4063_p1                          |   31|          6|   32|        192|
    |grp_fu_4067_p0                          |   31|          6|   32|        192|
    |grp_fu_4067_p1                          |   31|          6|   32|        192|
    |grp_fu_4071_p0                          |   31|          6|   32|        192|
    |grp_fu_4071_p1                          |   31|          6|   32|        192|
    |grp_fu_4075_p0                          |   31|          6|   32|        192|
    |grp_fu_4075_p1                          |   31|          6|   32|        192|
    |grp_fu_4079_p0                          |   31|          6|   32|        192|
    |grp_fu_4079_p1                          |   31|          6|   32|        192|
    |grp_fu_4083_p0                          |   31|          6|   32|        192|
    |grp_fu_4083_p1                          |   31|          6|   32|        192|
    |grp_fu_4087_p0                          |   31|          6|   32|        192|
    |grp_fu_4087_p1                          |   31|          6|   32|        192|
    |grp_fu_4091_p0                          |   31|          6|   32|        192|
    |grp_fu_4091_p1                          |   31|          6|   32|        192|
    |grp_fu_4095_p0                          |   31|          6|   32|        192|
    |grp_fu_4095_p1                          |   31|          6|   32|        192|
    |grp_fu_4099_p0                          |   31|          6|   32|        192|
    |grp_fu_4099_p1                          |   31|          6|   32|        192|
    |grp_fu_4103_p0                          |   31|          6|   32|        192|
    |grp_fu_4103_p1                          |   31|          6|   32|        192|
    |grp_fu_4107_p0                          |   31|          6|   32|        192|
    |grp_fu_4107_p1                          |   31|          6|   32|        192|
    |grp_fu_4111_p0                          |   31|          6|   32|        192|
    |grp_fu_4111_p1                          |   31|          6|   32|        192|
    |grp_fu_4115_p0                          |   31|          6|   32|        192|
    |grp_fu_4115_p1                          |   31|          6|   32|        192|
    |grp_fu_4119_p0                          |   31|          6|   32|        192|
    |grp_fu_4119_p1                          |   31|          6|   32|        192|
    |grp_fu_4123_p0                          |   31|          6|   32|        192|
    |grp_fu_4123_p1                          |   31|          6|   32|        192|
    |grp_fu_4127_p0                          |   31|          6|   32|        192|
    |grp_fu_4127_p1                          |   31|          6|   32|        192|
    |grp_fu_4131_p0                          |   31|          6|   32|        192|
    |grp_fu_4131_p1                          |   31|          6|   32|        192|
    |grp_fu_4135_p0                          |   31|          6|   32|        192|
    |grp_fu_4135_p1                          |   31|          6|   32|        192|
    |grp_fu_4139_p0                          |   31|          6|   32|        192|
    |grp_fu_4139_p1                          |   31|          6|   32|        192|
    |grp_fu_4143_p0                          |   31|          6|   32|        192|
    |grp_fu_4143_p1                          |   31|          6|   32|        192|
    |grp_fu_4147_p0                          |   31|          6|   32|        192|
    |grp_fu_4147_p1                          |   31|          6|   32|        192|
    |grp_fu_4151_p0                          |   31|          6|   32|        192|
    |grp_fu_4151_p1                          |   31|          6|   32|        192|
    |grp_fu_4155_p0                          |   31|          6|   32|        192|
    |grp_fu_4155_p1                          |   31|          6|   32|        192|
    |grp_fu_4159_p0                          |   31|          6|   32|        192|
    |grp_fu_4159_p1                          |   31|          6|   32|        192|
    |grp_fu_4163_p0                          |   31|          6|   32|        192|
    |grp_fu_4163_p1                          |   31|          6|   32|        192|
    |grp_fu_4167_p0                          |   31|          6|   32|        192|
    |grp_fu_4167_p1                          |   31|          6|   32|        192|
    |grp_fu_4171_p0                          |   31|          6|   32|        192|
    |grp_fu_4171_p1                          |   31|          6|   32|        192|
    |grp_fu_4175_p0                          |   31|          6|   32|        192|
    |grp_fu_4175_p1                          |   31|          6|   32|        192|
    |grp_fu_4179_p0                          |   31|          6|   32|        192|
    |grp_fu_4179_p1                          |   31|          6|   32|        192|
    |grp_fu_4183_p0                          |   31|          6|   32|        192|
    |grp_fu_4183_p1                          |   31|          6|   32|        192|
    |grp_fu_4187_p0                          |   31|          6|   32|        192|
    |grp_fu_4187_p1                          |   31|          6|   32|        192|
    |grp_fu_4191_p0                          |   31|          6|   32|        192|
    |grp_fu_4191_p1                          |   31|          6|   32|        192|
    |grp_fu_4195_p0                          |   31|          6|   32|        192|
    |grp_fu_4195_p1                          |   31|          6|   32|        192|
    |grp_fu_4199_p0                          |   31|          6|   32|        192|
    |grp_fu_4199_p1                          |   31|          6|   32|        192|
    |grp_fu_4203_p0                          |   31|          6|   32|        192|
    |grp_fu_4203_p1                          |   31|          6|   32|        192|
    |grp_fu_4207_p0                          |   31|          6|   32|        192|
    |grp_fu_4207_p1                          |   31|          6|   32|        192|
    |grp_fu_4211_p0                          |   31|          6|   32|        192|
    |grp_fu_4211_p1                          |   31|          6|   32|        192|
    |grp_fu_4215_p0                          |   31|          6|   32|        192|
    |grp_fu_4215_p1                          |   31|          6|   32|        192|
    |grp_fu_4219_p0                          |   31|          6|   32|        192|
    |grp_fu_4219_p1                          |   31|          6|   32|        192|
    |grp_fu_4223_p0                          |   31|          6|   32|        192|
    |grp_fu_4223_p1                          |   31|          6|   32|        192|
    |grp_fu_4227_p0                          |   31|          6|   32|        192|
    |grp_fu_4227_p1                          |   31|          6|   32|        192|
    |grp_fu_4231_p0                          |   31|          6|   32|        192|
    |grp_fu_4231_p1                          |   31|          6|   32|        192|
    |grp_fu_4235_p0                          |   26|          5|   32|        160|
    |grp_fu_4235_p1                          |   26|          5|   32|        160|
    |grp_fu_4239_p0                          |   26|          5|   32|        160|
    |grp_fu_4239_p1                          |   26|          5|   32|        160|
    |grp_fu_4243_p0                          |   26|          5|   32|        160|
    |grp_fu_4243_p1                          |   26|          5|   32|        160|
    |grp_fu_4247_p0                          |   26|          5|   32|        160|
    |grp_fu_4247_p1                          |   26|          5|   32|        160|
    |k_fu_1814                               |    9|          2|   13|         26|
    +----------------------------------------+-----+-----------+-----+-----------+
    |Total                                   |11099|       2282|23092|      72338|
    +----------------------------------------+-----+-----------+-----+-----------+

    * Register: 
    +----------------------------------------+-----+----+-----+-----------+
    |                  Name                  |  FF | LUT| Bits| Const Bits|
    +----------------------------------------+-----+----+-----+-----------+
    |ap_CS_fsm                               |    5|   0|    5|          0|
    |ap_done_reg                             |    1|   0|    1|          0|
    |ap_enable_reg_pp0_iter0_reg             |    1|   0|    1|          0|
    |ap_enable_reg_pp0_iter1                 |    1|   0|    1|          0|
    |ap_enable_reg_pp0_iter2                 |    1|   0|    1|          0|
    |ap_enable_reg_pp0_iter3                 |    1|   0|    1|          0|
    |ap_loop_exit_ready_pp0_iter1_reg        |    1|   0|    1|          0|
    |ap_loop_exit_ready_pp0_iter2_reg        |    1|   0|    1|          0|
    |ap_phi_reg_pp0_iter0_bits_267_reg_3822  |   19|   0|   32|         13|
    |ap_predicate_pred5398_state4            |    1|   0|    1|          0|
    |ap_predicate_pred5409_state4            |    1|   0|    1|          0|
    |ap_predicate_pred5415_state4            |    1|   0|    1|          0|
    |ap_predicate_pred5420_state4            |    1|   0|    1|          0|
    |bitcast_ln166_10_reg_51874              |   32|   0|   32|          0|
    |bitcast_ln166_11_reg_51890              |   32|   0|   32|          0|
    |bitcast_ln166_12_reg_51906              |   32|   0|   32|          0|
    |bitcast_ln166_13_reg_51922              |   32|   0|   32|          0|
    |bitcast_ln166_14_reg_51938              |   32|   0|   32|          0|
    |bitcast_ln166_15_reg_51954              |   32|   0|   32|          0|
    |bitcast_ln166_16_reg_51969              |   32|   0|   32|          0|
    |bitcast_ln166_17_reg_51977              |   32|   0|   32|          0|
    |bitcast_ln166_18_reg_51985              |   32|   0|   32|          0|
    |bitcast_ln166_19_reg_51993              |   32|   0|   32|          0|
    |bitcast_ln166_1_reg_51730               |   32|   0|   32|          0|
    |bitcast_ln166_20_reg_52001              |   32|   0|   32|          0|
    |bitcast_ln166_21_reg_52009              |   32|   0|   32|          0|
    |bitcast_ln166_22_reg_52017              |   32|   0|   32|          0|
    |bitcast_ln166_23_reg_52025              |   32|   0|   32|          0|
    |bitcast_ln166_24_reg_52033              |   32|   0|   32|          0|
    |bitcast_ln166_25_reg_52041              |   32|   0|   32|          0|
    |bitcast_ln166_26_reg_52049              |   32|   0|   32|          0|
    |bitcast_ln166_27_reg_52057              |   32|   0|   32|          0|
    |bitcast_ln166_28_reg_52065              |   32|   0|   32|          0|
    |bitcast_ln166_29_reg_52073              |   32|   0|   32|          0|
    |bitcast_ln166_2_reg_51746               |   32|   0|   32|          0|
    |bitcast_ln166_30_reg_52081              |   32|   0|   32|          0|
    |bitcast_ln166_31_reg_52089              |   32|   0|   32|          0|
    |bitcast_ln166_32_reg_52097              |   32|   0|   32|          0|
    |bitcast_ln166_33_reg_52105              |   32|   0|   32|          0|
    |bitcast_ln166_34_reg_52113              |   32|   0|   32|          0|
    |bitcast_ln166_35_reg_52121              |   32|   0|   32|          0|
    |bitcast_ln166_36_reg_52129              |   32|   0|   32|          0|
    |bitcast_ln166_37_reg_52137              |   32|   0|   32|          0|
    |bitcast_ln166_38_reg_52145              |   32|   0|   32|          0|
    |bitcast_ln166_39_reg_52153              |   32|   0|   32|          0|
    |bitcast_ln166_3_reg_51762               |   32|   0|   32|          0|
    |bitcast_ln166_40_reg_52161              |   32|   0|   32|          0|
    |bitcast_ln166_41_reg_52169              |   32|   0|   32|          0|
    |bitcast_ln166_42_reg_52177              |   32|   0|   32|          0|
    |bitcast_ln166_43_reg_52185              |   32|   0|   32|          0|
    |bitcast_ln166_44_reg_52193              |   32|   0|   32|          0|
    |bitcast_ln166_45_reg_52201              |   32|   0|   32|          0|
    |bitcast_ln166_46_reg_52209              |   32|   0|   32|          0|
    |bitcast_ln166_47_reg_52217              |   32|   0|   32|          0|
    |bitcast_ln166_48_reg_52225              |   32|   0|   32|          0|
    |bitcast_ln166_49_reg_52233              |   32|   0|   32|          0|
    |bitcast_ln166_4_reg_51778               |   32|   0|   32|          0|
    |bitcast_ln166_50_reg_52241              |   32|   0|   32|          0|
    |bitcast_ln166_51_reg_52249              |   32|   0|   32|          0|
    |bitcast_ln166_52_reg_52865              |   32|   0|   32|          0|
    |bitcast_ln166_53_reg_52873              |   32|   0|   32|          0|
    |bitcast_ln166_54_reg_52881              |   32|   0|   32|          0|
    |bitcast_ln166_55_reg_52889              |   32|   0|   32|          0|
    |bitcast_ln166_56_reg_52897              |   32|   0|   32|          0|
    |bitcast_ln166_57_reg_52905              |   32|   0|   32|          0|
    |bitcast_ln166_58_reg_52913              |   32|   0|   32|          0|
    |bitcast_ln166_59_reg_52921              |   32|   0|   32|          0|
    |bitcast_ln166_5_reg_51794               |   32|   0|   32|          0|
    |bitcast_ln166_60_reg_52929              |   32|   0|   32|          0|
    |bitcast_ln166_61_reg_52937              |   32|   0|   32|          0|
    |bitcast_ln166_62_reg_52945              |   32|   0|   32|          0|
    |bitcast_ln166_63_reg_52953              |   32|   0|   32|          0|
    |bitcast_ln166_6_reg_51810               |   32|   0|   32|          0|
    |bitcast_ln166_7_reg_51826               |   32|   0|   32|          0|
    |bitcast_ln166_8_reg_51842               |   32|   0|   32|          0|
    |bitcast_ln166_9_reg_51858               |   32|   0|   32|          0|
    |bitcast_ln166_reg_51714                 |   32|   0|   32|          0|
    |bits_268_reg_51101                      |   32|   0|   32|          0|
    |bits_269_reg_51106                      |   32|   0|   32|          0|
    |bits_270_reg_51111                      |   32|   0|   32|          0|
    |bits_271_reg_51116                      |   32|   0|   32|          0|
    |bits_272_reg_51121                      |   32|   0|   32|          0|
    |bits_273_reg_51126                      |   32|   0|   32|          0|
    |bits_274_reg_51131                      |   32|   0|   32|          0|
    |bits_275_reg_51136                      |   32|   0|   32|          0|
    |bits_276_reg_51141                      |   32|   0|   32|          0|
    |bits_277_reg_51146                      |   32|   0|   32|          0|
    |bits_278_reg_51151                      |   32|   0|   32|          0|
    |bits_279_reg_51156                      |   32|   0|   32|          0|
    |bits_280_reg_51161                      |   32|   0|   32|          0|
    |bits_281_reg_51166                      |   32|   0|   32|          0|
    |bits_282_reg_51171                      |   32|   0|   32|          0|
    |bits_283_reg_51176                      |   32|   0|   32|          0|
    |bits_284_reg_52257                      |   32|   0|   32|          0|
    |bits_285_reg_52262                      |   32|   0|   32|          0|
    |bits_286_reg_52267                      |   32|   0|   32|          0|
    |bits_287_reg_52272                      |   32|   0|   32|          0|
    |bits_288_reg_52277                      |   32|   0|   32|          0|
    |bits_289_reg_52282                      |   32|   0|   32|          0|
    |bits_290_reg_52287                      |   32|   0|   32|          0|
    |bits_291_reg_52292                      |   32|   0|   32|          0|
    |bits_292_reg_52297                      |   32|   0|   32|          0|
    |bits_293_reg_52302                      |   32|   0|   32|          0|
    |bits_294_reg_52307                      |   32|   0|   32|          0|
    |bits_295_reg_52312                      |   32|   0|   32|          0|
    |bits_296_reg_52317                      |   32|   0|   32|          0|
    |bits_297_reg_52322                      |   32|   0|   32|          0|
    |bits_298_reg_52327                      |   32|   0|   32|          0|
    |bits_299_reg_52332                      |   32|   0|   32|          0|
    |bits_300_reg_53089                      |   32|   0|   32|          0|
    |bits_301_reg_53094                      |   32|   0|   32|          0|
    |bits_302_reg_53099                      |   32|   0|   32|          0|
    |bits_303_reg_53104                      |   32|   0|   32|          0|
    |bits_304_reg_53109                      |   32|   0|   32|          0|
    |bits_305_reg_53114                      |   32|   0|   32|          0|
    |bits_306_reg_53119                      |   32|   0|   32|          0|
    |bits_307_reg_53124                      |   32|   0|   32|          0|
    |bits_308_reg_53129                      |   32|   0|   32|          0|
    |bits_309_reg_53134                      |   32|   0|   32|          0|
    |bits_310_reg_53139                      |   32|   0|   32|          0|
    |bits_311_reg_53144                      |   32|   0|   32|          0|
    |bits_312_reg_53149                      |   32|   0|   32|          0|
    |bits_313_reg_53154                      |   32|   0|   32|          0|
    |bits_314_reg_53159                      |   32|   0|   32|          0|
    |bits_315_reg_53164                      |   32|   0|   32|          0|
    |bits_316_reg_53553                      |   32|   0|   32|          0|
    |bits_317_reg_53558                      |   32|   0|   32|          0|
    |bits_318_reg_53563                      |   32|   0|   32|          0|
    |bits_319_reg_53568                      |   32|   0|   32|          0|
    |bits_320_reg_53573                      |   32|   0|   32|          0|
    |bits_321_reg_53578                      |   32|   0|   32|          0|
    |bits_322_reg_53583                      |   32|   0|   32|          0|
    |bits_323_reg_53588                      |   32|   0|   32|          0|
    |bits_324_reg_53593                      |   32|   0|   32|          0|
    |bits_325_reg_53598                      |   32|   0|   32|          0|
    |bits_326_reg_53603                      |   32|   0|   32|          0|
    |bits_327_reg_53608                      |   32|   0|   32|          0|
    |bits_328_reg_53613                      |   32|   0|   32|          0|
    |bits_329_reg_53618                      |   32|   0|   32|          0|
    |bits_330_reg_53623                      |   32|   0|   32|          0|
    |bits_331_reg_53628                      |   32|   0|   32|          0|
    |empty_100_fu_1026                       |   32|   0|   32|          0|
    |empty_101_fu_1030                       |   32|   0|   32|          0|
    |empty_102_fu_1034                       |   32|   0|   32|          0|
    |empty_103_fu_1038                       |   32|   0|   32|          0|
    |empty_104_fu_1042                       |   32|   0|   32|          0|
    |empty_105_fu_1046                       |   32|   0|   32|          0|
    |empty_106_fu_1050                       |   32|   0|   32|          0|
    |empty_107_fu_1054                       |   32|   0|   32|          0|
    |empty_108_fu_1058                       |   32|   0|   32|          0|
    |empty_109_fu_1062                       |   32|   0|   32|          0|
    |empty_110_fu_1066                       |   32|   0|   32|          0|
    |empty_111_fu_1070                       |   32|   0|   32|          0|
    |empty_112_fu_1074                       |   32|   0|   32|          0|
    |empty_113_fu_1078                       |   32|   0|   32|          0|
    |empty_114_fu_1082                       |   32|   0|   32|          0|
    |empty_115_fu_1086                       |   32|   0|   32|          0|
    |empty_116_fu_1090                       |   32|   0|   32|          0|
    |empty_117_fu_1094                       |   32|   0|   32|          0|
    |empty_118_fu_1098                       |   32|   0|   32|          0|
    |empty_119_fu_1102                       |   32|   0|   32|          0|
    |empty_120_fu_1106                       |   32|   0|   32|          0|
    |empty_121_fu_1110                       |   32|   0|   32|          0|
    |empty_122_fu_1114                       |   32|   0|   32|          0|
    |empty_123_fu_1118                       |   32|   0|   32|          0|
    |empty_124_fu_1122                       |   32|   0|   32|          0|
    |empty_125_fu_1126                       |   32|   0|   32|          0|
    |empty_126_fu_1130                       |   32|   0|   32|          0|
    |empty_127_fu_1134                       |   32|   0|   32|          0|
    |empty_128_fu_1138                       |   32|   0|   32|          0|
    |empty_129_fu_1142                       |   32|   0|   32|          0|
    |empty_130_fu_1146                       |   32|   0|   32|          0|
    |empty_131_fu_1150                       |   32|   0|   32|          0|
    |empty_132_fu_1154                       |   32|   0|   32|          0|
    |empty_133_fu_1158                       |   32|   0|   32|          0|
    |empty_134_fu_1162                       |   32|   0|   32|          0|
    |empty_135_fu_1166                       |   32|   0|   32|          0|
    |empty_136_fu_1170                       |   32|   0|   32|          0|
    |empty_137_fu_1174                       |   32|   0|   32|          0|
    |empty_138_fu_1178                       |   32|   0|   32|          0|
    |empty_139_fu_1182                       |   32|   0|   32|          0|
    |empty_140_fu_1186                       |   32|   0|   32|          0|
    |empty_141_fu_1190                       |   32|   0|   32|          0|
    |empty_142_fu_1194                       |   32|   0|   32|          0|
    |empty_143_fu_1198                       |   32|   0|   32|          0|
    |empty_144_fu_1202                       |   32|   0|   32|          0|
    |empty_145_fu_1206                       |   32|   0|   32|          0|
    |empty_146_fu_1210                       |   32|   0|   32|          0|
    |empty_147_fu_1214                       |   32|   0|   32|          0|
    |empty_148_fu_1218                       |   32|   0|   32|          0|
    |empty_149_fu_1222                       |   32|   0|   32|          0|
    |empty_150_fu_1226                       |   32|   0|   32|          0|
    |empty_151_fu_1230                       |   32|   0|   32|          0|
    |empty_152_fu_1234                       |   32|   0|   32|          0|
    |empty_153_fu_1238                       |   32|   0|   32|          0|
    |empty_154_fu_1242                       |   32|   0|   32|          0|
    |empty_155_fu_1246                       |   32|   0|   32|          0|
    |empty_156_fu_1250                       |   32|   0|   32|          0|
    |empty_157_fu_1254                       |   32|   0|   32|          0|
    |empty_158_fu_1258                       |   32|   0|   32|          0|
    |empty_159_fu_1262                       |   32|   0|   32|          0|
    |empty_160_fu_1266                       |   32|   0|   32|          0|
    |empty_161_fu_1270                       |   32|   0|   32|          0|
    |empty_162_fu_1274                       |   32|   0|   32|          0|
    |empty_163_fu_1278                       |   32|   0|   32|          0|
    |empty_164_fu_1282                       |   32|   0|   32|          0|
    |empty_165_fu_1286                       |   32|   0|   32|          0|
    |empty_166_fu_1290                       |   32|   0|   32|          0|
    |empty_167_fu_1294                       |   32|   0|   32|          0|
    |empty_168_fu_1298                       |   32|   0|   32|          0|
    |empty_169_fu_1302                       |   32|   0|   32|          0|
    |empty_170_fu_1306                       |   32|   0|   32|          0|
    |empty_171_fu_1310                       |   32|   0|   32|          0|
    |empty_172_fu_1314                       |   32|   0|   32|          0|
    |empty_173_fu_1318                       |   32|   0|   32|          0|
    |empty_174_fu_1322                       |   32|   0|   32|          0|
    |empty_175_fu_1326                       |   32|   0|   32|          0|
    |empty_176_fu_1330                       |   32|   0|   32|          0|
    |empty_177_fu_1334                       |   32|   0|   32|          0|
    |empty_178_fu_1338                       |   32|   0|   32|          0|
    |empty_179_fu_1342                       |   32|   0|   32|          0|
    |empty_180_fu_1346                       |   32|   0|   32|          0|
    |empty_181_fu_1350                       |   32|   0|   32|          0|
    |empty_182_fu_1354                       |   32|   0|   32|          0|
    |empty_183_fu_1358                       |   32|   0|   32|          0|
    |empty_184_fu_1362                       |   32|   0|   32|          0|
    |empty_185_fu_1366                       |   32|   0|   32|          0|
    |empty_186_fu_1370                       |   32|   0|   32|          0|
    |empty_187_fu_1374                       |   32|   0|   32|          0|
    |empty_188_fu_1378                       |   32|   0|   32|          0|
    |empty_189_fu_1382                       |   32|   0|   32|          0|
    |empty_190_fu_1386                       |   32|   0|   32|          0|
    |empty_191_fu_1390                       |   32|   0|   32|          0|
    |empty_192_fu_1394                       |   32|   0|   32|          0|
    |empty_193_fu_1398                       |   32|   0|   32|          0|
    |empty_194_fu_1402                       |   32|   0|   32|          0|
    |empty_195_fu_1406                       |   32|   0|   32|          0|
    |empty_196_fu_1410                       |   32|   0|   32|          0|
    |empty_197_fu_1414                       |   32|   0|   32|          0|
    |empty_198_fu_1418                       |   32|   0|   32|          0|
    |empty_199_fu_1422                       |   32|   0|   32|          0|
    |empty_200_fu_1426                       |   32|   0|   32|          0|
    |empty_201_fu_1430                       |   32|   0|   32|          0|
    |empty_202_fu_1434                       |   32|   0|   32|          0|
    |empty_203_fu_1438                       |   32|   0|   32|          0|
    |empty_204_fu_1442                       |   32|   0|   32|          0|
    |empty_205_fu_1446                       |   32|   0|   32|          0|
    |empty_206_fu_1450                       |   32|   0|   32|          0|
    |empty_207_fu_1454                       |   32|   0|   32|          0|
    |empty_208_fu_1458                       |   32|   0|   32|          0|
    |empty_209_fu_1462                       |   32|   0|   32|          0|
    |empty_210_fu_1466                       |   32|   0|   32|          0|
    |empty_211_fu_1470                       |   32|   0|   32|          0|
    |empty_212_fu_1474                       |   32|   0|   32|          0|
    |empty_213_fu_1478                       |   32|   0|   32|          0|
    |empty_214_fu_1482                       |   32|   0|   32|          0|
    |empty_215_fu_1486                       |   32|   0|   32|          0|
    |empty_216_fu_1490                       |   32|   0|   32|          0|
    |empty_217_fu_1494                       |   32|   0|   32|          0|
    |empty_218_fu_1498                       |   32|   0|   32|          0|
    |empty_219_fu_1502                       |   32|   0|   32|          0|
    |empty_220_fu_1506                       |   32|   0|   32|          0|
    |empty_221_fu_1510                       |   32|   0|   32|          0|
    |empty_222_fu_1514                       |   32|   0|   32|          0|
    |empty_223_fu_1518                       |   32|   0|   32|          0|
    |empty_224_fu_1522                       |   32|   0|   32|          0|
    |empty_225_fu_1526                       |   32|   0|   32|          0|
    |empty_226_fu_1530                       |   32|   0|   32|          0|
    |empty_227_fu_1534                       |   32|   0|   32|          0|
    |empty_228_fu_1538                       |   32|   0|   32|          0|
    |empty_229_fu_1542                       |   32|   0|   32|          0|
    |empty_230_fu_1546                       |   32|   0|   32|          0|
    |empty_231_fu_1550                       |   32|   0|   32|          0|
    |empty_232_fu_1554                       |   32|   0|   32|          0|
    |empty_233_fu_1558                       |   32|   0|   32|          0|
    |empty_234_fu_1562                       |   32|   0|   32|          0|
    |empty_235_fu_1566                       |   32|   0|   32|          0|
    |empty_236_fu_1570                       |   32|   0|   32|          0|
    |empty_237_fu_1574                       |   32|   0|   32|          0|
    |empty_238_fu_1578                       |   32|   0|   32|          0|
    |empty_239_fu_1582                       |   32|   0|   32|          0|
    |empty_240_fu_1586                       |   32|   0|   32|          0|
    |empty_241_fu_1590                       |   32|   0|   32|          0|
    |empty_242_fu_1594                       |   32|   0|   32|          0|
    |empty_243_fu_1598                       |   32|   0|   32|          0|
    |empty_244_fu_1602                       |   32|   0|   32|          0|
    |empty_245_fu_1606                       |   32|   0|   32|          0|
    |empty_246_fu_1610                       |   32|   0|   32|          0|
    |empty_247_fu_1614                       |   32|   0|   32|          0|
    |empty_248_fu_1618                       |   32|   0|   32|          0|
    |empty_249_fu_1622                       |   32|   0|   32|          0|
    |empty_250_fu_1626                       |   32|   0|   32|          0|
    |empty_251_fu_1630                       |   32|   0|   32|          0|
    |empty_252_fu_1634                       |   32|   0|   32|          0|
    |empty_253_fu_1638                       |   32|   0|   32|          0|
    |empty_254_fu_1642                       |   32|   0|   32|          0|
    |empty_255_fu_1646                       |   32|   0|   32|          0|
    |empty_256_fu_1650                       |   32|   0|   32|          0|
    |empty_257_fu_1654                       |   32|   0|   32|          0|
    |empty_258_fu_1658                       |   32|   0|   32|          0|
    |empty_259_fu_1662                       |   32|   0|   32|          0|
    |empty_260_fu_1666                       |   32|   0|   32|          0|
    |empty_261_fu_1670                       |   32|   0|   32|          0|
    |empty_262_fu_1674                       |   32|   0|   32|          0|
    |empty_263_fu_1678                       |   32|   0|   32|          0|
    |empty_264_fu_1682                       |   32|   0|   32|          0|
    |empty_265_fu_1686                       |   32|   0|   32|          0|
    |empty_266_fu_1690                       |   32|   0|   32|          0|
    |empty_267_fu_1694                       |   32|   0|   32|          0|
    |empty_268_fu_1698                       |   32|   0|   32|          0|
    |empty_269_fu_1702                       |   32|   0|   32|          0|
    |empty_270_fu_1706                       |   32|   0|   32|          0|
    |empty_271_fu_1710                       |   32|   0|   32|          0|
    |empty_272_fu_1714                       |   32|   0|   32|          0|
    |empty_273_fu_1718                       |   32|   0|   32|          0|
    |empty_274_fu_1722                       |   32|   0|   32|          0|
    |empty_275_fu_1726                       |   32|   0|   32|          0|
    |empty_276_fu_1730                       |   32|   0|   32|          0|
    |empty_277_fu_1734                       |   32|   0|   32|          0|
    |empty_278_fu_1738                       |   32|   0|   32|          0|
    |empty_279_fu_1742                       |   32|   0|   32|          0|
    |empty_280_fu_1746                       |   32|   0|   32|          0|
    |empty_281_fu_1750                       |   32|   0|   32|          0|
    |empty_282_fu_1754                       |   32|   0|   32|          0|
    |empty_283_fu_1758                       |   32|   0|   32|          0|
    |empty_284_fu_1762                       |   32|   0|   32|          0|
    |empty_285_fu_1766                       |   32|   0|   32|          0|
    |empty_286_fu_1770                       |   32|   0|   32|          0|
    |empty_287_fu_1774                       |   32|   0|   32|          0|
    |empty_288_fu_1778                       |   32|   0|   32|          0|
    |empty_289_fu_1782                       |   32|   0|   32|          0|
    |empty_290_fu_1786                       |   32|   0|   32|          0|
    |empty_291_fu_1790                       |   32|   0|   32|          0|
    |empty_292_fu_1794                       |   32|   0|   32|          0|
    |empty_293_fu_1798                       |   32|   0|   32|          0|
    |empty_294_fu_1802                       |   32|   0|   32|          0|
    |empty_295_fu_1806                       |   32|   0|   32|          0|
    |empty_296_fu_1810                       |   32|   0|   32|          0|
    |empty_42_fu_794                         |   32|   0|   32|          0|
    |empty_43_fu_798                         |   32|   0|   32|          0|
    |empty_44_fu_802                         |   32|   0|   32|          0|
    |empty_45_fu_806                         |   32|   0|   32|          0|
    |empty_46_fu_810                         |   32|   0|   32|          0|
    |empty_47_fu_814                         |   32|   0|   32|          0|
    |empty_48_fu_818                         |   32|   0|   32|          0|
    |empty_49_fu_822                         |   32|   0|   32|          0|
    |empty_50_fu_826                         |   32|   0|   32|          0|
    |empty_51_fu_830                         |   32|   0|   32|          0|
    |empty_52_fu_834                         |   32|   0|   32|          0|
    |empty_53_fu_838                         |   32|   0|   32|          0|
    |empty_54_fu_842                         |   32|   0|   32|          0|
    |empty_55_fu_846                         |   32|   0|   32|          0|
    |empty_56_fu_850                         |   32|   0|   32|          0|
    |empty_57_fu_854                         |   32|   0|   32|          0|
    |empty_58_fu_858                         |   32|   0|   32|          0|
    |empty_59_fu_862                         |   32|   0|   32|          0|
    |empty_60_fu_866                         |   32|   0|   32|          0|
    |empty_61_fu_870                         |   32|   0|   32|          0|
    |empty_62_fu_874                         |   32|   0|   32|          0|
    |empty_63_fu_878                         |   32|   0|   32|          0|
    |empty_64_fu_882                         |   32|   0|   32|          0|
    |empty_65_fu_886                         |   32|   0|   32|          0|
    |empty_66_fu_890                         |   32|   0|   32|          0|
    |empty_67_fu_894                         |   32|   0|   32|          0|
    |empty_68_fu_898                         |   32|   0|   32|          0|
    |empty_69_fu_902                         |   32|   0|   32|          0|
    |empty_70_fu_906                         |   32|   0|   32|          0|
    |empty_71_fu_910                         |   32|   0|   32|          0|
    |empty_72_fu_914                         |   32|   0|   32|          0|
    |empty_73_fu_918                         |   32|   0|   32|          0|
    |empty_74_fu_922                         |   32|   0|   32|          0|
    |empty_75_fu_926                         |   32|   0|   32|          0|
    |empty_76_fu_930                         |   32|   0|   32|          0|
    |empty_77_fu_934                         |   32|   0|   32|          0|
    |empty_78_fu_938                         |   32|   0|   32|          0|
    |empty_79_fu_942                         |   32|   0|   32|          0|
    |empty_80_fu_946                         |   32|   0|   32|          0|
    |empty_81_fu_950                         |   32|   0|   32|          0|
    |empty_82_fu_954                         |   32|   0|   32|          0|
    |empty_83_fu_958                         |   32|   0|   32|          0|
    |empty_84_fu_962                         |   32|   0|   32|          0|
    |empty_85_fu_966                         |   32|   0|   32|          0|
    |empty_86_fu_970                         |   32|   0|   32|          0|
    |empty_87_fu_974                         |   32|   0|   32|          0|
    |empty_88_fu_978                         |   32|   0|   32|          0|
    |empty_89_fu_982                         |   32|   0|   32|          0|
    |empty_90_fu_986                         |   32|   0|   32|          0|
    |empty_91_fu_990                         |   32|   0|   32|          0|
    |empty_92_fu_994                         |   32|   0|   32|          0|
    |empty_93_fu_998                         |   32|   0|   32|          0|
    |empty_94_fu_1002                        |   32|   0|   32|          0|
    |empty_95_fu_1006                        |   32|   0|   32|          0|
    |empty_96_fu_1010                        |   32|   0|   32|          0|
    |empty_97_fu_1014                        |   32|   0|   32|          0|
    |empty_98_fu_1018                        |   32|   0|   32|          0|
    |empty_99_fu_1022                        |   32|   0|   32|          0|
    |empty_fu_790                            |   32|   0|   32|          0|
    |exp_10_reg_48055                        |    5|   0|    5|          0|
    |exp_11_reg_48104                        |    5|   0|    5|          0|
    |exp_12_reg_48153                        |    5|   0|    5|          0|
    |exp_13_reg_48202                        |    5|   0|    5|          0|
    |exp_14_reg_48251                        |    5|   0|    5|          0|
    |exp_15_reg_48300                        |    5|   0|    5|          0|
    |exp_16_reg_48612                        |    5|   0|    5|          0|
    |exp_17_reg_48652                        |    5|   0|    5|          0|
    |exp_18_reg_48692                        |    5|   0|    5|          0|
    |exp_19_reg_48732                        |    5|   0|    5|          0|
    |exp_1_reg_47614                         |    5|   0|    5|          0|
    |exp_20_reg_48772                        |    5|   0|    5|          0|
    |exp_21_reg_48812                        |    5|   0|    5|          0|
    |exp_22_reg_48852                        |    5|   0|    5|          0|
    |exp_23_reg_48892                        |    5|   0|    5|          0|
    |exp_24_reg_48932                        |    5|   0|    5|          0|
    |exp_25_reg_48972                        |    5|   0|    5|          0|
    |exp_26_reg_49012                        |    5|   0|    5|          0|
    |exp_27_reg_49052                        |    5|   0|    5|          0|
    |exp_28_reg_49092                        |    5|   0|    5|          0|
    |exp_29_reg_49132                        |    5|   0|    5|          0|
    |exp_2_reg_47663                         |    5|   0|    5|          0|
    |exp_30_reg_49172                        |    5|   0|    5|          0|
    |exp_31_reg_49212                        |    5|   0|    5|          0|
    |exp_32_reg_49252                        |    5|   0|    5|          0|
    |exp_33_reg_49292                        |    5|   0|    5|          0|
    |exp_34_reg_49332                        |    5|   0|    5|          0|
    |exp_35_reg_49372                        |    5|   0|    5|          0|
    |exp_36_reg_49412                        |    5|   0|    5|          0|
    |exp_37_reg_49452                        |    5|   0|    5|          0|
    |exp_38_reg_49492                        |    5|   0|    5|          0|
    |exp_39_reg_49532                        |    5|   0|    5|          0|
    |exp_3_reg_47712                         |    5|   0|    5|          0|
    |exp_40_reg_49572                        |    5|   0|    5|          0|
    |exp_41_reg_49612                        |    5|   0|    5|          0|
    |exp_42_reg_49652                        |    5|   0|    5|          0|
    |exp_43_reg_49692                        |    5|   0|    5|          0|
    |exp_44_reg_49732                        |    5|   0|    5|          0|
    |exp_45_reg_49772                        |    5|   0|    5|          0|
    |exp_46_reg_49812                        |    5|   0|    5|          0|
    |exp_47_reg_49852                        |    5|   0|    5|          0|
    |exp_48_reg_49892                        |    5|   0|    5|          0|
    |exp_49_reg_49932                        |    5|   0|    5|          0|
    |exp_4_reg_47761                         |    5|   0|    5|          0|
    |exp_50_reg_49972                        |    5|   0|    5|          0|
    |exp_51_reg_50012                        |    5|   0|    5|          0|
    |exp_52_reg_50052                        |    5|   0|    5|          0|
    |exp_53_reg_50092                        |    5|   0|    5|          0|
    |exp_54_reg_50132                        |    5|   0|    5|          0|
    |exp_55_reg_50172                        |    5|   0|    5|          0|
    |exp_56_reg_50212                        |    5|   0|    5|          0|
    |exp_57_reg_50252                        |    5|   0|    5|          0|
    |exp_58_reg_50292                        |    5|   0|    5|          0|
    |exp_59_reg_50332                        |    5|   0|    5|          0|
    |exp_5_reg_47810                         |    5|   0|    5|          0|
    |exp_60_reg_50372                        |    5|   0|    5|          0|
    |exp_61_reg_50412                        |    5|   0|    5|          0|
    |exp_62_reg_50452                        |    5|   0|    5|          0|
    |exp_63_reg_50492                        |    5|   0|    5|          0|
    |exp_6_reg_47859                         |    5|   0|    5|          0|
    |exp_7_reg_47908                         |    5|   0|    5|          0|
    |exp_8_reg_47957                         |    5|   0|    5|          0|
    |exp_9_reg_48006                         |    5|   0|    5|          0|
    |exp_reg_47565                           |    5|   0|    5|          0|
    |frac_10_reg_48089                       |   10|   0|   10|          0|
    |frac_11_reg_48138                       |   10|   0|   10|          0|
    |frac_12_reg_48187                       |   10|   0|   10|          0|
    |frac_13_reg_48236                       |   10|   0|   10|          0|
    |frac_14_reg_48285                       |   10|   0|   10|          0|
    |frac_15_reg_47545                       |   10|   0|   10|          0|
    |frac_16_reg_48596                       |   10|   0|   10|          0|
    |frac_17_reg_48636                       |   10|   0|   10|          0|
    |frac_18_reg_48676                       |   10|   0|   10|          0|
    |frac_19_reg_48716                       |   10|   0|   10|          0|
    |frac_1_reg_47648                        |   10|   0|   10|          0|
    |frac_20_reg_48756                       |   10|   0|   10|          0|
    |frac_21_reg_48796                       |   10|   0|   10|          0|
    |frac_22_reg_48836                       |   10|   0|   10|          0|
    |frac_23_reg_48876                       |   10|   0|   10|          0|
    |frac_24_reg_48916                       |   10|   0|   10|          0|
    |frac_25_reg_48956                       |   10|   0|   10|          0|
    |frac_26_reg_48996                       |   10|   0|   10|          0|
    |frac_27_reg_49036                       |   10|   0|   10|          0|
    |frac_28_reg_49076                       |   10|   0|   10|          0|
    |frac_29_reg_49116                       |   10|   0|   10|          0|
    |frac_2_reg_47697                        |   10|   0|   10|          0|
    |frac_30_reg_49156                       |   10|   0|   10|          0|
    |frac_31_reg_49196                       |   10|   0|   10|          0|
    |frac_32_reg_49236                       |   10|   0|   10|          0|
    |frac_33_reg_49276                       |   10|   0|   10|          0|
    |frac_34_reg_49316                       |   10|   0|   10|          0|
    |frac_35_reg_49356                       |   10|   0|   10|          0|
    |frac_36_reg_49396                       |   10|   0|   10|          0|
    |frac_37_reg_49436                       |   10|   0|   10|          0|
    |frac_38_reg_49476                       |   10|   0|   10|          0|
    |frac_39_reg_49516                       |   10|   0|   10|          0|
    |frac_3_reg_47746                        |   10|   0|   10|          0|
    |frac_40_reg_49556                       |   10|   0|   10|          0|
    |frac_41_reg_49596                       |   10|   0|   10|          0|
    |frac_42_reg_49636                       |   10|   0|   10|          0|
    |frac_43_reg_49676                       |   10|   0|   10|          0|
    |frac_44_reg_49716                       |   10|   0|   10|          0|
    |frac_45_reg_49756                       |   10|   0|   10|          0|
    |frac_46_reg_49796                       |   10|   0|   10|          0|
    |frac_47_reg_49836                       |   10|   0|   10|          0|
    |frac_48_reg_49876                       |   10|   0|   10|          0|
    |frac_49_reg_49916                       |   10|   0|   10|          0|
    |frac_4_reg_47795                        |   10|   0|   10|          0|
    |frac_50_reg_49956                       |   10|   0|   10|          0|
    |frac_51_reg_49996                       |   10|   0|   10|          0|
    |frac_52_reg_50036                       |   10|   0|   10|          0|
    |frac_53_reg_50076                       |   10|   0|   10|          0|
    |frac_54_reg_50116                       |   10|   0|   10|          0|
    |frac_55_reg_50156                       |   10|   0|   10|          0|
    |frac_56_reg_50196                       |   10|   0|   10|          0|
    |frac_57_reg_50236                       |   10|   0|   10|          0|
    |frac_58_reg_50276                       |   10|   0|   10|          0|
    |frac_59_reg_50316                       |   10|   0|   10|          0|
    |frac_5_reg_47844                        |   10|   0|   10|          0|
    |frac_60_reg_50356                       |   10|   0|   10|          0|
    |frac_61_reg_50396                       |   10|   0|   10|          0|
    |frac_62_reg_50436                       |   10|   0|   10|          0|
    |frac_63_reg_50476                       |   10|   0|   10|          0|
    |frac_6_reg_47893                        |   10|   0|   10|          0|
    |frac_7_reg_47942                        |   10|   0|   10|          0|
    |frac_8_reg_47991                        |   10|   0|   10|          0|
    |frac_9_reg_48040                        |   10|   0|   10|          0|
    |frac_reg_47599                          |   10|   0|   10|          0|
    |icmp_ln13_101_reg_49991                 |    1|   0|    1|          0|
    |icmp_ln13_103_reg_50031                 |    1|   0|    1|          0|
    |icmp_ln13_105_reg_50071                 |    1|   0|    1|          0|
    |icmp_ln13_107_reg_50111                 |    1|   0|    1|          0|
    |icmp_ln13_109_reg_50151                 |    1|   0|    1|          0|
    |icmp_ln13_111_reg_50191                 |    1|   0|    1|          0|
    |icmp_ln13_113_reg_50231                 |    1|   0|    1|          0|
    |icmp_ln13_115_reg_50271                 |    1|   0|    1|          0|
    |icmp_ln13_117_reg_50311                 |    1|   0|    1|          0|
    |icmp_ln13_119_reg_50351                 |    1|   0|    1|          0|
    |icmp_ln13_11_reg_47883                  |    1|   0|    1|          0|
    |icmp_ln13_121_reg_50391                 |    1|   0|    1|          0|
    |icmp_ln13_123_reg_50431                 |    1|   0|    1|          0|
    |icmp_ln13_125_reg_50471                 |    1|   0|    1|          0|
    |icmp_ln13_127_reg_50511                 |    1|   0|    1|          0|
    |icmp_ln13_13_reg_47932                  |    1|   0|    1|          0|
    |icmp_ln13_15_reg_47981                  |    1|   0|    1|          0|
    |icmp_ln13_17_reg_48030                  |    1|   0|    1|          0|
    |icmp_ln13_19_reg_48079                  |    1|   0|    1|          0|
    |icmp_ln13_1_reg_47638                   |    1|   0|    1|          0|
    |icmp_ln13_21_reg_48128                  |    1|   0|    1|          0|
    |icmp_ln13_23_reg_48177                  |    1|   0|    1|          0|
    |icmp_ln13_25_reg_48226                  |    1|   0|    1|          0|
    |icmp_ln13_27_reg_48275                  |    1|   0|    1|          0|
    |icmp_ln13_29_reg_48324                  |    1|   0|    1|          0|
    |icmp_ln13_31_reg_48351                  |    1|   0|    1|          0|
    |icmp_ln13_33_reg_48631                  |    1|   0|    1|          0|
    |icmp_ln13_35_reg_48671                  |    1|   0|    1|          0|
    |icmp_ln13_37_reg_48711                  |    1|   0|    1|          0|
    |icmp_ln13_39_reg_48751                  |    1|   0|    1|          0|
    |icmp_ln13_3_reg_47687                   |    1|   0|    1|          0|
    |icmp_ln13_41_reg_48791                  |    1|   0|    1|          0|
    |icmp_ln13_43_reg_48831                  |    1|   0|    1|          0|
    |icmp_ln13_45_reg_48871                  |    1|   0|    1|          0|
    |icmp_ln13_47_reg_48911                  |    1|   0|    1|          0|
    |icmp_ln13_49_reg_48951                  |    1|   0|    1|          0|
    |icmp_ln13_51_reg_48991                  |    1|   0|    1|          0|
    |icmp_ln13_53_reg_49031                  |    1|   0|    1|          0|
    |icmp_ln13_55_reg_49071                  |    1|   0|    1|          0|
    |icmp_ln13_57_reg_49111                  |    1|   0|    1|          0|
    |icmp_ln13_59_reg_49151                  |    1|   0|    1|          0|
    |icmp_ln13_5_reg_47736                   |    1|   0|    1|          0|
    |icmp_ln13_61_reg_49191                  |    1|   0|    1|          0|
    |icmp_ln13_63_reg_49231                  |    1|   0|    1|          0|
    |icmp_ln13_65_reg_49271                  |    1|   0|    1|          0|
    |icmp_ln13_67_reg_49311                  |    1|   0|    1|          0|
    |icmp_ln13_69_reg_49351                  |    1|   0|    1|          0|
    |icmp_ln13_71_reg_49391                  |    1|   0|    1|          0|
    |icmp_ln13_73_reg_49431                  |    1|   0|    1|          0|
    |icmp_ln13_75_reg_49471                  |    1|   0|    1|          0|
    |icmp_ln13_77_reg_49511                  |    1|   0|    1|          0|
    |icmp_ln13_79_reg_49551                  |    1|   0|    1|          0|
    |icmp_ln13_7_reg_47785                   |    1|   0|    1|          0|
    |icmp_ln13_81_reg_49591                  |    1|   0|    1|          0|
    |icmp_ln13_83_reg_49631                  |    1|   0|    1|          0|
    |icmp_ln13_85_reg_49671                  |    1|   0|    1|          0|
    |icmp_ln13_87_reg_49711                  |    1|   0|    1|          0|
    |icmp_ln13_89_reg_49751                  |    1|   0|    1|          0|
    |icmp_ln13_91_reg_49791                  |    1|   0|    1|          0|
    |icmp_ln13_93_reg_49831                  |    1|   0|    1|          0|
    |icmp_ln13_95_reg_49871                  |    1|   0|    1|          0|
    |icmp_ln13_97_reg_49911                  |    1|   0|    1|          0|
    |icmp_ln13_99_reg_49951                  |    1|   0|    1|          0|
    |icmp_ln13_9_reg_47834                   |    1|   0|    1|          0|
    |icmp_ln13_reg_47573                     |    1|   0|    1|          0|
    |icmp_ln147_reg_47461                    |    1|   0|    1|          0|
    |k_fu_1814                               |   13|   0|   13|          0|
    |mul122_i_10_reg_53811                   |   32|   0|   32|          0|
    |mul122_i_11419_10_reg_53896             |   32|   0|   32|          0|
    |mul122_i_11419_11_reg_53901             |   32|   0|   32|          0|
    |mul122_i_11419_12_reg_53906             |   32|   0|   32|          0|
    |mul122_i_11419_13_reg_53911             |   32|   0|   32|          0|
    |mul122_i_11419_14_reg_53916             |   32|   0|   32|          0|
    |mul122_i_11419_1_reg_53846              |   32|   0|   32|          0|
    |mul122_i_11419_2_reg_53851              |   32|   0|   32|          0|
    |mul122_i_11419_3_reg_53856              |   32|   0|   32|          0|
    |mul122_i_11419_4_reg_53861              |   32|   0|   32|          0|
    |mul122_i_11419_5_reg_53866              |   32|   0|   32|          0|
    |mul122_i_11419_6_reg_53871              |   32|   0|   32|          0|
    |mul122_i_11419_7_reg_53876              |   32|   0|   32|          0|
    |mul122_i_11419_8_reg_53881              |   32|   0|   32|          0|
    |mul122_i_11419_9_reg_53886              |   32|   0|   32|          0|
    |mul122_i_11419_s_reg_53891              |   32|   0|   32|          0|
    |mul122_i_11_reg_53816                   |   32|   0|   32|          0|
    |mul122_i_12_reg_53821                   |   32|   0|   32|          0|
    |mul122_i_13_reg_53826                   |   32|   0|   32|          0|
    |mul122_i_14_reg_53831                   |   32|   0|   32|          0|
    |mul122_i_15_reg_53836                   |   32|   0|   32|          0|
    |mul122_i_16_reg_53771                   |   32|   0|   32|          0|
    |mul122_i_17_reg_53776                   |   32|   0|   32|          0|
    |mul122_i_18_reg_53841                   |   32|   0|   32|          0|
    |mul122_i_19_reg_53921                   |   32|   0|   32|          0|
    |mul122_i_1_10_reg_54391                 |   32|   0|   32|          0|
    |mul122_i_1_11_reg_54396                 |   32|   0|   32|          0|
    |mul122_i_1_12_reg_54401                 |   32|   0|   32|          0|
    |mul122_i_1_13_reg_54406                 |   32|   0|   32|          0|
    |mul122_i_1_14_reg_54411                 |   32|   0|   32|          0|
    |mul122_i_1_15_reg_54416                 |   32|   0|   32|          0|
    |mul122_i_1_16_reg_54351                 |   32|   0|   32|          0|
    |mul122_i_1_17_reg_54356                 |   32|   0|   32|          0|
    |mul122_i_1_1_10_reg_54476               |   32|   0|   32|          0|
    |mul122_i_1_1_11_reg_54481               |   32|   0|   32|          0|
    |mul122_i_1_1_12_reg_54486               |   32|   0|   32|          0|
    |mul122_i_1_1_13_reg_54491               |   32|   0|   32|          0|
    |mul122_i_1_1_14_reg_54496               |   32|   0|   32|          0|
    |mul122_i_1_1_1_reg_54426                |   32|   0|   32|          0|
    |mul122_i_1_1_2_reg_54431                |   32|   0|   32|          0|
    |mul122_i_1_1_3_reg_54436                |   32|   0|   32|          0|
    |mul122_i_1_1_4_reg_54441                |   32|   0|   32|          0|
    |mul122_i_1_1_5_reg_54446                |   32|   0|   32|          0|
    |mul122_i_1_1_6_reg_54451                |   32|   0|   32|          0|
    |mul122_i_1_1_7_reg_54456                |   32|   0|   32|          0|
    |mul122_i_1_1_8_reg_54461                |   32|   0|   32|          0|
    |mul122_i_1_1_9_reg_54466                |   32|   0|   32|          0|
    |mul122_i_1_1_reg_54421                  |   32|   0|   32|          0|
    |mul122_i_1_1_s_reg_54471                |   32|   0|   32|          0|
    |mul122_i_1_2_10_reg_54816               |   32|   0|   32|          0|
    |mul122_i_1_2_11_reg_54821               |   32|   0|   32|          0|
    |mul122_i_1_2_12_reg_54826               |   32|   0|   32|          0|
    |mul122_i_1_2_13_reg_54831               |   32|   0|   32|          0|
    |mul122_i_1_2_14_reg_54836               |   32|   0|   32|          0|
    |mul122_i_1_2_1_reg_54506                |   32|   0|   32|          0|
    |mul122_i_1_2_2_reg_54511                |   32|   0|   32|          0|
    |mul122_i_1_2_3_reg_54516                |   32|   0|   32|          0|
    |mul122_i_1_2_4_reg_54521                |   32|   0|   32|          0|
    |mul122_i_1_2_5_reg_54526                |   32|   0|   32|          0|
    |mul122_i_1_2_6_reg_54531                |   32|   0|   32|          0|
    |mul122_i_1_2_7_reg_54536                |   32|   0|   32|          0|
    |mul122_i_1_2_8_reg_54801                |   32|   0|   32|          0|
    |mul122_i_1_2_9_reg_54806                |   32|   0|   32|          0|
    |mul122_i_1_2_reg_54501                  |   32|   0|   32|          0|
    |mul122_i_1_2_s_reg_54811                |   32|   0|   32|          0|
    |mul122_i_1_3_10_reg_54896               |   32|   0|   32|          0|
    |mul122_i_1_3_11_reg_54901               |   32|   0|   32|          0|
    |mul122_i_1_3_12_reg_54906               |   32|   0|   32|          0|
    |mul122_i_1_3_13_reg_54911               |   32|   0|   32|          0|
    |mul122_i_1_3_14_reg_54916               |   32|   0|   32|          0|
    |mul122_i_1_3_1_reg_54846                |   32|   0|   32|          0|
    |mul122_i_1_3_2_reg_54851                |   32|   0|   32|          0|
    |mul122_i_1_3_3_reg_54856                |   32|   0|   32|          0|
    |mul122_i_1_3_4_reg_54861                |   32|   0|   32|          0|
    |mul122_i_1_3_5_reg_54866                |   32|   0|   32|          0|
    |mul122_i_1_3_6_reg_54871                |   32|   0|   32|          0|
    |mul122_i_1_3_7_reg_54876                |   32|   0|   32|          0|
    |mul122_i_1_3_8_reg_54881                |   32|   0|   32|          0|
    |mul122_i_1_3_9_reg_54886                |   32|   0|   32|          0|
    |mul122_i_1_3_reg_54841                  |   32|   0|   32|          0|
    |mul122_i_1_3_s_reg_54891                |   32|   0|   32|          0|
    |mul122_i_1_4_reg_54361                  |   32|   0|   32|          0|
    |mul122_i_1_5_reg_54366                  |   32|   0|   32|          0|
    |mul122_i_1_6_reg_54371                  |   32|   0|   32|          0|
    |mul122_i_1_7_reg_54376                  |   32|   0|   32|          0|
    |mul122_i_1_8_reg_54381                  |   32|   0|   32|          0|
    |mul122_i_1_9_reg_54386                  |   32|   0|   32|          0|
    |mul122_i_1_reg_54341                    |   32|   0|   32|          0|
    |mul122_i_1_s_reg_54346                  |   32|   0|   32|          0|
    |mul122_i_20_reg_54001                   |   32|   0|   32|          0|
    |mul122_i_21467_10_reg_53976             |   32|   0|   32|          0|
    |mul122_i_21467_11_reg_53981             |   32|   0|   32|          0|
    |mul122_i_21467_12_reg_53986             |   32|   0|   32|          0|
    |mul122_i_21467_13_reg_53991             |   32|   0|   32|          0|
    |mul122_i_21467_14_reg_53996             |   32|   0|   32|          0|
    |mul122_i_21467_1_reg_53926              |   32|   0|   32|          0|
    |mul122_i_21467_2_reg_53931              |   32|   0|   32|          0|
    |mul122_i_21467_3_reg_53936              |   32|   0|   32|          0|
    |mul122_i_21467_4_reg_53941              |   32|   0|   32|          0|
    |mul122_i_21467_5_reg_53946              |   32|   0|   32|          0|
    |mul122_i_21467_6_reg_53951              |   32|   0|   32|          0|
    |mul122_i_21467_7_reg_53956              |   32|   0|   32|          0|
    |mul122_i_21467_8_reg_53961              |   32|   0|   32|          0|
    |mul122_i_21467_9_reg_53966              |   32|   0|   32|          0|
    |mul122_i_21467_s_reg_53971              |   32|   0|   32|          0|
    |mul122_i_2_10_reg_54971                 |   32|   0|   32|          0|
    |mul122_i_2_11_reg_54976                 |   32|   0|   32|          0|
    |mul122_i_2_12_reg_54981                 |   32|   0|   32|          0|
    |mul122_i_2_13_reg_54986                 |   32|   0|   32|          0|
    |mul122_i_2_14_reg_54991                 |   32|   0|   32|          0|
    |mul122_i_2_15_reg_54996                 |   32|   0|   32|          0|
    |mul122_i_2_16_reg_54931                 |   32|   0|   32|          0|
    |mul122_i_2_17_reg_54936                 |   32|   0|   32|          0|
    |mul122_i_2_1_10_reg_55056               |   32|   0|   32|          0|
    |mul122_i_2_1_11_reg_55321               |   32|   0|   32|          0|
    |mul122_i_2_1_12_reg_55326               |   32|   0|   32|          0|
    |mul122_i_2_1_13_reg_55331               |   32|   0|   32|          0|
    |mul122_i_2_1_14_reg_55336               |   32|   0|   32|          0|
    |mul122_i_2_1_1_reg_55006                |   32|   0|   32|          0|
    |mul122_i_2_1_2_reg_55011                |   32|   0|   32|          0|
    |mul122_i_2_1_3_reg_55016                |   32|   0|   32|          0|
    |mul122_i_2_1_4_reg_55021                |   32|   0|   32|          0|
    |mul122_i_2_1_5_reg_55026                |   32|   0|   32|          0|
    |mul122_i_2_1_6_reg_55031                |   32|   0|   32|          0|
    |mul122_i_2_1_7_reg_55036                |   32|   0|   32|          0|
    |mul122_i_2_1_8_reg_55041                |   32|   0|   32|          0|
    |mul122_i_2_1_9_reg_55046                |   32|   0|   32|          0|
    |mul122_i_2_1_reg_55001                  |   32|   0|   32|          0|
    |mul122_i_2_1_s_reg_55051                |   32|   0|   32|          0|
    |mul122_i_2_2_10_reg_55396               |   32|   0|   32|          0|
    |mul122_i_2_2_11_reg_55401               |   32|   0|   32|          0|
    |mul122_i_2_2_12_reg_55406               |   32|   0|   32|          0|
    |mul122_i_2_2_13_reg_55411               |   32|   0|   32|          0|
    |mul122_i_2_2_14_reg_55416               |   32|   0|   32|          0|
    |mul122_i_2_2_1_reg_55346                |   32|   0|   32|          0|
    |mul122_i_2_2_2_reg_55351                |   32|   0|   32|          0|
    |mul122_i_2_2_3_reg_55356                |   32|   0|   32|          0|
    |mul122_i_2_2_4_reg_55361                |   32|   0|   32|          0|
    |mul122_i_2_2_5_reg_55366                |   32|   0|   32|          0|
    |mul122_i_2_2_6_reg_55371                |   32|   0|   32|          0|
    |mul122_i_2_2_7_reg_55376                |   32|   0|   32|          0|
    |mul122_i_2_2_8_reg_55381                |   32|   0|   32|          0|
    |mul122_i_2_2_9_reg_55386                |   32|   0|   32|          0|
    |mul122_i_2_2_reg_55341                  |   32|   0|   32|          0|
    |mul122_i_2_2_s_reg_55391                |   32|   0|   32|          0|
    |mul122_i_2_3_10_reg_55476               |   32|   0|   32|          0|
    |mul122_i_2_3_11_reg_55481               |   32|   0|   32|          0|
    |mul122_i_2_3_12_reg_55486               |   32|   0|   32|          0|
    |mul122_i_2_3_13_reg_55491               |   32|   0|   32|          0|
    |mul122_i_2_3_14_reg_55496               |   32|   0|   32|          0|
    |mul122_i_2_3_1_reg_55426                |   32|   0|   32|          0|
    |mul122_i_2_3_2_reg_55431                |   32|   0|   32|          0|
    |mul122_i_2_3_3_reg_55436                |   32|   0|   32|          0|
    |mul122_i_2_3_4_reg_55441                |   32|   0|   32|          0|
    |mul122_i_2_3_5_reg_55446                |   32|   0|   32|          0|
    |mul122_i_2_3_6_reg_55451                |   32|   0|   32|          0|
    |mul122_i_2_3_7_reg_55456                |   32|   0|   32|          0|
    |mul122_i_2_3_8_reg_55461                |   32|   0|   32|          0|
    |mul122_i_2_3_9_reg_55466                |   32|   0|   32|          0|
    |mul122_i_2_3_reg_55421                  |   32|   0|   32|          0|
    |mul122_i_2_3_s_reg_55471                |   32|   0|   32|          0|
    |mul122_i_2_4_reg_54941                  |   32|   0|   32|          0|
    |mul122_i_2_5_reg_54946                  |   32|   0|   32|          0|
    |mul122_i_2_6_reg_54951                  |   32|   0|   32|          0|
    |mul122_i_2_7_reg_54956                  |   32|   0|   32|          0|
    |mul122_i_2_8_reg_54961                  |   32|   0|   32|          0|
    |mul122_i_2_9_reg_54966                  |   32|   0|   32|          0|
    |mul122_i_2_reg_54921                    |   32|   0|   32|          0|
    |mul122_i_2_s_reg_54926                  |   32|   0|   32|          0|
    |mul122_i_31515_10_reg_54316             |   32|   0|   32|          0|
    |mul122_i_31515_11_reg_54321             |   32|   0|   32|          0|
    |mul122_i_31515_12_reg_54326             |   32|   0|   32|          0|
    |mul122_i_31515_13_reg_54331             |   32|   0|   32|          0|
    |mul122_i_31515_14_reg_54336             |   32|   0|   32|          0|
    |mul122_i_31515_1_reg_54006              |   32|   0|   32|          0|
    |mul122_i_31515_2_reg_54011              |   32|   0|   32|          0|
    |mul122_i_31515_3_reg_54016              |   32|   0|   32|          0|
    |mul122_i_31515_4_reg_54281              |   32|   0|   32|          0|
    |mul122_i_31515_5_reg_54286              |   32|   0|   32|          0|
    |mul122_i_31515_6_reg_54291              |   32|   0|   32|          0|
    |mul122_i_31515_7_reg_54296              |   32|   0|   32|          0|
    |mul122_i_31515_8_reg_54301              |   32|   0|   32|          0|
    |mul122_i_31515_9_reg_54306              |   32|   0|   32|          0|
    |mul122_i_31515_s_reg_54311              |   32|   0|   32|          0|
    |mul122_i_3_10_reg_55551                 |   32|   0|   32|          0|
    |mul122_i_3_11_reg_55556                 |   32|   0|   32|          0|
    |mul122_i_3_12_reg_55561                 |   32|   0|   32|          0|
    |mul122_i_3_13_reg_55566                 |   32|   0|   32|          0|
    |mul122_i_3_14_reg_55571                 |   32|   0|   32|          0|
    |mul122_i_3_15_reg_55576                 |   32|   0|   32|          0|
    |mul122_i_3_16_reg_55511                 |   32|   0|   32|          0|
    |mul122_i_3_17_reg_55516                 |   32|   0|   32|          0|
    |mul122_i_3_1_10_reg_55896               |   32|   0|   32|          0|
    |mul122_i_3_1_11_reg_55901               |   32|   0|   32|          0|
    |mul122_i_3_1_12_reg_55906               |   32|   0|   32|          0|
    |mul122_i_3_1_13_reg_55911               |   32|   0|   32|          0|
    |mul122_i_3_1_14_reg_55916               |   32|   0|   32|          0|
    |mul122_i_3_1_1_reg_55846                |   32|   0|   32|          0|
    |mul122_i_3_1_2_reg_55851                |   32|   0|   32|          0|
    |mul122_i_3_1_3_reg_55856                |   32|   0|   32|          0|
    |mul122_i_3_1_4_reg_55861                |   32|   0|   32|          0|
    |mul122_i_3_1_5_reg_55866                |   32|   0|   32|          0|
    |mul122_i_3_1_6_reg_55871                |   32|   0|   32|          0|
    |mul122_i_3_1_7_reg_55876                |   32|   0|   32|          0|
    |mul122_i_3_1_8_reg_55881                |   32|   0|   32|          0|
    |mul122_i_3_1_9_reg_55886                |   32|   0|   32|          0|
    |mul122_i_3_1_reg_55841                  |   32|   0|   32|          0|
    |mul122_i_3_1_s_reg_55891                |   32|   0|   32|          0|
    |mul122_i_3_2_10_reg_55976               |   32|   0|   32|          0|
    |mul122_i_3_2_11_reg_55981               |   32|   0|   32|          0|
    |mul122_i_3_2_12_reg_55986               |   32|   0|   32|          0|
    |mul122_i_3_2_13_reg_55991               |   32|   0|   32|          0|
    |mul122_i_3_2_14_reg_55996               |   32|   0|   32|          0|
    |mul122_i_3_2_1_reg_55926                |   32|   0|   32|          0|
    |mul122_i_3_2_2_reg_55931                |   32|   0|   32|          0|
    |mul122_i_3_2_3_reg_55936                |   32|   0|   32|          0|
    |mul122_i_3_2_4_reg_55941                |   32|   0|   32|          0|
    |mul122_i_3_2_5_reg_55946                |   32|   0|   32|          0|
    |mul122_i_3_2_6_reg_55951                |   32|   0|   32|          0|
    |mul122_i_3_2_7_reg_55956                |   32|   0|   32|          0|
    |mul122_i_3_2_8_reg_55961                |   32|   0|   32|          0|
    |mul122_i_3_2_9_reg_55966                |   32|   0|   32|          0|
    |mul122_i_3_2_reg_55921                  |   32|   0|   32|          0|
    |mul122_i_3_2_s_reg_55971                |   32|   0|   32|          0|
    |mul122_i_3_3_10_reg_56056               |   32|   0|   32|          0|
    |mul122_i_3_3_11_reg_56061               |   32|   0|   32|          0|
    |mul122_i_3_3_12_reg_56066               |   32|   0|   32|          0|
    |mul122_i_3_3_13_reg_56071               |   32|   0|   32|          0|
    |mul122_i_3_3_14_reg_56076               |   32|   0|   32|          0|
    |mul122_i_3_3_1_reg_56006                |   32|   0|   32|          0|
    |mul122_i_3_3_2_reg_56011                |   32|   0|   32|          0|
    |mul122_i_3_3_3_reg_56016                |   32|   0|   32|          0|
    |mul122_i_3_3_4_reg_56021                |   32|   0|   32|          0|
    |mul122_i_3_3_5_reg_56026                |   32|   0|   32|          0|
    |mul122_i_3_3_6_reg_56031                |   32|   0|   32|          0|
    |mul122_i_3_3_7_reg_56036                |   32|   0|   32|          0|
    |mul122_i_3_3_8_reg_56041                |   32|   0|   32|          0|
    |mul122_i_3_3_9_reg_56046                |   32|   0|   32|          0|
    |mul122_i_3_3_reg_56001                  |   32|   0|   32|          0|
    |mul122_i_3_3_s_reg_56051                |   32|   0|   32|          0|
    |mul122_i_3_4_reg_55521                  |   32|   0|   32|          0|
    |mul122_i_3_5_reg_55526                  |   32|   0|   32|          0|
    |mul122_i_3_6_reg_55531                  |   32|   0|   32|          0|
    |mul122_i_3_7_reg_55536                  |   32|   0|   32|          0|
    |mul122_i_3_8_reg_55541                  |   32|   0|   32|          0|
    |mul122_i_3_9_reg_55546                  |   32|   0|   32|          0|
    |mul122_i_3_reg_55501                    |   32|   0|   32|          0|
    |mul122_i_3_s_reg_55506                  |   32|   0|   32|          0|
    |mul122_i_4_reg_53781                    |   32|   0|   32|          0|
    |mul122_i_5_reg_53786                    |   32|   0|   32|          0|
    |mul122_i_6_reg_53791                    |   32|   0|   32|          0|
    |mul122_i_7_reg_53796                    |   32|   0|   32|          0|
    |mul122_i_8_reg_53801                    |   32|   0|   32|          0|
    |mul122_i_9_reg_53806                    |   32|   0|   32|          0|
    |mul122_i_reg_53761                      |   32|   0|   32|          0|
    |mul122_i_s_reg_53766                    |   32|   0|   32|          0|
    |normalized_1015_reg_52661               |   11|   0|   11|          0|
    |normalized_102_reg_47817                |   11|   0|   11|          0|
    |normalized_1034_reg_52678               |   11|   0|   11|          0|
    |normalized_1053_reg_52695               |   11|   0|   11|          0|
    |normalized_1072_reg_52712               |   11|   0|   11|          0|
    |normalized_108_reg_50601                |   11|   0|   11|          0|
    |normalized_1091_reg_52729               |   11|   0|   11|          0|
    |normalized_1110_reg_52746               |   11|   0|   11|          0|
    |normalized_1129_reg_52763               |   11|   0|   11|          0|
    |normalized_1148_reg_52780               |   11|   0|   11|          0|
    |normalized_1167_reg_52797               |   11|   0|   11|          0|
    |normalized_1186_reg_52814               |   11|   0|   11|          0|
    |normalized_1205_reg_52831               |   11|   0|   11|          0|
    |normalized_121_reg_47866                |   11|   0|   11|          0|
    |normalized_1224_reg_52848               |   11|   0|   11|          0|
    |normalized_127_reg_50618                |   11|   0|   11|          0|
    |normalized_13_reg_50516                 |   11|   0|   11|          0|
    |normalized_140_reg_47915                |   11|   0|   11|          0|
    |normalized_146_reg_50635                |   11|   0|   11|          0|
    |normalized_159_reg_47964                |   11|   0|   11|          0|
    |normalized_165_reg_50652                |   11|   0|   11|          0|
    |normalized_178_reg_48013                |   11|   0|   11|          0|
    |normalized_184_reg_50669                |   11|   0|   11|          0|
    |normalized_197_reg_48062                |   11|   0|   11|          0|
    |normalized_203_reg_50686                |   11|   0|   11|          0|
    |normalized_216_reg_48111                |   11|   0|   11|          0|
    |normalized_222_reg_50703                |   11|   0|   11|          0|
    |normalized_235_reg_48160                |   11|   0|   11|          0|
    |normalized_241_reg_50720                |   11|   0|   11|          0|
    |normalized_254_reg_48209                |   11|   0|   11|          0|
    |normalized_260_reg_50737                |   11|   0|   11|          0|
    |normalized_26_reg_47621                 |   11|   0|   11|          0|
    |normalized_273_reg_48258                |   11|   0|   11|          0|
    |normalized_279_reg_50754                |   11|   0|   11|          0|
    |normalized_292_reg_48307                |   11|   0|   11|          0|
    |normalized_298_reg_50771                |   11|   0|   11|          0|
    |normalized_310_reg_48334                |   11|   0|   11|          0|
    |normalized_316_reg_50788                |   11|   0|   11|          0|
    |normalized_32_reg_50533                 |   11|   0|   11|          0|
    |normalized_331_reg_50805                |   11|   0|   11|          0|
    |normalized_350_reg_50822                |   11|   0|   11|          0|
    |normalized_371_reg_50839                |   11|   0|   11|          0|
    |normalized_388_reg_50857                |   11|   0|   11|          0|
    |normalized_407_reg_50874                |   11|   0|   11|          0|
    |normalized_426_reg_50891                |   11|   0|   11|          0|
    |normalized_445_reg_50908                |   11|   0|   11|          0|
    |normalized_45_reg_47670                 |   11|   0|   11|          0|
    |normalized_464_reg_50925                |   11|   0|   11|          0|
    |normalized_485_reg_50942                |   11|   0|   11|          0|
    |normalized_502_reg_50960                |   11|   0|   11|          0|
    |normalized_51_reg_50550                 |   11|   0|   11|          0|
    |normalized_523_reg_50977                |   11|   0|   11|          0|
    |normalized_540_reg_50995                |   11|   0|   11|          0|
    |normalized_559_reg_51012                |   11|   0|   11|          0|
    |normalized_578_reg_51029                |   11|   0|   11|          0|
    |normalized_599_reg_51046                |   11|   0|   11|          0|
    |normalized_616_reg_51064                |   11|   0|   11|          0|
    |normalized_635_reg_51437                |   11|   0|   11|          0|
    |normalized_64_reg_47719                 |   11|   0|   11|          0|
    |normalized_654_reg_51454                |   11|   0|   11|          0|
    |normalized_673_reg_51471                |   11|   0|   11|          0|
    |normalized_692_reg_51488                |   11|   0|   11|          0|
    |normalized_70_reg_50567                 |   11|   0|   11|          0|
    |normalized_711_reg_51505                |   11|   0|   11|          0|
    |normalized_730_reg_51522                |   11|   0|   11|          0|
    |normalized_749_reg_51539                |   11|   0|   11|          0|
    |normalized_768_reg_51556                |   11|   0|   11|          0|
    |normalized_787_reg_51573                |   11|   0|   11|          0|
    |normalized_7_reg_47577                  |   11|   0|   11|          0|
    |normalized_806_reg_51590                |   11|   0|   11|          0|
    |normalized_825_reg_51607                |   11|   0|   11|          0|
    |normalized_83_reg_47768                 |   11|   0|   11|          0|
    |normalized_844_reg_51624                |   11|   0|   11|          0|
    |normalized_863_reg_51641                |   11|   0|   11|          0|
    |normalized_882_reg_51658                |   11|   0|   11|          0|
    |normalized_89_reg_50584                 |   11|   0|   11|          0|
    |normalized_901_reg_51675                |   11|   0|   11|          0|
    |normalized_920_reg_51692                |   11|   0|   11|          0|
    |normalized_939_reg_52593                |   11|   0|   11|          0|
    |normalized_958_reg_52610                |   11|   0|   11|          0|
    |normalized_977_reg_52627                |   11|   0|   11|          0|
    |normalized_996_reg_52644                |   11|   0|   11|          0|
    |select_ln20_1008_reg_52572              |   10|   0|   10|          0|
    |select_ln20_1017_reg_52588              |   10|   0|   10|          0|
    |select_ln20_1026_reg_53180              |   10|   0|   10|          0|
    |select_ln20_1035_reg_53196              |   10|   0|   10|          0|
    |select_ln20_103_reg_48122               |    3|   0|    3|          0|
    |select_ln20_1044_reg_53212              |   10|   0|   10|          0|
    |select_ln20_1053_reg_53228              |   10|   0|   10|          0|
    |select_ln20_1062_reg_53244              |   10|   0|   10|          0|
    |select_ln20_106_reg_50714               |    4|   0|    4|          0|
    |select_ln20_1071_reg_53260              |   10|   0|   10|          0|
    |select_ln20_1080_reg_53276              |   10|   0|   10|          0|
    |select_ln20_1089_reg_53292              |   10|   0|   10|          0|
    |select_ln20_1098_reg_53308              |   10|   0|   10|          0|
    |select_ln20_1107_reg_53324              |   10|   0|   10|          0|
    |select_ln20_1116_reg_53340              |   10|   0|   10|          0|
    |select_ln20_1125_reg_53356              |   10|   0|   10|          0|
    |select_ln20_112_reg_48171               |    3|   0|    3|          0|
    |select_ln20_1134_reg_53372              |   10|   0|   10|          0|
    |select_ln20_1143_reg_53388              |   10|   0|   10|          0|
    |select_ln20_1152_reg_53404              |   10|   0|   10|          0|
    |select_ln20_115_reg_50731               |    4|   0|    4|          0|
    |select_ln20_1161_reg_53420              |   10|   0|   10|          0|
    |select_ln20_121_reg_48220               |    3|   0|    3|          0|
    |select_ln20_124_reg_50748               |    4|   0|    4|          0|
    |select_ln20_130_reg_48269               |    3|   0|    3|          0|
    |select_ln20_133_reg_50765               |    4|   0|    4|          0|
    |select_ln20_139_reg_48318               |    3|   0|    3|          0|
    |select_ln20_13_reg_47632                |    3|   0|    3|          0|
    |select_ln20_142_reg_50782               |    4|   0|    4|          0|
    |select_ln20_148_reg_48345               |    3|   0|    3|          0|
    |select_ln20_151_reg_50799               |    4|   0|    4|          0|
    |select_ln20_158_reg_50816               |    3|   0|    3|          0|
    |select_ln20_161_reg_51181               |    4|   0|    4|          0|
    |select_ln20_167_reg_50833               |    3|   0|    3|          0|
    |select_ln20_16_reg_50544                |    4|   0|    4|          0|
    |select_ln20_170_reg_51197               |    4|   0|    4|          0|
    |select_ln20_176_reg_50845               |    3|   0|    3|          0|
    |select_ln20_179_reg_51213               |    4|   0|    4|          0|
    |select_ln20_185_reg_50868               |    3|   0|    3|          0|
    |select_ln20_188_reg_51229               |    4|   0|    4|          0|
    |select_ln20_194_reg_50885               |    3|   0|    3|          0|
    |select_ln20_197_reg_51245               |    4|   0|    4|          0|
    |select_ln20_203_reg_50902               |    3|   0|    3|          0|
    |select_ln20_206_reg_51261               |    4|   0|    4|          0|
    |select_ln20_212_reg_50919               |    3|   0|    3|          0|
    |select_ln20_215_reg_51277               |    4|   0|    4|          0|
    |select_ln20_221_reg_50936               |    3|   0|    3|          0|
    |select_ln20_224_reg_51293               |    4|   0|    4|          0|
    |select_ln20_22_reg_47681                |    3|   0|    3|          0|
    |select_ln20_230_reg_50948               |    3|   0|    3|          0|
    |select_ln20_233_reg_51309               |    4|   0|    4|          0|
    |select_ln20_239_reg_50971               |    3|   0|    3|          0|
    |select_ln20_242_reg_51325               |    4|   0|    4|          0|
    |select_ln20_248_reg_50983               |    3|   0|    3|          0|
    |select_ln20_251_reg_51341               |    4|   0|    4|          0|
    |select_ln20_257_reg_51006               |    3|   0|    3|          0|
    |select_ln20_25_reg_50561                |    4|   0|    4|          0|
    |select_ln20_260_reg_51357               |    4|   0|    4|          0|
    |select_ln20_266_reg_51023               |    3|   0|    3|          0|
    |select_ln20_269_reg_51373               |    4|   0|    4|          0|
    |select_ln20_275_reg_51040               |    3|   0|    3|          0|
    |select_ln20_278_reg_51389               |    4|   0|    4|          0|
    |select_ln20_284_reg_51052               |    3|   0|    3|          0|
    |select_ln20_287_reg_51405               |    4|   0|    4|          0|
    |select_ln20_293_reg_51075               |    3|   0|    3|          0|
    |select_ln20_296_reg_51421               |    4|   0|    4|          0|
    |select_ln20_302_reg_51448               |    3|   0|    3|          0|
    |select_ln20_305_reg_52337               |    4|   0|    4|          0|
    |select_ln20_311_reg_51465               |    3|   0|    3|          0|
    |select_ln20_314_reg_52353               |    4|   0|    4|          0|
    |select_ln20_31_reg_47730                |    3|   0|    3|          0|
    |select_ln20_320_reg_51482               |    3|   0|    3|          0|
    |select_ln20_323_reg_52369               |    4|   0|    4|          0|
    |select_ln20_329_reg_51499               |    3|   0|    3|          0|
    |select_ln20_332_reg_52385               |    4|   0|    4|          0|
    |select_ln20_338_reg_51516               |    3|   0|    3|          0|
    |select_ln20_341_reg_52401               |    4|   0|    4|          0|
    |select_ln20_347_reg_51533               |    3|   0|    3|          0|
    |select_ln20_34_reg_50578                |    4|   0|    4|          0|
    |select_ln20_350_reg_52417               |    4|   0|    4|          0|
    |select_ln20_356_reg_51550               |    3|   0|    3|          0|
    |select_ln20_359_reg_52433               |    4|   0|    4|          0|
    |select_ln20_365_reg_51567               |    3|   0|    3|          0|
    |select_ln20_368_reg_52449               |    4|   0|    4|          0|
    |select_ln20_374_reg_51584               |    3|   0|    3|          0|
    |select_ln20_377_reg_52465               |    4|   0|    4|          0|
    |select_ln20_383_reg_51601               |    3|   0|    3|          0|
    |select_ln20_386_reg_52481               |    4|   0|    4|          0|
    |select_ln20_392_reg_51618               |    3|   0|    3|          0|
    |select_ln20_395_reg_52497               |    4|   0|    4|          0|
    |select_ln20_401_reg_51635               |    3|   0|    3|          0|
    |select_ln20_404_reg_52513               |    4|   0|    4|          0|
    |select_ln20_40_reg_47779                |    3|   0|    3|          0|
    |select_ln20_410_reg_51652               |    3|   0|    3|          0|
    |select_ln20_413_reg_52529               |    4|   0|    4|          0|
    |select_ln20_419_reg_51669               |    3|   0|    3|          0|
    |select_ln20_422_reg_52545               |    4|   0|    4|          0|
    |select_ln20_428_reg_51686               |    3|   0|    3|          0|
    |select_ln20_431_reg_52561               |    4|   0|    4|          0|
    |select_ln20_437_reg_51703               |    3|   0|    3|          0|
    |select_ln20_43_reg_50595                |    4|   0|    4|          0|
    |select_ln20_440_reg_52577               |    4|   0|    4|          0|
    |select_ln20_446_reg_52604               |    3|   0|    3|          0|
    |select_ln20_449_reg_53169               |    4|   0|    4|          0|
    |select_ln20_455_reg_52621               |    3|   0|    3|          0|
    |select_ln20_458_reg_53185               |    4|   0|    4|          0|
    |select_ln20_464_reg_52638               |    3|   0|    3|          0|
    |select_ln20_467_reg_53201               |    4|   0|    4|          0|
    |select_ln20_473_reg_52655               |    3|   0|    3|          0|
    |select_ln20_476_reg_53217               |    4|   0|    4|          0|
    |select_ln20_482_reg_52672               |    3|   0|    3|          0|
    |select_ln20_485_reg_53233               |    4|   0|    4|          0|
    |select_ln20_491_reg_52689               |    3|   0|    3|          0|
    |select_ln20_494_reg_53249               |    4|   0|    4|          0|
    |select_ln20_49_reg_47828                |    3|   0|    3|          0|
    |select_ln20_4_reg_47588                 |    3|   0|    3|          0|
    |select_ln20_500_reg_52706               |    3|   0|    3|          0|
    |select_ln20_503_reg_53265               |    4|   0|    4|          0|
    |select_ln20_509_reg_52723               |    3|   0|    3|          0|
    |select_ln20_512_reg_53281               |    4|   0|    4|          0|
    |select_ln20_518_reg_52740               |    3|   0|    3|          0|
    |select_ln20_521_reg_53297               |    4|   0|    4|          0|
    |select_ln20_527_reg_52757               |    3|   0|    3|          0|
    |select_ln20_52_reg_50612                |    4|   0|    4|          0|
    |select_ln20_530_reg_53313               |    4|   0|    4|          0|
    |select_ln20_536_reg_52774               |    3|   0|    3|          0|
    |select_ln20_539_reg_53329               |    4|   0|    4|          0|
    |select_ln20_545_reg_52791               |    3|   0|    3|          0|
    |select_ln20_548_reg_53345               |    4|   0|    4|          0|
    |select_ln20_554_reg_52808               |    3|   0|    3|          0|
    |select_ln20_557_reg_53361               |    4|   0|    4|          0|
    |select_ln20_563_reg_52825               |    3|   0|    3|          0|
    |select_ln20_566_reg_53377               |    4|   0|    4|          0|
    |select_ln20_572_reg_52842               |    3|   0|    3|          0|
    |select_ln20_575_reg_53393               |    4|   0|    4|          0|
    |select_ln20_581_reg_52859               |    3|   0|    3|          0|
    |select_ln20_584_reg_53409               |    4|   0|    4|          0|
    |select_ln20_58_reg_47877                |    3|   0|    3|          0|
    |select_ln20_61_reg_50629                |    4|   0|    4|          0|
    |select_ln20_67_reg_47926                |    3|   0|    3|          0|
    |select_ln20_70_reg_50646                |    4|   0|    4|          0|
    |select_ln20_738_reg_51192               |   10|   0|   10|          0|
    |select_ln20_747_reg_51208               |   10|   0|   10|          0|
    |select_ln20_756_reg_51224               |   10|   0|   10|          0|
    |select_ln20_765_reg_51240               |   10|   0|   10|          0|
    |select_ln20_76_reg_47975                |    3|   0|    3|          0|
    |select_ln20_774_reg_51256               |   10|   0|   10|          0|
    |select_ln20_783_reg_51272               |   10|   0|   10|          0|
    |select_ln20_792_reg_51288               |   10|   0|   10|          0|
    |select_ln20_79_reg_50663                |    4|   0|    4|          0|
    |select_ln20_7_reg_50527                 |    4|   0|    4|          0|
    |select_ln20_801_reg_51304               |   10|   0|   10|          0|
    |select_ln20_810_reg_51320               |   10|   0|   10|          0|
    |select_ln20_819_reg_51336               |   10|   0|   10|          0|
    |select_ln20_828_reg_51352               |   10|   0|   10|          0|
    |select_ln20_837_reg_51368               |   10|   0|   10|          0|
    |select_ln20_846_reg_51384               |   10|   0|   10|          0|
    |select_ln20_855_reg_51400               |   10|   0|   10|          0|
    |select_ln20_85_reg_48024                |    3|   0|    3|          0|
    |select_ln20_864_reg_51416               |   10|   0|   10|          0|
    |select_ln20_873_reg_51432               |   10|   0|   10|          0|
    |select_ln20_882_reg_52348               |   10|   0|   10|          0|
    |select_ln20_88_reg_50680                |    4|   0|    4|          0|
    |select_ln20_891_reg_52364               |   10|   0|   10|          0|
    |select_ln20_900_reg_52380               |   10|   0|   10|          0|
    |select_ln20_909_reg_52396               |   10|   0|   10|          0|
    |select_ln20_918_reg_52412               |   10|   0|   10|          0|
    |select_ln20_927_reg_52428               |   10|   0|   10|          0|
    |select_ln20_936_reg_52444               |   10|   0|   10|          0|
    |select_ln20_945_reg_52460               |   10|   0|   10|          0|
    |select_ln20_94_reg_48073                |    3|   0|    3|          0|
    |select_ln20_954_reg_52476               |   10|   0|   10|          0|
    |select_ln20_963_reg_52492               |   10|   0|   10|          0|
    |select_ln20_972_reg_52508               |   10|   0|   10|          0|
    |select_ln20_97_reg_50697                |    4|   0|    4|          0|
    |select_ln20_981_reg_52524               |   10|   0|   10|          0|
    |select_ln20_990_reg_52540               |   10|   0|   10|          0|
    |select_ln20_999_reg_52556               |   10|   0|   10|          0|
    |tmp_102_reg_47872                       |    1|   0|    1|          0|
    |tmp_108_reg_50624                       |    1|   0|    1|          0|
    |tmp_111_reg_47900                       |    1|   0|    1|          0|
    |tmp_11_reg_47606                        |    1|   0|    1|          0|
    |tmp_120_reg_47921                       |    1|   0|    1|          0|
    |tmp_123_reg_50641                       |    1|   0|    1|          0|
    |tmp_130_reg_47949                       |    1|   0|    1|          0|
    |tmp_138_reg_47970                       |    1|   0|    1|          0|
    |tmp_141_reg_50658                       |    1|   0|    1|          0|
    |tmp_144_reg_47998                       |    1|   0|    1|          0|
    |tmp_153_reg_48019                       |    1|   0|    1|          0|
    |tmp_159_reg_50675                       |    1|   0|    1|          0|
    |tmp_162_reg_48047                       |    1|   0|    1|          0|
    |tmp_170_reg_48068                       |    1|   0|    1|          0|
    |tmp_173_reg_50692                       |    1|   0|    1|          0|
    |tmp_178_reg_48096                       |    1|   0|    1|          0|
    |tmp_184_reg_48117                       |    1|   0|    1|          0|
    |tmp_190_reg_50709                       |    1|   0|    1|          0|
    |tmp_193_reg_48145                       |    1|   0|    1|          0|
    |tmp_19_reg_47627                        |    1|   0|    1|          0|
    |tmp_1_reg_47554                         |    1|   0|    1|          0|
    |tmp_202_reg_48166                       |    1|   0|    1|          0|
    |tmp_208_reg_50726                       |    1|   0|    1|          0|
    |tmp_211_reg_48194                       |    1|   0|    1|          0|
    |tmp_220_reg_48215                       |    1|   0|    1|          0|
    |tmp_223_reg_50743                       |    1|   0|    1|          0|
    |tmp_229_reg_48243                       |    1|   0|    1|          0|
    |tmp_22_reg_50539                        |    1|   0|    1|          0|
    |tmp_238_reg_48264                       |    1|   0|    1|          0|
    |tmp_241_reg_50760                       |    1|   0|    1|          0|
    |tmp_244_reg_48292                       |    1|   0|    1|          0|
    |tmp_253_reg_48313                       |    1|   0|    1|          0|
    |tmp_258_reg_50777                       |    1|   0|    1|          0|
    |tmp_268_reg_48340                       |    1|   0|    1|          0|
    |tmp_271_reg_50794                       |    1|   0|    1|          0|
    |tmp_274_reg_48604                       |    1|   0|    1|          0|
    |tmp_279_reg_48619                       |    1|   0|    1|          0|
    |tmp_283_reg_50811                       |    1|   0|    1|          0|
    |tmp_28_reg_47655                        |    1|   0|    1|          0|
    |tmp_290_reg_51187                       |    1|   0|    1|          0|
    |tmp_291_reg_48644                       |    1|   0|    1|          0|
    |tmp_293_reg_48659                       |    1|   0|    1|          0|
    |tmp_294_reg_48666                       |    9|   0|    9|          0|
    |tmp_301_reg_50828                       |    1|   0|    1|          0|
    |tmp_308_reg_51203                       |    1|   0|    1|          0|
    |tmp_309_reg_48684                       |    1|   0|    1|          0|
    |tmp_311_reg_48699                       |    1|   0|    1|          0|
    |tmp_312_reg_48706                       |    9|   0|    9|          0|
    |tmp_320_reg_50851                       |    1|   0|    1|          0|
    |tmp_323_reg_51219                       |    1|   0|    1|          0|
    |tmp_324_reg_48724                       |    1|   0|    1|          0|
    |tmp_329_reg_48739                       |    1|   0|    1|          0|
    |tmp_330_reg_48746                       |    9|   0|    9|          0|
    |tmp_334_reg_50863                       |    1|   0|    1|          0|
    |tmp_340_reg_51235                       |    1|   0|    1|          0|
    |tmp_341_reg_48764                       |    1|   0|    1|          0|
    |tmp_343_reg_48779                       |    1|   0|    1|          0|
    |tmp_344_reg_48786                       |    9|   0|    9|          0|
    |tmp_34_reg_47676                        |    1|   0|    1|          0|
    |tmp_351_reg_50880                       |    1|   0|    1|          0|
    |tmp_358_reg_51251                       |    1|   0|    1|          0|
    |tmp_359_reg_48804                       |    1|   0|    1|          0|
    |tmp_361_reg_48819                       |    1|   0|    1|          0|
    |tmp_362_reg_48826                       |    9|   0|    9|          0|
    |tmp_369_reg_50897                       |    1|   0|    1|          0|
    |tmp_373_reg_51267                       |    1|   0|    1|          0|
    |tmp_374_reg_48844                       |    1|   0|    1|          0|
    |tmp_379_reg_48859                       |    1|   0|    1|          0|
    |tmp_380_reg_48866                       |    9|   0|    9|          0|
    |tmp_384_reg_50914                       |    1|   0|    1|          0|
    |tmp_391_reg_51283                       |    1|   0|    1|          0|
    |tmp_392_reg_48884                       |    1|   0|    1|          0|
    |tmp_394_reg_48899                       |    1|   0|    1|          0|
    |tmp_398_reg_48906                       |    9|   0|    9|          0|
    |tmp_402_reg_50931                       |    1|   0|    1|          0|
    |tmp_409_reg_51299                       |    1|   0|    1|          0|
    |tmp_40_reg_50556                        |    1|   0|    1|          0|
    |tmp_410_reg_48924                       |    1|   0|    1|          0|
    |tmp_412_reg_48939                       |    1|   0|    1|          0|
    |tmp_419_reg_50954                       |    1|   0|    1|          0|
    |tmp_422_reg_51315                       |    1|   0|    1|          0|
    |tmp_423_reg_48964                       |    1|   0|    1|          0|
    |tmp_428_reg_48979                       |    1|   0|    1|          0|
    |tmp_429_reg_48986                       |    9|   0|    9|          0|
    |tmp_433_reg_50966                       |    1|   0|    1|          0|
    |tmp_43_reg_47704                        |    1|   0|    1|          0|
    |tmp_440_reg_51331                       |    1|   0|    1|          0|
    |tmp_441_reg_49004                       |    1|   0|    1|          0|
    |tmp_443_reg_49019                       |    1|   0|    1|          0|
    |tmp_444_reg_49026                       |    9|   0|    9|          0|
    |tmp_452_reg_50989                       |    1|   0|    1|          0|
    |tmp_458_reg_51347                       |    1|   0|    1|          0|
    |tmp_459_reg_49044                       |    1|   0|    1|          0|
    |tmp_461_reg_49059                       |    1|   0|    1|          0|
    |tmp_462_reg_49066                       |    9|   0|    9|          0|
    |tmp_469_reg_51001                       |    1|   0|    1|          0|
    |tmp_473_reg_51363                       |    1|   0|    1|          0|
    |tmp_474_reg_49084                       |    1|   0|    1|          0|
    |tmp_479_reg_49099                       |    1|   0|    1|          0|
    |tmp_480_reg_49106                       |    9|   0|    9|          0|
    |tmp_484_reg_51018                       |    1|   0|    1|          0|
    |tmp_491_reg_51379                       |    1|   0|    1|          0|
    |tmp_492_reg_49124                       |    1|   0|    1|          0|
    |tmp_494_reg_49139                       |    1|   0|    1|          0|
    |tmp_495_reg_49146                       |    9|   0|    9|          0|
    |tmp_501_reg_51035                       |    1|   0|    1|          0|
    |tmp_508_reg_51395                       |    1|   0|    1|          0|
    |tmp_509_reg_49164                       |    1|   0|    1|          0|
    |tmp_511_reg_49179                       |    1|   0|    1|          0|
    |tmp_512_reg_49186                       |    9|   0|    9|          0|
    |tmp_520_reg_51058                       |    1|   0|    1|          0|
    |tmp_523_reg_51411                       |    1|   0|    1|          0|
    |tmp_524_reg_49204                       |    1|   0|    1|          0|
    |tmp_529_reg_49219                       |    1|   0|    1|          0|
    |tmp_52_reg_47725                        |    1|   0|    1|          0|
    |tmp_530_reg_49226                       |    9|   0|    9|          0|
    |tmp_534_reg_51070                       |    1|   0|    1|          0|
    |tmp_541_reg_51427                       |    1|   0|    1|          0|
    |tmp_542_reg_49244                       |    1|   0|    1|          0|
    |tmp_544_reg_49259                       |    1|   0|    1|          0|
    |tmp_551_reg_51443                       |    1|   0|    1|          0|
    |tmp_558_reg_52343                       |    1|   0|    1|          0|
    |tmp_559_reg_49284                       |    1|   0|    1|          0|
    |tmp_561_reg_49299                       |    1|   0|    1|          0|
    |tmp_562_reg_49306                       |    9|   0|    9|          0|
    |tmp_569_reg_51460                       |    1|   0|    1|          0|
    |tmp_573_reg_52359                       |    1|   0|    1|          0|
    |tmp_574_reg_49324                       |    1|   0|    1|          0|
    |tmp_578_reg_49339                       |    1|   0|    1|          0|
    |tmp_579_reg_49346                       |    9|   0|    9|          0|
    |tmp_583_reg_51477                       |    1|   0|    1|          0|
    |tmp_58_reg_50573                        |    1|   0|    1|          0|
    |tmp_590_reg_52375                       |    1|   0|    1|          0|
    |tmp_591_reg_49364                       |    1|   0|    1|          0|
    |tmp_593_reg_49379                       |    1|   0|    1|          0|
    |tmp_594_reg_49386                       |    9|   0|    9|          0|
    |tmp_5_reg_47583                         |    1|   0|    1|          0|
    |tmp_601_reg_51494                       |    1|   0|    1|          0|
    |tmp_608_reg_52391                       |    1|   0|    1|          0|
    |tmp_609_reg_49404                       |    1|   0|    1|          0|
    |tmp_611_reg_49419                       |    1|   0|    1|          0|
    |tmp_612_reg_49426                       |    9|   0|    9|          0|
    |tmp_619_reg_51511                       |    1|   0|    1|          0|
    |tmp_61_reg_47753                        |    1|   0|    1|          0|
    |tmp_623_reg_52407                       |    1|   0|    1|          0|
    |tmp_624_reg_49444                       |    1|   0|    1|          0|
    |tmp_629_reg_49459                       |    1|   0|    1|          0|
    |tmp_630_reg_49466                       |    9|   0|    9|          0|
    |tmp_634_reg_51528                       |    1|   0|    1|          0|
    |tmp_641_reg_52423                       |    1|   0|    1|          0|
    |tmp_642_reg_49484                       |    1|   0|    1|          0|
    |tmp_644_reg_49499                       |    1|   0|    1|          0|
    |tmp_648_reg_49506                       |    9|   0|    9|          0|
    |tmp_652_reg_51545                       |    1|   0|    1|          0|
    |tmp_656_reg_52439                       |    1|   0|    1|          0|
    |tmp_657_reg_49524                       |    1|   0|    1|          0|
    |tmp_659_reg_49539                       |    1|   0|    1|          0|
    |tmp_660_reg_49546                       |    9|   0|    9|          0|
    |tmp_664_reg_51562                       |    1|   0|    1|          0|
    |tmp_668_reg_52455                       |    1|   0|    1|          0|
    |tmp_669_reg_49564                       |    1|   0|    1|          0|
    |tmp_671_reg_49579                       |    1|   0|    1|          0|
    |tmp_675_reg_51579                       |    1|   0|    1|          0|
    |tmp_679_reg_52471                       |    1|   0|    1|          0|
    |tmp_680_reg_49604                       |    1|   0|    1|          0|
    |tmp_682_reg_49619                       |    1|   0|    1|          0|
    |tmp_683_reg_49626                       |    9|   0|    9|          0|
    |tmp_687_reg_51596                       |    1|   0|    1|          0|
    |tmp_691_reg_52487                       |    1|   0|    1|          0|
    |tmp_692_reg_49644                       |    1|   0|    1|          0|
    |tmp_694_reg_49659                       |    1|   0|    1|          0|
    |tmp_695_reg_49666                       |    9|   0|    9|          0|
    |tmp_699_reg_51613                       |    1|   0|    1|          0|
    |tmp_703_reg_52503                       |    1|   0|    1|          0|
    |tmp_704_reg_49684                       |    1|   0|    1|          0|
    |tmp_706_reg_49699                       |    1|   0|    1|          0|
    |tmp_707_reg_49706                       |    9|   0|    9|          0|
    |tmp_70_reg_47774                        |    1|   0|    1|          0|
    |tmp_711_reg_51630                       |    1|   0|    1|          0|
    |tmp_715_reg_52519                       |    1|   0|    1|          0|
    |tmp_716_reg_49724                       |    1|   0|    1|          0|
    |tmp_718_reg_49739                       |    1|   0|    1|          0|
    |tmp_719_reg_49746                       |    9|   0|    9|          0|
    |tmp_723_reg_51647                       |    1|   0|    1|          0|
    |tmp_727_reg_52535                       |    1|   0|    1|          0|
    |tmp_728_reg_49764                       |    1|   0|    1|          0|
    |tmp_730_reg_49779                       |    1|   0|    1|          0|
    |tmp_731_reg_49786                       |    9|   0|    9|          0|
    |tmp_735_reg_51664                       |    1|   0|    1|          0|
    |tmp_739_reg_52551                       |    1|   0|    1|          0|
    |tmp_73_reg_50590                        |    1|   0|    1|          0|
    |tmp_740_reg_49804                       |    1|   0|    1|          0|
    |tmp_742_reg_49819                       |    1|   0|    1|          0|
    |tmp_743_reg_49826                       |    9|   0|    9|          0|
    |tmp_747_reg_51681                       |    1|   0|    1|          0|
    |tmp_751_reg_52567                       |    1|   0|    1|          0|
    |tmp_752_reg_49844                       |    1|   0|    1|          0|
    |tmp_754_reg_49859                       |    1|   0|    1|          0|
    |tmp_755_reg_49866                       |    9|   0|    9|          0|
    |tmp_759_reg_51698                       |    1|   0|    1|          0|
    |tmp_763_reg_52583                       |    1|   0|    1|          0|
    |tmp_764_reg_49884                       |    1|   0|    1|          0|
    |tmp_766_reg_49899                       |    1|   0|    1|          0|
    |tmp_770_reg_52599                       |    1|   0|    1|          0|
    |tmp_774_reg_53175                       |    1|   0|    1|          0|
    |tmp_775_reg_49924                       |    1|   0|    1|          0|
    |tmp_777_reg_49939                       |    1|   0|    1|          0|
    |tmp_778_reg_49946                       |    9|   0|    9|          0|
    |tmp_782_reg_52616                       |    1|   0|    1|          0|
    |tmp_786_reg_53191                       |    1|   0|    1|          0|
    |tmp_787_reg_49964                       |    1|   0|    1|          0|
    |tmp_789_reg_49979                       |    1|   0|    1|          0|
    |tmp_790_reg_49986                       |    9|   0|    9|          0|
    |tmp_794_reg_52633                       |    1|   0|    1|          0|
    |tmp_798_reg_53207                       |    1|   0|    1|          0|
    |tmp_799_reg_50004                       |    1|   0|    1|          0|
    |tmp_79_reg_47802                        |    1|   0|    1|          0|
    |tmp_801_reg_50019                       |    1|   0|    1|          0|
    |tmp_802_reg_50026                       |    9|   0|    9|          0|
    |tmp_806_reg_52650                       |    1|   0|    1|          0|
    |tmp_810_reg_53223                       |    1|   0|    1|          0|
    |tmp_811_reg_50044                       |    1|   0|    1|          0|
    |tmp_813_reg_50059                       |    1|   0|    1|          0|
    |tmp_814_reg_50066                       |    9|   0|    9|          0|
    |tmp_818_reg_52667                       |    1|   0|    1|          0|
    |tmp_822_reg_53239                       |    1|   0|    1|          0|
    |tmp_823_reg_50084                       |    1|   0|    1|          0|
    |tmp_825_reg_50099                       |    1|   0|    1|          0|
    |tmp_826_reg_50106                       |    9|   0|    9|          0|
    |tmp_830_reg_52684                       |    1|   0|    1|          0|
    |tmp_834_reg_53255                       |    1|   0|    1|          0|
    |tmp_835_reg_50124                       |    1|   0|    1|          0|
    |tmp_837_reg_50139                       |    1|   0|    1|          0|
    |tmp_838_reg_50146                       |    9|   0|    9|          0|
    |tmp_842_reg_52701                       |    1|   0|    1|          0|
    |tmp_846_reg_53271                       |    1|   0|    1|          0|
    |tmp_847_reg_50164                       |    1|   0|    1|          0|
    |tmp_849_reg_50179                       |    1|   0|    1|          0|
    |tmp_850_reg_50186                       |    9|   0|    9|          0|
    |tmp_854_reg_52718                       |    1|   0|    1|          0|
    |tmp_858_reg_53287                       |    1|   0|    1|          0|
    |tmp_859_reg_50204                       |    1|   0|    1|          0|
    |tmp_85_reg_47823                        |    1|   0|    1|          0|
    |tmp_861_reg_50219                       |    1|   0|    1|          0|
    |tmp_865_reg_52735                       |    1|   0|    1|          0|
    |tmp_869_reg_53303                       |    1|   0|    1|          0|
    |tmp_870_reg_50244                       |    1|   0|    1|          0|
    |tmp_872_reg_50259                       |    1|   0|    1|          0|
    |tmp_873_reg_50266                       |    9|   0|    9|          0|
    |tmp_877_reg_52752                       |    1|   0|    1|          0|
    |tmp_881_reg_53319                       |    1|   0|    1|          0|
    |tmp_882_reg_50284                       |    1|   0|    1|          0|
    |tmp_884_reg_50299                       |    1|   0|    1|          0|
    |tmp_885_reg_50306                       |    9|   0|    9|          0|
    |tmp_889_reg_52769                       |    1|   0|    1|          0|
    |tmp_893_reg_53335                       |    1|   0|    1|          0|
    |tmp_894_reg_50324                       |    1|   0|    1|          0|
    |tmp_896_reg_50339                       |    1|   0|    1|          0|
    |tmp_897_reg_50346                       |    9|   0|    9|          0|
    |tmp_8_reg_50522                         |    1|   0|    1|          0|
    |tmp_901_reg_52786                       |    1|   0|    1|          0|
    |tmp_905_reg_53351                       |    1|   0|    1|          0|
    |tmp_906_reg_50364                       |    1|   0|    1|          0|
    |tmp_908_reg_50379                       |    1|   0|    1|          0|
    |tmp_909_reg_50386                       |    9|   0|    9|          0|
    |tmp_90_reg_50607                        |    1|   0|    1|          0|
    |tmp_913_reg_52803                       |    1|   0|    1|          0|
    |tmp_917_reg_53367                       |    1|   0|    1|          0|
    |tmp_918_reg_50404                       |    1|   0|    1|          0|
    |tmp_920_reg_50419                       |    1|   0|    1|          0|
    |tmp_921_reg_50426                       |    9|   0|    9|          0|
    |tmp_925_reg_52820                       |    1|   0|    1|          0|
    |tmp_929_reg_53383                       |    1|   0|    1|          0|
    |tmp_930_reg_50444                       |    1|   0|    1|          0|
    |tmp_932_reg_50459                       |    1|   0|    1|          0|
    |tmp_933_reg_50466                       |    9|   0|    9|          0|
    |tmp_937_reg_52837                       |    1|   0|    1|          0|
    |tmp_93_reg_47851                        |    1|   0|    1|          0|
    |tmp_941_reg_53399                       |    1|   0|    1|          0|
    |tmp_942_reg_50484                       |    1|   0|    1|          0|
    |tmp_944_reg_50499                       |    1|   0|    1|          0|
    |tmp_945_reg_50506                       |    9|   0|    9|          0|
    |tmp_949_reg_52854                       |    1|   0|    1|          0|
    |tmp_953_reg_53415                       |    1|   0|    1|          0|
    |trunc_ln21_20_reg_48626                 |    9|   0|    9|          0|
    |trunc_ln21_29_reg_48946                 |    9|   0|    9|          0|
    |trunc_ln21_38_reg_49266                 |    9|   0|    9|          0|
    |trunc_ln21_47_reg_49586                 |    9|   0|    9|          0|
    |trunc_ln21_56_reg_49906                 |    9|   0|    9|          0|
    |trunc_ln21_65_reg_50226                 |    9|   0|    9|          0|
    |wvalue_10_reg_51866                     |   32|   0|   32|          0|
    |wvalue_11_reg_51882                     |   32|   0|   32|          0|
    |wvalue_12_reg_51898                     |   32|   0|   32|          0|
    |wvalue_13_reg_51914                     |   32|   0|   32|          0|
    |wvalue_14_reg_51930                     |   32|   0|   32|          0|
    |wvalue_15_reg_51946                     |   32|   0|   32|          0|
    |wvalue_17_reg_52961                     |   32|   0|   32|          0|
    |wvalue_18_reg_52969                     |   32|   0|   32|          0|
    |wvalue_19_reg_52977                     |   32|   0|   32|          0|
    |wvalue_20_reg_52985                     |   32|   0|   32|          0|
    |wvalue_21_reg_52993                     |   32|   0|   32|          0|
    |wvalue_22_reg_53001                     |   32|   0|   32|          0|
    |wvalue_23_reg_53009                     |   32|   0|   32|          0|
    |wvalue_24_reg_53017                     |   32|   0|   32|          0|
    |wvalue_25_reg_53025                     |   32|   0|   32|          0|
    |wvalue_26_reg_53033                     |   32|   0|   32|          0|
    |wvalue_27_reg_53041                     |   32|   0|   32|          0|
    |wvalue_28_reg_53049                     |   32|   0|   32|          0|
    |wvalue_29_reg_53057                     |   32|   0|   32|          0|
    |wvalue_30_reg_53065                     |   32|   0|   32|          0|
    |wvalue_31_reg_53073                     |   32|   0|   32|          0|
    |wvalue_32_reg_53081                     |   32|   0|   32|          0|
    |wvalue_33_reg_53425                     |   32|   0|   32|          0|
    |wvalue_34_reg_53433                     |   32|   0|   32|          0|
    |wvalue_35_reg_53441                     |   32|   0|   32|          0|
    |wvalue_36_reg_53449                     |   32|   0|   32|          0|
    |wvalue_37_reg_53457                     |   32|   0|   32|          0|
    |wvalue_38_reg_53465                     |   32|   0|   32|          0|
    |wvalue_39_reg_53473                     |   32|   0|   32|          0|
    |wvalue_40_reg_53481                     |   32|   0|   32|          0|
    |wvalue_41_reg_53489                     |   32|   0|   32|          0|
    |wvalue_42_reg_53497                     |   32|   0|   32|          0|
    |wvalue_43_reg_53505                     |   32|   0|   32|          0|
    |wvalue_44_reg_53513                     |   32|   0|   32|          0|
    |wvalue_45_reg_53521                     |   32|   0|   32|          0|
    |wvalue_46_reg_53529                     |   32|   0|   32|          0|
    |wvalue_47_reg_53537                     |   32|   0|   32|          0|
    |wvalue_48_reg_53545                     |   32|   0|   32|          0|
    |wvalue_49_reg_53633                     |   32|   0|   32|          0|
    |wvalue_4_reg_51770                      |   32|   0|   32|          0|
    |wvalue_50_reg_53641                     |   32|   0|   32|          0|
    |wvalue_51_reg_53649                     |   32|   0|   32|          0|
    |wvalue_52_reg_53657                     |   32|   0|   32|          0|
    |wvalue_53_reg_53665                     |   32|   0|   32|          0|
    |wvalue_54_reg_53673                     |   32|   0|   32|          0|
    |wvalue_55_reg_53681                     |   32|   0|   32|          0|
    |wvalue_56_reg_53689                     |   32|   0|   32|          0|
    |wvalue_57_reg_53697                     |   32|   0|   32|          0|
    |wvalue_58_reg_53705                     |   32|   0|   32|          0|
    |wvalue_59_reg_53713                     |   32|   0|   32|          0|
    |wvalue_5_reg_51786                      |   32|   0|   32|          0|
    |wvalue_60_reg_53721                     |   32|   0|   32|          0|
    |wvalue_61_reg_53729                     |   32|   0|   32|          0|
    |wvalue_62_reg_53737                     |   32|   0|   32|          0|
    |wvalue_63_reg_53745                     |   32|   0|   32|          0|
    |wvalue_64_reg_53753                     |   32|   0|   32|          0|
    |wvalue_6_reg_51802                      |   32|   0|   32|          0|
    |wvalue_7_reg_51818                      |   32|   0|   32|          0|
    |wvalue_8_reg_51834                      |   32|   0|   32|          0|
    |wvalue_9_reg_51850                      |   32|   0|   32|          0|
    |xbits_10_reg_48084                      |   32|   0|   32|          0|
    |xbits_11_reg_48133                      |   32|   0|   32|          0|
    |xbits_12_reg_48182                      |   32|   0|   32|          0|
    |xbits_13_reg_48231                      |   32|   0|   32|          0|
    |xbits_14_reg_48280                      |   32|   0|   32|          0|
    |xbits_15_reg_48329                      |   32|   0|   32|          0|
    |xbits_16_reg_48356                      |   32|   0|   32|          0|
    |xbits_17_reg_48361                      |   32|   0|   32|          0|
    |xbits_18_reg_48366                      |   32|   0|   32|          0|
    |xbits_19_reg_48371                      |   32|   0|   32|          0|
    |xbits_1_reg_47643                       |   32|   0|   32|          0|
    |xbits_20_reg_48376                      |   32|   0|   32|          0|
    |xbits_21_reg_48381                      |   32|   0|   32|          0|
    |xbits_22_reg_48386                      |   32|   0|   32|          0|
    |xbits_23_reg_48391                      |   32|   0|   32|          0|
    |xbits_24_reg_48396                      |   32|   0|   32|          0|
    |xbits_25_reg_48401                      |   32|   0|   32|          0|
    |xbits_26_reg_48406                      |   32|   0|   32|          0|
    |xbits_27_reg_48411                      |   32|   0|   32|          0|
    |xbits_28_reg_48416                      |   32|   0|   32|          0|
    |xbits_29_reg_48421                      |   32|   0|   32|          0|
    |xbits_2_reg_47692                       |   32|   0|   32|          0|
    |xbits_30_reg_48426                      |   32|   0|   32|          0|
    |xbits_31_reg_48431                      |   32|   0|   32|          0|
    |xbits_32_reg_48436                      |   32|   0|   32|          0|
    |xbits_33_reg_48441                      |   32|   0|   32|          0|
    |xbits_34_reg_48446                      |   32|   0|   32|          0|
    |xbits_35_reg_48451                      |   32|   0|   32|          0|
    |xbits_36_reg_48456                      |   32|   0|   32|          0|
    |xbits_37_reg_48461                      |   32|   0|   32|          0|
    |xbits_38_reg_48466                      |   32|   0|   32|          0|
    |xbits_39_reg_48471                      |   32|   0|   32|          0|
    |xbits_3_reg_47741                       |   32|   0|   32|          0|
    |xbits_40_reg_48476                      |   32|   0|   32|          0|
    |xbits_41_reg_48481                      |   32|   0|   32|          0|
    |xbits_42_reg_48486                      |   32|   0|   32|          0|
    |xbits_43_reg_48491                      |   32|   0|   32|          0|
    |xbits_44_reg_48496                      |   32|   0|   32|          0|
    |xbits_45_reg_48501                      |   32|   0|   32|          0|
    |xbits_46_reg_48506                      |   32|   0|   32|          0|
    |xbits_47_reg_48511                      |   32|   0|   32|          0|
    |xbits_48_reg_48516                      |   32|   0|   32|          0|
    |xbits_49_reg_48521                      |   32|   0|   32|          0|
    |xbits_4_reg_47790                       |   32|   0|   32|          0|
    |xbits_50_reg_48526                      |   32|   0|   32|          0|
    |xbits_51_reg_48531                      |   32|   0|   32|          0|
    |xbits_52_reg_48536                      |   32|   0|   32|          0|
    |xbits_53_reg_48541                      |   32|   0|   32|          0|
    |xbits_54_reg_48546                      |   32|   0|   32|          0|
    |xbits_55_reg_48551                      |   32|   0|   32|          0|
    |xbits_56_reg_48556                      |   32|   0|   32|          0|
    |xbits_57_reg_48561                      |   32|   0|   32|          0|
    |xbits_58_reg_48566                      |   32|   0|   32|          0|
    |xbits_59_reg_48571                      |   32|   0|   32|          0|
    |xbits_5_reg_47839                       |   32|   0|   32|          0|
    |xbits_60_reg_48576                      |   32|   0|   32|          0|
    |xbits_61_reg_48581                      |   32|   0|   32|          0|
    |xbits_62_reg_48586                      |   32|   0|   32|          0|
    |xbits_63_reg_48591                      |   32|   0|   32|          0|
    |xbits_6_reg_47888                       |   32|   0|   32|          0|
    |xbits_7_reg_47937                       |   32|   0|   32|          0|
    |xbits_8_reg_47986                       |   32|   0|   32|          0|
    |xbits_9_reg_48035                       |   32|   0|   32|          0|
    |xbits_reg_47594                         |   32|   0|   32|          0|
    |icmp_ln147_reg_47461                    |   64|  32|    1|          0|
    +----------------------------------------+-----+----+-----+-----------+
    |Total                                   |28097|  32|28047|         13|
    +----------------------------------------+-----+----+-----+-----------+



================================================================
== Interface
================================================================
* Summary: 
+----------------------------+-----+-----+------------+----------------------------------------+--------------+
|          RTL Ports         | Dir | Bits|  Protocol  |              Source Object             |    C Type    |
+----------------------------+-----+-----+------------+----------------------------------------+--------------+
|ap_clk                      |   in|    1|  ap_ctrl_hs|  vision_gemm_Pipeline_VITIS_LOOP_147_10|  return value|
|ap_rst                      |   in|    1|  ap_ctrl_hs|  vision_gemm_Pipeline_VITIS_LOOP_147_10|  return value|
|ap_start                    |   in|    1|  ap_ctrl_hs|  vision_gemm_Pipeline_VITIS_LOOP_147_10|  return value|
|ap_done                     |  out|    1|  ap_ctrl_hs|  vision_gemm_Pipeline_VITIS_LOOP_147_10|  return value|
|ap_idle                     |  out|    1|  ap_ctrl_hs|  vision_gemm_Pipeline_VITIS_LOOP_147_10|  return value|
|ap_ready                    |  out|    1|  ap_ctrl_hs|  vision_gemm_Pipeline_VITIS_LOOP_147_10|  return value|
|mul_ln160                   |   in|   11|     ap_none|                               mul_ln160|        scalar|
|weight_tile_address0        |  out|   12|   ap_memory|                             weight_tile|         array|
|weight_tile_ce0             |  out|    1|   ap_memory|                             weight_tile|         array|
|weight_tile_q0              |   in|  128|   ap_memory|                             weight_tile|         array|
|weight_tile_address1        |  out|   12|   ap_memory|                             weight_tile|         array|
|weight_tile_ce1             |  out|    1|   ap_memory|                             weight_tile|         array|
|weight_tile_q1              |   in|  128|   ap_memory|                             weight_tile|         array|
|weight_tile_1_address0      |  out|   12|   ap_memory|                           weight_tile_1|         array|
|weight_tile_1_ce0           |  out|    1|   ap_memory|                           weight_tile_1|         array|
|weight_tile_1_q0            |   in|  128|   ap_memory|                           weight_tile_1|         array|
|weight_tile_1_address1      |  out|   12|   ap_memory|                           weight_tile_1|         array|
|weight_tile_1_ce1           |  out|    1|   ap_memory|                           weight_tile_1|         array|
|weight_tile_1_q1            |   in|  128|   ap_memory|                           weight_tile_1|         array|
|weight_tile_2_address0      |  out|   12|   ap_memory|                           weight_tile_2|         array|
|weight_tile_2_ce0           |  out|    1|   ap_memory|                           weight_tile_2|         array|
|weight_tile_2_q0            |   in|  128|   ap_memory|                           weight_tile_2|         array|
|weight_tile_2_address1      |  out|   12|   ap_memory|                           weight_tile_2|         array|
|weight_tile_2_ce1           |  out|    1|   ap_memory|                           weight_tile_2|         array|
|weight_tile_2_q1            |   in|  128|   ap_memory|                           weight_tile_2|         array|
|weight_tile_3_address0      |  out|   12|   ap_memory|                           weight_tile_3|         array|
|weight_tile_3_ce0           |  out|    1|   ap_memory|                           weight_tile_3|         array|
|weight_tile_3_q0            |   in|  128|   ap_memory|                           weight_tile_3|         array|
|weight_tile_3_address1      |  out|   12|   ap_memory|                           weight_tile_3|         array|
|weight_tile_3_ce1           |  out|    1|   ap_memory|                           weight_tile_3|         array|
|weight_tile_3_q1            |   in|  128|   ap_memory|                           weight_tile_3|         array|
|mul_ln163                   |   in|   12|     ap_none|                               mul_ln163|        scalar|
|activation_tile_address0    |  out|   13|   ap_memory|                         activation_tile|         array|
|activation_tile_ce0         |  out|    1|   ap_memory|                         activation_tile|         array|
|activation_tile_q0          |   in|  256|   ap_memory|                         activation_tile|         array|
|activation_tile_address1    |  out|   13|   ap_memory|                         activation_tile|         array|
|activation_tile_ce1         |  out|    1|   ap_memory|                         activation_tile|         array|
|activation_tile_q1          |   in|  256|   ap_memory|                         activation_tile|         array|
|activation_tile_1_address0  |  out|   13|   ap_memory|                       activation_tile_1|         array|
|activation_tile_1_ce0       |  out|    1|   ap_memory|                       activation_tile_1|         array|
|activation_tile_1_q0        |   in|  256|   ap_memory|                       activation_tile_1|         array|
|activation_tile_1_address1  |  out|   13|   ap_memory|                       activation_tile_1|         array|
|activation_tile_1_ce1       |  out|    1|   ap_memory|                       activation_tile_1|         array|
|activation_tile_1_q1        |   in|  256|   ap_memory|                       activation_tile_1|         array|
|activation_tile_2_address0  |  out|   13|   ap_memory|                       activation_tile_2|         array|
|activation_tile_2_ce0       |  out|    1|   ap_memory|                       activation_tile_2|         array|
|activation_tile_2_q0        |   in|  256|   ap_memory|                       activation_tile_2|         array|
|activation_tile_2_address1  |  out|   13|   ap_memory|                       activation_tile_2|         array|
|activation_tile_2_ce1       |  out|    1|   ap_memory|                       activation_tile_2|         array|
|activation_tile_2_q1        |   in|  256|   ap_memory|                       activation_tile_2|         array|
|activation_tile_3_address0  |  out|   13|   ap_memory|                       activation_tile_3|         array|
|activation_tile_3_ce0       |  out|    1|   ap_memory|                       activation_tile_3|         array|
|activation_tile_3_q0        |   in|  256|   ap_memory|                       activation_tile_3|         array|
|activation_tile_3_address1  |  out|   13|   ap_memory|                       activation_tile_3|         array|
|activation_tile_3_ce1       |  out|    1|   ap_memory|                       activation_tile_3|         array|
|activation_tile_3_q1        |   in|  256|   ap_memory|                       activation_tile_3|         array|
|p_out                       |  out|   32|      ap_vld|                                   p_out|       pointer|
|p_out_ap_vld                |  out|    1|      ap_vld|                                   p_out|       pointer|
|p_out1                      |  out|   32|      ap_vld|                                  p_out1|       pointer|
|p_out1_ap_vld               |  out|    1|      ap_vld|                                  p_out1|       pointer|
|p_out2                      |  out|   32|      ap_vld|                                  p_out2|       pointer|
|p_out2_ap_vld               |  out|    1|      ap_vld|                                  p_out2|       pointer|
|p_out3                      |  out|   32|      ap_vld|                                  p_out3|       pointer|
|p_out3_ap_vld               |  out|    1|      ap_vld|                                  p_out3|       pointer|
|p_out4                      |  out|   32|      ap_vld|                                  p_out4|       pointer|
|p_out4_ap_vld               |  out|    1|      ap_vld|                                  p_out4|       pointer|
|p_out5                      |  out|   32|      ap_vld|                                  p_out5|       pointer|
|p_out5_ap_vld               |  out|    1|      ap_vld|                                  p_out5|       pointer|
|p_out6                      |  out|   32|      ap_vld|                                  p_out6|       pointer|
|p_out6_ap_vld               |  out|    1|      ap_vld|                                  p_out6|       pointer|
|p_out7                      |  out|   32|      ap_vld|                                  p_out7|       pointer|
|p_out7_ap_vld               |  out|    1|      ap_vld|                                  p_out7|       pointer|
|p_out8                      |  out|   32|      ap_vld|                                  p_out8|       pointer|
|p_out8_ap_vld               |  out|    1|      ap_vld|                                  p_out8|       pointer|
|p_out9                      |  out|   32|      ap_vld|                                  p_out9|       pointer|
|p_out9_ap_vld               |  out|    1|      ap_vld|                                  p_out9|       pointer|
|p_out10                     |  out|   32|      ap_vld|                                 p_out10|       pointer|
|p_out10_ap_vld              |  out|    1|      ap_vld|                                 p_out10|       pointer|
|p_out11                     |  out|   32|      ap_vld|                                 p_out11|       pointer|
|p_out11_ap_vld              |  out|    1|      ap_vld|                                 p_out11|       pointer|
|p_out12                     |  out|   32|      ap_vld|                                 p_out12|       pointer|
|p_out12_ap_vld              |  out|    1|      ap_vld|                                 p_out12|       pointer|
|p_out13                     |  out|   32|      ap_vld|                                 p_out13|       pointer|
|p_out13_ap_vld              |  out|    1|      ap_vld|                                 p_out13|       pointer|
|p_out14                     |  out|   32|      ap_vld|                                 p_out14|       pointer|
|p_out14_ap_vld              |  out|    1|      ap_vld|                                 p_out14|       pointer|
|p_out15                     |  out|   32|      ap_vld|                                 p_out15|       pointer|
|p_out15_ap_vld              |  out|    1|      ap_vld|                                 p_out15|       pointer|
|p_out16                     |  out|   32|      ap_vld|                                 p_out16|       pointer|
|p_out16_ap_vld              |  out|    1|      ap_vld|                                 p_out16|       pointer|
|p_out17                     |  out|   32|      ap_vld|                                 p_out17|       pointer|
|p_out17_ap_vld              |  out|    1|      ap_vld|                                 p_out17|       pointer|
|p_out18                     |  out|   32|      ap_vld|                                 p_out18|       pointer|
|p_out18_ap_vld              |  out|    1|      ap_vld|                                 p_out18|       pointer|
|p_out19                     |  out|   32|      ap_vld|                                 p_out19|       pointer|
|p_out19_ap_vld              |  out|    1|      ap_vld|                                 p_out19|       pointer|
|p_out20                     |  out|   32|      ap_vld|                                 p_out20|       pointer|
|p_out20_ap_vld              |  out|    1|      ap_vld|                                 p_out20|       pointer|
|p_out21                     |  out|   32|      ap_vld|                                 p_out21|       pointer|
|p_out21_ap_vld              |  out|    1|      ap_vld|                                 p_out21|       pointer|
|p_out22                     |  out|   32|      ap_vld|                                 p_out22|       pointer|
|p_out22_ap_vld              |  out|    1|      ap_vld|                                 p_out22|       pointer|
|p_out23                     |  out|   32|      ap_vld|                                 p_out23|       pointer|
|p_out23_ap_vld              |  out|    1|      ap_vld|                                 p_out23|       pointer|
|p_out24                     |  out|   32|      ap_vld|                                 p_out24|       pointer|
|p_out24_ap_vld              |  out|    1|      ap_vld|                                 p_out24|       pointer|
|p_out25                     |  out|   32|      ap_vld|                                 p_out25|       pointer|
|p_out25_ap_vld              |  out|    1|      ap_vld|                                 p_out25|       pointer|
|p_out26                     |  out|   32|      ap_vld|                                 p_out26|       pointer|
|p_out26_ap_vld              |  out|    1|      ap_vld|                                 p_out26|       pointer|
|p_out27                     |  out|   32|      ap_vld|                                 p_out27|       pointer|
|p_out27_ap_vld              |  out|    1|      ap_vld|                                 p_out27|       pointer|
|p_out28                     |  out|   32|      ap_vld|                                 p_out28|       pointer|
|p_out28_ap_vld              |  out|    1|      ap_vld|                                 p_out28|       pointer|
|p_out29                     |  out|   32|      ap_vld|                                 p_out29|       pointer|
|p_out29_ap_vld              |  out|    1|      ap_vld|                                 p_out29|       pointer|
|p_out30                     |  out|   32|      ap_vld|                                 p_out30|       pointer|
|p_out30_ap_vld              |  out|    1|      ap_vld|                                 p_out30|       pointer|
|p_out31                     |  out|   32|      ap_vld|                                 p_out31|       pointer|
|p_out31_ap_vld              |  out|    1|      ap_vld|                                 p_out31|       pointer|
|p_out32                     |  out|   32|      ap_vld|                                 p_out32|       pointer|
|p_out32_ap_vld              |  out|    1|      ap_vld|                                 p_out32|       pointer|
|p_out33                     |  out|   32|      ap_vld|                                 p_out33|       pointer|
|p_out33_ap_vld              |  out|    1|      ap_vld|                                 p_out33|       pointer|
|p_out34                     |  out|   32|      ap_vld|                                 p_out34|       pointer|
|p_out34_ap_vld              |  out|    1|      ap_vld|                                 p_out34|       pointer|
|p_out35                     |  out|   32|      ap_vld|                                 p_out35|       pointer|
|p_out35_ap_vld              |  out|    1|      ap_vld|                                 p_out35|       pointer|
|p_out36                     |  out|   32|      ap_vld|                                 p_out36|       pointer|
|p_out36_ap_vld              |  out|    1|      ap_vld|                                 p_out36|       pointer|
|p_out37                     |  out|   32|      ap_vld|                                 p_out37|       pointer|
|p_out37_ap_vld              |  out|    1|      ap_vld|                                 p_out37|       pointer|
|p_out38                     |  out|   32|      ap_vld|                                 p_out38|       pointer|
|p_out38_ap_vld              |  out|    1|      ap_vld|                                 p_out38|       pointer|
|p_out39                     |  out|   32|      ap_vld|                                 p_out39|       pointer|
|p_out39_ap_vld              |  out|    1|      ap_vld|                                 p_out39|       pointer|
|p_out40                     |  out|   32|      ap_vld|                                 p_out40|       pointer|
|p_out40_ap_vld              |  out|    1|      ap_vld|                                 p_out40|       pointer|
|p_out41                     |  out|   32|      ap_vld|                                 p_out41|       pointer|
|p_out41_ap_vld              |  out|    1|      ap_vld|                                 p_out41|       pointer|
|p_out42                     |  out|   32|      ap_vld|                                 p_out42|       pointer|
|p_out42_ap_vld              |  out|    1|      ap_vld|                                 p_out42|       pointer|
|p_out43                     |  out|   32|      ap_vld|                                 p_out43|       pointer|
|p_out43_ap_vld              |  out|    1|      ap_vld|                                 p_out43|       pointer|
|p_out44                     |  out|   32|      ap_vld|                                 p_out44|       pointer|
|p_out44_ap_vld              |  out|    1|      ap_vld|                                 p_out44|       pointer|
|p_out45                     |  out|   32|      ap_vld|                                 p_out45|       pointer|
|p_out45_ap_vld              |  out|    1|      ap_vld|                                 p_out45|       pointer|
|p_out46                     |  out|   32|      ap_vld|                                 p_out46|       pointer|
|p_out46_ap_vld              |  out|    1|      ap_vld|                                 p_out46|       pointer|
|p_out47                     |  out|   32|      ap_vld|                                 p_out47|       pointer|
|p_out47_ap_vld              |  out|    1|      ap_vld|                                 p_out47|       pointer|
|p_out48                     |  out|   32|      ap_vld|                                 p_out48|       pointer|
|p_out48_ap_vld              |  out|    1|      ap_vld|                                 p_out48|       pointer|
|p_out49                     |  out|   32|      ap_vld|                                 p_out49|       pointer|
|p_out49_ap_vld              |  out|    1|      ap_vld|                                 p_out49|       pointer|
|p_out50                     |  out|   32|      ap_vld|                                 p_out50|       pointer|
|p_out50_ap_vld              |  out|    1|      ap_vld|                                 p_out50|       pointer|
|p_out51                     |  out|   32|      ap_vld|                                 p_out51|       pointer|
|p_out51_ap_vld              |  out|    1|      ap_vld|                                 p_out51|       pointer|
|p_out52                     |  out|   32|      ap_vld|                                 p_out52|       pointer|
|p_out52_ap_vld              |  out|    1|      ap_vld|                                 p_out52|       pointer|
|p_out53                     |  out|   32|      ap_vld|                                 p_out53|       pointer|
|p_out53_ap_vld              |  out|    1|      ap_vld|                                 p_out53|       pointer|
|p_out54                     |  out|   32|      ap_vld|                                 p_out54|       pointer|
|p_out54_ap_vld              |  out|    1|      ap_vld|                                 p_out54|       pointer|
|p_out55                     |  out|   32|      ap_vld|                                 p_out55|       pointer|
|p_out55_ap_vld              |  out|    1|      ap_vld|                                 p_out55|       pointer|
|p_out56                     |  out|   32|      ap_vld|                                 p_out56|       pointer|
|p_out56_ap_vld              |  out|    1|      ap_vld|                                 p_out56|       pointer|
|p_out57                     |  out|   32|      ap_vld|                                 p_out57|       pointer|
|p_out57_ap_vld              |  out|    1|      ap_vld|                                 p_out57|       pointer|
|p_out58                     |  out|   32|      ap_vld|                                 p_out58|       pointer|
|p_out58_ap_vld              |  out|    1|      ap_vld|                                 p_out58|       pointer|
|p_out59                     |  out|   32|      ap_vld|                                 p_out59|       pointer|
|p_out59_ap_vld              |  out|    1|      ap_vld|                                 p_out59|       pointer|
|p_out60                     |  out|   32|      ap_vld|                                 p_out60|       pointer|
|p_out60_ap_vld              |  out|    1|      ap_vld|                                 p_out60|       pointer|
|p_out61                     |  out|   32|      ap_vld|                                 p_out61|       pointer|
|p_out61_ap_vld              |  out|    1|      ap_vld|                                 p_out61|       pointer|
|p_out62                     |  out|   32|      ap_vld|                                 p_out62|       pointer|
|p_out62_ap_vld              |  out|    1|      ap_vld|                                 p_out62|       pointer|
|p_out63                     |  out|   32|      ap_vld|                                 p_out63|       pointer|
|p_out63_ap_vld              |  out|    1|      ap_vld|                                 p_out63|       pointer|
|p_out64                     |  out|   32|      ap_vld|                                 p_out64|       pointer|
|p_out64_ap_vld              |  out|    1|      ap_vld|                                 p_out64|       pointer|
|p_out65                     |  out|   32|      ap_vld|                                 p_out65|       pointer|
|p_out65_ap_vld              |  out|    1|      ap_vld|                                 p_out65|       pointer|
|p_out66                     |  out|   32|      ap_vld|                                 p_out66|       pointer|
|p_out66_ap_vld              |  out|    1|      ap_vld|                                 p_out66|       pointer|
|p_out67                     |  out|   32|      ap_vld|                                 p_out67|       pointer|
|p_out67_ap_vld              |  out|    1|      ap_vld|                                 p_out67|       pointer|
|p_out68                     |  out|   32|      ap_vld|                                 p_out68|       pointer|
|p_out68_ap_vld              |  out|    1|      ap_vld|                                 p_out68|       pointer|
|p_out69                     |  out|   32|      ap_vld|                                 p_out69|       pointer|
|p_out69_ap_vld              |  out|    1|      ap_vld|                                 p_out69|       pointer|
|p_out70                     |  out|   32|      ap_vld|                                 p_out70|       pointer|
|p_out70_ap_vld              |  out|    1|      ap_vld|                                 p_out70|       pointer|
|p_out71                     |  out|   32|      ap_vld|                                 p_out71|       pointer|
|p_out71_ap_vld              |  out|    1|      ap_vld|                                 p_out71|       pointer|
|p_out72                     |  out|   32|      ap_vld|                                 p_out72|       pointer|
|p_out72_ap_vld              |  out|    1|      ap_vld|                                 p_out72|       pointer|
|p_out73                     |  out|   32|      ap_vld|                                 p_out73|       pointer|
|p_out73_ap_vld              |  out|    1|      ap_vld|                                 p_out73|       pointer|
|p_out74                     |  out|   32|      ap_vld|                                 p_out74|       pointer|
|p_out74_ap_vld              |  out|    1|      ap_vld|                                 p_out74|       pointer|
|p_out75                     |  out|   32|      ap_vld|                                 p_out75|       pointer|
|p_out75_ap_vld              |  out|    1|      ap_vld|                                 p_out75|       pointer|
|p_out76                     |  out|   32|      ap_vld|                                 p_out76|       pointer|
|p_out76_ap_vld              |  out|    1|      ap_vld|                                 p_out76|       pointer|
|p_out77                     |  out|   32|      ap_vld|                                 p_out77|       pointer|
|p_out77_ap_vld              |  out|    1|      ap_vld|                                 p_out77|       pointer|
|p_out78                     |  out|   32|      ap_vld|                                 p_out78|       pointer|
|p_out78_ap_vld              |  out|    1|      ap_vld|                                 p_out78|       pointer|
|p_out79                     |  out|   32|      ap_vld|                                 p_out79|       pointer|
|p_out79_ap_vld              |  out|    1|      ap_vld|                                 p_out79|       pointer|
|p_out80                     |  out|   32|      ap_vld|                                 p_out80|       pointer|
|p_out80_ap_vld              |  out|    1|      ap_vld|                                 p_out80|       pointer|
|p_out81                     |  out|   32|      ap_vld|                                 p_out81|       pointer|
|p_out81_ap_vld              |  out|    1|      ap_vld|                                 p_out81|       pointer|
|p_out82                     |  out|   32|      ap_vld|                                 p_out82|       pointer|
|p_out82_ap_vld              |  out|    1|      ap_vld|                                 p_out82|       pointer|
|p_out83                     |  out|   32|      ap_vld|                                 p_out83|       pointer|
|p_out83_ap_vld              |  out|    1|      ap_vld|                                 p_out83|       pointer|
|p_out84                     |  out|   32|      ap_vld|                                 p_out84|       pointer|
|p_out84_ap_vld              |  out|    1|      ap_vld|                                 p_out84|       pointer|
|p_out85                     |  out|   32|      ap_vld|                                 p_out85|       pointer|
|p_out85_ap_vld              |  out|    1|      ap_vld|                                 p_out85|       pointer|
|p_out86                     |  out|   32|      ap_vld|                                 p_out86|       pointer|
|p_out86_ap_vld              |  out|    1|      ap_vld|                                 p_out86|       pointer|
|p_out87                     |  out|   32|      ap_vld|                                 p_out87|       pointer|
|p_out87_ap_vld              |  out|    1|      ap_vld|                                 p_out87|       pointer|
|p_out88                     |  out|   32|      ap_vld|                                 p_out88|       pointer|
|p_out88_ap_vld              |  out|    1|      ap_vld|                                 p_out88|       pointer|
|p_out89                     |  out|   32|      ap_vld|                                 p_out89|       pointer|
|p_out89_ap_vld              |  out|    1|      ap_vld|                                 p_out89|       pointer|
|p_out90                     |  out|   32|      ap_vld|                                 p_out90|       pointer|
|p_out90_ap_vld              |  out|    1|      ap_vld|                                 p_out90|       pointer|
|p_out91                     |  out|   32|      ap_vld|                                 p_out91|       pointer|
|p_out91_ap_vld              |  out|    1|      ap_vld|                                 p_out91|       pointer|
|p_out92                     |  out|   32|      ap_vld|                                 p_out92|       pointer|
|p_out92_ap_vld              |  out|    1|      ap_vld|                                 p_out92|       pointer|
|p_out93                     |  out|   32|      ap_vld|                                 p_out93|       pointer|
|p_out93_ap_vld              |  out|    1|      ap_vld|                                 p_out93|       pointer|
|p_out94                     |  out|   32|      ap_vld|                                 p_out94|       pointer|
|p_out94_ap_vld              |  out|    1|      ap_vld|                                 p_out94|       pointer|
|p_out95                     |  out|   32|      ap_vld|                                 p_out95|       pointer|
|p_out95_ap_vld              |  out|    1|      ap_vld|                                 p_out95|       pointer|
|p_out96                     |  out|   32|      ap_vld|                                 p_out96|       pointer|
|p_out96_ap_vld              |  out|    1|      ap_vld|                                 p_out96|       pointer|
|p_out97                     |  out|   32|      ap_vld|                                 p_out97|       pointer|
|p_out97_ap_vld              |  out|    1|      ap_vld|                                 p_out97|       pointer|
|p_out98                     |  out|   32|      ap_vld|                                 p_out98|       pointer|
|p_out98_ap_vld              |  out|    1|      ap_vld|                                 p_out98|       pointer|
|p_out99                     |  out|   32|      ap_vld|                                 p_out99|       pointer|
|p_out99_ap_vld              |  out|    1|      ap_vld|                                 p_out99|       pointer|
|p_out100                    |  out|   32|      ap_vld|                                p_out100|       pointer|
|p_out100_ap_vld             |  out|    1|      ap_vld|                                p_out100|       pointer|
|p_out101                    |  out|   32|      ap_vld|                                p_out101|       pointer|
|p_out101_ap_vld             |  out|    1|      ap_vld|                                p_out101|       pointer|
|p_out102                    |  out|   32|      ap_vld|                                p_out102|       pointer|
|p_out102_ap_vld             |  out|    1|      ap_vld|                                p_out102|       pointer|
|p_out103                    |  out|   32|      ap_vld|                                p_out103|       pointer|
|p_out103_ap_vld             |  out|    1|      ap_vld|                                p_out103|       pointer|
|p_out104                    |  out|   32|      ap_vld|                                p_out104|       pointer|
|p_out104_ap_vld             |  out|    1|      ap_vld|                                p_out104|       pointer|
|p_out105                    |  out|   32|      ap_vld|                                p_out105|       pointer|
|p_out105_ap_vld             |  out|    1|      ap_vld|                                p_out105|       pointer|
|p_out106                    |  out|   32|      ap_vld|                                p_out106|       pointer|
|p_out106_ap_vld             |  out|    1|      ap_vld|                                p_out106|       pointer|
|p_out107                    |  out|   32|      ap_vld|                                p_out107|       pointer|
|p_out107_ap_vld             |  out|    1|      ap_vld|                                p_out107|       pointer|
|p_out108                    |  out|   32|      ap_vld|                                p_out108|       pointer|
|p_out108_ap_vld             |  out|    1|      ap_vld|                                p_out108|       pointer|
|p_out109                    |  out|   32|      ap_vld|                                p_out109|       pointer|
|p_out109_ap_vld             |  out|    1|      ap_vld|                                p_out109|       pointer|
|p_out110                    |  out|   32|      ap_vld|                                p_out110|       pointer|
|p_out110_ap_vld             |  out|    1|      ap_vld|                                p_out110|       pointer|
|p_out111                    |  out|   32|      ap_vld|                                p_out111|       pointer|
|p_out111_ap_vld             |  out|    1|      ap_vld|                                p_out111|       pointer|
|p_out112                    |  out|   32|      ap_vld|                                p_out112|       pointer|
|p_out112_ap_vld             |  out|    1|      ap_vld|                                p_out112|       pointer|
|p_out113                    |  out|   32|      ap_vld|                                p_out113|       pointer|
|p_out113_ap_vld             |  out|    1|      ap_vld|                                p_out113|       pointer|
|p_out114                    |  out|   32|      ap_vld|                                p_out114|       pointer|
|p_out114_ap_vld             |  out|    1|      ap_vld|                                p_out114|       pointer|
|p_out115                    |  out|   32|      ap_vld|                                p_out115|       pointer|
|p_out115_ap_vld             |  out|    1|      ap_vld|                                p_out115|       pointer|
|p_out116                    |  out|   32|      ap_vld|                                p_out116|       pointer|
|p_out116_ap_vld             |  out|    1|      ap_vld|                                p_out116|       pointer|
|p_out117                    |  out|   32|      ap_vld|                                p_out117|       pointer|
|p_out117_ap_vld             |  out|    1|      ap_vld|                                p_out117|       pointer|
|p_out118                    |  out|   32|      ap_vld|                                p_out118|       pointer|
|p_out118_ap_vld             |  out|    1|      ap_vld|                                p_out118|       pointer|
|p_out119                    |  out|   32|      ap_vld|                                p_out119|       pointer|
|p_out119_ap_vld             |  out|    1|      ap_vld|                                p_out119|       pointer|
|p_out120                    |  out|   32|      ap_vld|                                p_out120|       pointer|
|p_out120_ap_vld             |  out|    1|      ap_vld|                                p_out120|       pointer|
|p_out121                    |  out|   32|      ap_vld|                                p_out121|       pointer|
|p_out121_ap_vld             |  out|    1|      ap_vld|                                p_out121|       pointer|
|p_out122                    |  out|   32|      ap_vld|                                p_out122|       pointer|
|p_out122_ap_vld             |  out|    1|      ap_vld|                                p_out122|       pointer|
|p_out123                    |  out|   32|      ap_vld|                                p_out123|       pointer|
|p_out123_ap_vld             |  out|    1|      ap_vld|                                p_out123|       pointer|
|p_out124                    |  out|   32|      ap_vld|                                p_out124|       pointer|
|p_out124_ap_vld             |  out|    1|      ap_vld|                                p_out124|       pointer|
|p_out125                    |  out|   32|      ap_vld|                                p_out125|       pointer|
|p_out125_ap_vld             |  out|    1|      ap_vld|                                p_out125|       pointer|
|p_out126                    |  out|   32|      ap_vld|                                p_out126|       pointer|
|p_out126_ap_vld             |  out|    1|      ap_vld|                                p_out126|       pointer|
|p_out127                    |  out|   32|      ap_vld|                                p_out127|       pointer|
|p_out127_ap_vld             |  out|    1|      ap_vld|                                p_out127|       pointer|
|p_out128                    |  out|   32|      ap_vld|                                p_out128|       pointer|
|p_out128_ap_vld             |  out|    1|      ap_vld|                                p_out128|       pointer|
|p_out129                    |  out|   32|      ap_vld|                                p_out129|       pointer|
|p_out129_ap_vld             |  out|    1|      ap_vld|                                p_out129|       pointer|
|p_out130                    |  out|   32|      ap_vld|                                p_out130|       pointer|
|p_out130_ap_vld             |  out|    1|      ap_vld|                                p_out130|       pointer|
|p_out131                    |  out|   32|      ap_vld|                                p_out131|       pointer|
|p_out131_ap_vld             |  out|    1|      ap_vld|                                p_out131|       pointer|
|p_out132                    |  out|   32|      ap_vld|                                p_out132|       pointer|
|p_out132_ap_vld             |  out|    1|      ap_vld|                                p_out132|       pointer|
|p_out133                    |  out|   32|      ap_vld|                                p_out133|       pointer|
|p_out133_ap_vld             |  out|    1|      ap_vld|                                p_out133|       pointer|
|p_out134                    |  out|   32|      ap_vld|                                p_out134|       pointer|
|p_out134_ap_vld             |  out|    1|      ap_vld|                                p_out134|       pointer|
|p_out135                    |  out|   32|      ap_vld|                                p_out135|       pointer|
|p_out135_ap_vld             |  out|    1|      ap_vld|                                p_out135|       pointer|
|p_out136                    |  out|   32|      ap_vld|                                p_out136|       pointer|
|p_out136_ap_vld             |  out|    1|      ap_vld|                                p_out136|       pointer|
|p_out137                    |  out|   32|      ap_vld|                                p_out137|       pointer|
|p_out137_ap_vld             |  out|    1|      ap_vld|                                p_out137|       pointer|
|p_out138                    |  out|   32|      ap_vld|                                p_out138|       pointer|
|p_out138_ap_vld             |  out|    1|      ap_vld|                                p_out138|       pointer|
|p_out139                    |  out|   32|      ap_vld|                                p_out139|       pointer|
|p_out139_ap_vld             |  out|    1|      ap_vld|                                p_out139|       pointer|
|p_out140                    |  out|   32|      ap_vld|                                p_out140|       pointer|
|p_out140_ap_vld             |  out|    1|      ap_vld|                                p_out140|       pointer|
|p_out141                    |  out|   32|      ap_vld|                                p_out141|       pointer|
|p_out141_ap_vld             |  out|    1|      ap_vld|                                p_out141|       pointer|
|p_out142                    |  out|   32|      ap_vld|                                p_out142|       pointer|
|p_out142_ap_vld             |  out|    1|      ap_vld|                                p_out142|       pointer|
|p_out143                    |  out|   32|      ap_vld|                                p_out143|       pointer|
|p_out143_ap_vld             |  out|    1|      ap_vld|                                p_out143|       pointer|
|p_out144                    |  out|   32|      ap_vld|                                p_out144|       pointer|
|p_out144_ap_vld             |  out|    1|      ap_vld|                                p_out144|       pointer|
|p_out145                    |  out|   32|      ap_vld|                                p_out145|       pointer|
|p_out145_ap_vld             |  out|    1|      ap_vld|                                p_out145|       pointer|
|p_out146                    |  out|   32|      ap_vld|                                p_out146|       pointer|
|p_out146_ap_vld             |  out|    1|      ap_vld|                                p_out146|       pointer|
|p_out147                    |  out|   32|      ap_vld|                                p_out147|       pointer|
|p_out147_ap_vld             |  out|    1|      ap_vld|                                p_out147|       pointer|
|p_out148                    |  out|   32|      ap_vld|                                p_out148|       pointer|
|p_out148_ap_vld             |  out|    1|      ap_vld|                                p_out148|       pointer|
|p_out149                    |  out|   32|      ap_vld|                                p_out149|       pointer|
|p_out149_ap_vld             |  out|    1|      ap_vld|                                p_out149|       pointer|
|p_out150                    |  out|   32|      ap_vld|                                p_out150|       pointer|
|p_out150_ap_vld             |  out|    1|      ap_vld|                                p_out150|       pointer|
|p_out151                    |  out|   32|      ap_vld|                                p_out151|       pointer|
|p_out151_ap_vld             |  out|    1|      ap_vld|                                p_out151|       pointer|
|p_out152                    |  out|   32|      ap_vld|                                p_out152|       pointer|
|p_out152_ap_vld             |  out|    1|      ap_vld|                                p_out152|       pointer|
|p_out153                    |  out|   32|      ap_vld|                                p_out153|       pointer|
|p_out153_ap_vld             |  out|    1|      ap_vld|                                p_out153|       pointer|
|p_out154                    |  out|   32|      ap_vld|                                p_out154|       pointer|
|p_out154_ap_vld             |  out|    1|      ap_vld|                                p_out154|       pointer|
|p_out155                    |  out|   32|      ap_vld|                                p_out155|       pointer|
|p_out155_ap_vld             |  out|    1|      ap_vld|                                p_out155|       pointer|
|p_out156                    |  out|   32|      ap_vld|                                p_out156|       pointer|
|p_out156_ap_vld             |  out|    1|      ap_vld|                                p_out156|       pointer|
|p_out157                    |  out|   32|      ap_vld|                                p_out157|       pointer|
|p_out157_ap_vld             |  out|    1|      ap_vld|                                p_out157|       pointer|
|p_out158                    |  out|   32|      ap_vld|                                p_out158|       pointer|
|p_out158_ap_vld             |  out|    1|      ap_vld|                                p_out158|       pointer|
|p_out159                    |  out|   32|      ap_vld|                                p_out159|       pointer|
|p_out159_ap_vld             |  out|    1|      ap_vld|                                p_out159|       pointer|
|p_out160                    |  out|   32|      ap_vld|                                p_out160|       pointer|
|p_out160_ap_vld             |  out|    1|      ap_vld|                                p_out160|       pointer|
|p_out161                    |  out|   32|      ap_vld|                                p_out161|       pointer|
|p_out161_ap_vld             |  out|    1|      ap_vld|                                p_out161|       pointer|
|p_out162                    |  out|   32|      ap_vld|                                p_out162|       pointer|
|p_out162_ap_vld             |  out|    1|      ap_vld|                                p_out162|       pointer|
|p_out163                    |  out|   32|      ap_vld|                                p_out163|       pointer|
|p_out163_ap_vld             |  out|    1|      ap_vld|                                p_out163|       pointer|
|p_out164                    |  out|   32|      ap_vld|                                p_out164|       pointer|
|p_out164_ap_vld             |  out|    1|      ap_vld|                                p_out164|       pointer|
|p_out165                    |  out|   32|      ap_vld|                                p_out165|       pointer|
|p_out165_ap_vld             |  out|    1|      ap_vld|                                p_out165|       pointer|
|p_out166                    |  out|   32|      ap_vld|                                p_out166|       pointer|
|p_out166_ap_vld             |  out|    1|      ap_vld|                                p_out166|       pointer|
|p_out167                    |  out|   32|      ap_vld|                                p_out167|       pointer|
|p_out167_ap_vld             |  out|    1|      ap_vld|                                p_out167|       pointer|
|p_out168                    |  out|   32|      ap_vld|                                p_out168|       pointer|
|p_out168_ap_vld             |  out|    1|      ap_vld|                                p_out168|       pointer|
|p_out169                    |  out|   32|      ap_vld|                                p_out169|       pointer|
|p_out169_ap_vld             |  out|    1|      ap_vld|                                p_out169|       pointer|
|p_out170                    |  out|   32|      ap_vld|                                p_out170|       pointer|
|p_out170_ap_vld             |  out|    1|      ap_vld|                                p_out170|       pointer|
|p_out171                    |  out|   32|      ap_vld|                                p_out171|       pointer|
|p_out171_ap_vld             |  out|    1|      ap_vld|                                p_out171|       pointer|
|p_out172                    |  out|   32|      ap_vld|                                p_out172|       pointer|
|p_out172_ap_vld             |  out|    1|      ap_vld|                                p_out172|       pointer|
|p_out173                    |  out|   32|      ap_vld|                                p_out173|       pointer|
|p_out173_ap_vld             |  out|    1|      ap_vld|                                p_out173|       pointer|
|p_out174                    |  out|   32|      ap_vld|                                p_out174|       pointer|
|p_out174_ap_vld             |  out|    1|      ap_vld|                                p_out174|       pointer|
|p_out175                    |  out|   32|      ap_vld|                                p_out175|       pointer|
|p_out175_ap_vld             |  out|    1|      ap_vld|                                p_out175|       pointer|
|p_out176                    |  out|   32|      ap_vld|                                p_out176|       pointer|
|p_out176_ap_vld             |  out|    1|      ap_vld|                                p_out176|       pointer|
|p_out177                    |  out|   32|      ap_vld|                                p_out177|       pointer|
|p_out177_ap_vld             |  out|    1|      ap_vld|                                p_out177|       pointer|
|p_out178                    |  out|   32|      ap_vld|                                p_out178|       pointer|
|p_out178_ap_vld             |  out|    1|      ap_vld|                                p_out178|       pointer|
|p_out179                    |  out|   32|      ap_vld|                                p_out179|       pointer|
|p_out179_ap_vld             |  out|    1|      ap_vld|                                p_out179|       pointer|
|p_out180                    |  out|   32|      ap_vld|                                p_out180|       pointer|
|p_out180_ap_vld             |  out|    1|      ap_vld|                                p_out180|       pointer|
|p_out181                    |  out|   32|      ap_vld|                                p_out181|       pointer|
|p_out181_ap_vld             |  out|    1|      ap_vld|                                p_out181|       pointer|
|p_out182                    |  out|   32|      ap_vld|                                p_out182|       pointer|
|p_out182_ap_vld             |  out|    1|      ap_vld|                                p_out182|       pointer|
|p_out183                    |  out|   32|      ap_vld|                                p_out183|       pointer|
|p_out183_ap_vld             |  out|    1|      ap_vld|                                p_out183|       pointer|
|p_out184                    |  out|   32|      ap_vld|                                p_out184|       pointer|
|p_out184_ap_vld             |  out|    1|      ap_vld|                                p_out184|       pointer|
|p_out185                    |  out|   32|      ap_vld|                                p_out185|       pointer|
|p_out185_ap_vld             |  out|    1|      ap_vld|                                p_out185|       pointer|
|p_out186                    |  out|   32|      ap_vld|                                p_out186|       pointer|
|p_out186_ap_vld             |  out|    1|      ap_vld|                                p_out186|       pointer|
|p_out187                    |  out|   32|      ap_vld|                                p_out187|       pointer|
|p_out187_ap_vld             |  out|    1|      ap_vld|                                p_out187|       pointer|
|p_out188                    |  out|   32|      ap_vld|                                p_out188|       pointer|
|p_out188_ap_vld             |  out|    1|      ap_vld|                                p_out188|       pointer|
|p_out189                    |  out|   32|      ap_vld|                                p_out189|       pointer|
|p_out189_ap_vld             |  out|    1|      ap_vld|                                p_out189|       pointer|
|p_out190                    |  out|   32|      ap_vld|                                p_out190|       pointer|
|p_out190_ap_vld             |  out|    1|      ap_vld|                                p_out190|       pointer|
|p_out191                    |  out|   32|      ap_vld|                                p_out191|       pointer|
|p_out191_ap_vld             |  out|    1|      ap_vld|                                p_out191|       pointer|
|p_out192                    |  out|   32|      ap_vld|                                p_out192|       pointer|
|p_out192_ap_vld             |  out|    1|      ap_vld|                                p_out192|       pointer|
|p_out193                    |  out|   32|      ap_vld|                                p_out193|       pointer|
|p_out193_ap_vld             |  out|    1|      ap_vld|                                p_out193|       pointer|
|p_out194                    |  out|   32|      ap_vld|                                p_out194|       pointer|
|p_out194_ap_vld             |  out|    1|      ap_vld|                                p_out194|       pointer|
|p_out195                    |  out|   32|      ap_vld|                                p_out195|       pointer|
|p_out195_ap_vld             |  out|    1|      ap_vld|                                p_out195|       pointer|
|p_out196                    |  out|   32|      ap_vld|                                p_out196|       pointer|
|p_out196_ap_vld             |  out|    1|      ap_vld|                                p_out196|       pointer|
|p_out197                    |  out|   32|      ap_vld|                                p_out197|       pointer|
|p_out197_ap_vld             |  out|    1|      ap_vld|                                p_out197|       pointer|
|p_out198                    |  out|   32|      ap_vld|                                p_out198|       pointer|
|p_out198_ap_vld             |  out|    1|      ap_vld|                                p_out198|       pointer|
|p_out199                    |  out|   32|      ap_vld|                                p_out199|       pointer|
|p_out199_ap_vld             |  out|    1|      ap_vld|                                p_out199|       pointer|
|p_out200                    |  out|   32|      ap_vld|                                p_out200|       pointer|
|p_out200_ap_vld             |  out|    1|      ap_vld|                                p_out200|       pointer|
|p_out201                    |  out|   32|      ap_vld|                                p_out201|       pointer|
|p_out201_ap_vld             |  out|    1|      ap_vld|                                p_out201|       pointer|
|p_out202                    |  out|   32|      ap_vld|                                p_out202|       pointer|
|p_out202_ap_vld             |  out|    1|      ap_vld|                                p_out202|       pointer|
|p_out203                    |  out|   32|      ap_vld|                                p_out203|       pointer|
|p_out203_ap_vld             |  out|    1|      ap_vld|                                p_out203|       pointer|
|p_out204                    |  out|   32|      ap_vld|                                p_out204|       pointer|
|p_out204_ap_vld             |  out|    1|      ap_vld|                                p_out204|       pointer|
|p_out205                    |  out|   32|      ap_vld|                                p_out205|       pointer|
|p_out205_ap_vld             |  out|    1|      ap_vld|                                p_out205|       pointer|
|p_out206                    |  out|   32|      ap_vld|                                p_out206|       pointer|
|p_out206_ap_vld             |  out|    1|      ap_vld|                                p_out206|       pointer|
|p_out207                    |  out|   32|      ap_vld|                                p_out207|       pointer|
|p_out207_ap_vld             |  out|    1|      ap_vld|                                p_out207|       pointer|
|p_out208                    |  out|   32|      ap_vld|                                p_out208|       pointer|
|p_out208_ap_vld             |  out|    1|      ap_vld|                                p_out208|       pointer|
|p_out209                    |  out|   32|      ap_vld|                                p_out209|       pointer|
|p_out209_ap_vld             |  out|    1|      ap_vld|                                p_out209|       pointer|
|p_out210                    |  out|   32|      ap_vld|                                p_out210|       pointer|
|p_out210_ap_vld             |  out|    1|      ap_vld|                                p_out210|       pointer|
|p_out211                    |  out|   32|      ap_vld|                                p_out211|       pointer|
|p_out211_ap_vld             |  out|    1|      ap_vld|                                p_out211|       pointer|
|p_out212                    |  out|   32|      ap_vld|                                p_out212|       pointer|
|p_out212_ap_vld             |  out|    1|      ap_vld|                                p_out212|       pointer|
|p_out213                    |  out|   32|      ap_vld|                                p_out213|       pointer|
|p_out213_ap_vld             |  out|    1|      ap_vld|                                p_out213|       pointer|
|p_out214                    |  out|   32|      ap_vld|                                p_out214|       pointer|
|p_out214_ap_vld             |  out|    1|      ap_vld|                                p_out214|       pointer|
|p_out215                    |  out|   32|      ap_vld|                                p_out215|       pointer|
|p_out215_ap_vld             |  out|    1|      ap_vld|                                p_out215|       pointer|
|p_out216                    |  out|   32|      ap_vld|                                p_out216|       pointer|
|p_out216_ap_vld             |  out|    1|      ap_vld|                                p_out216|       pointer|
|p_out217                    |  out|   32|      ap_vld|                                p_out217|       pointer|
|p_out217_ap_vld             |  out|    1|      ap_vld|                                p_out217|       pointer|
|p_out218                    |  out|   32|      ap_vld|                                p_out218|       pointer|
|p_out218_ap_vld             |  out|    1|      ap_vld|                                p_out218|       pointer|
|p_out219                    |  out|   32|      ap_vld|                                p_out219|       pointer|
|p_out219_ap_vld             |  out|    1|      ap_vld|                                p_out219|       pointer|
|p_out220                    |  out|   32|      ap_vld|                                p_out220|       pointer|
|p_out220_ap_vld             |  out|    1|      ap_vld|                                p_out220|       pointer|
|p_out221                    |  out|   32|      ap_vld|                                p_out221|       pointer|
|p_out221_ap_vld             |  out|    1|      ap_vld|                                p_out221|       pointer|
|p_out222                    |  out|   32|      ap_vld|                                p_out222|       pointer|
|p_out222_ap_vld             |  out|    1|      ap_vld|                                p_out222|       pointer|
|p_out223                    |  out|   32|      ap_vld|                                p_out223|       pointer|
|p_out223_ap_vld             |  out|    1|      ap_vld|                                p_out223|       pointer|
|p_out224                    |  out|   32|      ap_vld|                                p_out224|       pointer|
|p_out224_ap_vld             |  out|    1|      ap_vld|                                p_out224|       pointer|
|p_out225                    |  out|   32|      ap_vld|                                p_out225|       pointer|
|p_out225_ap_vld             |  out|    1|      ap_vld|                                p_out225|       pointer|
|p_out226                    |  out|   32|      ap_vld|                                p_out226|       pointer|
|p_out226_ap_vld             |  out|    1|      ap_vld|                                p_out226|       pointer|
|p_out227                    |  out|   32|      ap_vld|                                p_out227|       pointer|
|p_out227_ap_vld             |  out|    1|      ap_vld|                                p_out227|       pointer|
|p_out228                    |  out|   32|      ap_vld|                                p_out228|       pointer|
|p_out228_ap_vld             |  out|    1|      ap_vld|                                p_out228|       pointer|
|p_out229                    |  out|   32|      ap_vld|                                p_out229|       pointer|
|p_out229_ap_vld             |  out|    1|      ap_vld|                                p_out229|       pointer|
|p_out230                    |  out|   32|      ap_vld|                                p_out230|       pointer|
|p_out230_ap_vld             |  out|    1|      ap_vld|                                p_out230|       pointer|
|p_out231                    |  out|   32|      ap_vld|                                p_out231|       pointer|
|p_out231_ap_vld             |  out|    1|      ap_vld|                                p_out231|       pointer|
|p_out232                    |  out|   32|      ap_vld|                                p_out232|       pointer|
|p_out232_ap_vld             |  out|    1|      ap_vld|                                p_out232|       pointer|
|p_out233                    |  out|   32|      ap_vld|                                p_out233|       pointer|
|p_out233_ap_vld             |  out|    1|      ap_vld|                                p_out233|       pointer|
|p_out234                    |  out|   32|      ap_vld|                                p_out234|       pointer|
|p_out234_ap_vld             |  out|    1|      ap_vld|                                p_out234|       pointer|
|p_out235                    |  out|   32|      ap_vld|                                p_out235|       pointer|
|p_out235_ap_vld             |  out|    1|      ap_vld|                                p_out235|       pointer|
|p_out236                    |  out|   32|      ap_vld|                                p_out236|       pointer|
|p_out236_ap_vld             |  out|    1|      ap_vld|                                p_out236|       pointer|
|p_out237                    |  out|   32|      ap_vld|                                p_out237|       pointer|
|p_out237_ap_vld             |  out|    1|      ap_vld|                                p_out237|       pointer|
|p_out238                    |  out|   32|      ap_vld|                                p_out238|       pointer|
|p_out238_ap_vld             |  out|    1|      ap_vld|                                p_out238|       pointer|
|p_out239                    |  out|   32|      ap_vld|                                p_out239|       pointer|
|p_out239_ap_vld             |  out|    1|      ap_vld|                                p_out239|       pointer|
|p_out240                    |  out|   32|      ap_vld|                                p_out240|       pointer|
|p_out240_ap_vld             |  out|    1|      ap_vld|                                p_out240|       pointer|
|p_out241                    |  out|   32|      ap_vld|                                p_out241|       pointer|
|p_out241_ap_vld             |  out|    1|      ap_vld|                                p_out241|       pointer|
|p_out242                    |  out|   32|      ap_vld|                                p_out242|       pointer|
|p_out242_ap_vld             |  out|    1|      ap_vld|                                p_out242|       pointer|
|p_out243                    |  out|   32|      ap_vld|                                p_out243|       pointer|
|p_out243_ap_vld             |  out|    1|      ap_vld|                                p_out243|       pointer|
|p_out244                    |  out|   32|      ap_vld|                                p_out244|       pointer|
|p_out244_ap_vld             |  out|    1|      ap_vld|                                p_out244|       pointer|
|p_out245                    |  out|   32|      ap_vld|                                p_out245|       pointer|
|p_out245_ap_vld             |  out|    1|      ap_vld|                                p_out245|       pointer|
|p_out246                    |  out|   32|      ap_vld|                                p_out246|       pointer|
|p_out246_ap_vld             |  out|    1|      ap_vld|                                p_out246|       pointer|
|p_out247                    |  out|   32|      ap_vld|                                p_out247|       pointer|
|p_out247_ap_vld             |  out|    1|      ap_vld|                                p_out247|       pointer|
|p_out248                    |  out|   32|      ap_vld|                                p_out248|       pointer|
|p_out248_ap_vld             |  out|    1|      ap_vld|                                p_out248|       pointer|
|p_out249                    |  out|   32|      ap_vld|                                p_out249|       pointer|
|p_out249_ap_vld             |  out|    1|      ap_vld|                                p_out249|       pointer|
|p_out250                    |  out|   32|      ap_vld|                                p_out250|       pointer|
|p_out250_ap_vld             |  out|    1|      ap_vld|                                p_out250|       pointer|
|p_out251                    |  out|   32|      ap_vld|                                p_out251|       pointer|
|p_out251_ap_vld             |  out|    1|      ap_vld|                                p_out251|       pointer|
|p_out252                    |  out|   32|      ap_vld|                                p_out252|       pointer|
|p_out252_ap_vld             |  out|    1|      ap_vld|                                p_out252|       pointer|
|p_out253                    |  out|   32|      ap_vld|                                p_out253|       pointer|
|p_out253_ap_vld             |  out|    1|      ap_vld|                                p_out253|       pointer|
|p_out254                    |  out|   32|      ap_vld|                                p_out254|       pointer|
|p_out254_ap_vld             |  out|    1|      ap_vld|                                p_out254|       pointer|
|p_out255                    |  out|   32|      ap_vld|                                p_out255|       pointer|
|p_out255_ap_vld             |  out|    1|      ap_vld|                                p_out255|       pointer|
+----------------------------+-----+-----+------------+----------------------------------------+--------------+

