Copyright 1986-2022 Xilinx, Inc. All Rights Reserved. Copyright 2022-2024 Advanced Micro Devices, Inc. All Rights Reserved.
-----------------------------------------------------------------------------------------------------------------------------------------------------------------------------------------------------------------------------------------------------------------------------------
| Tool Version      : Vivado v.2024.2 (lin64) Build 5239630 Fri Nov 08 22:34:34 MST 2024
| Date              : Thu Sep 24 19:03:48 2026
| Host              : zhiro-ThinkBook-16p-G5-IRX running 64-bit Ubuntu 24.04.5 LTS
| Command           : report_timing_summary -max_paths 10 -report_unconstrained -file kv260_rm04_dynamic8_wrapper_timing_summary_routed.rpt -pb kv260_rm04_dynamic8_wrapper_timing_summary_routed.pb -rpx kv260_rm04_dynamic8_wrapper_timing_summary_routed.rpx -warn_on_violation
| Design            : kv260_rm04_dynamic8_wrapper
| Device            : xck26-sfvc784
| Speed File        : -2LV  PRODUCTION 1.30 05-15-2022
| Design State      : Routed
| Temperature Grade : C
-----------------------------------------------------------------------------------------------------------------------------------------------------------------------------------------------------------------------------------------------------------------------------------

Timing Summary Report

------------------------------------------------------------------------------------------------
| Timer Settings
| --------------
------------------------------------------------------------------------------------------------

  Enable Multi Corner Analysis               :  Yes
  Enable Pessimism Removal                   :  Yes
  Pessimism Removal Resolution               :  Nearest Common Node
  Enable Input Delay Default Clock           :  No
  Enable Preset / Clear Arcs                 :  No
  Disable Flight Delays                      :  No
  Ignore I/O Paths                           :  No
  Timing Early Launch at Borrowing Latches   :  No
  Borrow Time for Max Delay Exceptions       :  Yes
  Merge Timing Exceptions                    :  Yes
  Inter-SLR Compensation                     :  Conservative

  Corner  Analyze    Analyze    
  Name    Max Paths  Min Paths  
  ------  ---------  ---------  
  Slow    Yes        Yes        
  Fast    Yes        Yes        


------------------------------------------------------------------------------------------------
| Report Methodology
| ------------------
------------------------------------------------------------------------------------------------

No report available as report_methodology has not been run prior. Run report_methodology on the current design for the summary of methodology violations.



check_timing report

Table of Contents
-----------------
1. checking no_clock (0)
2. checking constant_clock (0)
3. checking pulse_width_clock (0)
4. checking unconstrained_internal_endpoints (564)
5. checking no_input_delay (0)
6. checking no_output_delay (0)
7. checking multiple_clock (0)
8. checking generated_clocks (0)
9. checking loops (0)
10. checking partial_input_delay (0)
11. checking partial_output_delay (0)
12. checking latch_loops (0)

1. checking no_clock (0)
------------------------
 There are 0 register/latch pins with no clock.


2. checking constant_clock (0)
------------------------------
 There are 0 register/latch pins with constant_clock.


3. checking pulse_width_clock (0)
---------------------------------
 There are 0 register/latch pins which need pulse_width check


4. checking unconstrained_internal_endpoints (564)
--------------------------------------------------
 There are 0 pins that are not constrained for maximum delay.

 There are 564 pins that are not constrained for maximum delay due to constant clock. (MEDIUM)


5. checking no_input_delay (0)
------------------------------
 There are 0 input ports with no input delay specified.

 There are 0 input ports with no input delay but user has a false path constraint.


6. checking no_output_delay (0)
-------------------------------
 There are 0 ports with no output delay specified.

 There are 0 ports with no output delay but user has a false path constraint

 There are 0 ports with no output delay but with a timing clock defined on it or propagating through it


7. checking multiple_clock (0)
------------------------------
 There are 0 register/latch pins with multiple clocks.


8. checking generated_clocks (0)
--------------------------------
 There are 0 generated clocks that are not connected to a clock source.


9. checking loops (0)
---------------------
 There are 0 combinational loops in the design.


10. checking partial_input_delay (0)
------------------------------------
 There are 0 input ports with partial input delay specified.


11. checking partial_output_delay (0)
-------------------------------------
 There are 0 ports with partial output delay specified.


12. checking latch_loops (0)
----------------------------
 There are 0 combinational latch loops in the design through latch input



------------------------------------------------------------------------------------------------
| Design Timing Summary
| ---------------------
------------------------------------------------------------------------------------------------

    WNS(ns)      TNS(ns)  TNS Failing Endpoints  TNS Total Endpoints      WHS(ns)      THS(ns)  THS Failing Endpoints  THS Total Endpoints     WPWS(ns)     TPWS(ns)  TPWS Failing Endpoints  TPWS Total Endpoints  
    -------      -------  ---------------------  -------------------      -------      -------  ---------------------  -------------------     --------     --------  ----------------------  --------------------  
      0.848        0.000                      0                92895        0.010        0.000                      0                92862        1.166        0.000                       0                 34097  


All user specified timing constraints are met.


------------------------------------------------------------------------------------------------
| Clock Summary
| -------------
------------------------------------------------------------------------------------------------

Clock     Waveform(ns)         Period(ns)      Frequency(MHz)
-----     ------------         ----------      --------------
clk_pl_0  {0.000 2.667}        5.333           187.512         
clk_pl_1  {0.000 5.000}        10.000          100.000         


------------------------------------------------------------------------------------------------
| Intra Clock Table
| -----------------
------------------------------------------------------------------------------------------------

Clock             WNS(ns)      TNS(ns)  TNS Failing Endpoints  TNS Total Endpoints      WHS(ns)      THS(ns)  THS Failing Endpoints  THS Total Endpoints     WPWS(ns)     TPWS(ns)  TPWS Failing Endpoints  TPWS Total Endpoints  
-----             -------      -------  ---------------------  -------------------      -------      -------  ---------------------  -------------------     --------     --------  ----------------------  --------------------  
clk_pl_0            0.848        0.000                      0                92862        0.010        0.000                      0                92862        1.166        0.000                       0                 34097  


------------------------------------------------------------------------------------------------
| Inter Clock Table
| -----------------
------------------------------------------------------------------------------------------------

From Clock    To Clock          WNS(ns)      TNS(ns)  TNS Failing Endpoints  TNS Total Endpoints      WHS(ns)      THS(ns)  THS Failing Endpoints  THS Total Endpoints  
----------    --------          -------      -------  ---------------------  -------------------      -------      -------  ---------------------  -------------------  


------------------------------------------------------------------------------------------------
| Other Path Groups Table
| -----------------------
------------------------------------------------------------------------------------------------

Path Group    From Clock    To Clock          WNS(ns)      TNS(ns)  TNS Failing Endpoints  TNS Total Endpoints      WHS(ns)      THS(ns)  THS Failing Endpoints  THS Total Endpoints  
----------    ----------    --------          -------      -------  ---------------------  -------------------      -------      -------  ---------------------  -------------------  
**default**   clk_pl_0                          4.612        0.000                      0                   33                                                                        


------------------------------------------------------------------------------------------------
| User Ignored Path Table
| -----------------------
------------------------------------------------------------------------------------------------

Path Group    From Clock    To Clock    
----------    ----------    --------    
(none)                      clk_pl_0      
(none)        clk_pl_0      clk_pl_0      


------------------------------------------------------------------------------------------------
| Unconstrained Path Table
| ------------------------
------------------------------------------------------------------------------------------------

Path Group    From Clock    To Clock    
----------    ----------    --------    
(none)                      clk_pl_0      


------------------------------------------------------------------------------------------------
| Timing Details
| --------------
------------------------------------------------------------------------------------------------


---------------------------------------------------------------------------------------------------
From Clock:  clk_pl_0
  To Clock:  clk_pl_0

Setup :            0  Failing Endpoints,  Worst Slack        0.848ns,  Total Violation        0.000ns
Hold  :            0  Failing Endpoints,  Worst Slack        0.010ns,  Total Violation        0.000ns
PW    :            0  Failing Endpoints,  Worst Slack        1.166ns,  Total Violation        0.000ns
---------------------------------------------------------------------------------------------------


Max Delay Paths
--------------------------------------------------------------------------------------
Slack (MET) :             0.848ns  (required time - arrival time)
  Source:                 <hidden>
                            (rising edge-triggered cell FDRE clocked by clk_pl_0  {rise@0.000ns fall@2.667ns period=5.333ns})
  Destination:            <hidden>
                            (rising edge-triggered cell RAMD32 clocked by clk_pl_0  {rise@0.000ns fall@2.667ns period=5.333ns})
  Path Group:             clk_pl_0
  Path Type:              Setup (Max at Slow Process Corner)
  Requirement:            5.333ns  (clk_pl_0 rise@5.333ns - clk_pl_0 rise@0.000ns)
  Data Path Delay:        3.868ns  (logic 0.116ns (2.999%)  route 3.752ns (97.001%))
  Logic Levels:           0  
  Clock Path Skew:        -0.240ns (DCD - SCD + CPR)
    Destination Clock Delay (DCD):    2.878ns = ( 8.211 - 5.333 ) 
    Source Clock Delay      (SCD):    3.357ns
    Clock Pessimism Removal (CPR):    0.239ns
  Clock Uncertainty:      0.112ns  ((TSJ^2 + DJ^2)^1/2) / 2 + PE
    Total System Jitter     (TSJ):    0.071ns
    Discrete Jitter          (DJ):    0.213ns
    Phase Error              (PE):    0.000ns
  Clock Net Delay (Source):      3.090ns (routing 1.584ns, distribution 1.506ns)
  Clock Net Delay (Destination): 2.662ns (routing 1.450ns, distribution 1.212ns)

    Location             Delay type                Incr(ns)  Path(ns)    Netlist Resource(s)
  -------------------------------------------------------------------    -------------------
                         (clock clk_pl_0 rise edge)
                                                      0.000     0.000 r  
    PS8_X0Y0             PS8                          0.000     0.000 r  kv260_rm04_dynamic8_i/zynq_ultra_ps_e_0/inst/PS8_i/PLCLK[0]
                         net (fo=1, routed)           0.229     0.229    kv260_rm04_dynamic8_i/zynq_ultra_ps_e_0/inst/pl_clk_unbuffered[0]
    BUFG_PS_X0Y80        BUFG_PS (Prop_BUFG_PS_I_O)
                                                      0.038     0.267 r  kv260_rm04_dynamic8_i/zynq_ultra_ps_e_0/inst/buffer_pl_clk_0.PL_CLK_0_BUFG/O
    X1Y1 (CLOCK_ROOT)    net (fo=34566, routed)       3.090     3.357    <hidden>
    SLICE_X17Y72         FDRE                                         r  <hidden>
  -------------------------------------------------------------------    -------------------
    SLICE_X17Y72         FDRE (Prop_FFF2_SLICEM_C_Q)
                                                      0.116     3.473 r  <hidden>
                         net (fo=320, routed)         3.752     7.225    <hidden>
    SLICE_X24Y85         RAMD32                                       r  <hidden>
  -------------------------------------------------------------------    -------------------

                         (clock clk_pl_0 rise edge)
                                                      5.333     5.333 r  
    PS8_X0Y0             PS8                          0.000     5.333 r  kv260_rm04_dynamic8_i/zynq_ultra_ps_e_0/inst/PS8_i/PLCLK[0]
                         net (fo=1, routed)           0.181     5.514    kv260_rm04_dynamic8_i/zynq_ultra_ps_e_0/inst/pl_clk_unbuffered[0]
    BUFG_PS_X0Y80        BUFG_PS (Prop_BUFG_PS_I_O)
                                                      0.035     5.549 r  kv260_rm04_dynamic8_i/zynq_ultra_ps_e_0/inst/buffer_pl_clk_0.PL_CLK_0_BUFG/O
    X1Y1 (CLOCK_ROOT)    net (fo=34566, routed)       2.662     8.211    <hidden>
    SLICE_X24Y85         RAMD32                                       r  <hidden>
                         clock pessimism              0.239     8.451    
                         clock uncertainty           -0.112     8.339    
    SLICE_X24Y85         RAMD32 (Setup_A5LUT_SLICEM_CLK_WE)
                                                     -0.266     8.073    <hidden>
  -------------------------------------------------------------------
                         required time                          8.073    
                         arrival time                          -7.225    
  -------------------------------------------------------------------
                         slack                                  0.848    

Slack (MET) :             0.848ns  (required time - arrival time)
  Source:                 <hidden>
                            (rising edge-triggered cell FDRE clocked by clk_pl_0  {rise@0.000ns fall@2.667ns period=5.333ns})
  Destination:            <hidden>
                            (rising edge-triggered cell RAMD32 clocked by clk_pl_0  {rise@0.000ns fall@2.667ns period=5.333ns})
  Path Group:             clk_pl_0
  Path Type:              Setup (Max at Slow Process Corner)
  Requirement:            5.333ns  (clk_pl_0 rise@5.333ns - clk_pl_0 rise@0.000ns)
  Data Path Delay:        3.868ns  (logic 0.116ns (2.999%)  route 3.752ns (97.001%))
  Logic Levels:           0  
  Clock Path Skew:        -0.240ns (DCD - SCD + CPR)
    Destination Clock Delay (DCD):    2.878ns = ( 8.211 - 5.333 ) 
    Source Clock Delay      (SCD):    3.357ns
    Clock Pessimism Removal (CPR):    0.239ns
  Clock Uncertainty:      0.112ns  ((TSJ^2 + DJ^2)^1/2) / 2 + PE
    Total System Jitter     (TSJ):    0.071ns
    Discrete Jitter          (DJ):    0.213ns
    Phase Error              (PE):    0.000ns
  Clock Net Delay (Source):      3.090ns (routing 1.584ns, distribution 1.506ns)
  Clock Net Delay (Destination): 2.662ns (routing 1.450ns, distribution 1.212ns)

    Location             Delay type                Incr(ns)  Path(ns)    Netlist Resource(s)
  -------------------------------------------------------------------    -------------------
                         (clock clk_pl_0 rise edge)
                                                      0.000     0.000 r  
    PS8_X0Y0             PS8                          0.000     0.000 r  kv260_rm04_dynamic8_i/zynq_ultra_ps_e_0/inst/PS8_i/PLCLK[0]
                         net (fo=1, routed)           0.229     0.229    kv260_rm04_dynamic8_i/zynq_ultra_ps_e_0/inst/pl_clk_unbuffered[0]
    BUFG_PS_X0Y80        BUFG_PS (Prop_BUFG_PS_I_O)
                                                      0.038     0.267 r  kv260_rm04_dynamic8_i/zynq_ultra_ps_e_0/inst/buffer_pl_clk_0.PL_CLK_0_BUFG/O
    X1Y1 (CLOCK_ROOT)    net (fo=34566, routed)       3.090     3.357    <hidden>
    SLICE_X17Y72         FDRE                                         r  <hidden>
  -------------------------------------------------------------------    -------------------
    SLICE_X17Y72         FDRE (Prop_FFF2_SLICEM_C_Q)
                                                      0.116     3.473 r  <hidden>
                         net (fo=320, routed)         3.752     7.225    <hidden>
    SLICE_X24Y85         RAMD32                                       r  <hidden>
  -------------------------------------------------------------------    -------------------

                         (clock clk_pl_0 rise edge)
                                                      5.333     5.333 r  
    PS8_X0Y0             PS8                          0.000     5.333 r  kv260_rm04_dynamic8_i/zynq_ultra_ps_e_0/inst/PS8_i/PLCLK[0]
                         net (fo=1, routed)           0.181     5.514    kv260_rm04_dynamic8_i/zynq_ultra_ps_e_0/inst/pl_clk_unbuffered[0]
    BUFG_PS_X0Y80        BUFG_PS (Prop_BUFG_PS_I_O)
                                                      0.035     5.549 r  kv260_rm04_dynamic8_i/zynq_ultra_ps_e_0/inst/buffer_pl_clk_0.PL_CLK_0_BUFG/O
    X1Y1 (CLOCK_ROOT)    net (fo=34566, routed)       2.662     8.211    <hidden>
    SLICE_X24Y85         RAMD32                                       r  <hidden>
                         clock pessimism              0.239     8.451    
                         clock uncertainty           -0.112     8.339    
    SLICE_X24Y85         RAMD32 (Setup_A6LUT_SLICEM_CLK_WE)
                                                     -0.266     8.073    <hidden>
  -------------------------------------------------------------------
                         required time                          8.073    
                         arrival time                          -7.225    
  -------------------------------------------------------------------
                         slack                                  0.848    

Slack (MET) :             0.848ns  (required time - arrival time)
  Source:                 <hidden>
                            (rising edge-triggered cell FDRE clocked by clk_pl_0  {rise@0.000ns fall@2.667ns period=5.333ns})
  Destination:            <hidden>
                            (rising edge-triggered cell RAMD32 clocked by clk_pl_0  {rise@0.000ns fall@2.667ns period=5.333ns})
  Path Group:             clk_pl_0
  Path Type:              Setup (Max at Slow Process Corner)
  Requirement:            5.333ns  (clk_pl_0 rise@5.333ns - clk_pl_0 rise@0.000ns)
  Data Path Delay:        3.868ns  (logic 0.116ns (2.999%)  route 3.752ns (97.001%))
  Logic Levels:           0  
  Clock Path Skew:        -0.240ns (DCD - SCD + CPR)
    Destination Clock Delay (DCD):    2.878ns = ( 8.211 - 5.333 ) 
    Source Clock Delay      (SCD):    3.357ns
    Clock Pessimism Removal (CPR):    0.239ns
  Clock Uncertainty:      0.112ns  ((TSJ^2 + DJ^2)^1/2) / 2 + PE
    Total System Jitter     (TSJ):    0.071ns
    Discrete Jitter          (DJ):    0.213ns
    Phase Error              (PE):    0.000ns
  Clock Net Delay (Source):      3.090ns (routing 1.584ns, distribution 1.506ns)
  Clock Net Delay (Destination): 2.662ns (routing 1.450ns, distribution 1.212ns)

    Location             Delay type                Incr(ns)  Path(ns)    Netlist Resource(s)
  -------------------------------------------------------------------    -------------------
                         (clock clk_pl_0 rise edge)
                                                      0.000     0.000 r  
    PS8_X0Y0             PS8                          0.000     0.000 r  kv260_rm04_dynamic8_i/zynq_ultra_ps_e_0/inst/PS8_i/PLCLK[0]
                         net (fo=1, routed)           0.229     0.229    kv260_rm04_dynamic8_i/zynq_ultra_ps_e_0/inst/pl_clk_unbuffered[0]
    BUFG_PS_X0Y80        BUFG_PS (Prop_BUFG_PS_I_O)
                                                      0.038     0.267 r  kv260_rm04_dynamic8_i/zynq_ultra_ps_e_0/inst/buffer_pl_clk_0.PL_CLK_0_BUFG/O
    X1Y1 (CLOCK_ROOT)    net (fo=34566, routed)       3.090     3.357    <hidden>
    SLICE_X17Y72         FDRE                                         r  <hidden>
  -------------------------------------------------------------------    -------------------
    SLICE_X17Y72         FDRE (Prop_FFF2_SLICEM_C_Q)
                                                      0.116     3.473 r  <hidden>
                         net (fo=320, routed)         3.752     7.225    <hidden>
    SLICE_X24Y85         RAMD32                                       r  <hidden>
  -------------------------------------------------------------------    -------------------

                         (clock clk_pl_0 rise edge)
                                                      5.333     5.333 r  
    PS8_X0Y0             PS8                          0.000     5.333 r  kv260_rm04_dynamic8_i/zynq_ultra_ps_e_0/inst/PS8_i/PLCLK[0]
                         net (fo=1, routed)           0.181     5.514    kv260_rm04_dynamic8_i/zynq_ultra_ps_e_0/inst/pl_clk_unbuffered[0]
    BUFG_PS_X0Y80        BUFG_PS (Prop_BUFG_PS_I_O)
                                                      0.035     5.549 r  kv260_rm04_dynamic8_i/zynq_ultra_ps_e_0/inst/buffer_pl_clk_0.PL_CLK_0_BUFG/O
    X1Y1 (CLOCK_ROOT)    net (fo=34566, routed)       2.662     8.211    <hidden>
    SLICE_X24Y85         RAMD32                                       r  <hidden>
                         clock pessimism              0.239     8.451    
                         clock uncertainty           -0.112     8.339    
    SLICE_X24Y85         RAMD32 (Setup_B5LUT_SLICEM_CLK_WE)
                                                     -0.266     8.073    <hidden>
  -------------------------------------------------------------------
                         required time                          8.073    
                         arrival time                          -7.225    
  -------------------------------------------------------------------
                         slack                                  0.848    

Slack (MET) :             0.848ns  (required time - arrival time)
  Source:                 <hidden>
                            (rising edge-triggered cell FDRE clocked by clk_pl_0  {rise@0.000ns fall@2.667ns period=5.333ns})
  Destination:            <hidden>
                            (rising edge-triggered cell RAMD32 clocked by clk_pl_0  {rise@0.000ns fall@2.667ns period=5.333ns})
  Path Group:             clk_pl_0
  Path Type:              Setup (Max at Slow Process Corner)
  Requirement:            5.333ns  (clk_pl_0 rise@5.333ns - clk_pl_0 rise@0.000ns)
  Data Path Delay:        3.868ns  (logic 0.116ns (2.999%)  route 3.752ns (97.001%))
  Logic Levels:           0  
  Clock Path Skew:        -0.240ns (DCD - SCD + CPR)
    Destination Clock Delay (DCD):    2.878ns = ( 8.211 - 5.333 ) 
    Source Clock Delay      (SCD):    3.357ns
    Clock Pessimism Removal (CPR):    0.239ns
  Clock Uncertainty:      0.112ns  ((TSJ^2 + DJ^2)^1/2) / 2 + PE
    Total System Jitter     (TSJ):    0.071ns
    Discrete Jitter          (DJ):    0.213ns
    Phase Error              (PE):    0.000ns
  Clock Net Delay (Source):      3.090ns (routing 1.584ns, distribution 1.506ns)
  Clock Net Delay (Destination): 2.662ns (routing 1.450ns, distribution 1.212ns)

    Location             Delay type                Incr(ns)  Path(ns)    Netlist Resource(s)
  -------------------------------------------------------------------    -------------------
                         (clock clk_pl_0 rise edge)
                                                      0.000     0.000 r  
    PS8_X0Y0             PS8                          0.000     0.000 r  kv260_rm04_dynamic8_i/zynq_ultra_ps_e_0/inst/PS8_i/PLCLK[0]
                         net (fo=1, routed)           0.229     0.229    kv260_rm04_dynamic8_i/zynq_ultra_ps_e_0/inst/pl_clk_unbuffered[0]
    BUFG_PS_X0Y80        BUFG_PS (Prop_BUFG_PS_I_O)
                                                      0.038     0.267 r  kv260_rm04_dynamic8_i/zynq_ultra_ps_e_0/inst/buffer_pl_clk_0.PL_CLK_0_BUFG/O
    X1Y1 (CLOCK_ROOT)    net (fo=34566, routed)       3.090     3.357    <hidden>
    SLICE_X17Y72         FDRE                                         r  <hidden>
  -------------------------------------------------------------------    -------------------
    SLICE_X17Y72         FDRE (Prop_FFF2_SLICEM_C_Q)
                                                      0.116     3.473 r  <hidden>
                         net (fo=320, routed)         3.752     7.225    <hidden>
    SLICE_X24Y85         RAMD32                                       r  <hidden>
  -------------------------------------------------------------------    -------------------

                         (clock clk_pl_0 rise edge)
                                                      5.333     5.333 r  
    PS8_X0Y0             PS8                          0.000     5.333 r  kv260_rm04_dynamic8_i/zynq_ultra_ps_e_0/inst/PS8_i/PLCLK[0]
                         net (fo=1, routed)           0.181     5.514    kv260_rm04_dynamic8_i/zynq_ultra_ps_e_0/inst/pl_clk_unbuffered[0]
    BUFG_PS_X0Y80        BUFG_PS (Prop_BUFG_PS_I_O)
                                                      0.035     5.549 r  kv260_rm04_dynamic8_i/zynq_ultra_ps_e_0/inst/buffer_pl_clk_0.PL_CLK_0_BUFG/O
    X1Y1 (CLOCK_ROOT)    net (fo=34566, routed)       2.662     8.211    <hidden>
    SLICE_X24Y85         RAMD32                                       r  <hidden>
                         clock pessimism              0.239     8.451    
                         clock uncertainty           -0.112     8.339    
    SLICE_X24Y85         RAMD32 (Setup_B6LUT_SLICEM_CLK_WE)
                                                     -0.266     8.073    <hidden>
  -------------------------------------------------------------------
                         required time                          8.073    
                         arrival time                          -7.225    
  -------------------------------------------------------------------
                         slack                                  0.848    

Slack (MET) :             0.848ns  (required time - arrival time)
  Source:                 <hidden>
                            (rising edge-triggered cell FDRE clocked by clk_pl_0  {rise@0.000ns fall@2.667ns period=5.333ns})
  Destination:            <hidden>
                            (rising edge-triggered cell RAMD32 clocked by clk_pl_0  {rise@0.000ns fall@2.667ns period=5.333ns})
  Path Group:             clk_pl_0
  Path Type:              Setup (Max at Slow Process Corner)
  Requirement:            5.333ns  (clk_pl_0 rise@5.333ns - clk_pl_0 rise@0.000ns)
  Data Path Delay:        3.868ns  (logic 0.116ns (2.999%)  route 3.752ns (97.001%))
  Logic Levels:           0  
  Clock Path Skew:        -0.240ns (DCD - SCD + CPR)
    Destination Clock Delay (DCD):    2.878ns = ( 8.211 - 5.333 ) 
    Source Clock Delay      (SCD):    3.357ns
    Clock Pessimism Removal (CPR):    0.239ns
  Clock Uncertainty:      0.112ns  ((TSJ^2 + DJ^2)^1/2) / 2 + PE
    Total System Jitter     (TSJ):    0.071ns
    Discrete Jitter          (DJ):    0.213ns
    Phase Error              (PE):    0.000ns
  Clock Net Delay (Source):      3.090ns (routing 1.584ns, distribution 1.506ns)
  Clock Net Delay (Destination): 2.662ns (routing 1.450ns, distribution 1.212ns)

    Location             Delay type                Incr(ns)  Path(ns)    Netlist Resource(s)
  -------------------------------------------------------------------    -------------------
                         (clock clk_pl_0 rise edge)
                                                      0.000     0.000 r  
    PS8_X0Y0             PS8                          0.000     0.000 r  kv260_rm04_dynamic8_i/zynq_ultra_ps_e_0/inst/PS8_i/PLCLK[0]
                         net (fo=1, routed)           0.229     0.229    kv260_rm04_dynamic8_i/zynq_ultra_ps_e_0/inst/pl_clk_unbuffered[0]
    BUFG_PS_X0Y80        BUFG_PS (Prop_BUFG_PS_I_O)
                                                      0.038     0.267 r  kv260_rm04_dynamic8_i/zynq_ultra_ps_e_0/inst/buffer_pl_clk_0.PL_CLK_0_BUFG/O
    X1Y1 (CLOCK_ROOT)    net (fo=34566, routed)       3.090     3.357    <hidden>
    SLICE_X17Y72         FDRE                                         r  <hidden>
  -------------------------------------------------------------------    -------------------
    SLICE_X17Y72         FDRE (Prop_FFF2_SLICEM_C_Q)
                                                      0.116     3.473 r  <hidden>
                         net (fo=320, routed)         3.752     7.225    <hidden>
    SLICE_X24Y85         RAMD32                                       r  <hidden>
  -------------------------------------------------------------------    -------------------

                         (clock clk_pl_0 rise edge)
                                                      5.333     5.333 r  
    PS8_X0Y0             PS8                          0.000     5.333 r  kv260_rm04_dynamic8_i/zynq_ultra_ps_e_0/inst/PS8_i/PLCLK[0]
                         net (fo=1, routed)           0.181     5.514    kv260_rm04_dynamic8_i/zynq_ultra_ps_e_0/inst/pl_clk_unbuffered[0]
    BUFG_PS_X0Y80        BUFG_PS (Prop_BUFG_PS_I_O)
                                                      0.035     5.549 r  kv260_rm04_dynamic8_i/zynq_ultra_ps_e_0/inst/buffer_pl_clk_0.PL_CLK_0_BUFG/O
    X1Y1 (CLOCK_ROOT)    net (fo=34566, routed)       2.662     8.211    <hidden>
    SLICE_X24Y85         RAMD32                                       r  <hidden>
                         clock pessimism              0.239     8.451    
                         clock uncertainty           -0.112     8.339    
    SLICE_X24Y85         RAMD32 (Setup_C5LUT_SLICEM_CLK_WE)
                                                     -0.266     8.073    <hidden>
  -------------------------------------------------------------------
                         required time                          8.073    
                         arrival time                          -7.225    
  -------------------------------------------------------------------
                         slack                                  0.848    

Slack (MET) :             0.848ns  (required time - arrival time)
  Source:                 <hidden>
                            (rising edge-triggered cell FDRE clocked by clk_pl_0  {rise@0.000ns fall@2.667ns period=5.333ns})
  Destination:            <hidden>
                            (rising edge-triggered cell RAMD32 clocked by clk_pl_0  {rise@0.000ns fall@2.667ns period=5.333ns})
  Path Group:             clk_pl_0
  Path Type:              Setup (Max at Slow Process Corner)
  Requirement:            5.333ns  (clk_pl_0 rise@5.333ns - clk_pl_0 rise@0.000ns)
  Data Path Delay:        3.868ns  (logic 0.116ns (2.999%)  route 3.752ns (97.001%))
  Logic Levels:           0  
  Clock Path Skew:        -0.240ns (DCD - SCD + CPR)
    Destination Clock Delay (DCD):    2.878ns = ( 8.211 - 5.333 ) 
    Source Clock Delay      (SCD):    3.357ns
    Clock Pessimism Removal (CPR):    0.239ns
  Clock Uncertainty:      0.112ns  ((TSJ^2 + DJ^2)^1/2) / 2 + PE
    Total System Jitter     (TSJ):    0.071ns
    Discrete Jitter          (DJ):    0.213ns
    Phase Error              (PE):    0.000ns
  Clock Net Delay (Source):      3.090ns (routing 1.584ns, distribution 1.506ns)
  Clock Net Delay (Destination): 2.662ns (routing 1.450ns, distribution 1.212ns)

    Location             Delay type                Incr(ns)  Path(ns)    Netlist Resource(s)
  -------------------------------------------------------------------    -------------------
                         (clock clk_pl_0 rise edge)
                                                      0.000     0.000 r  
    PS8_X0Y0             PS8                          0.000     0.000 r  kv260_rm04_dynamic8_i/zynq_ultra_ps_e_0/inst/PS8_i/PLCLK[0]
                         net (fo=1, routed)           0.229     0.229    kv260_rm04_dynamic8_i/zynq_ultra_ps_e_0/inst/pl_clk_unbuffered[0]
    BUFG_PS_X0Y80        BUFG_PS (Prop_BUFG_PS_I_O)
                                                      0.038     0.267 r  kv260_rm04_dynamic8_i/zynq_ultra_ps_e_0/inst/buffer_pl_clk_0.PL_CLK_0_BUFG/O
    X1Y1 (CLOCK_ROOT)    net (fo=34566, routed)       3.090     3.357    <hidden>
    SLICE_X17Y72         FDRE                                         r  <hidden>
  -------------------------------------------------------------------    -------------------
    SLICE_X17Y72         FDRE (Prop_FFF2_SLICEM_C_Q)
                                                      0.116     3.473 r  <hidden>
                         net (fo=320, routed)         3.752     7.225    <hidden>
    SLICE_X24Y85         RAMD32                                       r  <hidden>
  -------------------------------------------------------------------    -------------------

                         (clock clk_pl_0 rise edge)
                                                      5.333     5.333 r  
    PS8_X0Y0             PS8                          0.000     5.333 r  kv260_rm04_dynamic8_i/zynq_ultra_ps_e_0/inst/PS8_i/PLCLK[0]
                         net (fo=1, routed)           0.181     5.514    kv260_rm04_dynamic8_i/zynq_ultra_ps_e_0/inst/pl_clk_unbuffered[0]
    BUFG_PS_X0Y80        BUFG_PS (Prop_BUFG_PS_I_O)
                                                      0.035     5.549 r  kv260_rm04_dynamic8_i/zynq_ultra_ps_e_0/inst/buffer_pl_clk_0.PL_CLK_0_BUFG/O
    X1Y1 (CLOCK_ROOT)    net (fo=34566, routed)       2.662     8.211    <hidden>
    SLICE_X24Y85         RAMD32                                       r  <hidden>
                         clock pessimism              0.239     8.451    
                         clock uncertainty           -0.112     8.339    
    SLICE_X24Y85         RAMD32 (Setup_C6LUT_SLICEM_CLK_WE)
                                                     -0.266     8.073    <hidden>
  -------------------------------------------------------------------
                         required time                          8.073    
                         arrival time                          -7.225    
  -------------------------------------------------------------------
                         slack                                  0.848    

Slack (MET) :             0.848ns  (required time - arrival time)
  Source:                 <hidden>
                            (rising edge-triggered cell FDRE clocked by clk_pl_0  {rise@0.000ns fall@2.667ns period=5.333ns})
  Destination:            <hidden>
                            (rising edge-triggered cell RAMD32 clocked by clk_pl_0  {rise@0.000ns fall@2.667ns period=5.333ns})
  Path Group:             clk_pl_0
  Path Type:              Setup (Max at Slow Process Corner)
  Requirement:            5.333ns  (clk_pl_0 rise@5.333ns - clk_pl_0 rise@0.000ns)
  Data Path Delay:        3.868ns  (logic 0.116ns (2.999%)  route 3.752ns (97.001%))
  Logic Levels:           0  
  Clock Path Skew:        -0.240ns (DCD - SCD + CPR)
    Destination Clock Delay (DCD):    2.878ns = ( 8.211 - 5.333 ) 
    Source Clock Delay      (SCD):    3.357ns
    Clock Pessimism Removal (CPR):    0.239ns
  Clock Uncertainty:      0.112ns  ((TSJ^2 + DJ^2)^1/2) / 2 + PE
    Total System Jitter     (TSJ):    0.071ns
    Discrete Jitter          (DJ):    0.213ns
    Phase Error              (PE):    0.000ns
  Clock Net Delay (Source):      3.090ns (routing 1.584ns, distribution 1.506ns)
  Clock Net Delay (Destination): 2.662ns (routing 1.450ns, distribution 1.212ns)

    Location             Delay type                Incr(ns)  Path(ns)    Netlist Resource(s)
  -------------------------------------------------------------------    -------------------
                         (clock clk_pl_0 rise edge)
                                                      0.000     0.000 r  
    PS8_X0Y0             PS8                          0.000     0.000 r  kv260_rm04_dynamic8_i/zynq_ultra_ps_e_0/inst/PS8_i/PLCLK[0]
                         net (fo=1, routed)           0.229     0.229    kv260_rm04_dynamic8_i/zynq_ultra_ps_e_0/inst/pl_clk_unbuffered[0]
    BUFG_PS_X0Y80        BUFG_PS (Prop_BUFG_PS_I_O)
                                                      0.038     0.267 r  kv260_rm04_dynamic8_i/zynq_ultra_ps_e_0/inst/buffer_pl_clk_0.PL_CLK_0_BUFG/O
    X1Y1 (CLOCK_ROOT)    net (fo=34566, routed)       3.090     3.357    <hidden>
    SLICE_X17Y72         FDRE                                         r  <hidden>
  -------------------------------------------------------------------    -------------------
    SLICE_X17Y72         FDRE (Prop_FFF2_SLICEM_C_Q)
                                                      0.116     3.473 r  <hidden>
                         net (fo=320, routed)         3.752     7.225    <hidden>
    SLICE_X24Y85         RAMD32                                       r  <hidden>
  -------------------------------------------------------------------    -------------------

                         (clock clk_pl_0 rise edge)
                                                      5.333     5.333 r  
    PS8_X0Y0             PS8                          0.000     5.333 r  kv260_rm04_dynamic8_i/zynq_ultra_ps_e_0/inst/PS8_i/PLCLK[0]
                         net (fo=1, routed)           0.181     5.514    kv260_rm04_dynamic8_i/zynq_ultra_ps_e_0/inst/pl_clk_unbuffered[0]
    BUFG_PS_X0Y80        BUFG_PS (Prop_BUFG_PS_I_O)
                                                      0.035     5.549 r  kv260_rm04_dynamic8_i/zynq_ultra_ps_e_0/inst/buffer_pl_clk_0.PL_CLK_0_BUFG/O
    X1Y1 (CLOCK_ROOT)    net (fo=34566, routed)       2.662     8.211    <hidden>
    SLICE_X24Y85         RAMD32                                       r  <hidden>
                         clock pessimism              0.239     8.451    
                         clock uncertainty           -0.112     8.339    
    SLICE_X24Y85         RAMD32 (Setup_D5LUT_SLICEM_CLK_WE)
                                                     -0.266     8.073    <hidden>
  -------------------------------------------------------------------
                         required time                          8.073    
                         arrival time                          -7.225    
  -------------------------------------------------------------------
                         slack                                  0.848    

Slack (MET) :             0.848ns  (required time - arrival time)
  Source:                 <hidden>
                            (rising edge-triggered cell FDRE clocked by clk_pl_0  {rise@0.000ns fall@2.667ns period=5.333ns})
  Destination:            <hidden>
                            (rising edge-triggered cell RAMD32 clocked by clk_pl_0  {rise@0.000ns fall@2.667ns period=5.333ns})
  Path Group:             clk_pl_0
  Path Type:              Setup (Max at Slow Process Corner)
  Requirement:            5.333ns  (clk_pl_0 rise@5.333ns - clk_pl_0 rise@0.000ns)
  Data Path Delay:        3.868ns  (logic 0.116ns (2.999%)  route 3.752ns (97.001%))
  Logic Levels:           0  
  Clock Path Skew:        -0.240ns (DCD - SCD + CPR)
    Destination Clock Delay (DCD):    2.878ns = ( 8.211 - 5.333 ) 
    Source Clock Delay      (SCD):    3.357ns
    Clock Pessimism Removal (CPR):    0.239ns
  Clock Uncertainty:      0.112ns  ((TSJ^2 + DJ^2)^1/2) / 2 + PE
    Total System Jitter     (TSJ):    0.071ns
    Discrete Jitter          (DJ):    0.213ns
    Phase Error              (PE):    0.000ns
  Clock Net Delay (Source):      3.090ns (routing 1.584ns, distribution 1.506ns)
  Clock Net Delay (Destination): 2.662ns (routing 1.450ns, distribution 1.212ns)

    Location             Delay type                Incr(ns)  Path(ns)    Netlist Resource(s)
  -------------------------------------------------------------------    -------------------
                         (clock clk_pl_0 rise edge)
                                                      0.000     0.000 r  
    PS8_X0Y0             PS8                          0.000     0.000 r  kv260_rm04_dynamic8_i/zynq_ultra_ps_e_0/inst/PS8_i/PLCLK[0]
                         net (fo=1, routed)           0.229     0.229    kv260_rm04_dynamic8_i/zynq_ultra_ps_e_0/inst/pl_clk_unbuffered[0]
    BUFG_PS_X0Y80        BUFG_PS (Prop_BUFG_PS_I_O)
                                                      0.038     0.267 r  kv260_rm04_dynamic8_i/zynq_ultra_ps_e_0/inst/buffer_pl_clk_0.PL_CLK_0_BUFG/O
    X1Y1 (CLOCK_ROOT)    net (fo=34566, routed)       3.090     3.357    <hidden>
    SLICE_X17Y72         FDRE                                         r  <hidden>
  -------------------------------------------------------------------    -------------------
    SLICE_X17Y72         FDRE (Prop_FFF2_SLICEM_C_Q)
                                                      0.116     3.473 r  <hidden>
                         net (fo=320, routed)         3.752     7.225    <hidden>
    SLICE_X24Y85         RAMD32                                       r  <hidden>
  -------------------------------------------------------------------    -------------------

                         (clock clk_pl_0 rise edge)
                                                      5.333     5.333 r  
    PS8_X0Y0             PS8                          0.000     5.333 r  kv260_rm04_dynamic8_i/zynq_ultra_ps_e_0/inst/PS8_i/PLCLK[0]
                         net (fo=1, routed)           0.181     5.514    kv260_rm04_dynamic8_i/zynq_ultra_ps_e_0/inst/pl_clk_unbuffered[0]
    BUFG_PS_X0Y80        BUFG_PS (Prop_BUFG_PS_I_O)
                                                      0.035     5.549 r  kv260_rm04_dynamic8_i/zynq_ultra_ps_e_0/inst/buffer_pl_clk_0.PL_CLK_0_BUFG/O
    X1Y1 (CLOCK_ROOT)    net (fo=34566, routed)       2.662     8.211    <hidden>
    SLICE_X24Y85         RAMD32                                       r  <hidden>
                         clock pessimism              0.239     8.451    
                         clock uncertainty           -0.112     8.339    
    SLICE_X24Y85         RAMD32 (Setup_D6LUT_SLICEM_CLK_WE)
                                                     -0.266     8.073    <hidden>
  -------------------------------------------------------------------
                         required time                          8.073    
                         arrival time                          -7.225    
  -------------------------------------------------------------------
                         slack                                  0.848    

Slack (MET) :             0.848ns  (required time - arrival time)
  Source:                 <hidden>
                            (rising edge-triggered cell FDRE clocked by clk_pl_0  {rise@0.000ns fall@2.667ns period=5.333ns})
  Destination:            <hidden>
                            (rising edge-triggered cell RAMD32 clocked by clk_pl_0  {rise@0.000ns fall@2.667ns period=5.333ns})
  Path Group:             clk_pl_0
  Path Type:              Setup (Max at Slow Process Corner)
  Requirement:            5.333ns  (clk_pl_0 rise@5.333ns - clk_pl_0 rise@0.000ns)
  Data Path Delay:        3.868ns  (logic 0.116ns (2.999%)  route 3.752ns (97.001%))
  Logic Levels:           0  
  Clock Path Skew:        -0.240ns (DCD - SCD + CPR)
    Destination Clock Delay (DCD):    2.878ns = ( 8.211 - 5.333 ) 
    Source Clock Delay      (SCD):    3.357ns
    Clock Pessimism Removal (CPR):    0.239ns
  Clock Uncertainty:      0.112ns  ((TSJ^2 + DJ^2)^1/2) / 2 + PE
    Total System Jitter     (TSJ):    0.071ns
    Discrete Jitter          (DJ):    0.213ns
    Phase Error              (PE):    0.000ns
  Clock Net Delay (Source):      3.090ns (routing 1.584ns, distribution 1.506ns)
  Clock Net Delay (Destination): 2.662ns (routing 1.450ns, distribution 1.212ns)

    Location             Delay type                Incr(ns)  Path(ns)    Netlist Resource(s)
  -------------------------------------------------------------------    -------------------
                         (clock clk_pl_0 rise edge)
                                                      0.000     0.000 r  
    PS8_X0Y0             PS8                          0.000     0.000 r  kv260_rm04_dynamic8_i/zynq_ultra_ps_e_0/inst/PS8_i/PLCLK[0]
                         net (fo=1, routed)           0.229     0.229    kv260_rm04_dynamic8_i/zynq_ultra_ps_e_0/inst/pl_clk_unbuffered[0]
    BUFG_PS_X0Y80        BUFG_PS (Prop_BUFG_PS_I_O)
                                                      0.038     0.267 r  kv260_rm04_dynamic8_i/zynq_ultra_ps_e_0/inst/buffer_pl_clk_0.PL_CLK_0_BUFG/O
    X1Y1 (CLOCK_ROOT)    net (fo=34566, routed)       3.090     3.357    <hidden>
    SLICE_X17Y72         FDRE                                         r  <hidden>
  -------------------------------------------------------------------    -------------------
    SLICE_X17Y72         FDRE (Prop_FFF2_SLICEM_C_Q)
                                                      0.116     3.473 r  <hidden>
                         net (fo=320, routed)         3.752     7.225    <hidden>
    SLICE_X24Y85         RAMD32                                       r  <hidden>
  -------------------------------------------------------------------    -------------------

                         (clock clk_pl_0 rise edge)
                                                      5.333     5.333 r  
    PS8_X0Y0             PS8                          0.000     5.333 r  kv260_rm04_dynamic8_i/zynq_ultra_ps_e_0/inst/PS8_i/PLCLK[0]
                         net (fo=1, routed)           0.181     5.514    kv260_rm04_dynamic8_i/zynq_ultra_ps_e_0/inst/pl_clk_unbuffered[0]
    BUFG_PS_X0Y80        BUFG_PS (Prop_BUFG_PS_I_O)
                                                      0.035     5.549 r  kv260_rm04_dynamic8_i/zynq_ultra_ps_e_0/inst/buffer_pl_clk_0.PL_CLK_0_BUFG/O
    X1Y1 (CLOCK_ROOT)    net (fo=34566, routed)       2.662     8.211    <hidden>
    SLICE_X24Y85         RAMD32                                       r  <hidden>
                         clock pessimism              0.239     8.451    
                         clock uncertainty           -0.112     8.339    
    SLICE_X24Y85         RAMD32 (Setup_E5LUT_SLICEM_CLK_WE)
                                                     -0.266     8.073    <hidden>
  -------------------------------------------------------------------
                         required time                          8.073    
                         arrival time                          -7.225    
  -------------------------------------------------------------------
                         slack                                  0.848    

Slack (MET) :             0.848ns  (required time - arrival time)
  Source:                 <hidden>
                            (rising edge-triggered cell FDRE clocked by clk_pl_0  {rise@0.000ns fall@2.667ns period=5.333ns})
  Destination:            <hidden>
                            (rising edge-triggered cell RAMD32 clocked by clk_pl_0  {rise@0.000ns fall@2.667ns period=5.333ns})
  Path Group:             clk_pl_0
  Path Type:              Setup (Max at Slow Process Corner)
  Requirement:            5.333ns  (clk_pl_0 rise@5.333ns - clk_pl_0 rise@0.000ns)
  Data Path Delay:        3.868ns  (logic 0.116ns (2.999%)  route 3.752ns (97.001%))
  Logic Levels:           0  
  Clock Path Skew:        -0.240ns (DCD - SCD + CPR)
    Destination Clock Delay (DCD):    2.878ns = ( 8.211 - 5.333 ) 
    Source Clock Delay      (SCD):    3.357ns
    Clock Pessimism Removal (CPR):    0.239ns
  Clock Uncertainty:      0.112ns  ((TSJ^2 + DJ^2)^1/2) / 2 + PE
    Total System Jitter     (TSJ):    0.071ns
    Discrete Jitter          (DJ):    0.213ns
    Phase Error              (PE):    0.000ns
  Clock Net Delay (Source):      3.090ns (routing 1.584ns, distribution 1.506ns)
  Clock Net Delay (Destination): 2.662ns (routing 1.450ns, distribution 1.212ns)

    Location             Delay type                Incr(ns)  Path(ns)    Netlist Resource(s)
  -------------------------------------------------------------------    -------------------
                         (clock clk_pl_0 rise edge)
                                                      0.000     0.000 r  
    PS8_X0Y0             PS8                          0.000     0.000 r  kv260_rm04_dynamic8_i/zynq_ultra_ps_e_0/inst/PS8_i/PLCLK[0]
                         net (fo=1, routed)           0.229     0.229    kv260_rm04_dynamic8_i/zynq_ultra_ps_e_0/inst/pl_clk_unbuffered[0]
    BUFG_PS_X0Y80        BUFG_PS (Prop_BUFG_PS_I_O)
                                                      0.038     0.267 r  kv260_rm04_dynamic8_i/zynq_ultra_ps_e_0/inst/buffer_pl_clk_0.PL_CLK_0_BUFG/O
    X1Y1 (CLOCK_ROOT)    net (fo=34566, routed)       3.090     3.357    <hidden>
    SLICE_X17Y72         FDRE                                         r  <hidden>
  -------------------------------------------------------------------    -------------------
    SLICE_X17Y72         FDRE (Prop_FFF2_SLICEM_C_Q)
                                                      0.116     3.473 r  <hidden>
                         net (fo=320, routed)         3.752     7.225    <hidden>
    SLICE_X24Y85         RAMD32                                       r  <hidden>
  -------------------------------------------------------------------    -------------------

                         (clock clk_pl_0 rise edge)
                                                      5.333     5.333 r  
    PS8_X0Y0             PS8                          0.000     5.333 r  kv260_rm04_dynamic8_i/zynq_ultra_ps_e_0/inst/PS8_i/PLCLK[0]
                         net (fo=1, routed)           0.181     5.514    kv260_rm04_dynamic8_i/zynq_ultra_ps_e_0/inst/pl_clk_unbuffered[0]
    BUFG_PS_X0Y80        BUFG_PS (Prop_BUFG_PS_I_O)
                                                      0.035     5.549 r  kv260_rm04_dynamic8_i/zynq_ultra_ps_e_0/inst/buffer_pl_clk_0.PL_CLK_0_BUFG/O
    X1Y1 (CLOCK_ROOT)    net (fo=34566, routed)       2.662     8.211    <hidden>
    SLICE_X24Y85         RAMD32                                       r  <hidden>
                         clock pessimism              0.239     8.451    
                         clock uncertainty           -0.112     8.339    
    SLICE_X24Y85         RAMD32 (Setup_E6LUT_SLICEM_CLK_WE)
                                                     -0.266     8.073    <hidden>
  -------------------------------------------------------------------
                         required time                          8.073    
                         arrival time                          -7.225    
  -------------------------------------------------------------------
                         slack                                  0.848    





Min Delay Paths
--------------------------------------------------------------------------------------
Slack (MET) :             0.010ns  (arrival time - required time)
  Source:                 <hidden>
                            (rising edge-triggered cell FDRE clocked by clk_pl_0  {rise@0.000ns fall@2.667ns period=5.333ns})
  Destination:            <hidden>
                            (rising edge-triggered cell FDRE clocked by clk_pl_0  {rise@0.000ns fall@2.667ns period=5.333ns})
  Path Group:             clk_pl_0
  Path Type:              Hold (Min at Slow Process Corner)
  Requirement:            0.000ns  (clk_pl_0 rise@0.000ns - clk_pl_0 rise@0.000ns)
  Data Path Delay:        0.239ns  (logic 0.112ns (46.862%)  route 0.127ns (53.138%))
  Logic Levels:           0  
  Clock Path Skew:        0.127ns (DCD - SCD - CPR)
    Destination Clock Delay (DCD):    3.359ns
    Source Clock Delay      (SCD):    2.991ns
    Clock Pessimism Removal (CPR):    0.240ns
  Clock Net Delay (Source):      2.775ns (routing 1.450ns, distribution 1.325ns)
  Clock Net Delay (Destination): 3.092ns (routing 1.584ns, distribution 1.508ns)

    Location             Delay type                Incr(ns)  Path(ns)    Netlist Resource(s)
  -------------------------------------------------------------------    -------------------
                         (clock clk_pl_0 rise edge)
                                                      0.000     0.000 r  
    PS8_X0Y0             PS8                          0.000     0.000 r  kv260_rm04_dynamic8_i/zynq_ultra_ps_e_0/inst/PS8_i/PLCLK[0]
                         net (fo=1, routed)           0.181     0.181    kv260_rm04_dynamic8_i/zynq_ultra_ps_e_0/inst/pl_clk_unbuffered[0]
    BUFG_PS_X0Y80        BUFG_PS (Prop_BUFG_PS_I_O)
                                                      0.035     0.216 r  kv260_rm04_dynamic8_i/zynq_ultra_ps_e_0/inst/buffer_pl_clk_0.PL_CLK_0_BUFG/O
    X1Y1 (CLOCK_ROOT)    net (fo=34566, routed)       2.775     2.991    <hidden>
    SLICE_X20Y102        FDRE                                         r  <hidden>
  -------------------------------------------------------------------    -------------------
    SLICE_X20Y102        FDRE (Prop_AFF_SLICEM_C_Q)
                                                      0.112     3.103 r  <hidden>
                         net (fo=1, routed)           0.127     3.230    <hidden>
    SLICE_X19Y101        FDRE                                         r  <hidden>
  -------------------------------------------------------------------    -------------------

                         (clock clk_pl_0 rise edge)
                                                      0.000     0.000 r  
    PS8_X0Y0             PS8                          0.000     0.000 r  kv260_rm04_dynamic8_i/zynq_ultra_ps_e_0/inst/PS8_i/PLCLK[0]
                         net (fo=1, routed)           0.229     0.229    kv260_rm04_dynamic8_i/zynq_ultra_ps_e_0/inst/pl_clk_unbuffered[0]
    BUFG_PS_X0Y80        BUFG_PS (Prop_BUFG_PS_I_O)
                                                      0.038     0.267 r  kv260_rm04_dynamic8_i/zynq_ultra_ps_e_0/inst/buffer_pl_clk_0.PL_CLK_0_BUFG/O
    X1Y1 (CLOCK_ROOT)    net (fo=34566, routed)       3.092     3.359    <hidden>
    SLICE_X19Y101        FDRE                                         r  <hidden>
                         clock pessimism             -0.240     3.118    
    SLICE_X19Y101        FDRE (Hold_DFF2_SLICEL_C_D)
                                                      0.102     3.220    <hidden>
  -------------------------------------------------------------------
                         required time                         -3.220    
                         arrival time                           3.230    
  -------------------------------------------------------------------
                         slack                                  0.010    

Slack (MET) :             0.010ns  (arrival time - required time)
  Source:                 kv260_rm04_dynamic8_i/axi_perf_mon_0/inst/GEN_Advanced_Mode.adavnced_mode_inst/GEN_SLOT1.metric_calc_inst1/Wr_Lat_Cnt_Diff_reg1_reg[5]/C
                            (rising edge-triggered cell FDRE clocked by clk_pl_0  {rise@0.000ns fall@2.667ns period=5.333ns})
  Destination:            kv260_rm04_dynamic8_i/axi_perf_mon_0/inst/GEN_Advanced_Mode.adavnced_mode_inst/GEN_SLOT1.metric_calc_inst1/Max_Write_Latency_Int_reg[5]/D
                            (rising edge-triggered cell FDRE clocked by clk_pl_0  {rise@0.000ns fall@2.667ns period=5.333ns})
  Path Group:             clk_pl_0
  Path Type:              Hold (Min at Slow Process Corner)
  Requirement:            0.000ns  (clk_pl_0 rise@0.000ns - clk_pl_0 rise@0.000ns)
  Data Path Delay:        0.234ns  (logic 0.114ns (48.655%)  route 0.120ns (51.345%))
  Logic Levels:           0  
  Clock Path Skew:        0.122ns (DCD - SCD - CPR)
    Destination Clock Delay (DCD):    3.409ns
    Source Clock Delay      (SCD):    3.042ns
    Clock Pessimism Removal (CPR):    0.244ns
  Clock Net Delay (Source):      2.826ns (routing 1.450ns, distribution 1.376ns)
  Clock Net Delay (Destination): 3.142ns (routing 1.584ns, distribution 1.558ns)

    Location             Delay type                Incr(ns)  Path(ns)    Netlist Resource(s)
  -------------------------------------------------------------------    -------------------
                         (clock clk_pl_0 rise edge)
                                                      0.000     0.000 r  
    PS8_X0Y0             PS8                          0.000     0.000 r  kv260_rm04_dynamic8_i/zynq_ultra_ps_e_0/inst/PS8_i/PLCLK[0]
                         net (fo=1, routed)           0.181     0.181    kv260_rm04_dynamic8_i/zynq_ultra_ps_e_0/inst/pl_clk_unbuffered[0]
    BUFG_PS_X0Y80        BUFG_PS (Prop_BUFG_PS_I_O)
                                                      0.035     0.216 r  kv260_rm04_dynamic8_i/zynq_ultra_ps_e_0/inst/buffer_pl_clk_0.PL_CLK_0_BUFG/O
    X1Y1 (CLOCK_ROOT)    net (fo=34566, routed)       2.826     3.042    kv260_rm04_dynamic8_i/axi_perf_mon_0/inst/GEN_Advanced_Mode.adavnced_mode_inst/GEN_SLOT1.metric_calc_inst1/core_aclk
    SLICE_X20Y171        FDRE                                         r  kv260_rm04_dynamic8_i/axi_perf_mon_0/inst/GEN_Advanced_Mode.adavnced_mode_inst/GEN_SLOT1.metric_calc_inst1/Wr_Lat_Cnt_Diff_reg1_reg[5]/C
  -------------------------------------------------------------------    -------------------
    SLICE_X20Y171        FDRE (Prop_GFF2_SLICEM_C_Q)
                                                      0.114     3.156 r  kv260_rm04_dynamic8_i/axi_perf_mon_0/inst/GEN_Advanced_Mode.adavnced_mode_inst/GEN_SLOT1.metric_calc_inst1/Wr_Lat_Cnt_Diff_reg1_reg[5]/Q
                         net (fo=3, routed)           0.120     3.276    kv260_rm04_dynamic8_i/axi_perf_mon_0/inst/GEN_Advanced_Mode.adavnced_mode_inst/GEN_SLOT1.metric_calc_inst1/Wr_Lat_Cnt_Diff_reg1_reg_n_0_[5]
    SLICE_X21Y171        FDRE                                         r  kv260_rm04_dynamic8_i/axi_perf_mon_0/inst/GEN_Advanced_Mode.adavnced_mode_inst/GEN_SLOT1.metric_calc_inst1/Max_Write_Latency_Int_reg[5]/D
  -------------------------------------------------------------------    -------------------

                         (clock clk_pl_0 rise edge)
                                                      0.000     0.000 r  
    PS8_X0Y0             PS8                          0.000     0.000 r  kv260_rm04_dynamic8_i/zynq_ultra_ps_e_0/inst/PS8_i/PLCLK[0]
                         net (fo=1, routed)           0.229     0.229    kv260_rm04_dynamic8_i/zynq_ultra_ps_e_0/inst/pl_clk_unbuffered[0]
    BUFG_PS_X0Y80        BUFG_PS (Prop_BUFG_PS_I_O)
                                                      0.038     0.267 r  kv260_rm04_dynamic8_i/zynq_ultra_ps_e_0/inst/buffer_pl_clk_0.PL_CLK_0_BUFG/O
    X1Y1 (CLOCK_ROOT)    net (fo=34566, routed)       3.142     3.409    kv260_rm04_dynamic8_i/axi_perf_mon_0/inst/GEN_Advanced_Mode.adavnced_mode_inst/GEN_SLOT1.metric_calc_inst1/core_aclk
    SLICE_X21Y171        FDRE                                         r  kv260_rm04_dynamic8_i/axi_perf_mon_0/inst/GEN_Advanced_Mode.adavnced_mode_inst/GEN_SLOT1.metric_calc_inst1/Max_Write_Latency_Int_reg[5]/C
                         clock pessimism             -0.244     3.164    
    SLICE_X21Y171        FDRE (Hold_BFF2_SLICEM_C_D)
                                                      0.102     3.266    kv260_rm04_dynamic8_i/axi_perf_mon_0/inst/GEN_Advanced_Mode.adavnced_mode_inst/GEN_SLOT1.metric_calc_inst1/Max_Write_Latency_Int_reg[5]
  -------------------------------------------------------------------
                         required time                         -3.266    
                         arrival time                           3.276    
  -------------------------------------------------------------------
                         slack                                  0.010    

Slack (MET) :             0.011ns  (arrival time - required time)
  Source:                 <hidden>
                            (rising edge-triggered cell FDRE clocked by clk_pl_0  {rise@0.000ns fall@2.667ns period=5.333ns})
  Destination:            <hidden>
                            (rising edge-triggered cell FDRE clocked by clk_pl_0  {rise@0.000ns fall@2.667ns period=5.333ns})
  Path Group:             clk_pl_0
  Path Type:              Hold (Min at Slow Process Corner)
  Requirement:            0.000ns  (clk_pl_0 rise@0.000ns - clk_pl_0 rise@0.000ns)
  Data Path Delay:        0.237ns  (logic 0.111ns (46.835%)  route 0.126ns (53.165%))
  Logic Levels:           0  
  Clock Path Skew:        0.123ns (DCD - SCD - CPR)
    Destination Clock Delay (DCD):    3.392ns
    Source Clock Delay      (SCD):    3.028ns
    Clock Pessimism Removal (CPR):    0.240ns
  Clock Net Delay (Source):      2.812ns (routing 1.450ns, distribution 1.362ns)
  Clock Net Delay (Destination): 3.125ns (routing 1.584ns, distribution 1.541ns)

    Location             Delay type                Incr(ns)  Path(ns)    Netlist Resource(s)
  -------------------------------------------------------------------    -------------------
                         (clock clk_pl_0 rise edge)
                                                      0.000     0.000 r  
    PS8_X0Y0             PS8                          0.000     0.000 r  kv260_rm04_dynamic8_i/zynq_ultra_ps_e_0/inst/PS8_i/PLCLK[0]
                         net (fo=1, routed)           0.181     0.181    kv260_rm04_dynamic8_i/zynq_ultra_ps_e_0/inst/pl_clk_unbuffered[0]
    BUFG_PS_X0Y80        BUFG_PS (Prop_BUFG_PS_I_O)
                                                      0.035     0.216 r  kv260_rm04_dynamic8_i/zynq_ultra_ps_e_0/inst/buffer_pl_clk_0.PL_CLK_0_BUFG/O
    X1Y1 (CLOCK_ROOT)    net (fo=34566, routed)       2.812     3.028    <hidden>
    SLICE_X4Y94          FDRE                                         r  <hidden>
  -------------------------------------------------------------------    -------------------
    SLICE_X4Y94          FDRE (Prop_BFF_SLICEM_C_Q)
                                                      0.111     3.139 r  <hidden>
                         net (fo=1, routed)           0.126     3.265    <hidden>
    SLICE_X3Y92          FDRE                                         r  <hidden>
  -------------------------------------------------------------------    -------------------

                         (clock clk_pl_0 rise edge)
                                                      0.000     0.000 r  
    PS8_X0Y0             PS8                          0.000     0.000 r  kv260_rm04_dynamic8_i/zynq_ultra_ps_e_0/inst/PS8_i/PLCLK[0]
                         net (fo=1, routed)           0.229     0.229    kv260_rm04_dynamic8_i/zynq_ultra_ps_e_0/inst/pl_clk_unbuffered[0]
    BUFG_PS_X0Y80        BUFG_PS (Prop_BUFG_PS_I_O)
                                                      0.038     0.267 r  kv260_rm04_dynamic8_i/zynq_ultra_ps_e_0/inst/buffer_pl_clk_0.PL_CLK_0_BUFG/O
    X1Y1 (CLOCK_ROOT)    net (fo=34566, routed)       3.125     3.392    <hidden>
    SLICE_X3Y92          FDRE                                         r  <hidden>
                         clock pessimism             -0.240     3.152    
    SLICE_X3Y92          FDRE (Hold_CFF2_SLICEL_C_D)
                                                      0.103     3.255    <hidden>
  -------------------------------------------------------------------
                         required time                         -3.255    
                         arrival time                           3.265    
  -------------------------------------------------------------------
                         slack                                  0.011    

Slack (MET) :             0.011ns  (arrival time - required time)
  Source:                 kv260_rm04_dynamic8_i/vision_gemm_0/inst/gmem_y_m_axi_U/bus_write/wreq_throttle/data_fifo/U_fifo_srl/dout_reg[206]/C
                            (rising edge-triggered cell FDRE clocked by clk_pl_0  {rise@0.000ns fall@2.667ns period=5.333ns})
  Destination:            <hidden>
                            (rising edge-triggered cell FDRE clocked by clk_pl_0  {rise@0.000ns fall@2.667ns period=5.333ns})
  Path Group:             clk_pl_0
  Path Type:              Hold (Min at Slow Process Corner)
  Requirement:            0.000ns  (clk_pl_0 rise@0.000ns - clk_pl_0 rise@0.000ns)
  Data Path Delay:        0.235ns  (logic 0.112ns (47.660%)  route 0.123ns (52.340%))
  Logic Levels:           0  
  Clock Path Skew:        0.121ns (DCD - SCD - CPR)
    Destination Clock Delay (DCD):    3.191ns
    Source Clock Delay      (SCD):    2.833ns
    Clock Pessimism Removal (CPR):    0.236ns
  Clock Net Delay (Source):      2.617ns (routing 1.450ns, distribution 1.167ns)
  Clock Net Delay (Destination): 2.924ns (routing 1.584ns, distribution 1.340ns)

    Location             Delay type                Incr(ns)  Path(ns)    Netlist Resource(s)
  -------------------------------------------------------------------    -------------------
                         (clock clk_pl_0 rise edge)
                                                      0.000     0.000 r  
    PS8_X0Y0             PS8                          0.000     0.000 r  kv260_rm04_dynamic8_i/zynq_ultra_ps_e_0/inst/PS8_i/PLCLK[0]
                         net (fo=1, routed)           0.181     0.181    kv260_rm04_dynamic8_i/zynq_ultra_ps_e_0/inst/pl_clk_unbuffered[0]
    BUFG_PS_X0Y80        BUFG_PS (Prop_BUFG_PS_I_O)
                                                      0.035     0.216 r  kv260_rm04_dynamic8_i/zynq_ultra_ps_e_0/inst/buffer_pl_clk_0.PL_CLK_0_BUFG/O
    X1Y1 (CLOCK_ROOT)    net (fo=34566, routed)       2.617     2.833    kv260_rm04_dynamic8_i/vision_gemm_0/inst/gmem_y_m_axi_U/bus_write/wreq_throttle/data_fifo/U_fifo_srl/ap_clk
    SLICE_X28Y107        FDRE                                         r  kv260_rm04_dynamic8_i/vision_gemm_0/inst/gmem_y_m_axi_U/bus_write/wreq_throttle/data_fifo/U_fifo_srl/dout_reg[206]/C
  -------------------------------------------------------------------    -------------------
    SLICE_X28Y107        FDRE (Prop_HFF_SLICEM_C_Q)
                                                      0.112     2.945 r  kv260_rm04_dynamic8_i/vision_gemm_0/inst/gmem_y_m_axi_U/bus_write/wreq_throttle/data_fifo/U_fifo_srl/dout_reg[206]/Q
                         net (fo=2, routed)           0.123     3.068    <hidden>
    SLICE_X27Y106        FDRE                                         r  <hidden>
  -------------------------------------------------------------------    -------------------

                         (clock clk_pl_0 rise edge)
                                                      0.000     0.000 r  
    PS8_X0Y0             PS8                          0.000     0.000 r  kv260_rm04_dynamic8_i/zynq_ultra_ps_e_0/inst/PS8_i/PLCLK[0]
                         net (fo=1, routed)           0.229     0.229    kv260_rm04_dynamic8_i/zynq_ultra_ps_e_0/inst/pl_clk_unbuffered[0]
    BUFG_PS_X0Y80        BUFG_PS (Prop_BUFG_PS_I_O)
                                                      0.038     0.267 r  kv260_rm04_dynamic8_i/zynq_ultra_ps_e_0/inst/buffer_pl_clk_0.PL_CLK_0_BUFG/O
    X1Y1 (CLOCK_ROOT)    net (fo=34566, routed)       2.924     3.191    <hidden>
    SLICE_X27Y106        FDRE                                         r  <hidden>
                         clock pessimism             -0.236     2.955    
    SLICE_X27Y106        FDRE (Hold_GFF2_SLICEL_C_D)
                                                      0.103     3.058    <hidden>
  -------------------------------------------------------------------
                         required time                         -3.058    
                         arrival time                           3.068    
  -------------------------------------------------------------------
                         slack                                  0.011    

Slack (MET) :             0.011ns  (arrival time - required time)
  Source:                 <hidden>
                            (rising edge-triggered cell FDRE clocked by clk_pl_0  {rise@0.000ns fall@2.667ns period=5.333ns})
  Destination:            <hidden>
                            (rising edge-triggered cell FDRE clocked by clk_pl_0  {rise@0.000ns fall@2.667ns period=5.333ns})
  Path Group:             clk_pl_0
  Path Type:              Hold (Min at Slow Process Corner)
  Requirement:            0.000ns  (clk_pl_0 rise@0.000ns - clk_pl_0 rise@0.000ns)
  Data Path Delay:        0.313ns  (logic 0.149ns (47.602%)  route 0.164ns (52.398%))
  Logic Levels:           1  (LUT5=1)
  Clock Path Skew:        0.201ns (DCD - SCD - CPR)
    Destination Clock Delay (DCD):    3.339ns
    Source Clock Delay      (SCD):    2.894ns
    Clock Pessimism Removal (CPR):    0.243ns
  Clock Net Delay (Source):      2.678ns (routing 1.450ns, distribution 1.228ns)
  Clock Net Delay (Destination): 3.072ns (routing 1.584ns, distribution 1.488ns)

    Location             Delay type                Incr(ns)  Path(ns)    Netlist Resource(s)
  -------------------------------------------------------------------    -------------------
                         (clock clk_pl_0 rise edge)
                                                      0.000     0.000 r  
    PS8_X0Y0             PS8                          0.000     0.000 r  kv260_rm04_dynamic8_i/zynq_ultra_ps_e_0/inst/PS8_i/PLCLK[0]
                         net (fo=1, routed)           0.181     0.181    kv260_rm04_dynamic8_i/zynq_ultra_ps_e_0/inst/pl_clk_unbuffered[0]
    BUFG_PS_X0Y80        BUFG_PS (Prop_BUFG_PS_I_O)
                                                      0.035     0.216 r  kv260_rm04_dynamic8_i/zynq_ultra_ps_e_0/inst/buffer_pl_clk_0.PL_CLK_0_BUFG/O
    X1Y1 (CLOCK_ROOT)    net (fo=34566, routed)       2.678     2.894    <hidden>
    SLICE_X39Y164        FDRE                                         r  <hidden>
  -------------------------------------------------------------------    -------------------
    SLICE_X39Y164        FDRE (Prop_AFF2_SLICEL_C_Q)
                                                      0.114     3.008 r  <hidden>
                         net (fo=3, routed)           0.126     3.134    <hidden>
    SLICE_X41Y164        LUT5 (Prop_H6LUT_SLICEM_I4_O)
                                                      0.035     3.169 r  <hidden>
                         net (fo=1, routed)           0.038     3.207    <hidden>
    SLICE_X41Y164        FDRE                                         r  <hidden>
  -------------------------------------------------------------------    -------------------

                         (clock clk_pl_0 rise edge)
                                                      0.000     0.000 r  
    PS8_X0Y0             PS8                          0.000     0.000 r  kv260_rm04_dynamic8_i/zynq_ultra_ps_e_0/inst/PS8_i/PLCLK[0]
                         net (fo=1, routed)           0.229     0.229    kv260_rm04_dynamic8_i/zynq_ultra_ps_e_0/inst/pl_clk_unbuffered[0]
    BUFG_PS_X0Y80        BUFG_PS (Prop_BUFG_PS_I_O)
                                                      0.038     0.267 r  kv260_rm04_dynamic8_i/zynq_ultra_ps_e_0/inst/buffer_pl_clk_0.PL_CLK_0_BUFG/O
    X1Y1 (CLOCK_ROOT)    net (fo=34566, routed)       3.072     3.339    <hidden>
    SLICE_X41Y164        FDRE                                         r  <hidden>
                         clock pessimism             -0.243     3.095    
    SLICE_X41Y164        FDRE (Hold_HFF_SLICEM_C_D)
                                                      0.101     3.196    <hidden>
  -------------------------------------------------------------------
                         required time                         -3.196    
                         arrival time                           3.207    
  -------------------------------------------------------------------
                         slack                                  0.011    

Slack (MET) :             0.011ns  (arrival time - required time)
  Source:                 <hidden>
                            (rising edge-triggered cell FDRE clocked by clk_pl_0  {rise@0.000ns fall@2.667ns period=5.333ns})
  Destination:            <hidden>
                            (rising edge-triggered cell FDRE clocked by clk_pl_0  {rise@0.000ns fall@2.667ns period=5.333ns})
  Path Group:             clk_pl_0
  Path Type:              Hold (Min at Slow Process Corner)
  Requirement:            0.000ns  (clk_pl_0 rise@0.000ns - clk_pl_0 rise@0.000ns)
  Data Path Delay:        0.222ns  (logic 0.111ns (50.000%)  route 0.111ns (50.000%))
  Logic Levels:           0  
  Clock Path Skew:        0.110ns (DCD - SCD - CPR)
    Destination Clock Delay (DCD):    3.369ns
    Source Clock Delay      (SCD):    3.018ns
    Clock Pessimism Removal (CPR):    0.240ns
  Clock Net Delay (Source):      2.802ns (routing 1.450ns, distribution 1.352ns)
  Clock Net Delay (Destination): 3.102ns (routing 1.584ns, distribution 1.518ns)

    Location             Delay type                Incr(ns)  Path(ns)    Netlist Resource(s)
  -------------------------------------------------------------------    -------------------
                         (clock clk_pl_0 rise edge)
                                                      0.000     0.000 r  
    PS8_X0Y0             PS8                          0.000     0.000 r  kv260_rm04_dynamic8_i/zynq_ultra_ps_e_0/inst/PS8_i/PLCLK[0]
                         net (fo=1, routed)           0.181     0.181    kv260_rm04_dynamic8_i/zynq_ultra_ps_e_0/inst/pl_clk_unbuffered[0]
    BUFG_PS_X0Y80        BUFG_PS (Prop_BUFG_PS_I_O)
                                                      0.035     0.216 r  kv260_rm04_dynamic8_i/zynq_ultra_ps_e_0/inst/buffer_pl_clk_0.PL_CLK_0_BUFG/O
    X1Y1 (CLOCK_ROOT)    net (fo=34566, routed)       2.802     3.018    <hidden>
    SLICE_X13Y84         FDRE                                         r  <hidden>
  -------------------------------------------------------------------    -------------------
    SLICE_X13Y84         FDRE (Prop_BFF_SLICEM_C_Q)
                                                      0.111     3.129 r  <hidden>
                         net (fo=1, routed)           0.111     3.240    <hidden>
    SLICE_X15Y84         FDRE                                         r  <hidden>
  -------------------------------------------------------------------    -------------------

                         (clock clk_pl_0 rise edge)
                                                      0.000     0.000 r  
    PS8_X0Y0             PS8                          0.000     0.000 r  kv260_rm04_dynamic8_i/zynq_ultra_ps_e_0/inst/PS8_i/PLCLK[0]
                         net (fo=1, routed)           0.229     0.229    kv260_rm04_dynamic8_i/zynq_ultra_ps_e_0/inst/pl_clk_unbuffered[0]
    BUFG_PS_X0Y80        BUFG_PS (Prop_BUFG_PS_I_O)
                                                      0.038     0.267 r  kv260_rm04_dynamic8_i/zynq_ultra_ps_e_0/inst/buffer_pl_clk_0.PL_CLK_0_BUFG/O
    X1Y1 (CLOCK_ROOT)    net (fo=34566, routed)       3.102     3.369    <hidden>
    SLICE_X15Y84         FDRE                                         r  <hidden>
                         clock pessimism             -0.240     3.128    
    SLICE_X15Y84         FDRE (Hold_BFF_SLICEL_C_D)
                                                      0.101     3.229    <hidden>
  -------------------------------------------------------------------
                         required time                         -3.229    
                         arrival time                           3.240    
  -------------------------------------------------------------------
                         slack                                  0.011    

Slack (MET) :             0.011ns  (arrival time - required time)
  Source:                 <hidden>
                            (rising edge-triggered cell FDRE clocked by clk_pl_0  {rise@0.000ns fall@2.667ns period=5.333ns})
  Destination:            <hidden>
                            (rising edge-triggered cell RAMD32 clocked by clk_pl_0  {rise@0.000ns fall@2.667ns period=5.333ns})
  Path Group:             clk_pl_0
  Path Type:              Hold (Min at Slow Process Corner)
  Requirement:            0.000ns  (clk_pl_0 rise@0.000ns - clk_pl_0 rise@0.000ns)
  Data Path Delay:        0.243ns  (logic 0.113ns (46.502%)  route 0.130ns (53.498%))
  Logic Levels:           0  
  Clock Path Skew:        0.129ns (DCD - SCD - CPR)
    Destination Clock Delay (DCD):    3.202ns
    Source Clock Delay      (SCD):    2.837ns
    Clock Pessimism Removal (CPR):    0.236ns
  Clock Net Delay (Source):      2.621ns (routing 1.450ns, distribution 1.171ns)
  Clock Net Delay (Destination): 2.935ns (routing 1.584ns, distribution 1.351ns)

    Location             Delay type                Incr(ns)  Path(ns)    Netlist Resource(s)
  -------------------------------------------------------------------    -------------------
                         (clock clk_pl_0 rise edge)
                                                      0.000     0.000 r  
    PS8_X0Y0             PS8                          0.000     0.000 r  kv260_rm04_dynamic8_i/zynq_ultra_ps_e_0/inst/PS8_i/PLCLK[0]
                         net (fo=1, routed)           0.181     0.181    kv260_rm04_dynamic8_i/zynq_ultra_ps_e_0/inst/pl_clk_unbuffered[0]
    BUFG_PS_X0Y80        BUFG_PS (Prop_BUFG_PS_I_O)
                                                      0.035     0.216 r  kv260_rm04_dynamic8_i/zynq_ultra_ps_e_0/inst/buffer_pl_clk_0.PL_CLK_0_BUFG/O
    X1Y1 (CLOCK_ROOT)    net (fo=34566, routed)       2.621     2.837    <hidden>
    SLICE_X23Y103        FDRE                                         r  <hidden>
  -------------------------------------------------------------------    -------------------
    SLICE_X23Y103        FDRE (Prop_CFF2_SLICEL_C_Q)
                                                      0.113     2.950 r  <hidden>
                         net (fo=1, routed)           0.130     3.080    <hidden>
    SLICE_X24Y102        RAMD32                                       r  <hidden>
  -------------------------------------------------------------------    -------------------

                         (clock clk_pl_0 rise edge)
                                                      0.000     0.000 r  
    PS8_X0Y0             PS8                          0.000     0.000 r  kv260_rm04_dynamic8_i/zynq_ultra_ps_e_0/inst/PS8_i/PLCLK[0]
                         net (fo=1, routed)           0.229     0.229    kv260_rm04_dynamic8_i/zynq_ultra_ps_e_0/inst/pl_clk_unbuffered[0]
    BUFG_PS_X0Y80        BUFG_PS (Prop_BUFG_PS_I_O)
                                                      0.038     0.267 r  kv260_rm04_dynamic8_i/zynq_ultra_ps_e_0/inst/buffer_pl_clk_0.PL_CLK_0_BUFG/O
    X1Y1 (CLOCK_ROOT)    net (fo=34566, routed)       2.935     3.202    <hidden>
    SLICE_X24Y102        RAMD32                                       r  <hidden>
                         clock pessimism             -0.236     2.966    
    SLICE_X24Y102        RAMD32 (Hold_E5LUT_SLICEM_CLK_I)
                                                      0.103     3.069    <hidden>
  -------------------------------------------------------------------
                         required time                         -3.069    
                         arrival time                           3.080    
  -------------------------------------------------------------------
                         slack                                  0.011    

Slack (MET) :             0.011ns  (arrival time - required time)
  Source:                 kv260_rm04_dynamic8_i/vision_gemm_0/inst/gmem_x_m_axi_U/load_unit_0/fifo_rreq/U_fifo_srl/dout_reg[6]/C
                            (rising edge-triggered cell FDRE clocked by clk_pl_0  {rise@0.000ns fall@2.667ns period=5.333ns})
  Destination:            kv260_rm04_dynamic8_i/vision_gemm_0/inst/gmem_x_m_axi_U/load_unit_0/tmp_addr_reg[11]/D
                            (rising edge-triggered cell FDRE clocked by clk_pl_0  {rise@0.000ns fall@2.667ns period=5.333ns})
  Path Group:             clk_pl_0
  Path Type:              Hold (Min at Slow Process Corner)
  Requirement:            0.000ns  (clk_pl_0 rise@0.000ns - clk_pl_0 rise@0.000ns)
  Data Path Delay:        0.360ns  (logic 0.112ns (31.111%)  route 0.248ns (68.889%))
  Logic Levels:           0  
  Clock Path Skew:        0.248ns (DCD - SCD - CPR)
    Destination Clock Delay (DCD):    3.474ns
    Source Clock Delay      (SCD):    3.041ns
    Clock Pessimism Removal (CPR):    0.185ns
  Clock Net Delay (Source):      2.825ns (routing 1.450ns, distribution 1.375ns)
  Clock Net Delay (Destination): 3.207ns (routing 1.584ns, distribution 1.623ns)

    Location             Delay type                Incr(ns)  Path(ns)    Netlist Resource(s)
  -------------------------------------------------------------------    -------------------
                         (clock clk_pl_0 rise edge)
                                                      0.000     0.000 r  
    PS8_X0Y0             PS8                          0.000     0.000 r  kv260_rm04_dynamic8_i/zynq_ultra_ps_e_0/inst/PS8_i/PLCLK[0]
                         net (fo=1, routed)           0.181     0.181    kv260_rm04_dynamic8_i/zynq_ultra_ps_e_0/inst/pl_clk_unbuffered[0]
    BUFG_PS_X0Y80        BUFG_PS (Prop_BUFG_PS_I_O)
                                                      0.035     0.216 r  kv260_rm04_dynamic8_i/zynq_ultra_ps_e_0/inst/buffer_pl_clk_0.PL_CLK_0_BUFG/O
    X1Y1 (CLOCK_ROOT)    net (fo=34566, routed)       2.825     3.041    kv260_rm04_dynamic8_i/vision_gemm_0/inst/gmem_x_m_axi_U/load_unit_0/fifo_rreq/U_fifo_srl/ap_clk
    SLICE_X7Y118         FDRE                                         r  kv260_rm04_dynamic8_i/vision_gemm_0/inst/gmem_x_m_axi_U/load_unit_0/fifo_rreq/U_fifo_srl/dout_reg[6]/C
  -------------------------------------------------------------------    -------------------
    SLICE_X7Y118         FDRE (Prop_GFF_SLICEM_C_Q)
                                                      0.112     3.153 r  kv260_rm04_dynamic8_i/vision_gemm_0/inst/gmem_x_m_axi_U/load_unit_0/fifo_rreq/U_fifo_srl/dout_reg[6]/Q
                         net (fo=1, routed)           0.248     3.401    kv260_rm04_dynamic8_i/vision_gemm_0/inst/gmem_x_m_axi_U/load_unit_0/fifo_rreq_n_62
    SLICE_X8Y122         FDRE                                         r  kv260_rm04_dynamic8_i/vision_gemm_0/inst/gmem_x_m_axi_U/load_unit_0/tmp_addr_reg[11]/D
  -------------------------------------------------------------------    -------------------

                         (clock clk_pl_0 rise edge)
                                                      0.000     0.000 r  
    PS8_X0Y0             PS8                          0.000     0.000 r  kv260_rm04_dynamic8_i/zynq_ultra_ps_e_0/inst/PS8_i/PLCLK[0]
                         net (fo=1, routed)           0.229     0.229    kv260_rm04_dynamic8_i/zynq_ultra_ps_e_0/inst/pl_clk_unbuffered[0]
    BUFG_PS_X0Y80        BUFG_PS (Prop_BUFG_PS_I_O)
                                                      0.038     0.267 r  kv260_rm04_dynamic8_i/zynq_ultra_ps_e_0/inst/buffer_pl_clk_0.PL_CLK_0_BUFG/O
    X1Y1 (CLOCK_ROOT)    net (fo=34566, routed)       3.207     3.474    kv260_rm04_dynamic8_i/vision_gemm_0/inst/gmem_x_m_axi_U/load_unit_0/ap_clk
    SLICE_X8Y122         FDRE                                         r  kv260_rm04_dynamic8_i/vision_gemm_0/inst/gmem_x_m_axi_U/load_unit_0/tmp_addr_reg[11]/C
                         clock pessimism             -0.185     3.289    
    SLICE_X8Y122         FDRE (Hold_EFF_SLICEM_C_D)
                                                      0.101     3.390    kv260_rm04_dynamic8_i/vision_gemm_0/inst/gmem_x_m_axi_U/load_unit_0/tmp_addr_reg[11]
  -------------------------------------------------------------------
                         required time                         -3.390    
                         arrival time                           3.401    
  -------------------------------------------------------------------
                         slack                                  0.011    

Slack (MET) :             0.012ns  (arrival time - required time)
  Source:                 kv260_rm04_dynamic8_i/vision_gemm_0/inst/gmem_w_m_axi_U/bus_read/rs_rdata/data_p1_reg[39]/C
                            (rising edge-triggered cell FDRE clocked by clk_pl_0  {rise@0.000ns fall@2.667ns period=5.333ns})
  Destination:            kv260_rm04_dynamic8_i/vision_gemm_0/inst/gmem_w_m_axi_U/load_unit_0/buff_rdata/U_fifo_mem/mem_reg_bram_1/DINADIN[3]
                            (rising edge-triggered cell RAMB36E2 clocked by clk_pl_0  {rise@0.000ns fall@2.667ns period=5.333ns})
  Path Group:             clk_pl_0
  Path Type:              Hold (Min at Slow Process Corner)
  Requirement:            0.000ns  (clk_pl_0 rise@0.000ns - clk_pl_0 rise@0.000ns)
  Data Path Delay:        0.237ns  (logic 0.112ns (47.257%)  route 0.125ns (52.743%))
  Logic Levels:           0  
  Clock Path Skew:        0.273ns (DCD - SCD - CPR)
    Destination Clock Delay (DCD):    3.343ns
    Source Clock Delay      (SCD):    2.830ns
    Clock Pessimism Removal (CPR):    0.239ns
  Clock Net Delay (Source):      2.614ns (routing 1.450ns, distribution 1.164ns)
  Clock Net Delay (Destination): 3.076ns (routing 1.584ns, distribution 1.492ns)

    Location             Delay type                Incr(ns)  Path(ns)    Netlist Resource(s)
  -------------------------------------------------------------------    -------------------
                         (clock clk_pl_0 rise edge)
                                                      0.000     0.000 r  
    PS8_X0Y0             PS8                          0.000     0.000 r  kv260_rm04_dynamic8_i/zynq_ultra_ps_e_0/inst/PS8_i/PLCLK[0]
                         net (fo=1, routed)           0.181     0.181    kv260_rm04_dynamic8_i/zynq_ultra_ps_e_0/inst/pl_clk_unbuffered[0]
    BUFG_PS_X0Y80        BUFG_PS (Prop_BUFG_PS_I_O)
                                                      0.035     0.216 r  kv260_rm04_dynamic8_i/zynq_ultra_ps_e_0/inst/buffer_pl_clk_0.PL_CLK_0_BUFG/O
    X1Y1 (CLOCK_ROOT)    net (fo=34566, routed)       2.614     2.830    kv260_rm04_dynamic8_i/vision_gemm_0/inst/gmem_w_m_axi_U/bus_read/rs_rdata/ap_clk
    SLICE_X29Y87         FDRE                                         r  kv260_rm04_dynamic8_i/vision_gemm_0/inst/gmem_w_m_axi_U/bus_read/rs_rdata/data_p1_reg[39]/C
  -------------------------------------------------------------------    -------------------
    SLICE_X29Y87         FDRE (Prop_HFF_SLICEM_C_Q)
                                                      0.112     2.942 r  kv260_rm04_dynamic8_i/vision_gemm_0/inst/gmem_w_m_axi_U/bus_read/rs_rdata/data_p1_reg[39]/Q
                         net (fo=1, routed)           0.125     3.067    kv260_rm04_dynamic8_i/vision_gemm_0/inst/gmem_w_m_axi_U/load_unit_0/buff_rdata/U_fifo_mem/din[39]
    RAMB36_X0Y17         RAMB36E2                                     r  kv260_rm04_dynamic8_i/vision_gemm_0/inst/gmem_w_m_axi_U/load_unit_0/buff_rdata/U_fifo_mem/mem_reg_bram_1/DINADIN[3]
  -------------------------------------------------------------------    -------------------

                         (clock clk_pl_0 rise edge)
                                                      0.000     0.000 r  
    PS8_X0Y0             PS8                          0.000     0.000 r  kv260_rm04_dynamic8_i/zynq_ultra_ps_e_0/inst/PS8_i/PLCLK[0]
                         net (fo=1, routed)           0.229     0.229    kv260_rm04_dynamic8_i/zynq_ultra_ps_e_0/inst/pl_clk_unbuffered[0]
    BUFG_PS_X0Y80        BUFG_PS (Prop_BUFG_PS_I_O)
                                                      0.038     0.267 r  kv260_rm04_dynamic8_i/zynq_ultra_ps_e_0/inst/buffer_pl_clk_0.PL_CLK_0_BUFG/O
    X1Y1 (CLOCK_ROOT)    net (fo=34566, routed)       3.076     3.343    kv260_rm04_dynamic8_i/vision_gemm_0/inst/gmem_w_m_axi_U/load_unit_0/buff_rdata/U_fifo_mem/ap_clk
    RAMB36_X0Y17         RAMB36E2                                     r  kv260_rm04_dynamic8_i/vision_gemm_0/inst/gmem_w_m_axi_U/load_unit_0/buff_rdata/U_fifo_mem/mem_reg_bram_1/CLKARDCLK
                         clock pessimism             -0.239     3.103    
    RAMB36_X0Y17         RAMB36E2 (Hold_RAMB36E2_RAMB36_CLKARDCLK_DINADIN[3])
                                                     -0.048     3.055    kv260_rm04_dynamic8_i/vision_gemm_0/inst/gmem_w_m_axi_U/load_unit_0/buff_rdata/U_fifo_mem/mem_reg_bram_1
  -------------------------------------------------------------------
                         required time                         -3.055    
                         arrival time                           3.067    
  -------------------------------------------------------------------
                         slack                                  0.012    

Slack (MET) :             0.012ns  (arrival time - required time)
  Source:                 kv260_rm04_dynamic8_i/vision_gemm_0/inst/gmem_y_m_axi_U/store_unit_0/fifo_wreq/U_fifo_srl/dout_reg[27]/C
                            (rising edge-triggered cell FDRE clocked by clk_pl_0  {rise@0.000ns fall@2.667ns period=5.333ns})
  Destination:            kv260_rm04_dynamic8_i/vision_gemm_0/inst/gmem_y_m_axi_U/store_unit_0/tmp_addr_reg[32]/D
                            (rising edge-triggered cell FDRE clocked by clk_pl_0  {rise@0.000ns fall@2.667ns period=5.333ns})
  Path Group:             clk_pl_0
  Path Type:              Hold (Min at Slow Process Corner)
  Requirement:            0.000ns  (clk_pl_0 rise@0.000ns - clk_pl_0 rise@0.000ns)
  Data Path Delay:        0.247ns  (logic 0.115ns (46.559%)  route 0.132ns (53.441%))
  Logic Levels:           0  
  Clock Path Skew:        0.134ns (DCD - SCD - CPR)
    Destination Clock Delay (DCD):    3.415ns
    Source Clock Delay      (SCD):    3.041ns
    Clock Pessimism Removal (CPR):    0.240ns
  Clock Net Delay (Source):      2.825ns (routing 1.450ns, distribution 1.375ns)
  Clock Net Delay (Destination): 3.148ns (routing 1.584ns, distribution 1.564ns)

    Location             Delay type                Incr(ns)  Path(ns)    Netlist Resource(s)
  -------------------------------------------------------------------    -------------------
                         (clock clk_pl_0 rise edge)
                                                      0.000     0.000 r  
    PS8_X0Y0             PS8                          0.000     0.000 r  kv260_rm04_dynamic8_i/zynq_ultra_ps_e_0/inst/PS8_i/PLCLK[0]
                         net (fo=1, routed)           0.181     0.181    kv260_rm04_dynamic8_i/zynq_ultra_ps_e_0/inst/pl_clk_unbuffered[0]
    BUFG_PS_X0Y80        BUFG_PS (Prop_BUFG_PS_I_O)
                                                      0.035     0.216 r  kv260_rm04_dynamic8_i/zynq_ultra_ps_e_0/inst/buffer_pl_clk_0.PL_CLK_0_BUFG/O
    X1Y1 (CLOCK_ROOT)    net (fo=34566, routed)       2.825     3.041    kv260_rm04_dynamic8_i/vision_gemm_0/inst/gmem_y_m_axi_U/store_unit_0/fifo_wreq/U_fifo_srl/ap_clk
    SLICE_X7Y114         FDRE                                         r  kv260_rm04_dynamic8_i/vision_gemm_0/inst/gmem_y_m_axi_U/store_unit_0/fifo_wreq/U_fifo_srl/dout_reg[27]/C
  -------------------------------------------------------------------    -------------------
    SLICE_X7Y114         FDRE (Prop_DFF2_SLICEM_C_Q)
                                                      0.115     3.156 r  kv260_rm04_dynamic8_i/vision_gemm_0/inst/gmem_y_m_axi_U/store_unit_0/fifo_wreq/U_fifo_srl/dout_reg[27]/Q
                         net (fo=1, routed)           0.132     3.288    kv260_rm04_dynamic8_i/vision_gemm_0/inst/gmem_y_m_axi_U/store_unit_0/fifo_wreq_n_36
    SLICE_X6Y113         FDRE                                         r  kv260_rm04_dynamic8_i/vision_gemm_0/inst/gmem_y_m_axi_U/store_unit_0/tmp_addr_reg[32]/D
  -------------------------------------------------------------------    -------------------

                         (clock clk_pl_0 rise edge)
                                                      0.000     0.000 r  
    PS8_X0Y0             PS8                          0.000     0.000 r  kv260_rm04_dynamic8_i/zynq_ultra_ps_e_0/inst/PS8_i/PLCLK[0]
                         net (fo=1, routed)           0.229     0.229    kv260_rm04_dynamic8_i/zynq_ultra_ps_e_0/inst/pl_clk_unbuffered[0]
    BUFG_PS_X0Y80        BUFG_PS (Prop_BUFG_PS_I_O)
                                                      0.038     0.267 r  kv260_rm04_dynamic8_i/zynq_ultra_ps_e_0/inst/buffer_pl_clk_0.PL_CLK_0_BUFG/O
    X1Y1 (CLOCK_ROOT)    net (fo=34566, routed)       3.148     3.415    kv260_rm04_dynamic8_i/vision_gemm_0/inst/gmem_y_m_axi_U/store_unit_0/ap_clk
    SLICE_X6Y113         FDRE                                         r  kv260_rm04_dynamic8_i/vision_gemm_0/inst/gmem_y_m_axi_U/store_unit_0/tmp_addr_reg[32]/C
                         clock pessimism             -0.240     3.175    
    SLICE_X6Y113         FDRE (Hold_GFF_SLICEL_C_D)
                                                      0.101     3.276    kv260_rm04_dynamic8_i/vision_gemm_0/inst/gmem_y_m_axi_U/store_unit_0/tmp_addr_reg[32]
  -------------------------------------------------------------------
                         required time                         -3.276    
                         arrival time                           3.288    
  -------------------------------------------------------------------
                         slack                                  0.012    





Pulse Width Checks
--------------------------------------------------------------------------------------
Clock Name:         clk_pl_0
Waveform(ns):       { 0.000 2.667 }
Period(ns):         5.333
Sources:            { kv260_rm04_dynamic8_i/zynq_ultra_ps_e_0/inst/PS8_i/PLCLK[0] }

Check Type        Corner  Lib Pin          Reference Pin  Required(ns)  Actual(ns)  Slack(ns)  Location       Pin
Min Period        n/a     PS8/MAXIGP0ACLK  n/a            3.000         5.333       2.333      PS8_X0Y0       kv260_rm04_dynamic8_i/zynq_ultra_ps_e_0/inst/PS8_i/MAXIGP0ACLK
Min Period        n/a     PS8/SAXIGP2RCLK  n/a            3.000         5.333       2.333      PS8_X0Y0       kv260_rm04_dynamic8_i/zynq_ultra_ps_e_0/inst/PS8_i/SAXIGP2RCLK
Min Period        n/a     PS8/SAXIGP2WCLK  n/a            3.000         5.333       2.333      PS8_X0Y0       kv260_rm04_dynamic8_i/zynq_ultra_ps_e_0/inst/PS8_i/SAXIGP2WCLK
Min Period        n/a     URAM288/CLK      n/a            2.471         5.333       2.862      URAM288_X0Y16  kv260_rm04_dynamic8_i/vision_gemm_0/inst/activation_tile_1_U/ram_reg_uram_0/CLK
Min Period        n/a     URAM288/CLK      n/a            2.471         5.333       2.862      URAM288_X0Y17  kv260_rm04_dynamic8_i/vision_gemm_0/inst/activation_tile_1_U/ram_reg_uram_1/CLK
Min Period        n/a     URAM288/CLK      n/a            2.471         5.333       2.862      URAM288_X0Y18  kv260_rm04_dynamic8_i/vision_gemm_0/inst/activation_tile_1_U/ram_reg_uram_2/CLK
Min Period        n/a     URAM288/CLK      n/a            2.471         5.333       2.862      URAM288_X0Y19  kv260_rm04_dynamic8_i/vision_gemm_0/inst/activation_tile_1_U/ram_reg_uram_3/CLK
Min Period        n/a     URAM288/CLK      n/a            2.471         5.333       2.862      URAM288_X0Y20  kv260_rm04_dynamic8_i/vision_gemm_0/inst/activation_tile_2_U/ram_reg_uram_0/CLK
Min Period        n/a     URAM288/CLK      n/a            2.471         5.333       2.862      URAM288_X0Y12  kv260_rm04_dynamic8_i/vision_gemm_0/inst/activation_tile_2_U/ram_reg_uram_1/CLK
Min Period        n/a     URAM288/CLK      n/a            2.471         5.333       2.862      URAM288_X0Y21  kv260_rm04_dynamic8_i/vision_gemm_0/inst/activation_tile_2_U/ram_reg_uram_2/CLK
Low Pulse Width   Slow    PS8/MAXIGP0ACLK  n/a            1.500         2.667       1.167      PS8_X0Y0       kv260_rm04_dynamic8_i/zynq_ultra_ps_e_0/inst/PS8_i/MAXIGP0ACLK
Low Pulse Width   Fast    PS8/MAXIGP0ACLK  n/a            1.500         2.666       1.166      PS8_X0Y0       kv260_rm04_dynamic8_i/zynq_ultra_ps_e_0/inst/PS8_i/MAXIGP0ACLK
Low Pulse Width   Slow    PS8/SAXIGP2RCLK  n/a            1.500         2.667       1.167      PS8_X0Y0       kv260_rm04_dynamic8_i/zynq_ultra_ps_e_0/inst/PS8_i/SAXIGP2RCLK
Low Pulse Width   Fast    PS8/SAXIGP2RCLK  n/a            1.500         2.667       1.167      PS8_X0Y0       kv260_rm04_dynamic8_i/zynq_ultra_ps_e_0/inst/PS8_i/SAXIGP2RCLK
Low Pulse Width   Slow    PS8/SAXIGP2WCLK  n/a            1.500         2.667       1.167      PS8_X0Y0       kv260_rm04_dynamic8_i/zynq_ultra_ps_e_0/inst/PS8_i/SAXIGP2WCLK
Low Pulse Width   Fast    PS8/SAXIGP2WCLK  n/a            1.500         2.667       1.167      PS8_X0Y0       kv260_rm04_dynamic8_i/zynq_ultra_ps_e_0/inst/PS8_i/SAXIGP2WCLK
Low Pulse Width   Slow    URAM288/CLK      n/a            0.800         2.666       1.866      URAM288_X0Y16  kv260_rm04_dynamic8_i/vision_gemm_0/inst/activation_tile_1_U/ram_reg_uram_0/CLK
Low Pulse Width   Fast    URAM288/CLK      n/a            0.800         2.666       1.866      URAM288_X0Y16  kv260_rm04_dynamic8_i/vision_gemm_0/inst/activation_tile_1_U/ram_reg_uram_0/CLK
Low Pulse Width   Slow    URAM288/CLK      n/a            0.800         2.667       1.867      URAM288_X0Y17  kv260_rm04_dynamic8_i/vision_gemm_0/inst/activation_tile_1_U/ram_reg_uram_1/CLK
Low Pulse Width   Fast    URAM288/CLK      n/a            0.800         2.666       1.866      URAM288_X0Y17  kv260_rm04_dynamic8_i/vision_gemm_0/inst/activation_tile_1_U/ram_reg_uram_1/CLK
High Pulse Width  Slow    PS8/MAXIGP0ACLK  n/a            1.500         2.667       1.167      PS8_X0Y0       kv260_rm04_dynamic8_i/zynq_ultra_ps_e_0/inst/PS8_i/MAXIGP0ACLK
High Pulse Width  Fast    PS8/MAXIGP0ACLK  n/a            1.500         2.667       1.167      PS8_X0Y0       kv260_rm04_dynamic8_i/zynq_ultra_ps_e_0/inst/PS8_i/MAXIGP0ACLK
High Pulse Width  Slow    PS8/SAXIGP2RCLK  n/a            1.500         2.666       1.166      PS8_X0Y0       kv260_rm04_dynamic8_i/zynq_ultra_ps_e_0/inst/PS8_i/SAXIGP2RCLK
High Pulse Width  Fast    PS8/SAXIGP2RCLK  n/a            1.500         2.667       1.167      PS8_X0Y0       kv260_rm04_dynamic8_i/zynq_ultra_ps_e_0/inst/PS8_i/SAXIGP2RCLK
High Pulse Width  Slow    PS8/SAXIGP2WCLK  n/a            1.500         2.666       1.166      PS8_X0Y0       kv260_rm04_dynamic8_i/zynq_ultra_ps_e_0/inst/PS8_i/SAXIGP2WCLK
High Pulse Width  Fast    PS8/SAXIGP2WCLK  n/a            1.500         2.667       1.167      PS8_X0Y0       kv260_rm04_dynamic8_i/zynq_ultra_ps_e_0/inst/PS8_i/SAXIGP2WCLK
High Pulse Width  Slow    URAM288/CLK      n/a            0.800         2.667       1.867      URAM288_X0Y16  kv260_rm04_dynamic8_i/vision_gemm_0/inst/activation_tile_1_U/ram_reg_uram_0/CLK
High Pulse Width  Fast    URAM288/CLK      n/a            0.800         2.667       1.867      URAM288_X0Y16  kv260_rm04_dynamic8_i/vision_gemm_0/inst/activation_tile_1_U/ram_reg_uram_0/CLK
High Pulse Width  Slow    URAM288/CLK      n/a            0.800         2.667       1.867      URAM288_X0Y17  kv260_rm04_dynamic8_i/vision_gemm_0/inst/activation_tile_1_U/ram_reg_uram_1/CLK
High Pulse Width  Fast    URAM288/CLK      n/a            0.800         2.667       1.867      URAM288_X0Y17  kv260_rm04_dynamic8_i/vision_gemm_0/inst/activation_tile_1_U/ram_reg_uram_1/CLK



---------------------------------------------------------------------------------------------------
Path Group:  **default**
From Clock:  clk_pl_0
  To Clock:  

Setup :            0  Failing Endpoints,  Worst Slack        4.612ns,  Total Violation        0.000ns
Hold  :           NA  Failing Endpoints,  Worst Slack           NA  ,  Total Violation           NA
---------------------------------------------------------------------------------------------------


Max Delay Paths
--------------------------------------------------------------------------------------
Slack (MET) :             4.612ns  (required time - arrival time)
  Source:                 kv260_rm04_dynamic8_i/axi_perf_mon_0/inst/GEN_Advanced_Mode.adavnced_mode_inst/GEN_SLOT1.mon_fifo_ext_event1_inst/USE_MON_FIFO.async_fifo_inst/XPM_ASYNC.inst/gnuram_async_fifo.xpm_fifo_base_inst/gen_cdc_pntr.rd_pntr_cdc_dc_inst/src_gray_ff_reg[1]/C
                            (rising edge-triggered cell FDRE clocked by clk_pl_0  {rise@0.000ns fall@2.667ns period=5.333ns})
  Destination:            kv260_rm04_dynamic8_i/axi_perf_mon_0/inst/GEN_Advanced_Mode.adavnced_mode_inst/GEN_SLOT1.mon_fifo_ext_event1_inst/USE_MON_FIFO.async_fifo_inst/XPM_ASYNC.inst/gnuram_async_fifo.xpm_fifo_base_inst/gen_cdc_pntr.rd_pntr_cdc_dc_inst/dest_graysync_ff_reg[0][1]/D
  Path Group:             **default**
  Path Type:              Max at Slow Process Corner
  Requirement:            5.333ns  (MaxDelay Path 5.333ns)
  Data Path Delay:        0.721ns  (logic 0.114ns (15.811%)  route 0.607ns (84.189%))
  Logic Levels:           0  
  Output Delay:           0.000ns
  Timing Exception:       MaxDelay Path 5.333ns -datapath_only

    Location             Delay type                Incr(ns)  Path(ns)    Netlist Resource(s)
  -------------------------------------------------------------------    -------------------
    SLICE_X24Y214                                     0.000     0.000 r  kv260_rm04_dynamic8_i/axi_perf_mon_0/inst/GEN_Advanced_Mode.adavnced_mode_inst/GEN_SLOT1.mon_fifo_ext_event1_inst/USE_MON_FIFO.async_fifo_inst/XPM_ASYNC.inst/gnuram_async_fifo.xpm_fifo_base_inst/gen_cdc_pntr.rd_pntr_cdc_dc_inst/src_gray_ff_reg[1]/C
    SLICE_X24Y214        FDRE (Prop_HFF_SLICEM_C_Q)
                                                      0.114     0.114 r  kv260_rm04_dynamic8_i/axi_perf_mon_0/inst/GEN_Advanced_Mode.adavnced_mode_inst/GEN_SLOT1.mon_fifo_ext_event1_inst/USE_MON_FIFO.async_fifo_inst/XPM_ASYNC.inst/gnuram_async_fifo.xpm_fifo_base_inst/gen_cdc_pntr.rd_pntr_cdc_dc_inst/src_gray_ff_reg[1]/Q
                         net (fo=1, routed)           0.607     0.721    kv260_rm04_dynamic8_i/axi_perf_mon_0/inst/GEN_Advanced_Mode.adavnced_mode_inst/GEN_SLOT1.mon_fifo_ext_event1_inst/USE_MON_FIFO.async_fifo_inst/XPM_ASYNC.inst/gnuram_async_fifo.xpm_fifo_base_inst/gen_cdc_pntr.rd_pntr_cdc_dc_inst/async_path[1]
    SLICE_X24Y211        FDRE                                         r  kv260_rm04_dynamic8_i/axi_perf_mon_0/inst/GEN_Advanced_Mode.adavnced_mode_inst/GEN_SLOT1.mon_fifo_ext_event1_inst/USE_MON_FIFO.async_fifo_inst/XPM_ASYNC.inst/gnuram_async_fifo.xpm_fifo_base_inst/gen_cdc_pntr.rd_pntr_cdc_dc_inst/dest_graysync_ff_reg[0][1]/D
  -------------------------------------------------------------------    -------------------

                         max delay                    5.333     5.333    
    SLICE_X24Y211        FDRE                         0.000     5.333    kv260_rm04_dynamic8_i/axi_perf_mon_0/inst/GEN_Advanced_Mode.adavnced_mode_inst/GEN_SLOT1.mon_fifo_ext_event1_inst/USE_MON_FIFO.async_fifo_inst/XPM_ASYNC.inst/gnuram_async_fifo.xpm_fifo_base_inst/gen_cdc_pntr.rd_pntr_cdc_dc_inst/dest_graysync_ff_reg[0][1]
                         output delay                -0.000     5.333    
  -------------------------------------------------------------------
                         required time                          5.333    
                         arrival time                          -0.721    
  -------------------------------------------------------------------
                         slack                                  4.612    

Slack (MET) :             4.785ns  (required time - arrival time)
  Source:                 kv260_rm04_dynamic8_i/axi_perf_mon_0/inst/GEN_Advanced_Mode.adavnced_mode_inst/GEN_SLOT1.mon_fifo_ext_event1_inst/USE_MON_FIFO.async_fifo_inst/XPM_ASYNC.inst/gnuram_async_fifo.xpm_fifo_base_inst/gen_cdc_pntr.rd_pntr_cdc_dc_inst/src_gray_ff_reg[5]/C
                            (rising edge-triggered cell FDRE clocked by clk_pl_0  {rise@0.000ns fall@2.667ns period=5.333ns})
  Destination:            kv260_rm04_dynamic8_i/axi_perf_mon_0/inst/GEN_Advanced_Mode.adavnced_mode_inst/GEN_SLOT1.mon_fifo_ext_event1_inst/USE_MON_FIFO.async_fifo_inst/XPM_ASYNC.inst/gnuram_async_fifo.xpm_fifo_base_inst/gen_cdc_pntr.rd_pntr_cdc_dc_inst/dest_graysync_ff_reg[0][5]/D
  Path Group:             **default**
  Path Type:              Max at Slow Process Corner
  Requirement:            5.333ns  (MaxDelay Path 5.333ns)
  Data Path Delay:        0.548ns  (logic 0.113ns (20.620%)  route 0.435ns (79.380%))
  Logic Levels:           0  
  Output Delay:           0.000ns
  Timing Exception:       MaxDelay Path 5.333ns -datapath_only

    Location             Delay type                Incr(ns)  Path(ns)    Netlist Resource(s)
  -------------------------------------------------------------------    -------------------
    SLICE_X24Y209                                     0.000     0.000 r  kv260_rm04_dynamic8_i/axi_perf_mon_0/inst/GEN_Advanced_Mode.adavnced_mode_inst/GEN_SLOT1.mon_fifo_ext_event1_inst/USE_MON_FIFO.async_fifo_inst/XPM_ASYNC.inst/gnuram_async_fifo.xpm_fifo_base_inst/gen_cdc_pntr.rd_pntr_cdc_dc_inst/src_gray_ff_reg[5]/C
    SLICE_X24Y209        FDRE (Prop_EFF_SLICEM_C_Q)
                                                      0.113     0.113 r  kv260_rm04_dynamic8_i/axi_perf_mon_0/inst/GEN_Advanced_Mode.adavnced_mode_inst/GEN_SLOT1.mon_fifo_ext_event1_inst/USE_MON_FIFO.async_fifo_inst/XPM_ASYNC.inst/gnuram_async_fifo.xpm_fifo_base_inst/gen_cdc_pntr.rd_pntr_cdc_dc_inst/src_gray_ff_reg[5]/Q
                         net (fo=1, routed)           0.435     0.548    kv260_rm04_dynamic8_i/axi_perf_mon_0/inst/GEN_Advanced_Mode.adavnced_mode_inst/GEN_SLOT1.mon_fifo_ext_event1_inst/USE_MON_FIFO.async_fifo_inst/XPM_ASYNC.inst/gnuram_async_fifo.xpm_fifo_base_inst/gen_cdc_pntr.rd_pntr_cdc_dc_inst/async_path[5]
    SLICE_X24Y209        FDRE                                         r  kv260_rm04_dynamic8_i/axi_perf_mon_0/inst/GEN_Advanced_Mode.adavnced_mode_inst/GEN_SLOT1.mon_fifo_ext_event1_inst/USE_MON_FIFO.async_fifo_inst/XPM_ASYNC.inst/gnuram_async_fifo.xpm_fifo_base_inst/gen_cdc_pntr.rd_pntr_cdc_dc_inst/dest_graysync_ff_reg[0][5]/D
  -------------------------------------------------------------------    -------------------

                         max delay                    5.333     5.333    
    SLICE_X24Y209        FDRE                         0.000     5.333    kv260_rm04_dynamic8_i/axi_perf_mon_0/inst/GEN_Advanced_Mode.adavnced_mode_inst/GEN_SLOT1.mon_fifo_ext_event1_inst/USE_MON_FIFO.async_fifo_inst/XPM_ASYNC.inst/gnuram_async_fifo.xpm_fifo_base_inst/gen_cdc_pntr.rd_pntr_cdc_dc_inst/dest_graysync_ff_reg[0][5]
                         output delay                -0.000     5.333    
  -------------------------------------------------------------------
                         required time                          5.333    
                         arrival time                          -0.548    
  -------------------------------------------------------------------
                         slack                                  4.785    

Slack (MET) :             4.838ns  (required time - arrival time)
  Source:                 kv260_rm04_dynamic8_i/axi_perf_mon_0/inst/GEN_Advanced_Mode.adavnced_mode_inst/GEN_SLOT2.mon_fifo_ext_event2_inst/USE_MON_FIFO.async_fifo_inst/XPM_ASYNC.inst/gnuram_async_fifo.xpm_fifo_base_inst/gen_cdc_pntr.rd_pntr_cdc_dc_inst/src_gray_ff_reg[1]/C
                            (rising edge-triggered cell FDRE clocked by clk_pl_0  {rise@0.000ns fall@2.667ns period=5.333ns})
  Destination:            kv260_rm04_dynamic8_i/axi_perf_mon_0/inst/GEN_Advanced_Mode.adavnced_mode_inst/GEN_SLOT2.mon_fifo_ext_event2_inst/USE_MON_FIFO.async_fifo_inst/XPM_ASYNC.inst/gnuram_async_fifo.xpm_fifo_base_inst/gen_cdc_pntr.rd_pntr_cdc_dc_inst/dest_graysync_ff_reg[0][1]/D
  Path Group:             **default**
  Path Type:              Max at Slow Process Corner
  Requirement:            5.333ns  (MaxDelay Path 5.333ns)
  Data Path Delay:        0.495ns  (logic 0.116ns (23.434%)  route 0.379ns (76.566%))
  Logic Levels:           0  
  Output Delay:           0.000ns
  Timing Exception:       MaxDelay Path 5.333ns -datapath_only

    Location             Delay type                Incr(ns)  Path(ns)    Netlist Resource(s)
  -------------------------------------------------------------------    -------------------
    SLICE_X24Y188                                     0.000     0.000 r  kv260_rm04_dynamic8_i/axi_perf_mon_0/inst/GEN_Advanced_Mode.adavnced_mode_inst/GEN_SLOT2.mon_fifo_ext_event2_inst/USE_MON_FIFO.async_fifo_inst/XPM_ASYNC.inst/gnuram_async_fifo.xpm_fifo_base_inst/gen_cdc_pntr.rd_pntr_cdc_dc_inst/src_gray_ff_reg[1]/C
    SLICE_X24Y188        FDRE (Prop_CFF_SLICEM_C_Q)
                                                      0.116     0.116 r  kv260_rm04_dynamic8_i/axi_perf_mon_0/inst/GEN_Advanced_Mode.adavnced_mode_inst/GEN_SLOT2.mon_fifo_ext_event2_inst/USE_MON_FIFO.async_fifo_inst/XPM_ASYNC.inst/gnuram_async_fifo.xpm_fifo_base_inst/gen_cdc_pntr.rd_pntr_cdc_dc_inst/src_gray_ff_reg[1]/Q
                         net (fo=1, routed)           0.379     0.495    kv260_rm04_dynamic8_i/axi_perf_mon_0/inst/GEN_Advanced_Mode.adavnced_mode_inst/GEN_SLOT2.mon_fifo_ext_event2_inst/USE_MON_FIFO.async_fifo_inst/XPM_ASYNC.inst/gnuram_async_fifo.xpm_fifo_base_inst/gen_cdc_pntr.rd_pntr_cdc_dc_inst/async_path[1]
    SLICE_X23Y188        FDRE                                         r  kv260_rm04_dynamic8_i/axi_perf_mon_0/inst/GEN_Advanced_Mode.adavnced_mode_inst/GEN_SLOT2.mon_fifo_ext_event2_inst/USE_MON_FIFO.async_fifo_inst/XPM_ASYNC.inst/gnuram_async_fifo.xpm_fifo_base_inst/gen_cdc_pntr.rd_pntr_cdc_dc_inst/dest_graysync_ff_reg[0][1]/D
  -------------------------------------------------------------------    -------------------

                         max delay                    5.333     5.333    
    SLICE_X23Y188        FDRE                         0.000     5.333    kv260_rm04_dynamic8_i/axi_perf_mon_0/inst/GEN_Advanced_Mode.adavnced_mode_inst/GEN_SLOT2.mon_fifo_ext_event2_inst/USE_MON_FIFO.async_fifo_inst/XPM_ASYNC.inst/gnuram_async_fifo.xpm_fifo_base_inst/gen_cdc_pntr.rd_pntr_cdc_dc_inst/dest_graysync_ff_reg[0][1]
                         output delay                -0.000     5.333    
  -------------------------------------------------------------------
                         required time                          5.333    
                         arrival time                          -0.495    
  -------------------------------------------------------------------
                         slack                                  4.838    

Slack (MET) :             4.838ns  (required time - arrival time)
  Source:                 kv260_rm04_dynamic8_i/axi_perf_mon_0/inst/GEN_Advanced_Mode.adavnced_mode_inst/mon_fifo_ext_event0_inst/USE_MON_FIFO.async_fifo_inst/XPM_ASYNC.inst/gnuram_async_fifo.xpm_fifo_base_inst/gen_cdc_pntr.rd_pntr_cdc_inst/src_gray_ff_reg[3]/C
                            (rising edge-triggered cell FDRE clocked by clk_pl_0  {rise@0.000ns fall@2.667ns period=5.333ns})
  Destination:            kv260_rm04_dynamic8_i/axi_perf_mon_0/inst/GEN_Advanced_Mode.adavnced_mode_inst/mon_fifo_ext_event0_inst/USE_MON_FIFO.async_fifo_inst/XPM_ASYNC.inst/gnuram_async_fifo.xpm_fifo_base_inst/gen_cdc_pntr.rd_pntr_cdc_inst/dest_graysync_ff_reg[0][3]/D
  Path Group:             **default**
  Path Type:              Max at Slow Process Corner
  Requirement:            5.333ns  (MaxDelay Path 5.333ns)
  Data Path Delay:        0.495ns  (logic 0.115ns (23.232%)  route 0.380ns (76.768%))
  Logic Levels:           0  
  Output Delay:           0.000ns
  Timing Exception:       MaxDelay Path 5.333ns -datapath_only

    Location             Delay type                Incr(ns)  Path(ns)    Netlist Resource(s)
  -------------------------------------------------------------------    -------------------
    SLICE_X23Y204                                     0.000     0.000 r  kv260_rm04_dynamic8_i/axi_perf_mon_0/inst/GEN_Advanced_Mode.adavnced_mode_inst/mon_fifo_ext_event0_inst/USE_MON_FIFO.async_fifo_inst/XPM_ASYNC.inst/gnuram_async_fifo.xpm_fifo_base_inst/gen_cdc_pntr.rd_pntr_cdc_inst/src_gray_ff_reg[3]/C
    SLICE_X23Y204        FDRE (Prop_DFF2_SLICEL_C_Q)
                                                      0.115     0.115 r  kv260_rm04_dynamic8_i/axi_perf_mon_0/inst/GEN_Advanced_Mode.adavnced_mode_inst/mon_fifo_ext_event0_inst/USE_MON_FIFO.async_fifo_inst/XPM_ASYNC.inst/gnuram_async_fifo.xpm_fifo_base_inst/gen_cdc_pntr.rd_pntr_cdc_inst/src_gray_ff_reg[3]/Q
                         net (fo=1, routed)           0.380     0.495    kv260_rm04_dynamic8_i/axi_perf_mon_0/inst/GEN_Advanced_Mode.adavnced_mode_inst/mon_fifo_ext_event0_inst/USE_MON_FIFO.async_fifo_inst/XPM_ASYNC.inst/gnuram_async_fifo.xpm_fifo_base_inst/gen_cdc_pntr.rd_pntr_cdc_inst/async_path[3]
    SLICE_X23Y205        FDRE                                         r  kv260_rm04_dynamic8_i/axi_perf_mon_0/inst/GEN_Advanced_Mode.adavnced_mode_inst/mon_fifo_ext_event0_inst/USE_MON_FIFO.async_fifo_inst/XPM_ASYNC.inst/gnuram_async_fifo.xpm_fifo_base_inst/gen_cdc_pntr.rd_pntr_cdc_inst/dest_graysync_ff_reg[0][3]/D
  -------------------------------------------------------------------    -------------------

                         max delay                    5.333     5.333    
    SLICE_X23Y205        FDRE                         0.000     5.333    kv260_rm04_dynamic8_i/axi_perf_mon_0/inst/GEN_Advanced_Mode.adavnced_mode_inst/mon_fifo_ext_event0_inst/USE_MON_FIFO.async_fifo_inst/XPM_ASYNC.inst/gnuram_async_fifo.xpm_fifo_base_inst/gen_cdc_pntr.rd_pntr_cdc_inst/dest_graysync_ff_reg[0][3]
                         output delay                -0.000     5.333    
  -------------------------------------------------------------------
                         required time                          5.333    
                         arrival time                          -0.495    
  -------------------------------------------------------------------
                         slack                                  4.838    

Slack (MET) :             4.853ns  (required time - arrival time)
  Source:                 kv260_rm04_dynamic8_i/axi_perf_mon_0/inst/GEN_Advanced_Mode.adavnced_mode_inst/GEN_SLOT2.mon_fifo_ext_event2_inst/USE_MON_FIFO.async_fifo_inst/XPM_ASYNC.inst/gnuram_async_fifo.xpm_fifo_base_inst/gen_cdc_pntr.rd_pntr_cdc_inst/src_gray_ff_reg[2]/C
                            (rising edge-triggered cell FDRE clocked by clk_pl_0  {rise@0.000ns fall@2.667ns period=5.333ns})
  Destination:            kv260_rm04_dynamic8_i/axi_perf_mon_0/inst/GEN_Advanced_Mode.adavnced_mode_inst/GEN_SLOT2.mon_fifo_ext_event2_inst/USE_MON_FIFO.async_fifo_inst/XPM_ASYNC.inst/gnuram_async_fifo.xpm_fifo_base_inst/gen_cdc_pntr.rd_pntr_cdc_inst/dest_graysync_ff_reg[0][2]/D
  Path Group:             **default**
  Path Type:              Max at Slow Process Corner
  Requirement:            5.333ns  (MaxDelay Path 5.333ns)
  Data Path Delay:        0.480ns  (logic 0.113ns (23.542%)  route 0.367ns (76.458%))
  Logic Levels:           0  
  Output Delay:           0.000ns
  Timing Exception:       MaxDelay Path 5.333ns -datapath_only

    Location             Delay type                Incr(ns)  Path(ns)    Netlist Resource(s)
  -------------------------------------------------------------------    -------------------
    SLICE_X23Y191                                     0.000     0.000 r  kv260_rm04_dynamic8_i/axi_perf_mon_0/inst/GEN_Advanced_Mode.adavnced_mode_inst/GEN_SLOT2.mon_fifo_ext_event2_inst/USE_MON_FIFO.async_fifo_inst/XPM_ASYNC.inst/gnuram_async_fifo.xpm_fifo_base_inst/gen_cdc_pntr.rd_pntr_cdc_inst/src_gray_ff_reg[2]/C
    SLICE_X23Y191        FDRE (Prop_HFF_SLICEL_C_Q)
                                                      0.113     0.113 r  kv260_rm04_dynamic8_i/axi_perf_mon_0/inst/GEN_Advanced_Mode.adavnced_mode_inst/GEN_SLOT2.mon_fifo_ext_event2_inst/USE_MON_FIFO.async_fifo_inst/XPM_ASYNC.inst/gnuram_async_fifo.xpm_fifo_base_inst/gen_cdc_pntr.rd_pntr_cdc_inst/src_gray_ff_reg[2]/Q
                         net (fo=1, routed)           0.367     0.480    kv260_rm04_dynamic8_i/axi_perf_mon_0/inst/GEN_Advanced_Mode.adavnced_mode_inst/GEN_SLOT2.mon_fifo_ext_event2_inst/USE_MON_FIFO.async_fifo_inst/XPM_ASYNC.inst/gnuram_async_fifo.xpm_fifo_base_inst/gen_cdc_pntr.rd_pntr_cdc_inst/async_path[2]
    SLICE_X25Y192        FDRE                                         r  kv260_rm04_dynamic8_i/axi_perf_mon_0/inst/GEN_Advanced_Mode.adavnced_mode_inst/GEN_SLOT2.mon_fifo_ext_event2_inst/USE_MON_FIFO.async_fifo_inst/XPM_ASYNC.inst/gnuram_async_fifo.xpm_fifo_base_inst/gen_cdc_pntr.rd_pntr_cdc_inst/dest_graysync_ff_reg[0][2]/D
  -------------------------------------------------------------------    -------------------

                         max delay                    5.333     5.333    
    SLICE_X25Y192        FDRE                         0.000     5.333    kv260_rm04_dynamic8_i/axi_perf_mon_0/inst/GEN_Advanced_Mode.adavnced_mode_inst/GEN_SLOT2.mon_fifo_ext_event2_inst/USE_MON_FIFO.async_fifo_inst/XPM_ASYNC.inst/gnuram_async_fifo.xpm_fifo_base_inst/gen_cdc_pntr.rd_pntr_cdc_inst/dest_graysync_ff_reg[0][2]
                         output delay                -0.000     5.333    
  -------------------------------------------------------------------
                         required time                          5.333    
                         arrival time                          -0.480    
  -------------------------------------------------------------------
                         slack                                  4.853    

Slack (MET) :             4.870ns  (required time - arrival time)
  Source:                 kv260_rm04_dynamic8_i/axi_perf_mon_0/inst/GEN_Advanced_Mode.adavnced_mode_inst/GEN_SLOT1.mon_fifo_ext_event1_inst/USE_MON_FIFO.async_fifo_inst/XPM_ASYNC.inst/gnuram_async_fifo.xpm_fifo_base_inst/gen_cdc_pntr.rd_pntr_cdc_dc_inst/src_gray_ff_reg[2]/C
                            (rising edge-triggered cell FDRE clocked by clk_pl_0  {rise@0.000ns fall@2.667ns period=5.333ns})
  Destination:            kv260_rm04_dynamic8_i/axi_perf_mon_0/inst/GEN_Advanced_Mode.adavnced_mode_inst/GEN_SLOT1.mon_fifo_ext_event1_inst/USE_MON_FIFO.async_fifo_inst/XPM_ASYNC.inst/gnuram_async_fifo.xpm_fifo_base_inst/gen_cdc_pntr.rd_pntr_cdc_dc_inst/dest_graysync_ff_reg[0][2]/D
  Path Group:             **default**
  Path Type:              Max at Slow Process Corner
  Requirement:            5.333ns  (MaxDelay Path 5.333ns)
  Data Path Delay:        0.463ns  (logic 0.114ns (24.622%)  route 0.349ns (75.378%))
  Logic Levels:           0  
  Output Delay:           0.000ns
  Timing Exception:       MaxDelay Path 5.333ns -datapath_only

    Location             Delay type                Incr(ns)  Path(ns)    Netlist Resource(s)
  -------------------------------------------------------------------    -------------------
    SLICE_X24Y214                                     0.000     0.000 r  kv260_rm04_dynamic8_i/axi_perf_mon_0/inst/GEN_Advanced_Mode.adavnced_mode_inst/GEN_SLOT1.mon_fifo_ext_event1_inst/USE_MON_FIFO.async_fifo_inst/XPM_ASYNC.inst/gnuram_async_fifo.xpm_fifo_base_inst/gen_cdc_pntr.rd_pntr_cdc_dc_inst/src_gray_ff_reg[2]/C
    SLICE_X24Y214        FDRE (Prop_HFF2_SLICEM_C_Q)
                                                      0.114     0.114 r  kv260_rm04_dynamic8_i/axi_perf_mon_0/inst/GEN_Advanced_Mode.adavnced_mode_inst/GEN_SLOT1.mon_fifo_ext_event1_inst/USE_MON_FIFO.async_fifo_inst/XPM_ASYNC.inst/gnuram_async_fifo.xpm_fifo_base_inst/gen_cdc_pntr.rd_pntr_cdc_dc_inst/src_gray_ff_reg[2]/Q
                         net (fo=1, routed)           0.349     0.463    kv260_rm04_dynamic8_i/axi_perf_mon_0/inst/GEN_Advanced_Mode.adavnced_mode_inst/GEN_SLOT1.mon_fifo_ext_event1_inst/USE_MON_FIFO.async_fifo_inst/XPM_ASYNC.inst/gnuram_async_fifo.xpm_fifo_base_inst/gen_cdc_pntr.rd_pntr_cdc_dc_inst/async_path[2]
    SLICE_X24Y210        FDRE                                         r  kv260_rm04_dynamic8_i/axi_perf_mon_0/inst/GEN_Advanced_Mode.adavnced_mode_inst/GEN_SLOT1.mon_fifo_ext_event1_inst/USE_MON_FIFO.async_fifo_inst/XPM_ASYNC.inst/gnuram_async_fifo.xpm_fifo_base_inst/gen_cdc_pntr.rd_pntr_cdc_dc_inst/dest_graysync_ff_reg[0][2]/D
  -------------------------------------------------------------------    -------------------

                         max delay                    5.333     5.333    
    SLICE_X24Y210        FDRE                         0.000     5.333    kv260_rm04_dynamic8_i/axi_perf_mon_0/inst/GEN_Advanced_Mode.adavnced_mode_inst/GEN_SLOT1.mon_fifo_ext_event1_inst/USE_MON_FIFO.async_fifo_inst/XPM_ASYNC.inst/gnuram_async_fifo.xpm_fifo_base_inst/gen_cdc_pntr.rd_pntr_cdc_dc_inst/dest_graysync_ff_reg[0][2]
                         output delay                -0.000     5.333    
  -------------------------------------------------------------------
                         required time                          5.333    
                         arrival time                          -0.463    
  -------------------------------------------------------------------
                         slack                                  4.870    

Slack (MET) :             4.878ns  (required time - arrival time)
  Source:                 kv260_rm04_dynamic8_i/axi_perf_mon_0/inst/GEN_Advanced_Mode.adavnced_mode_inst/GEN_SLOT2.mon_fifo_ext_event2_inst/USE_MON_FIFO.async_fifo_inst/XPM_ASYNC.inst/gnuram_async_fifo.xpm_fifo_base_inst/gen_cdc_pntr.rd_pntr_cdc_dc_inst/src_gray_ff_reg[2]/C
                            (rising edge-triggered cell FDRE clocked by clk_pl_0  {rise@0.000ns fall@2.667ns period=5.333ns})
  Destination:            kv260_rm04_dynamic8_i/axi_perf_mon_0/inst/GEN_Advanced_Mode.adavnced_mode_inst/GEN_SLOT2.mon_fifo_ext_event2_inst/USE_MON_FIFO.async_fifo_inst/XPM_ASYNC.inst/gnuram_async_fifo.xpm_fifo_base_inst/gen_cdc_pntr.rd_pntr_cdc_dc_inst/dest_graysync_ff_reg[0][2]/D
  Path Group:             **default**
  Path Type:              Max at Slow Process Corner
  Requirement:            5.333ns  (MaxDelay Path 5.333ns)
  Data Path Delay:        0.455ns  (logic 0.114ns (25.055%)  route 0.341ns (74.945%))
  Logic Levels:           0  
  Output Delay:           0.000ns
  Timing Exception:       MaxDelay Path 5.333ns -datapath_only

    Location             Delay type                Incr(ns)  Path(ns)    Netlist Resource(s)
  -------------------------------------------------------------------    -------------------
    SLICE_X24Y188                                     0.000     0.000 r  kv260_rm04_dynamic8_i/axi_perf_mon_0/inst/GEN_Advanced_Mode.adavnced_mode_inst/GEN_SLOT2.mon_fifo_ext_event2_inst/USE_MON_FIFO.async_fifo_inst/XPM_ASYNC.inst/gnuram_async_fifo.xpm_fifo_base_inst/gen_cdc_pntr.rd_pntr_cdc_dc_inst/src_gray_ff_reg[2]/C
    SLICE_X24Y188        FDRE (Prop_CFF2_SLICEM_C_Q)
                                                      0.114     0.114 r  kv260_rm04_dynamic8_i/axi_perf_mon_0/inst/GEN_Advanced_Mode.adavnced_mode_inst/GEN_SLOT2.mon_fifo_ext_event2_inst/USE_MON_FIFO.async_fifo_inst/XPM_ASYNC.inst/gnuram_async_fifo.xpm_fifo_base_inst/gen_cdc_pntr.rd_pntr_cdc_dc_inst/src_gray_ff_reg[2]/Q
                         net (fo=1, routed)           0.341     0.455    kv260_rm04_dynamic8_i/axi_perf_mon_0/inst/GEN_Advanced_Mode.adavnced_mode_inst/GEN_SLOT2.mon_fifo_ext_event2_inst/USE_MON_FIFO.async_fifo_inst/XPM_ASYNC.inst/gnuram_async_fifo.xpm_fifo_base_inst/gen_cdc_pntr.rd_pntr_cdc_dc_inst/async_path[2]
    SLICE_X24Y188        FDRE                                         r  kv260_rm04_dynamic8_i/axi_perf_mon_0/inst/GEN_Advanced_Mode.adavnced_mode_inst/GEN_SLOT2.mon_fifo_ext_event2_inst/USE_MON_FIFO.async_fifo_inst/XPM_ASYNC.inst/gnuram_async_fifo.xpm_fifo_base_inst/gen_cdc_pntr.rd_pntr_cdc_dc_inst/dest_graysync_ff_reg[0][2]/D
  -------------------------------------------------------------------    -------------------

                         max delay                    5.333     5.333    
    SLICE_X24Y188        FDRE                         0.000     5.333    kv260_rm04_dynamic8_i/axi_perf_mon_0/inst/GEN_Advanced_Mode.adavnced_mode_inst/GEN_SLOT2.mon_fifo_ext_event2_inst/USE_MON_FIFO.async_fifo_inst/XPM_ASYNC.inst/gnuram_async_fifo.xpm_fifo_base_inst/gen_cdc_pntr.rd_pntr_cdc_dc_inst/dest_graysync_ff_reg[0][2]
                         output delay                -0.000     5.333    
  -------------------------------------------------------------------
                         required time                          5.333    
                         arrival time                          -0.455    
  -------------------------------------------------------------------
                         slack                                  4.878    

Slack (MET) :             4.881ns  (required time - arrival time)
  Source:                 kv260_rm04_dynamic8_i/axi_perf_mon_0/inst/GEN_Advanced_Mode.adavnced_mode_inst/GEN_SLOT2.mon_fifo_ext_event2_inst/USE_MON_FIFO.async_fifo_inst/XPM_ASYNC.inst/gnuram_async_fifo.xpm_fifo_base_inst/gen_cdc_pntr.rd_pntr_cdc_dc_inst/src_gray_ff_reg[4]/C
                            (rising edge-triggered cell FDRE clocked by clk_pl_0  {rise@0.000ns fall@2.667ns period=5.333ns})
  Destination:            kv260_rm04_dynamic8_i/axi_perf_mon_0/inst/GEN_Advanced_Mode.adavnced_mode_inst/GEN_SLOT2.mon_fifo_ext_event2_inst/USE_MON_FIFO.async_fifo_inst/XPM_ASYNC.inst/gnuram_async_fifo.xpm_fifo_base_inst/gen_cdc_pntr.rd_pntr_cdc_dc_inst/dest_graysync_ff_reg[0][4]/D
  Path Group:             **default**
  Path Type:              Max at Slow Process Corner
  Requirement:            5.333ns  (MaxDelay Path 5.333ns)
  Data Path Delay:        0.452ns  (logic 0.115ns (25.442%)  route 0.337ns (74.558%))
  Logic Levels:           0  
  Output Delay:           0.000ns
  Timing Exception:       MaxDelay Path 5.333ns -datapath_only

    Location             Delay type                Incr(ns)  Path(ns)    Netlist Resource(s)
  -------------------------------------------------------------------    -------------------
    SLICE_X24Y191                                     0.000     0.000 r  kv260_rm04_dynamic8_i/axi_perf_mon_0/inst/GEN_Advanced_Mode.adavnced_mode_inst/GEN_SLOT2.mon_fifo_ext_event2_inst/USE_MON_FIFO.async_fifo_inst/XPM_ASYNC.inst/gnuram_async_fifo.xpm_fifo_base_inst/gen_cdc_pntr.rd_pntr_cdc_dc_inst/src_gray_ff_reg[4]/C
    SLICE_X24Y191        FDRE (Prop_DFF2_SLICEM_C_Q)
                                                      0.115     0.115 r  kv260_rm04_dynamic8_i/axi_perf_mon_0/inst/GEN_Advanced_Mode.adavnced_mode_inst/GEN_SLOT2.mon_fifo_ext_event2_inst/USE_MON_FIFO.async_fifo_inst/XPM_ASYNC.inst/gnuram_async_fifo.xpm_fifo_base_inst/gen_cdc_pntr.rd_pntr_cdc_dc_inst/src_gray_ff_reg[4]/Q
                         net (fo=1, routed)           0.337     0.452    kv260_rm04_dynamic8_i/axi_perf_mon_0/inst/GEN_Advanced_Mode.adavnced_mode_inst/GEN_SLOT2.mon_fifo_ext_event2_inst/USE_MON_FIFO.async_fifo_inst/XPM_ASYNC.inst/gnuram_async_fifo.xpm_fifo_base_inst/gen_cdc_pntr.rd_pntr_cdc_dc_inst/async_path[4]
    SLICE_X26Y192        FDRE                                         r  kv260_rm04_dynamic8_i/axi_perf_mon_0/inst/GEN_Advanced_Mode.adavnced_mode_inst/GEN_SLOT2.mon_fifo_ext_event2_inst/USE_MON_FIFO.async_fifo_inst/XPM_ASYNC.inst/gnuram_async_fifo.xpm_fifo_base_inst/gen_cdc_pntr.rd_pntr_cdc_dc_inst/dest_graysync_ff_reg[0][4]/D
  -------------------------------------------------------------------    -------------------

                         max delay                    5.333     5.333    
    SLICE_X26Y192        FDRE                         0.000     5.333    kv260_rm04_dynamic8_i/axi_perf_mon_0/inst/GEN_Advanced_Mode.adavnced_mode_inst/GEN_SLOT2.mon_fifo_ext_event2_inst/USE_MON_FIFO.async_fifo_inst/XPM_ASYNC.inst/gnuram_async_fifo.xpm_fifo_base_inst/gen_cdc_pntr.rd_pntr_cdc_dc_inst/dest_graysync_ff_reg[0][4]
                         output delay                -0.000     5.333    
  -------------------------------------------------------------------
                         required time                          5.333    
                         arrival time                          -0.452    
  -------------------------------------------------------------------
                         slack                                  4.881    

Slack (MET) :             4.882ns  (required time - arrival time)
  Source:                 kv260_rm04_dynamic8_i/axi_perf_mon_0/inst/GEN_Advanced_Mode.adavnced_mode_inst/GEN_SLOT1.mon_fifo_ext_event1_inst/USE_MON_FIFO.async_fifo_inst/XPM_ASYNC.inst/gnuram_async_fifo.xpm_fifo_base_inst/gen_cdc_pntr.rd_pntr_cdc_inst/src_gray_ff_reg[1]/C
                            (rising edge-triggered cell FDRE clocked by clk_pl_0  {rise@0.000ns fall@2.667ns period=5.333ns})
  Destination:            kv260_rm04_dynamic8_i/axi_perf_mon_0/inst/GEN_Advanced_Mode.adavnced_mode_inst/GEN_SLOT1.mon_fifo_ext_event1_inst/USE_MON_FIFO.async_fifo_inst/XPM_ASYNC.inst/gnuram_async_fifo.xpm_fifo_base_inst/gen_cdc_pntr.rd_pntr_cdc_inst/dest_graysync_ff_reg[0][1]/D
  Path Group:             **default**
  Path Type:              Max at Slow Process Corner
  Requirement:            5.333ns  (MaxDelay Path 5.333ns)
  Data Path Delay:        0.451ns  (logic 0.114ns (25.277%)  route 0.337ns (74.723%))
  Logic Levels:           0  
  Output Delay:           0.000ns
  Timing Exception:       MaxDelay Path 5.333ns -datapath_only

    Location             Delay type                Incr(ns)  Path(ns)    Netlist Resource(s)
  -------------------------------------------------------------------    -------------------
    SLICE_X24Y215                                     0.000     0.000 r  kv260_rm04_dynamic8_i/axi_perf_mon_0/inst/GEN_Advanced_Mode.adavnced_mode_inst/GEN_SLOT1.mon_fifo_ext_event1_inst/USE_MON_FIFO.async_fifo_inst/XPM_ASYNC.inst/gnuram_async_fifo.xpm_fifo_base_inst/gen_cdc_pntr.rd_pntr_cdc_inst/src_gray_ff_reg[1]/C
    SLICE_X24Y215        FDRE (Prop_HFF2_SLICEM_C_Q)
                                                      0.114     0.114 r  kv260_rm04_dynamic8_i/axi_perf_mon_0/inst/GEN_Advanced_Mode.adavnced_mode_inst/GEN_SLOT1.mon_fifo_ext_event1_inst/USE_MON_FIFO.async_fifo_inst/XPM_ASYNC.inst/gnuram_async_fifo.xpm_fifo_base_inst/gen_cdc_pntr.rd_pntr_cdc_inst/src_gray_ff_reg[1]/Q
                         net (fo=1, routed)           0.337     0.451    kv260_rm04_dynamic8_i/axi_perf_mon_0/inst/GEN_Advanced_Mode.adavnced_mode_inst/GEN_SLOT1.mon_fifo_ext_event1_inst/USE_MON_FIFO.async_fifo_inst/XPM_ASYNC.inst/gnuram_async_fifo.xpm_fifo_base_inst/gen_cdc_pntr.rd_pntr_cdc_inst/async_path[1]
    SLICE_X25Y215        FDRE                                         r  kv260_rm04_dynamic8_i/axi_perf_mon_0/inst/GEN_Advanced_Mode.adavnced_mode_inst/GEN_SLOT1.mon_fifo_ext_event1_inst/USE_MON_FIFO.async_fifo_inst/XPM_ASYNC.inst/gnuram_async_fifo.xpm_fifo_base_inst/gen_cdc_pntr.rd_pntr_cdc_inst/dest_graysync_ff_reg[0][1]/D
  -------------------------------------------------------------------    -------------------

                         max delay                    5.333     5.333    
    SLICE_X25Y215        FDRE                         0.000     5.333    kv260_rm04_dynamic8_i/axi_perf_mon_0/inst/GEN_Advanced_Mode.adavnced_mode_inst/GEN_SLOT1.mon_fifo_ext_event1_inst/USE_MON_FIFO.async_fifo_inst/XPM_ASYNC.inst/gnuram_async_fifo.xpm_fifo_base_inst/gen_cdc_pntr.rd_pntr_cdc_inst/dest_graysync_ff_reg[0][1]
                         output delay                -0.000     5.333    
  -------------------------------------------------------------------
                         required time                          5.333    
                         arrival time                          -0.451    
  -------------------------------------------------------------------
                         slack                                  4.882    

Slack (MET) :             4.887ns  (required time - arrival time)
  Source:                 kv260_rm04_dynamic8_i/axi_perf_mon_0/inst/GEN_Advanced_Mode.adavnced_mode_inst/mon_fifo_ext_event0_inst/USE_MON_FIFO.async_fifo_inst/XPM_ASYNC.inst/gnuram_async_fifo.xpm_fifo_base_inst/gen_cdc_pntr.rd_pntr_cdc_inst/src_gray_ff_reg[1]/C
                            (rising edge-triggered cell FDRE clocked by clk_pl_0  {rise@0.000ns fall@2.667ns period=5.333ns})
  Destination:            kv260_rm04_dynamic8_i/axi_perf_mon_0/inst/GEN_Advanced_Mode.adavnced_mode_inst/mon_fifo_ext_event0_inst/USE_MON_FIFO.async_fifo_inst/XPM_ASYNC.inst/gnuram_async_fifo.xpm_fifo_base_inst/gen_cdc_pntr.rd_pntr_cdc_inst/dest_graysync_ff_reg[0][1]/D
  Path Group:             **default**
  Path Type:              Max at Slow Process Corner
  Requirement:            5.333ns  (MaxDelay Path 5.333ns)
  Data Path Delay:        0.446ns  (logic 0.115ns (25.785%)  route 0.331ns (74.215%))
  Logic Levels:           0  
  Output Delay:           0.000ns
  Timing Exception:       MaxDelay Path 5.333ns -datapath_only

    Location             Delay type                Incr(ns)  Path(ns)    Netlist Resource(s)
  -------------------------------------------------------------------    -------------------
    SLICE_X24Y204                                     0.000     0.000 r  kv260_rm04_dynamic8_i/axi_perf_mon_0/inst/GEN_Advanced_Mode.adavnced_mode_inst/mon_fifo_ext_event0_inst/USE_MON_FIFO.async_fifo_inst/XPM_ASYNC.inst/gnuram_async_fifo.xpm_fifo_base_inst/gen_cdc_pntr.rd_pntr_cdc_inst/src_gray_ff_reg[1]/C
    SLICE_X24Y204        FDRE (Prop_BFF2_SLICEM_C_Q)
                                                      0.115     0.115 r  kv260_rm04_dynamic8_i/axi_perf_mon_0/inst/GEN_Advanced_Mode.adavnced_mode_inst/mon_fifo_ext_event0_inst/USE_MON_FIFO.async_fifo_inst/XPM_ASYNC.inst/gnuram_async_fifo.xpm_fifo_base_inst/gen_cdc_pntr.rd_pntr_cdc_inst/src_gray_ff_reg[1]/Q
                         net (fo=1, routed)           0.331     0.446    kv260_rm04_dynamic8_i/axi_perf_mon_0/inst/GEN_Advanced_Mode.adavnced_mode_inst/mon_fifo_ext_event0_inst/USE_MON_FIFO.async_fifo_inst/XPM_ASYNC.inst/gnuram_async_fifo.xpm_fifo_base_inst/gen_cdc_pntr.rd_pntr_cdc_inst/async_path[1]
    SLICE_X23Y206        FDRE                                         r  kv260_rm04_dynamic8_i/axi_perf_mon_0/inst/GEN_Advanced_Mode.adavnced_mode_inst/mon_fifo_ext_event0_inst/USE_MON_FIFO.async_fifo_inst/XPM_ASYNC.inst/gnuram_async_fifo.xpm_fifo_base_inst/gen_cdc_pntr.rd_pntr_cdc_inst/dest_graysync_ff_reg[0][1]/D
  -------------------------------------------------------------------    -------------------

                         max delay                    5.333     5.333    
    SLICE_X23Y206        FDRE                         0.000     5.333    kv260_rm04_dynamic8_i/axi_perf_mon_0/inst/GEN_Advanced_Mode.adavnced_mode_inst/mon_fifo_ext_event0_inst/USE_MON_FIFO.async_fifo_inst/XPM_ASYNC.inst/gnuram_async_fifo.xpm_fifo_base_inst/gen_cdc_pntr.rd_pntr_cdc_inst/dest_graysync_ff_reg[0][1]
                         output delay                -0.000     5.333    
  -------------------------------------------------------------------
                         required time                          5.333    
                         arrival time                          -0.446    
  -------------------------------------------------------------------
                         slack                                  4.887    





--------------------------------------------------------------------------------------
Path Group:  (none)
From Clock:  
  To Clock:  clk_pl_0

Max Delay             2 Endpoints
Min Delay             2 Endpoints
--------------------------------------------------------------------------------------


Max Delay Paths
--------------------------------------------------------------------------------------
Slack:                    inf
  Source:                 kv260_rm04_dynamic8_i/zynq_ultra_ps_e_0/inst/PS8_i/EMIOGPIOO[95]
                            (internal pin)
  Destination:            kv260_rm04_dynamic8_i/axi_smc_data/inst/clk_map/psr_aclk/U0/EXT_LPF/ACTIVE_LOW_AUX.ACT_LO_AUX/GENERATE_LEVEL_P_S_CDC.SINGLE_BIT.CROSS_PLEVEL_IN2SCNDRY_IN_cdc_to/D
                            (rising edge-triggered cell FDRE clocked by clk_pl_0  {rise@0.000ns fall@2.667ns period=5.333ns})
  Path Group:             (none)
  Path Type:              Setup (Max at Slow Process Corner)
  Data Path Delay:        5.019ns  (logic 0.186ns (3.706%)  route 4.833ns (96.294%))
  Logic Levels:           1  (LUT1=1)
  Clock Uncertainty:      0.109ns  ((TSJ^2 + DJ^2)^1/2) / 2 + PE
    Total System Jitter     (TSJ):    0.050ns
    Discrete Jitter          (DJ):    0.213ns
    Phase Error              (PE):    0.000ns
  Clock Net Delay (Destination): 2.828ns (routing 1.450ns, distribution 1.378ns)
  Timing Exception:       False Path

    Location             Delay type                Incr(ns)  Path(ns)    Netlist Resource(s)
  -------------------------------------------------------------------    -------------------
    PS8_X0Y0             PS8                          0.000     0.000 f  kv260_rm04_dynamic8_i/zynq_ultra_ps_e_0/inst/PS8_i/EMIOGPIOO[95]
                         net (fo=4463, routed)        4.595     4.595    kv260_rm04_dynamic8_i/axi_smc_data/inst/clk_map/psr_aclk/U0/EXT_LPF/ACTIVE_LOW_AUX.ACT_LO_AUX/aresetn
    SLICE_X1Y114         LUT1 (Prop_F6LUT_SLICEM_I0_O)
                                                      0.186     4.781 r  kv260_rm04_dynamic8_i/axi_smc_data/inst/clk_map/psr_aclk/U0/EXT_LPF/ACTIVE_LOW_AUX.ACT_LO_AUX/GENERATE_LEVEL_P_S_CDC.SINGLE_BIT.CROSS_PLEVEL_IN2SCNDRY_IN_cdc_to_i_1/O
                         net (fo=1, routed)           0.238     5.019    kv260_rm04_dynamic8_i/axi_smc_data/inst/clk_map/psr_aclk/U0/EXT_LPF/ACTIVE_LOW_AUX.ACT_LO_AUX/asr_d1
    SLICE_X1Y114         FDRE                                         r  kv260_rm04_dynamic8_i/axi_smc_data/inst/clk_map/psr_aclk/U0/EXT_LPF/ACTIVE_LOW_AUX.ACT_LO_AUX/GENERATE_LEVEL_P_S_CDC.SINGLE_BIT.CROSS_PLEVEL_IN2SCNDRY_IN_cdc_to/D
  -------------------------------------------------------------------    -------------------

                         (clock clk_pl_0 rise edge)
                                                      0.000     0.000 r  
    PS8_X0Y0             PS8                          0.000     0.000 r  kv260_rm04_dynamic8_i/zynq_ultra_ps_e_0/inst/PS8_i/PLCLK[0]
                         net (fo=1, routed)           0.181     0.181    kv260_rm04_dynamic8_i/zynq_ultra_ps_e_0/inst/pl_clk_unbuffered[0]
    BUFG_PS_X0Y80        BUFG_PS (Prop_BUFG_PS_I_O)
                                                      0.035     0.216 r  kv260_rm04_dynamic8_i/zynq_ultra_ps_e_0/inst/buffer_pl_clk_0.PL_CLK_0_BUFG/O
    X1Y1 (CLOCK_ROOT)    net (fo=34566, routed)       2.828     3.044    kv260_rm04_dynamic8_i/axi_smc_data/inst/clk_map/psr_aclk/U0/EXT_LPF/ACTIVE_LOW_AUX.ACT_LO_AUX/aclk
    SLICE_X1Y114         FDRE                                         r  kv260_rm04_dynamic8_i/axi_smc_data/inst/clk_map/psr_aclk/U0/EXT_LPF/ACTIVE_LOW_AUX.ACT_LO_AUX/GENERATE_LEVEL_P_S_CDC.SINGLE_BIT.CROSS_PLEVEL_IN2SCNDRY_IN_cdc_to/C

Slack:                    inf
  Source:                 kv260_rm04_dynamic8_i/zynq_ultra_ps_e_0/inst/PS8_i/EMIOGPIOO[95]
                            (internal pin)
  Destination:            kv260_rm04_dynamic8_i/axi_smc_control/inst/clk_map/psr_aclk/U0/EXT_LPF/ACTIVE_LOW_AUX.ACT_LO_AUX/GENERATE_LEVEL_P_S_CDC.SINGLE_BIT.CROSS_PLEVEL_IN2SCNDRY_IN_cdc_to/D
                            (rising edge-triggered cell FDRE clocked by clk_pl_0  {rise@0.000ns fall@2.667ns period=5.333ns})
  Path Group:             (none)
  Path Type:              Setup (Max at Slow Process Corner)
  Data Path Delay:        4.508ns  (logic 0.149ns (3.305%)  route 4.359ns (96.695%))
  Logic Levels:           1  (LUT1=1)
  Clock Uncertainty:      0.109ns  ((TSJ^2 + DJ^2)^1/2) / 2 + PE
    Total System Jitter     (TSJ):    0.050ns
    Discrete Jitter          (DJ):    0.213ns
    Phase Error              (PE):    0.000ns
  Clock Net Delay (Destination): 2.882ns (routing 1.450ns, distribution 1.432ns)
  Timing Exception:       False Path

    Location             Delay type                Incr(ns)  Path(ns)    Netlist Resource(s)
  -------------------------------------------------------------------    -------------------
    PS8_X0Y0             PS8                          0.000     0.000 f  kv260_rm04_dynamic8_i/zynq_ultra_ps_e_0/inst/PS8_i/EMIOGPIOO[95]
                         net (fo=4463, routed)        4.114     4.114    kv260_rm04_dynamic8_i/axi_smc_control/inst/clk_map/psr_aclk/U0/EXT_LPF/ACTIVE_LOW_AUX.ACT_LO_AUX/aresetn
    SLICE_X1Y126         LUT1 (Prop_C6LUT_SLICEM_I0_O)
                                                      0.149     4.263 r  kv260_rm04_dynamic8_i/axi_smc_control/inst/clk_map/psr_aclk/U0/EXT_LPF/ACTIVE_LOW_AUX.ACT_LO_AUX/GENERATE_LEVEL_P_S_CDC.SINGLE_BIT.CROSS_PLEVEL_IN2SCNDRY_IN_cdc_to_i_1/O
                         net (fo=1, routed)           0.245     4.508    kv260_rm04_dynamic8_i/axi_smc_control/inst/clk_map/psr_aclk/U0/EXT_LPF/ACTIVE_LOW_AUX.ACT_LO_AUX/asr_d1
    SLICE_X1Y126         FDRE                                         r  kv260_rm04_dynamic8_i/axi_smc_control/inst/clk_map/psr_aclk/U0/EXT_LPF/ACTIVE_LOW_AUX.ACT_LO_AUX/GENERATE_LEVEL_P_S_CDC.SINGLE_BIT.CROSS_PLEVEL_IN2SCNDRY_IN_cdc_to/D
  -------------------------------------------------------------------    -------------------

                         (clock clk_pl_0 rise edge)
                                                      0.000     0.000 r  
    PS8_X0Y0             PS8                          0.000     0.000 r  kv260_rm04_dynamic8_i/zynq_ultra_ps_e_0/inst/PS8_i/PLCLK[0]
                         net (fo=1, routed)           0.181     0.181    kv260_rm04_dynamic8_i/zynq_ultra_ps_e_0/inst/pl_clk_unbuffered[0]
    BUFG_PS_X0Y80        BUFG_PS (Prop_BUFG_PS_I_O)
                                                      0.035     0.216 r  kv260_rm04_dynamic8_i/zynq_ultra_ps_e_0/inst/buffer_pl_clk_0.PL_CLK_0_BUFG/O
    X1Y1 (CLOCK_ROOT)    net (fo=34566, routed)       2.882     3.098    kv260_rm04_dynamic8_i/axi_smc_control/inst/clk_map/psr_aclk/U0/EXT_LPF/ACTIVE_LOW_AUX.ACT_LO_AUX/aclk
    SLICE_X1Y126         FDRE                                         r  kv260_rm04_dynamic8_i/axi_smc_control/inst/clk_map/psr_aclk/U0/EXT_LPF/ACTIVE_LOW_AUX.ACT_LO_AUX/GENERATE_LEVEL_P_S_CDC.SINGLE_BIT.CROSS_PLEVEL_IN2SCNDRY_IN_cdc_to/C





Min Delay Paths
--------------------------------------------------------------------------------------
Slack:                    inf
  Source:                 kv260_rm04_dynamic8_i/zynq_ultra_ps_e_0/inst/PS8_i/EMIOGPIOO[95]
                            (internal pin)
  Destination:            kv260_rm04_dynamic8_i/axi_smc_control/inst/clk_map/psr_aclk/U0/EXT_LPF/ACTIVE_LOW_AUX.ACT_LO_AUX/GENERATE_LEVEL_P_S_CDC.SINGLE_BIT.CROSS_PLEVEL_IN2SCNDRY_IN_cdc_to/D
                            (rising edge-triggered cell FDRE clocked by clk_pl_0  {rise@0.000ns fall@2.667ns period=5.333ns})
  Path Group:             (none)
  Path Type:              Hold (Min at Fast Process Corner)
  Data Path Delay:        2.020ns  (logic 0.076ns (3.763%)  route 1.944ns (96.237%))
  Logic Levels:           1  (LUT1=1)
  Clock Uncertainty:      0.109ns  ((TSJ^2 + DJ^2)^1/2) / 2 + PE
    Total System Jitter     (TSJ):    0.050ns
    Discrete Jitter          (DJ):    0.213ns
    Phase Error              (PE):    0.000ns
  Clock Net Delay (Destination): 1.922ns (routing 0.971ns, distribution 0.951ns)
  Timing Exception:       False Path

    Location             Delay type                Incr(ns)  Path(ns)    Netlist Resource(s)
  -------------------------------------------------------------------    -------------------
    PS8_X0Y0             PS8                          0.000     0.000 f  kv260_rm04_dynamic8_i/zynq_ultra_ps_e_0/inst/PS8_i/EMIOGPIOO[95]
                         net (fo=4463, routed)        1.877     1.877    kv260_rm04_dynamic8_i/axi_smc_control/inst/clk_map/psr_aclk/U0/EXT_LPF/ACTIVE_LOW_AUX.ACT_LO_AUX/aresetn
    SLICE_X1Y126         LUT1 (Prop_C6LUT_SLICEM_I0_O)
                                                      0.076     1.953 r  kv260_rm04_dynamic8_i/axi_smc_control/inst/clk_map/psr_aclk/U0/EXT_LPF/ACTIVE_LOW_AUX.ACT_LO_AUX/GENERATE_LEVEL_P_S_CDC.SINGLE_BIT.CROSS_PLEVEL_IN2SCNDRY_IN_cdc_to_i_1/O
                         net (fo=1, routed)           0.067     2.020    kv260_rm04_dynamic8_i/axi_smc_control/inst/clk_map/psr_aclk/U0/EXT_LPF/ACTIVE_LOW_AUX.ACT_LO_AUX/asr_d1
    SLICE_X1Y126         FDRE                                         r  kv260_rm04_dynamic8_i/axi_smc_control/inst/clk_map/psr_aclk/U0/EXT_LPF/ACTIVE_LOW_AUX.ACT_LO_AUX/GENERATE_LEVEL_P_S_CDC.SINGLE_BIT.CROSS_PLEVEL_IN2SCNDRY_IN_cdc_to/D
  -------------------------------------------------------------------    -------------------

                         (clock clk_pl_0 rise edge)
                                                      0.000     0.000 r  
    PS8_X0Y0             PS8                          0.000     0.000 r  kv260_rm04_dynamic8_i/zynq_ultra_ps_e_0/inst/PS8_i/PLCLK[0]
                         net (fo=1, routed)           0.164     0.164    kv260_rm04_dynamic8_i/zynq_ultra_ps_e_0/inst/pl_clk_unbuffered[0]
    BUFG_PS_X0Y80        BUFG_PS (Prop_BUFG_PS_I_O)
                                                      0.023     0.187 r  kv260_rm04_dynamic8_i/zynq_ultra_ps_e_0/inst/buffer_pl_clk_0.PL_CLK_0_BUFG/O
    X1Y1 (CLOCK_ROOT)    net (fo=34566, routed)       1.922     2.109    kv260_rm04_dynamic8_i/axi_smc_control/inst/clk_map/psr_aclk/U0/EXT_LPF/ACTIVE_LOW_AUX.ACT_LO_AUX/aclk
    SLICE_X1Y126         FDRE                                         r  kv260_rm04_dynamic8_i/axi_smc_control/inst/clk_map/psr_aclk/U0/EXT_LPF/ACTIVE_LOW_AUX.ACT_LO_AUX/GENERATE_LEVEL_P_S_CDC.SINGLE_BIT.CROSS_PLEVEL_IN2SCNDRY_IN_cdc_to/C

Slack:                    inf
  Source:                 kv260_rm04_dynamic8_i/zynq_ultra_ps_e_0/inst/PS8_i/EMIOGPIOO[95]
                            (internal pin)
  Destination:            kv260_rm04_dynamic8_i/axi_smc_data/inst/clk_map/psr_aclk/U0/EXT_LPF/ACTIVE_LOW_AUX.ACT_LO_AUX/GENERATE_LEVEL_P_S_CDC.SINGLE_BIT.CROSS_PLEVEL_IN2SCNDRY_IN_cdc_to/D
                            (rising edge-triggered cell FDRE clocked by clk_pl_0  {rise@0.000ns fall@2.667ns period=5.333ns})
  Path Group:             (none)
  Path Type:              Hold (Min at Fast Process Corner)
  Data Path Delay:        2.116ns  (logic 0.090ns (4.253%)  route 2.026ns (95.747%))
  Logic Levels:           1  (LUT1=1)
  Clock Uncertainty:      0.109ns  ((TSJ^2 + DJ^2)^1/2) / 2 + PE
    Total System Jitter     (TSJ):    0.050ns
    Discrete Jitter          (DJ):    0.213ns
    Phase Error              (PE):    0.000ns
  Clock Net Delay (Destination): 1.882ns (routing 0.971ns, distribution 0.911ns)
  Timing Exception:       False Path

    Location             Delay type                Incr(ns)  Path(ns)    Netlist Resource(s)
  -------------------------------------------------------------------    -------------------
    PS8_X0Y0             PS8                          0.000     0.000 f  kv260_rm04_dynamic8_i/zynq_ultra_ps_e_0/inst/PS8_i/EMIOGPIOO[95]
                         net (fo=4463, routed)        1.962     1.962    kv260_rm04_dynamic8_i/axi_smc_data/inst/clk_map/psr_aclk/U0/EXT_LPF/ACTIVE_LOW_AUX.ACT_LO_AUX/aresetn
    SLICE_X1Y114         LUT1 (Prop_F6LUT_SLICEM_I0_O)
                                                      0.090     2.052 r  kv260_rm04_dynamic8_i/axi_smc_data/inst/clk_map/psr_aclk/U0/EXT_LPF/ACTIVE_LOW_AUX.ACT_LO_AUX/GENERATE_LEVEL_P_S_CDC.SINGLE_BIT.CROSS_PLEVEL_IN2SCNDRY_IN_cdc_to_i_1/O
                         net (fo=1, routed)           0.064     2.116    kv260_rm04_dynamic8_i/axi_smc_data/inst/clk_map/psr_aclk/U0/EXT_LPF/ACTIVE_LOW_AUX.ACT_LO_AUX/asr_d1
    SLICE_X1Y114         FDRE                                         r  kv260_rm04_dynamic8_i/axi_smc_data/inst/clk_map/psr_aclk/U0/EXT_LPF/ACTIVE_LOW_AUX.ACT_LO_AUX/GENERATE_LEVEL_P_S_CDC.SINGLE_BIT.CROSS_PLEVEL_IN2SCNDRY_IN_cdc_to/D
  -------------------------------------------------------------------    -------------------

                         (clock clk_pl_0 rise edge)
                                                      0.000     0.000 r  
    PS8_X0Y0             PS8                          0.000     0.000 r  kv260_rm04_dynamic8_i/zynq_ultra_ps_e_0/inst/PS8_i/PLCLK[0]
                         net (fo=1, routed)           0.164     0.164    kv260_rm04_dynamic8_i/zynq_ultra_ps_e_0/inst/pl_clk_unbuffered[0]
    BUFG_PS_X0Y80        BUFG_PS (Prop_BUFG_PS_I_O)
                                                      0.023     0.187 r  kv260_rm04_dynamic8_i/zynq_ultra_ps_e_0/inst/buffer_pl_clk_0.PL_CLK_0_BUFG/O
    X1Y1 (CLOCK_ROOT)    net (fo=34566, routed)       1.882     2.069    kv260_rm04_dynamic8_i/axi_smc_data/inst/clk_map/psr_aclk/U0/EXT_LPF/ACTIVE_LOW_AUX.ACT_LO_AUX/aclk
    SLICE_X1Y114         FDRE                                         r  kv260_rm04_dynamic8_i/axi_smc_data/inst/clk_map/psr_aclk/U0/EXT_LPF/ACTIVE_LOW_AUX.ACT_LO_AUX/GENERATE_LEVEL_P_S_CDC.SINGLE_BIT.CROSS_PLEVEL_IN2SCNDRY_IN_cdc_to/C





--------------------------------------------------------------------------------------
Path Group:  (none)
From Clock:  clk_pl_0
  To Clock:  clk_pl_0

Max Delay           145 Endpoints
Min Delay           145 Endpoints
--------------------------------------------------------------------------------------


Max Delay Paths
--------------------------------------------------------------------------------------
Slack:                    inf
  Source:                 kv260_rm04_dynamic8_i/axi_smc_data/inst/clk_map/psr_aclk/U0/ACTIVE_LOW_BSR_OUT_DFF[0].FDRE_BSR_N/C
                            (rising edge-triggered cell FDRE clocked by clk_pl_0  {rise@0.000ns fall@2.667ns period=5.333ns})
  Destination:            <hidden>
                            (recovery check against rising-edge clock clk_pl_0  {rise@0.000ns fall@2.667ns period=5.333ns})
  Path Group:             (none)
  Path Type:              Recovery (Max at Slow Process Corner)
  Data Path Delay:        2.863ns  (logic 0.116ns (4.051%)  route 2.747ns (95.949%))
  Logic Levels:           0  
  Clock Path Skew:        -0.380ns (DCD - SCD + CPR)
    Destination Clock Delay (DCD):    3.036ns
    Source Clock Delay      (SCD):    3.417ns
    Clock Pessimism Removal (CPR):    0.000ns
  Clock Uncertainty:      0.112ns  ((TSJ^2 + DJ^2)^1/2) / 2 + PE
    Total System Jitter     (TSJ):    0.071ns
    Discrete Jitter          (DJ):    0.213ns
    Phase Error              (PE):    0.000ns
  Clock Net Delay (Source):      3.150ns (routing 1.584ns, distribution 1.566ns)
  Clock Net Delay (Destination): 2.820ns (routing 1.450ns, distribution 1.370ns)
  Timing Exception:       False Path

    Location             Delay type                Incr(ns)  Path(ns)    Netlist Resource(s)
  -------------------------------------------------------------------    -------------------
                         (clock clk_pl_0 rise edge)
                                                      0.000     0.000 r  
    PS8_X0Y0             PS8                          0.000     0.000 r  kv260_rm04_dynamic8_i/zynq_ultra_ps_e_0/inst/PS8_i/PLCLK[0]
                         net (fo=1, routed)           0.229     0.229    kv260_rm04_dynamic8_i/zynq_ultra_ps_e_0/inst/pl_clk_unbuffered[0]
    BUFG_PS_X0Y80        BUFG_PS (Prop_BUFG_PS_I_O)
                                                      0.038     0.267 r  kv260_rm04_dynamic8_i/zynq_ultra_ps_e_0/inst/buffer_pl_clk_0.PL_CLK_0_BUFG/O
    X1Y1 (CLOCK_ROOT)    net (fo=34566, routed)       3.150     3.417    kv260_rm04_dynamic8_i/axi_smc_data/inst/clk_map/psr_aclk/U0/aclk
    SLICE_X5Y114         FDRE                                         r  kv260_rm04_dynamic8_i/axi_smc_data/inst/clk_map/psr_aclk/U0/ACTIVE_LOW_BSR_OUT_DFF[0].FDRE_BSR_N/C
  -------------------------------------------------------------------    -------------------
    SLICE_X5Y114         FDRE (Prop_DFF_SLICEM_C_Q)
                                                      0.116     3.533 r  kv260_rm04_dynamic8_i/axi_smc_data/inst/clk_map/psr_aclk/U0/ACTIVE_LOW_BSR_OUT_DFF[0].FDRE_BSR_N/Q
                         net (fo=66, routed)          2.747     6.280    <hidden>
    SLICE_X8Y94          FDCE                                         f  <hidden>  (IS_INVERTED)
  -------------------------------------------------------------------    -------------------

                         (clock clk_pl_0 rise edge)
                                                      0.000     0.000 r  
    PS8_X0Y0             PS8                          0.000     0.000 r  kv260_rm04_dynamic8_i/zynq_ultra_ps_e_0/inst/PS8_i/PLCLK[0]
                         net (fo=1, routed)           0.181     0.181    kv260_rm04_dynamic8_i/zynq_ultra_ps_e_0/inst/pl_clk_unbuffered[0]
    BUFG_PS_X0Y80        BUFG_PS (Prop_BUFG_PS_I_O)
                                                      0.035     0.216 r  kv260_rm04_dynamic8_i/zynq_ultra_ps_e_0/inst/buffer_pl_clk_0.PL_CLK_0_BUFG/O
    X1Y1 (CLOCK_ROOT)    net (fo=34566, routed)       2.820     3.036    <hidden>
    SLICE_X8Y94          FDCE                                         r  <hidden>

Slack:                    inf
  Source:                 kv260_rm04_dynamic8_i/axi_smc_data/inst/clk_map/psr_aclk/U0/ACTIVE_LOW_BSR_OUT_DFF[0].FDRE_BSR_N/C
                            (rising edge-triggered cell FDRE clocked by clk_pl_0  {rise@0.000ns fall@2.667ns period=5.333ns})
  Destination:            <hidden>
                            (recovery check against rising-edge clock clk_pl_0  {rise@0.000ns fall@2.667ns period=5.333ns})
  Path Group:             (none)
  Path Type:              Recovery (Max at Slow Process Corner)
  Data Path Delay:        2.863ns  (logic 0.116ns (4.051%)  route 2.747ns (95.949%))
  Logic Levels:           0  
  Clock Path Skew:        -0.380ns (DCD - SCD + CPR)
    Destination Clock Delay (DCD):    3.036ns
    Source Clock Delay      (SCD):    3.417ns
    Clock Pessimism Removal (CPR):    0.000ns
  Clock Uncertainty:      0.112ns  ((TSJ^2 + DJ^2)^1/2) / 2 + PE
    Total System Jitter     (TSJ):    0.071ns
    Discrete Jitter          (DJ):    0.213ns
    Phase Error              (PE):    0.000ns
  Clock Net Delay (Source):      3.150ns (routing 1.584ns, distribution 1.566ns)
  Clock Net Delay (Destination): 2.820ns (routing 1.450ns, distribution 1.370ns)
  Timing Exception:       False Path

    Location             Delay type                Incr(ns)  Path(ns)    Netlist Resource(s)
  -------------------------------------------------------------------    -------------------
                         (clock clk_pl_0 rise edge)
                                                      0.000     0.000 r  
    PS8_X0Y0             PS8                          0.000     0.000 r  kv260_rm04_dynamic8_i/zynq_ultra_ps_e_0/inst/PS8_i/PLCLK[0]
                         net (fo=1, routed)           0.229     0.229    kv260_rm04_dynamic8_i/zynq_ultra_ps_e_0/inst/pl_clk_unbuffered[0]
    BUFG_PS_X0Y80        BUFG_PS (Prop_BUFG_PS_I_O)
                                                      0.038     0.267 r  kv260_rm04_dynamic8_i/zynq_ultra_ps_e_0/inst/buffer_pl_clk_0.PL_CLK_0_BUFG/O
    X1Y1 (CLOCK_ROOT)    net (fo=34566, routed)       3.150     3.417    kv260_rm04_dynamic8_i/axi_smc_data/inst/clk_map/psr_aclk/U0/aclk
    SLICE_X5Y114         FDRE                                         r  kv260_rm04_dynamic8_i/axi_smc_data/inst/clk_map/psr_aclk/U0/ACTIVE_LOW_BSR_OUT_DFF[0].FDRE_BSR_N/C
  -------------------------------------------------------------------    -------------------
    SLICE_X5Y114         FDRE (Prop_DFF_SLICEM_C_Q)
                                                      0.116     3.533 r  kv260_rm04_dynamic8_i/axi_smc_data/inst/clk_map/psr_aclk/U0/ACTIVE_LOW_BSR_OUT_DFF[0].FDRE_BSR_N/Q
                         net (fo=66, routed)          2.747     6.280    <hidden>
    SLICE_X8Y94          FDCE                                         f  <hidden>  (IS_INVERTED)
  -------------------------------------------------------------------    -------------------

                         (clock clk_pl_0 rise edge)
                                                      0.000     0.000 r  
    PS8_X0Y0             PS8                          0.000     0.000 r  kv260_rm04_dynamic8_i/zynq_ultra_ps_e_0/inst/PS8_i/PLCLK[0]
                         net (fo=1, routed)           0.181     0.181    kv260_rm04_dynamic8_i/zynq_ultra_ps_e_0/inst/pl_clk_unbuffered[0]
    BUFG_PS_X0Y80        BUFG_PS (Prop_BUFG_PS_I_O)
                                                      0.035     0.216 r  kv260_rm04_dynamic8_i/zynq_ultra_ps_e_0/inst/buffer_pl_clk_0.PL_CLK_0_BUFG/O
    X1Y1 (CLOCK_ROOT)    net (fo=34566, routed)       2.820     3.036    <hidden>
    SLICE_X8Y94          FDCE                                         r  <hidden>

Slack:                    inf
  Source:                 kv260_rm04_dynamic8_i/axi_smc_data/inst/clk_map/psr_aclk/U0/ACTIVE_LOW_BSR_OUT_DFF[0].FDRE_BSR_N/C
                            (rising edge-triggered cell FDRE clocked by clk_pl_0  {rise@0.000ns fall@2.667ns period=5.333ns})
  Destination:            <hidden>
                            (recovery check against rising-edge clock clk_pl_0  {rise@0.000ns fall@2.667ns period=5.333ns})
  Path Group:             (none)
  Path Type:              Recovery (Max at Slow Process Corner)
  Data Path Delay:        2.863ns  (logic 0.116ns (4.051%)  route 2.747ns (95.949%))
  Logic Levels:           0  
  Clock Path Skew:        -0.380ns (DCD - SCD + CPR)
    Destination Clock Delay (DCD):    3.036ns
    Source Clock Delay      (SCD):    3.417ns
    Clock Pessimism Removal (CPR):    0.000ns
  Clock Uncertainty:      0.112ns  ((TSJ^2 + DJ^2)^1/2) / 2 + PE
    Total System Jitter     (TSJ):    0.071ns
    Discrete Jitter          (DJ):    0.213ns
    Phase Error              (PE):    0.000ns
  Clock Net Delay (Source):      3.150ns (routing 1.584ns, distribution 1.566ns)
  Clock Net Delay (Destination): 2.820ns (routing 1.450ns, distribution 1.370ns)
  Timing Exception:       False Path

    Location             Delay type                Incr(ns)  Path(ns)    Netlist Resource(s)
  -------------------------------------------------------------------    -------------------
                         (clock clk_pl_0 rise edge)
                                                      0.000     0.000 r  
    PS8_X0Y0             PS8                          0.000     0.000 r  kv260_rm04_dynamic8_i/zynq_ultra_ps_e_0/inst/PS8_i/PLCLK[0]
                         net (fo=1, routed)           0.229     0.229    kv260_rm04_dynamic8_i/zynq_ultra_ps_e_0/inst/pl_clk_unbuffered[0]
    BUFG_PS_X0Y80        BUFG_PS (Prop_BUFG_PS_I_O)
                                                      0.038     0.267 r  kv260_rm04_dynamic8_i/zynq_ultra_ps_e_0/inst/buffer_pl_clk_0.PL_CLK_0_BUFG/O
    X1Y1 (CLOCK_ROOT)    net (fo=34566, routed)       3.150     3.417    kv260_rm04_dynamic8_i/axi_smc_data/inst/clk_map/psr_aclk/U0/aclk
    SLICE_X5Y114         FDRE                                         r  kv260_rm04_dynamic8_i/axi_smc_data/inst/clk_map/psr_aclk/U0/ACTIVE_LOW_BSR_OUT_DFF[0].FDRE_BSR_N/C
  -------------------------------------------------------------------    -------------------
    SLICE_X5Y114         FDRE (Prop_DFF_SLICEM_C_Q)
                                                      0.116     3.533 r  kv260_rm04_dynamic8_i/axi_smc_data/inst/clk_map/psr_aclk/U0/ACTIVE_LOW_BSR_OUT_DFF[0].FDRE_BSR_N/Q
                         net (fo=66, routed)          2.747     6.280    <hidden>
    SLICE_X8Y94          FDCE                                         f  <hidden>  (IS_INVERTED)
  -------------------------------------------------------------------    -------------------

                         (clock clk_pl_0 rise edge)
                                                      0.000     0.000 r  
    PS8_X0Y0             PS8                          0.000     0.000 r  kv260_rm04_dynamic8_i/zynq_ultra_ps_e_0/inst/PS8_i/PLCLK[0]
                         net (fo=1, routed)           0.181     0.181    kv260_rm04_dynamic8_i/zynq_ultra_ps_e_0/inst/pl_clk_unbuffered[0]
    BUFG_PS_X0Y80        BUFG_PS (Prop_BUFG_PS_I_O)
                                                      0.035     0.216 r  kv260_rm04_dynamic8_i/zynq_ultra_ps_e_0/inst/buffer_pl_clk_0.PL_CLK_0_BUFG/O
    X1Y1 (CLOCK_ROOT)    net (fo=34566, routed)       2.820     3.036    <hidden>
    SLICE_X8Y94          FDCE                                         r  <hidden>

Slack:                    inf
  Source:                 kv260_rm04_dynamic8_i/axi_smc_data/inst/clk_map/psr_aclk/U0/ACTIVE_LOW_BSR_OUT_DFF[0].FDRE_BSR_N/C
                            (rising edge-triggered cell FDRE clocked by clk_pl_0  {rise@0.000ns fall@2.667ns period=5.333ns})
  Destination:            <hidden>
                            (recovery check against rising-edge clock clk_pl_0  {rise@0.000ns fall@2.667ns period=5.333ns})
  Path Group:             (none)
  Path Type:              Recovery (Max at Slow Process Corner)
  Data Path Delay:        2.848ns  (logic 0.116ns (4.073%)  route 2.732ns (95.927%))
  Logic Levels:           0  
  Clock Path Skew:        -0.384ns (DCD - SCD + CPR)
    Destination Clock Delay (DCD):    3.032ns
    Source Clock Delay      (SCD):    3.417ns
    Clock Pessimism Removal (CPR):    0.000ns
  Clock Uncertainty:      0.112ns  ((TSJ^2 + DJ^2)^1/2) / 2 + PE
    Total System Jitter     (TSJ):    0.071ns
    Discrete Jitter          (DJ):    0.213ns
    Phase Error              (PE):    0.000ns
  Clock Net Delay (Source):      3.150ns (routing 1.584ns, distribution 1.566ns)
  Clock Net Delay (Destination): 2.816ns (routing 1.450ns, distribution 1.366ns)
  Timing Exception:       False Path

    Location             Delay type                Incr(ns)  Path(ns)    Netlist Resource(s)
  -------------------------------------------------------------------    -------------------
                         (clock clk_pl_0 rise edge)
                                                      0.000     0.000 r  
    PS8_X0Y0             PS8                          0.000     0.000 r  kv260_rm04_dynamic8_i/zynq_ultra_ps_e_0/inst/PS8_i/PLCLK[0]
                         net (fo=1, routed)           0.229     0.229    kv260_rm04_dynamic8_i/zynq_ultra_ps_e_0/inst/pl_clk_unbuffered[0]
    BUFG_PS_X0Y80        BUFG_PS (Prop_BUFG_PS_I_O)
                                                      0.038     0.267 r  kv260_rm04_dynamic8_i/zynq_ultra_ps_e_0/inst/buffer_pl_clk_0.PL_CLK_0_BUFG/O
    X1Y1 (CLOCK_ROOT)    net (fo=34566, routed)       3.150     3.417    kv260_rm04_dynamic8_i/axi_smc_data/inst/clk_map/psr_aclk/U0/aclk
    SLICE_X5Y114         FDRE                                         r  kv260_rm04_dynamic8_i/axi_smc_data/inst/clk_map/psr_aclk/U0/ACTIVE_LOW_BSR_OUT_DFF[0].FDRE_BSR_N/C
  -------------------------------------------------------------------    -------------------
    SLICE_X5Y114         FDRE (Prop_DFF_SLICEM_C_Q)
                                                      0.116     3.533 r  kv260_rm04_dynamic8_i/axi_smc_data/inst/clk_map/psr_aclk/U0/ACTIVE_LOW_BSR_OUT_DFF[0].FDRE_BSR_N/Q
                         net (fo=66, routed)          2.732     6.265    <hidden>
    SLICE_X9Y94          FDCE                                         f  <hidden>  (IS_INVERTED)
  -------------------------------------------------------------------    -------------------

                         (clock clk_pl_0 rise edge)
                                                      0.000     0.000 r  
    PS8_X0Y0             PS8                          0.000     0.000 r  kv260_rm04_dynamic8_i/zynq_ultra_ps_e_0/inst/PS8_i/PLCLK[0]
                         net (fo=1, routed)           0.181     0.181    kv260_rm04_dynamic8_i/zynq_ultra_ps_e_0/inst/pl_clk_unbuffered[0]
    BUFG_PS_X0Y80        BUFG_PS (Prop_BUFG_PS_I_O)
                                                      0.035     0.216 r  kv260_rm04_dynamic8_i/zynq_ultra_ps_e_0/inst/buffer_pl_clk_0.PL_CLK_0_BUFG/O
    X1Y1 (CLOCK_ROOT)    net (fo=34566, routed)       2.816     3.032    <hidden>
    SLICE_X9Y94          FDCE                                         r  <hidden>

Slack:                    inf
  Source:                 kv260_rm04_dynamic8_i/axi_smc_data/inst/clk_map/psr_aclk/U0/ACTIVE_LOW_BSR_OUT_DFF[0].FDRE_BSR_N/C
                            (rising edge-triggered cell FDRE clocked by clk_pl_0  {rise@0.000ns fall@2.667ns period=5.333ns})
  Destination:            <hidden>
                            (recovery check against rising-edge clock clk_pl_0  {rise@0.000ns fall@2.667ns period=5.333ns})
  Path Group:             (none)
  Path Type:              Recovery (Max at Slow Process Corner)
  Data Path Delay:        2.848ns  (logic 0.116ns (4.073%)  route 2.732ns (95.927%))
  Logic Levels:           0  
  Clock Path Skew:        -0.384ns (DCD - SCD + CPR)
    Destination Clock Delay (DCD):    3.032ns
    Source Clock Delay      (SCD):    3.417ns
    Clock Pessimism Removal (CPR):    0.000ns
  Clock Uncertainty:      0.112ns  ((TSJ^2 + DJ^2)^1/2) / 2 + PE
    Total System Jitter     (TSJ):    0.071ns
    Discrete Jitter          (DJ):    0.213ns
    Phase Error              (PE):    0.000ns
  Clock Net Delay (Source):      3.150ns (routing 1.584ns, distribution 1.566ns)
  Clock Net Delay (Destination): 2.816ns (routing 1.450ns, distribution 1.366ns)
  Timing Exception:       False Path

    Location             Delay type                Incr(ns)  Path(ns)    Netlist Resource(s)
  -------------------------------------------------------------------    -------------------
                         (clock clk_pl_0 rise edge)
                                                      0.000     0.000 r  
    PS8_X0Y0             PS8                          0.000     0.000 r  kv260_rm04_dynamic8_i/zynq_ultra_ps_e_0/inst/PS8_i/PLCLK[0]
                         net (fo=1, routed)           0.229     0.229    kv260_rm04_dynamic8_i/zynq_ultra_ps_e_0/inst/pl_clk_unbuffered[0]
    BUFG_PS_X0Y80        BUFG_PS (Prop_BUFG_PS_I_O)
                                                      0.038     0.267 r  kv260_rm04_dynamic8_i/zynq_ultra_ps_e_0/inst/buffer_pl_clk_0.PL_CLK_0_BUFG/O
    X1Y1 (CLOCK_ROOT)    net (fo=34566, routed)       3.150     3.417    kv260_rm04_dynamic8_i/axi_smc_data/inst/clk_map/psr_aclk/U0/aclk
    SLICE_X5Y114         FDRE                                         r  kv260_rm04_dynamic8_i/axi_smc_data/inst/clk_map/psr_aclk/U0/ACTIVE_LOW_BSR_OUT_DFF[0].FDRE_BSR_N/C
  -------------------------------------------------------------------    -------------------
    SLICE_X5Y114         FDRE (Prop_DFF_SLICEM_C_Q)
                                                      0.116     3.533 r  kv260_rm04_dynamic8_i/axi_smc_data/inst/clk_map/psr_aclk/U0/ACTIVE_LOW_BSR_OUT_DFF[0].FDRE_BSR_N/Q
                         net (fo=66, routed)          2.732     6.265    <hidden>
    SLICE_X9Y94          FDCE                                         f  <hidden>  (IS_INVERTED)
  -------------------------------------------------------------------    -------------------

                         (clock clk_pl_0 rise edge)
                                                      0.000     0.000 r  
    PS8_X0Y0             PS8                          0.000     0.000 r  kv260_rm04_dynamic8_i/zynq_ultra_ps_e_0/inst/PS8_i/PLCLK[0]
                         net (fo=1, routed)           0.181     0.181    kv260_rm04_dynamic8_i/zynq_ultra_ps_e_0/inst/pl_clk_unbuffered[0]
    BUFG_PS_X0Y80        BUFG_PS (Prop_BUFG_PS_I_O)
                                                      0.035     0.216 r  kv260_rm04_dynamic8_i/zynq_ultra_ps_e_0/inst/buffer_pl_clk_0.PL_CLK_0_BUFG/O
    X1Y1 (CLOCK_ROOT)    net (fo=34566, routed)       2.816     3.032    <hidden>
    SLICE_X9Y94          FDCE                                         r  <hidden>

Slack:                    inf
  Source:                 kv260_rm04_dynamic8_i/axi_smc_data/inst/clk_map/psr_aclk/U0/ACTIVE_LOW_BSR_OUT_DFF[0].FDRE_BSR_N/C
                            (rising edge-triggered cell FDRE clocked by clk_pl_0  {rise@0.000ns fall@2.667ns period=5.333ns})
  Destination:            <hidden>
                            (recovery check against rising-edge clock clk_pl_0  {rise@0.000ns fall@2.667ns period=5.333ns})
  Path Group:             (none)
  Path Type:              Recovery (Max at Slow Process Corner)
  Data Path Delay:        2.848ns  (logic 0.116ns (4.073%)  route 2.732ns (95.927%))
  Logic Levels:           0  
  Clock Path Skew:        -0.384ns (DCD - SCD + CPR)
    Destination Clock Delay (DCD):    3.032ns
    Source Clock Delay      (SCD):    3.417ns
    Clock Pessimism Removal (CPR):    0.000ns
  Clock Uncertainty:      0.112ns  ((TSJ^2 + DJ^2)^1/2) / 2 + PE
    Total System Jitter     (TSJ):    0.071ns
    Discrete Jitter          (DJ):    0.213ns
    Phase Error              (PE):    0.000ns
  Clock Net Delay (Source):      3.150ns (routing 1.584ns, distribution 1.566ns)
  Clock Net Delay (Destination): 2.816ns (routing 1.450ns, distribution 1.366ns)
  Timing Exception:       False Path

    Location             Delay type                Incr(ns)  Path(ns)    Netlist Resource(s)
  -------------------------------------------------------------------    -------------------
                         (clock clk_pl_0 rise edge)
                                                      0.000     0.000 r  
    PS8_X0Y0             PS8                          0.000     0.000 r  kv260_rm04_dynamic8_i/zynq_ultra_ps_e_0/inst/PS8_i/PLCLK[0]
                         net (fo=1, routed)           0.229     0.229    kv260_rm04_dynamic8_i/zynq_ultra_ps_e_0/inst/pl_clk_unbuffered[0]
    BUFG_PS_X0Y80        BUFG_PS (Prop_BUFG_PS_I_O)
                                                      0.038     0.267 r  kv260_rm04_dynamic8_i/zynq_ultra_ps_e_0/inst/buffer_pl_clk_0.PL_CLK_0_BUFG/O
    X1Y1 (CLOCK_ROOT)    net (fo=34566, routed)       3.150     3.417    kv260_rm04_dynamic8_i/axi_smc_data/inst/clk_map/psr_aclk/U0/aclk
    SLICE_X5Y114         FDRE                                         r  kv260_rm04_dynamic8_i/axi_smc_data/inst/clk_map/psr_aclk/U0/ACTIVE_LOW_BSR_OUT_DFF[0].FDRE_BSR_N/C
  -------------------------------------------------------------------    -------------------
    SLICE_X5Y114         FDRE (Prop_DFF_SLICEM_C_Q)
                                                      0.116     3.533 r  kv260_rm04_dynamic8_i/axi_smc_data/inst/clk_map/psr_aclk/U0/ACTIVE_LOW_BSR_OUT_DFF[0].FDRE_BSR_N/Q
                         net (fo=66, routed)          2.732     6.265    <hidden>
    SLICE_X9Y94          FDCE                                         f  <hidden>  (IS_INVERTED)
  -------------------------------------------------------------------    -------------------

                         (clock clk_pl_0 rise edge)
                                                      0.000     0.000 r  
    PS8_X0Y0             PS8                          0.000     0.000 r  kv260_rm04_dynamic8_i/zynq_ultra_ps_e_0/inst/PS8_i/PLCLK[0]
                         net (fo=1, routed)           0.181     0.181    kv260_rm04_dynamic8_i/zynq_ultra_ps_e_0/inst/pl_clk_unbuffered[0]
    BUFG_PS_X0Y80        BUFG_PS (Prop_BUFG_PS_I_O)
                                                      0.035     0.216 r  kv260_rm04_dynamic8_i/zynq_ultra_ps_e_0/inst/buffer_pl_clk_0.PL_CLK_0_BUFG/O
    X1Y1 (CLOCK_ROOT)    net (fo=34566, routed)       2.816     3.032    <hidden>
    SLICE_X9Y94          FDCE                                         r  <hidden>

Slack:                    inf
  Source:                 kv260_rm04_dynamic8_i/axi_smc_data/inst/clk_map/psr_aclk/U0/ACTIVE_LOW_BSR_OUT_DFF[0].FDRE_BSR_N/C
                            (rising edge-triggered cell FDRE clocked by clk_pl_0  {rise@0.000ns fall@2.667ns period=5.333ns})
  Destination:            <hidden>
                            (recovery check against rising-edge clock clk_pl_0  {rise@0.000ns fall@2.667ns period=5.333ns})
  Path Group:             (none)
  Path Type:              Recovery (Max at Slow Process Corner)
  Data Path Delay:        2.789ns  (logic 0.116ns (4.159%)  route 2.673ns (95.841%))
  Logic Levels:           0  
  Clock Path Skew:        -0.382ns (DCD - SCD + CPR)
    Destination Clock Delay (DCD):    3.034ns
    Source Clock Delay      (SCD):    3.417ns
    Clock Pessimism Removal (CPR):    0.000ns
  Clock Uncertainty:      0.112ns  ((TSJ^2 + DJ^2)^1/2) / 2 + PE
    Total System Jitter     (TSJ):    0.071ns
    Discrete Jitter          (DJ):    0.213ns
    Phase Error              (PE):    0.000ns
  Clock Net Delay (Source):      3.150ns (routing 1.584ns, distribution 1.566ns)
  Clock Net Delay (Destination): 2.818ns (routing 1.450ns, distribution 1.368ns)
  Timing Exception:       False Path

    Location             Delay type                Incr(ns)  Path(ns)    Netlist Resource(s)
  -------------------------------------------------------------------    -------------------
                         (clock clk_pl_0 rise edge)
                                                      0.000     0.000 r  
    PS8_X0Y0             PS8                          0.000     0.000 r  kv260_rm04_dynamic8_i/zynq_ultra_ps_e_0/inst/PS8_i/PLCLK[0]
                         net (fo=1, routed)           0.229     0.229    kv260_rm04_dynamic8_i/zynq_ultra_ps_e_0/inst/pl_clk_unbuffered[0]
    BUFG_PS_X0Y80        BUFG_PS (Prop_BUFG_PS_I_O)
                                                      0.038     0.267 r  kv260_rm04_dynamic8_i/zynq_ultra_ps_e_0/inst/buffer_pl_clk_0.PL_CLK_0_BUFG/O
    X1Y1 (CLOCK_ROOT)    net (fo=34566, routed)       3.150     3.417    kv260_rm04_dynamic8_i/axi_smc_data/inst/clk_map/psr_aclk/U0/aclk
    SLICE_X5Y114         FDRE                                         r  kv260_rm04_dynamic8_i/axi_smc_data/inst/clk_map/psr_aclk/U0/ACTIVE_LOW_BSR_OUT_DFF[0].FDRE_BSR_N/C
  -------------------------------------------------------------------    -------------------
    SLICE_X5Y114         FDRE (Prop_DFF_SLICEM_C_Q)
                                                      0.116     3.533 r  kv260_rm04_dynamic8_i/axi_smc_data/inst/clk_map/psr_aclk/U0/ACTIVE_LOW_BSR_OUT_DFF[0].FDRE_BSR_N/Q
                         net (fo=66, routed)          2.673     6.205    <hidden>
    SLICE_X7Y86          FDCE                                         f  <hidden>  (IS_INVERTED)
  -------------------------------------------------------------------    -------------------

                         (clock clk_pl_0 rise edge)
                                                      0.000     0.000 r  
    PS8_X0Y0             PS8                          0.000     0.000 r  kv260_rm04_dynamic8_i/zynq_ultra_ps_e_0/inst/PS8_i/PLCLK[0]
                         net (fo=1, routed)           0.181     0.181    kv260_rm04_dynamic8_i/zynq_ultra_ps_e_0/inst/pl_clk_unbuffered[0]
    BUFG_PS_X0Y80        BUFG_PS (Prop_BUFG_PS_I_O)
                                                      0.035     0.216 r  kv260_rm04_dynamic8_i/zynq_ultra_ps_e_0/inst/buffer_pl_clk_0.PL_CLK_0_BUFG/O
    X1Y1 (CLOCK_ROOT)    net (fo=34566, routed)       2.818     3.034    <hidden>
    SLICE_X7Y86          FDCE                                         r  <hidden>

Slack:                    inf
  Source:                 kv260_rm04_dynamic8_i/axi_smc_data/inst/clk_map/psr_aclk/U0/ACTIVE_LOW_BSR_OUT_DFF[0].FDRE_BSR_N/C
                            (rising edge-triggered cell FDRE clocked by clk_pl_0  {rise@0.000ns fall@2.667ns period=5.333ns})
  Destination:            <hidden>
                            (recovery check against rising-edge clock clk_pl_0  {rise@0.000ns fall@2.667ns period=5.333ns})
  Path Group:             (none)
  Path Type:              Recovery (Max at Slow Process Corner)
  Data Path Delay:        2.789ns  (logic 0.116ns (4.159%)  route 2.673ns (95.841%))
  Logic Levels:           0  
  Clock Path Skew:        -0.382ns (DCD - SCD + CPR)
    Destination Clock Delay (DCD):    3.034ns
    Source Clock Delay      (SCD):    3.417ns
    Clock Pessimism Removal (CPR):    0.000ns
  Clock Uncertainty:      0.112ns  ((TSJ^2 + DJ^2)^1/2) / 2 + PE
    Total System Jitter     (TSJ):    0.071ns
    Discrete Jitter          (DJ):    0.213ns
    Phase Error              (PE):    0.000ns
  Clock Net Delay (Source):      3.150ns (routing 1.584ns, distribution 1.566ns)
  Clock Net Delay (Destination): 2.818ns (routing 1.450ns, distribution 1.368ns)
  Timing Exception:       False Path

    Location             Delay type                Incr(ns)  Path(ns)    Netlist Resource(s)
  -------------------------------------------------------------------    -------------------
                         (clock clk_pl_0 rise edge)
                                                      0.000     0.000 r  
    PS8_X0Y0             PS8                          0.000     0.000 r  kv260_rm04_dynamic8_i/zynq_ultra_ps_e_0/inst/PS8_i/PLCLK[0]
                         net (fo=1, routed)           0.229     0.229    kv260_rm04_dynamic8_i/zynq_ultra_ps_e_0/inst/pl_clk_unbuffered[0]
    BUFG_PS_X0Y80        BUFG_PS (Prop_BUFG_PS_I_O)
                                                      0.038     0.267 r  kv260_rm04_dynamic8_i/zynq_ultra_ps_e_0/inst/buffer_pl_clk_0.PL_CLK_0_BUFG/O
    X1Y1 (CLOCK_ROOT)    net (fo=34566, routed)       3.150     3.417    kv260_rm04_dynamic8_i/axi_smc_data/inst/clk_map/psr_aclk/U0/aclk
    SLICE_X5Y114         FDRE                                         r  kv260_rm04_dynamic8_i/axi_smc_data/inst/clk_map/psr_aclk/U0/ACTIVE_LOW_BSR_OUT_DFF[0].FDRE_BSR_N/C
  -------------------------------------------------------------------    -------------------
    SLICE_X5Y114         FDRE (Prop_DFF_SLICEM_C_Q)
                                                      0.116     3.533 r  kv260_rm04_dynamic8_i/axi_smc_data/inst/clk_map/psr_aclk/U0/ACTIVE_LOW_BSR_OUT_DFF[0].FDRE_BSR_N/Q
                         net (fo=66, routed)          2.673     6.205    <hidden>
    SLICE_X7Y86          FDCE                                         f  <hidden>  (IS_INVERTED)
  -------------------------------------------------------------------    -------------------

                         (clock clk_pl_0 rise edge)
                                                      0.000     0.000 r  
    PS8_X0Y0             PS8                          0.000     0.000 r  kv260_rm04_dynamic8_i/zynq_ultra_ps_e_0/inst/PS8_i/PLCLK[0]
                         net (fo=1, routed)           0.181     0.181    kv260_rm04_dynamic8_i/zynq_ultra_ps_e_0/inst/pl_clk_unbuffered[0]
    BUFG_PS_X0Y80        BUFG_PS (Prop_BUFG_PS_I_O)
                                                      0.035     0.216 r  kv260_rm04_dynamic8_i/zynq_ultra_ps_e_0/inst/buffer_pl_clk_0.PL_CLK_0_BUFG/O
    X1Y1 (CLOCK_ROOT)    net (fo=34566, routed)       2.818     3.034    <hidden>
    SLICE_X7Y86          FDCE                                         r  <hidden>

Slack:                    inf
  Source:                 kv260_rm04_dynamic8_i/axi_smc_data/inst/clk_map/psr_aclk/U0/ACTIVE_LOW_BSR_OUT_DFF[0].FDRE_BSR_N/C
                            (rising edge-triggered cell FDRE clocked by clk_pl_0  {rise@0.000ns fall@2.667ns period=5.333ns})
  Destination:            <hidden>
                            (recovery check against rising-edge clock clk_pl_0  {rise@0.000ns fall@2.667ns period=5.333ns})
  Path Group:             (none)
  Path Type:              Recovery (Max at Slow Process Corner)
  Data Path Delay:        2.789ns  (logic 0.116ns (4.159%)  route 2.673ns (95.841%))
  Logic Levels:           0  
  Clock Path Skew:        -0.382ns (DCD - SCD + CPR)
    Destination Clock Delay (DCD):    3.034ns
    Source Clock Delay      (SCD):    3.417ns
    Clock Pessimism Removal (CPR):    0.000ns
  Clock Uncertainty:      0.112ns  ((TSJ^2 + DJ^2)^1/2) / 2 + PE
    Total System Jitter     (TSJ):    0.071ns
    Discrete Jitter          (DJ):    0.213ns
    Phase Error              (PE):    0.000ns
  Clock Net Delay (Source):      3.150ns (routing 1.584ns, distribution 1.566ns)
  Clock Net Delay (Destination): 2.818ns (routing 1.450ns, distribution 1.368ns)
  Timing Exception:       False Path

    Location             Delay type                Incr(ns)  Path(ns)    Netlist Resource(s)
  -------------------------------------------------------------------    -------------------
                         (clock clk_pl_0 rise edge)
                                                      0.000     0.000 r  
    PS8_X0Y0             PS8                          0.000     0.000 r  kv260_rm04_dynamic8_i/zynq_ultra_ps_e_0/inst/PS8_i/PLCLK[0]
                         net (fo=1, routed)           0.229     0.229    kv260_rm04_dynamic8_i/zynq_ultra_ps_e_0/inst/pl_clk_unbuffered[0]
    BUFG_PS_X0Y80        BUFG_PS (Prop_BUFG_PS_I_O)
                                                      0.038     0.267 r  kv260_rm04_dynamic8_i/zynq_ultra_ps_e_0/inst/buffer_pl_clk_0.PL_CLK_0_BUFG/O
    X1Y1 (CLOCK_ROOT)    net (fo=34566, routed)       3.150     3.417    kv260_rm04_dynamic8_i/axi_smc_data/inst/clk_map/psr_aclk/U0/aclk
    SLICE_X5Y114         FDRE                                         r  kv260_rm04_dynamic8_i/axi_smc_data/inst/clk_map/psr_aclk/U0/ACTIVE_LOW_BSR_OUT_DFF[0].FDRE_BSR_N/C
  -------------------------------------------------------------------    -------------------
    SLICE_X5Y114         FDRE (Prop_DFF_SLICEM_C_Q)
                                                      0.116     3.533 r  kv260_rm04_dynamic8_i/axi_smc_data/inst/clk_map/psr_aclk/U0/ACTIVE_LOW_BSR_OUT_DFF[0].FDRE_BSR_N/Q
                         net (fo=66, routed)          2.673     6.205    <hidden>
    SLICE_X7Y86          FDCE                                         f  <hidden>  (IS_INVERTED)
  -------------------------------------------------------------------    -------------------

                         (clock clk_pl_0 rise edge)
                                                      0.000     0.000 r  
    PS8_X0Y0             PS8                          0.000     0.000 r  kv260_rm04_dynamic8_i/zynq_ultra_ps_e_0/inst/PS8_i/PLCLK[0]
                         net (fo=1, routed)           0.181     0.181    kv260_rm04_dynamic8_i/zynq_ultra_ps_e_0/inst/pl_clk_unbuffered[0]
    BUFG_PS_X0Y80        BUFG_PS (Prop_BUFG_PS_I_O)
                                                      0.035     0.216 r  kv260_rm04_dynamic8_i/zynq_ultra_ps_e_0/inst/buffer_pl_clk_0.PL_CLK_0_BUFG/O
    X1Y1 (CLOCK_ROOT)    net (fo=34566, routed)       2.818     3.034    <hidden>
    SLICE_X7Y86          FDCE                                         r  <hidden>

Slack:                    inf
  Source:                 kv260_rm04_dynamic8_i/axi_smc_data/inst/clk_map/psr_aclk/U0/ACTIVE_LOW_BSR_OUT_DFF[0].FDRE_BSR_N/C
                            (rising edge-triggered cell FDRE clocked by clk_pl_0  {rise@0.000ns fall@2.667ns period=5.333ns})
  Destination:            <hidden>
                            (recovery check against rising-edge clock clk_pl_0  {rise@0.000ns fall@2.667ns period=5.333ns})
  Path Group:             (none)
  Path Type:              Recovery (Max at Slow Process Corner)
  Data Path Delay:        2.574ns  (logic 0.116ns (4.506%)  route 2.458ns (95.494%))
  Logic Levels:           0  
  Clock Path Skew:        -0.379ns (DCD - SCD + CPR)
    Destination Clock Delay (DCD):    3.038ns
    Source Clock Delay      (SCD):    3.417ns
    Clock Pessimism Removal (CPR):    0.000ns
  Clock Uncertainty:      0.112ns  ((TSJ^2 + DJ^2)^1/2) / 2 + PE
    Total System Jitter     (TSJ):    0.071ns
    Discrete Jitter          (DJ):    0.213ns
    Phase Error              (PE):    0.000ns
  Clock Net Delay (Source):      3.150ns (routing 1.584ns, distribution 1.566ns)
  Clock Net Delay (Destination): 2.822ns (routing 1.450ns, distribution 1.372ns)
  Timing Exception:       False Path

    Location             Delay type                Incr(ns)  Path(ns)    Netlist Resource(s)
  -------------------------------------------------------------------    -------------------
                         (clock clk_pl_0 rise edge)
                                                      0.000     0.000 r  
    PS8_X0Y0             PS8                          0.000     0.000 r  kv260_rm04_dynamic8_i/zynq_ultra_ps_e_0/inst/PS8_i/PLCLK[0]
                         net (fo=1, routed)           0.229     0.229    kv260_rm04_dynamic8_i/zynq_ultra_ps_e_0/inst/pl_clk_unbuffered[0]
    BUFG_PS_X0Y80        BUFG_PS (Prop_BUFG_PS_I_O)
                                                      0.038     0.267 r  kv260_rm04_dynamic8_i/zynq_ultra_ps_e_0/inst/buffer_pl_clk_0.PL_CLK_0_BUFG/O
    X1Y1 (CLOCK_ROOT)    net (fo=34566, routed)       3.150     3.417    kv260_rm04_dynamic8_i/axi_smc_data/inst/clk_map/psr_aclk/U0/aclk
    SLICE_X5Y114         FDRE                                         r  kv260_rm04_dynamic8_i/axi_smc_data/inst/clk_map/psr_aclk/U0/ACTIVE_LOW_BSR_OUT_DFF[0].FDRE_BSR_N/C
  -------------------------------------------------------------------    -------------------
    SLICE_X5Y114         FDRE (Prop_DFF_SLICEM_C_Q)
                                                      0.116     3.533 r  kv260_rm04_dynamic8_i/axi_smc_data/inst/clk_map/psr_aclk/U0/ACTIVE_LOW_BSR_OUT_DFF[0].FDRE_BSR_N/Q
                         net (fo=66, routed)          2.458     5.991    <hidden>
    SLICE_X7Y77          FDCE                                         f  <hidden>  (IS_INVERTED)
  -------------------------------------------------------------------    -------------------

                         (clock clk_pl_0 rise edge)
                                                      0.000     0.000 r  
    PS8_X0Y0             PS8                          0.000     0.000 r  kv260_rm04_dynamic8_i/zynq_ultra_ps_e_0/inst/PS8_i/PLCLK[0]
                         net (fo=1, routed)           0.181     0.181    kv260_rm04_dynamic8_i/zynq_ultra_ps_e_0/inst/pl_clk_unbuffered[0]
    BUFG_PS_X0Y80        BUFG_PS (Prop_BUFG_PS_I_O)
                                                      0.035     0.216 r  kv260_rm04_dynamic8_i/zynq_ultra_ps_e_0/inst/buffer_pl_clk_0.PL_CLK_0_BUFG/O
    X1Y1 (CLOCK_ROOT)    net (fo=34566, routed)       2.822     3.038    <hidden>
    SLICE_X7Y77          FDCE                                         r  <hidden>





Min Delay Paths
--------------------------------------------------------------------------------------
Slack:                    inf
  Source:                 kv260_rm04_dynamic8_i/axi_perf_mon_0/inst/ext_sync_flop_1/q_reg/C
                            (rising edge-triggered cell FDPE clocked by clk_pl_0  {rise@0.000ns fall@2.667ns period=5.333ns})
  Destination:            kv260_rm04_dynamic8_i/axi_perf_mon_0/inst/reset_event_cdc_sync/s_level_out_d1_cdc_to_reg/D
                            (rising edge-triggered cell FDRE clocked by clk_pl_0  {rise@0.000ns fall@2.667ns period=5.333ns})
  Path Group:             (none)
  Path Type:              Hold (Min at Fast Process Corner)
  Data Path Delay:        0.171ns  (logic 0.085ns (49.708%)  route 0.086ns (50.292%))
  Logic Levels:           0  
  Clock Path Skew:        0.190ns (DCD - SCD - CPR)
    Destination Clock Delay (DCD):    2.097ns
    Source Clock Delay      (SCD):    1.908ns
    Clock Pessimism Removal (CPR):    -0.000ns
  Clock Uncertainty:      0.112ns  ((TSJ^2 + DJ^2)^1/2) / 2 + PE
    Total System Jitter     (TSJ):    0.071ns
    Discrete Jitter          (DJ):    0.213ns
    Phase Error              (PE):    0.000ns
  Clock Net Delay (Source):      1.757ns (routing 0.886ns, distribution 0.871ns)
  Clock Net Delay (Destination): 1.910ns (routing 0.971ns, distribution 0.939ns)
  Timing Exception:       False Path

    Location             Delay type                Incr(ns)  Path(ns)    Netlist Resource(s)
  -------------------------------------------------------------------    -------------------
                         (clock clk_pl_0 rise edge)
                                                      0.000     0.000 r  
    PS8_X0Y0             PS8                          0.000     0.000 r  kv260_rm04_dynamic8_i/zynq_ultra_ps_e_0/inst/PS8_i/PLCLK[0]
                         net (fo=1, routed)           0.129     0.129    kv260_rm04_dynamic8_i/zynq_ultra_ps_e_0/inst/pl_clk_unbuffered[0]
    BUFG_PS_X0Y80        BUFG_PS (Prop_BUFG_PS_I_O)
                                                      0.022     0.151 r  kv260_rm04_dynamic8_i/zynq_ultra_ps_e_0/inst/buffer_pl_clk_0.PL_CLK_0_BUFG/O
    X1Y1 (CLOCK_ROOT)    net (fo=34566, routed)       1.757     1.908    kv260_rm04_dynamic8_i/axi_perf_mon_0/inst/ext_sync_flop_1/core_aclk
    SLICE_X6Y132         FDPE                                         r  kv260_rm04_dynamic8_i/axi_perf_mon_0/inst/ext_sync_flop_1/q_reg/C
  -------------------------------------------------------------------    -------------------
    SLICE_X6Y132         FDPE (Prop_BFF2_SLICEL_C_Q)
                                                      0.085     1.993 r  kv260_rm04_dynamic8_i/axi_perf_mon_0/inst/ext_sync_flop_1/q_reg/Q
                         net (fo=1, routed)           0.086     2.079    kv260_rm04_dynamic8_i/axi_perf_mon_0/inst/reset_event_cdc_sync/s_level_out_d1_cdc_to_reg_0
    SLICE_X6Y133         FDRE                                         r  kv260_rm04_dynamic8_i/axi_perf_mon_0/inst/reset_event_cdc_sync/s_level_out_d1_cdc_to_reg/D
  -------------------------------------------------------------------    -------------------

                         (clock clk_pl_0 rise edge)
                                                      0.000     0.000 r  
    PS8_X0Y0             PS8                          0.000     0.000 r  kv260_rm04_dynamic8_i/zynq_ultra_ps_e_0/inst/PS8_i/PLCLK[0]
                         net (fo=1, routed)           0.164     0.164    kv260_rm04_dynamic8_i/zynq_ultra_ps_e_0/inst/pl_clk_unbuffered[0]
    BUFG_PS_X0Y80        BUFG_PS (Prop_BUFG_PS_I_O)
                                                      0.023     0.187 r  kv260_rm04_dynamic8_i/zynq_ultra_ps_e_0/inst/buffer_pl_clk_0.PL_CLK_0_BUFG/O
    X1Y1 (CLOCK_ROOT)    net (fo=34566, routed)       1.910     2.097    kv260_rm04_dynamic8_i/axi_perf_mon_0/inst/reset_event_cdc_sync/core_aclk
    SLICE_X6Y133         FDRE                                         r  kv260_rm04_dynamic8_i/axi_perf_mon_0/inst/reset_event_cdc_sync/s_level_out_d1_cdc_to_reg/C

Slack:                    inf
  Source:                 kv260_rm04_dynamic8_i/axi_perf_mon_0/inst/GEN_Advanced_Mode.adavnced_mode_inst/register_module_inst/cdc_sync_inst2/p_in_d1_cdc_from_reg/C
                            (rising edge-triggered cell FDRE clocked by clk_pl_0  {rise@0.000ns fall@2.667ns period=5.333ns})
  Destination:            kv260_rm04_dynamic8_i/axi_perf_mon_0/inst/GEN_Advanced_Mode.adavnced_mode_inst/register_module_inst/cdc_sync_inst2/s_out_d1_cdc_to_reg/D
                            (rising edge-triggered cell FDRE clocked by clk_pl_0  {rise@0.000ns fall@2.667ns period=5.333ns})
  Path Group:             (none)
  Path Type:              Hold (Min at Fast Process Corner)
  Data Path Delay:        0.176ns  (logic 0.083ns (47.159%)  route 0.093ns (52.841%))
  Logic Levels:           0  
  Clock Path Skew:        0.205ns (DCD - SCD - CPR)
    Destination Clock Delay (DCD):    2.110ns
    Source Clock Delay      (SCD):    1.906ns
    Clock Pessimism Removal (CPR):    -0.000ns
  Clock Uncertainty:      0.112ns  ((TSJ^2 + DJ^2)^1/2) / 2 + PE
    Total System Jitter     (TSJ):    0.071ns
    Discrete Jitter          (DJ):    0.213ns
    Phase Error              (PE):    0.000ns
  Clock Net Delay (Source):      1.755ns (routing 0.886ns, distribution 0.869ns)
  Clock Net Delay (Destination): 1.923ns (routing 0.971ns, distribution 0.952ns)
  Timing Exception:       False Path

    Location             Delay type                Incr(ns)  Path(ns)    Netlist Resource(s)
  -------------------------------------------------------------------    -------------------
                         (clock clk_pl_0 rise edge)
                                                      0.000     0.000 r  
    PS8_X0Y0             PS8                          0.000     0.000 r  kv260_rm04_dynamic8_i/zynq_ultra_ps_e_0/inst/PS8_i/PLCLK[0]
                         net (fo=1, routed)           0.129     0.129    kv260_rm04_dynamic8_i/zynq_ultra_ps_e_0/inst/pl_clk_unbuffered[0]
    BUFG_PS_X0Y80        BUFG_PS (Prop_BUFG_PS_I_O)
                                                      0.022     0.151 r  kv260_rm04_dynamic8_i/zynq_ultra_ps_e_0/inst/buffer_pl_clk_0.PL_CLK_0_BUFG/O
    X1Y1 (CLOCK_ROOT)    net (fo=34566, routed)       1.755     1.906    kv260_rm04_dynamic8_i/axi_perf_mon_0/inst/GEN_Advanced_Mode.adavnced_mode_inst/register_module_inst/cdc_sync_inst2/core_aclk
    SLICE_X1Y124         FDRE                                         r  kv260_rm04_dynamic8_i/axi_perf_mon_0/inst/GEN_Advanced_Mode.adavnced_mode_inst/register_module_inst/cdc_sync_inst2/p_in_d1_cdc_from_reg/C
  -------------------------------------------------------------------    -------------------
    SLICE_X1Y124         FDRE (Prop_HFF2_SLICEM_C_Q)
                                                      0.083     1.989 r  kv260_rm04_dynamic8_i/axi_perf_mon_0/inst/GEN_Advanced_Mode.adavnced_mode_inst/register_module_inst/cdc_sync_inst2/p_in_d1_cdc_from_reg/Q
                         net (fo=2, routed)           0.093     2.082    kv260_rm04_dynamic8_i/axi_perf_mon_0/inst/GEN_Advanced_Mode.adavnced_mode_inst/register_module_inst/cdc_sync_inst2/p_in_d1_cdc_from
    SLICE_X1Y124         FDRE                                         r  kv260_rm04_dynamic8_i/axi_perf_mon_0/inst/GEN_Advanced_Mode.adavnced_mode_inst/register_module_inst/cdc_sync_inst2/s_out_d1_cdc_to_reg/D
  -------------------------------------------------------------------    -------------------

                         (clock clk_pl_0 rise edge)
                                                      0.000     0.000 r  
    PS8_X0Y0             PS8                          0.000     0.000 r  kv260_rm04_dynamic8_i/zynq_ultra_ps_e_0/inst/PS8_i/PLCLK[0]
                         net (fo=1, routed)           0.164     0.164    kv260_rm04_dynamic8_i/zynq_ultra_ps_e_0/inst/pl_clk_unbuffered[0]
    BUFG_PS_X0Y80        BUFG_PS (Prop_BUFG_PS_I_O)
                                                      0.023     0.187 r  kv260_rm04_dynamic8_i/zynq_ultra_ps_e_0/inst/buffer_pl_clk_0.PL_CLK_0_BUFG/O
    X1Y1 (CLOCK_ROOT)    net (fo=34566, routed)       1.923     2.110    kv260_rm04_dynamic8_i/axi_perf_mon_0/inst/GEN_Advanced_Mode.adavnced_mode_inst/register_module_inst/cdc_sync_inst2/s_axi_aclk
    SLICE_X1Y124         FDRE                                         r  kv260_rm04_dynamic8_i/axi_perf_mon_0/inst/GEN_Advanced_Mode.adavnced_mode_inst/register_module_inst/cdc_sync_inst2/s_out_d1_cdc_to_reg/C

Slack:                    inf
  Source:                 kv260_rm04_dynamic8_i/axi_perf_mon_0/inst/GEN_Advanced_Mode.adavnced_mode_inst/register_module_inst/cdc_sync_inst1/p_in_d1_cdc_from_reg/C
                            (rising edge-triggered cell FDRE clocked by clk_pl_0  {rise@0.000ns fall@2.667ns period=5.333ns})
  Destination:            kv260_rm04_dynamic8_i/axi_perf_mon_0/inst/GEN_Advanced_Mode.adavnced_mode_inst/register_module_inst/cdc_sync_inst1/s_out_d1_cdc_to_reg/D
                            (rising edge-triggered cell FDRE clocked by clk_pl_0  {rise@0.000ns fall@2.667ns period=5.333ns})
  Path Group:             (none)
  Path Type:              Hold (Min at Fast Process Corner)
  Data Path Delay:        0.181ns  (logic 0.083ns (45.885%)  route 0.098ns (54.115%))
  Logic Levels:           0  
  Clock Path Skew:        0.205ns (DCD - SCD - CPR)
    Destination Clock Delay (DCD):    2.110ns
    Source Clock Delay      (SCD):    1.906ns
    Clock Pessimism Removal (CPR):    -0.000ns
  Clock Uncertainty:      0.112ns  ((TSJ^2 + DJ^2)^1/2) / 2 + PE
    Total System Jitter     (TSJ):    0.071ns
    Discrete Jitter          (DJ):    0.213ns
    Phase Error              (PE):    0.000ns
  Clock Net Delay (Source):      1.755ns (routing 0.886ns, distribution 0.869ns)
  Clock Net Delay (Destination): 1.923ns (routing 0.971ns, distribution 0.952ns)
  Timing Exception:       False Path

    Location             Delay type                Incr(ns)  Path(ns)    Netlist Resource(s)
  -------------------------------------------------------------------    -------------------
                         (clock clk_pl_0 rise edge)
                                                      0.000     0.000 r  
    PS8_X0Y0             PS8                          0.000     0.000 r  kv260_rm04_dynamic8_i/zynq_ultra_ps_e_0/inst/PS8_i/PLCLK[0]
                         net (fo=1, routed)           0.129     0.129    kv260_rm04_dynamic8_i/zynq_ultra_ps_e_0/inst/pl_clk_unbuffered[0]
    BUFG_PS_X0Y80        BUFG_PS (Prop_BUFG_PS_I_O)
                                                      0.022     0.151 r  kv260_rm04_dynamic8_i/zynq_ultra_ps_e_0/inst/buffer_pl_clk_0.PL_CLK_0_BUFG/O
    X1Y1 (CLOCK_ROOT)    net (fo=34566, routed)       1.755     1.906    kv260_rm04_dynamic8_i/axi_perf_mon_0/inst/GEN_Advanced_Mode.adavnced_mode_inst/register_module_inst/cdc_sync_inst1/s_axi_aclk
    SLICE_X1Y120         FDRE                                         r  kv260_rm04_dynamic8_i/axi_perf_mon_0/inst/GEN_Advanced_Mode.adavnced_mode_inst/register_module_inst/cdc_sync_inst1/p_in_d1_cdc_from_reg/C
  -------------------------------------------------------------------    -------------------
    SLICE_X1Y120         FDRE (Prop_HFF2_SLICEM_C_Q)
                                                      0.083     1.989 r  kv260_rm04_dynamic8_i/axi_perf_mon_0/inst/GEN_Advanced_Mode.adavnced_mode_inst/register_module_inst/cdc_sync_inst1/p_in_d1_cdc_from_reg/Q
                         net (fo=2, routed)           0.098     2.086    kv260_rm04_dynamic8_i/axi_perf_mon_0/inst/GEN_Advanced_Mode.adavnced_mode_inst/register_module_inst/cdc_sync_inst1/p_in_d1_cdc_from
    SLICE_X1Y120         FDRE                                         r  kv260_rm04_dynamic8_i/axi_perf_mon_0/inst/GEN_Advanced_Mode.adavnced_mode_inst/register_module_inst/cdc_sync_inst1/s_out_d1_cdc_to_reg/D
  -------------------------------------------------------------------    -------------------

                         (clock clk_pl_0 rise edge)
                                                      0.000     0.000 r  
    PS8_X0Y0             PS8                          0.000     0.000 r  kv260_rm04_dynamic8_i/zynq_ultra_ps_e_0/inst/PS8_i/PLCLK[0]
                         net (fo=1, routed)           0.164     0.164    kv260_rm04_dynamic8_i/zynq_ultra_ps_e_0/inst/pl_clk_unbuffered[0]
    BUFG_PS_X0Y80        BUFG_PS (Prop_BUFG_PS_I_O)
                                                      0.023     0.187 r  kv260_rm04_dynamic8_i/zynq_ultra_ps_e_0/inst/buffer_pl_clk_0.PL_CLK_0_BUFG/O
    X1Y1 (CLOCK_ROOT)    net (fo=34566, routed)       1.923     2.110    kv260_rm04_dynamic8_i/axi_perf_mon_0/inst/GEN_Advanced_Mode.adavnced_mode_inst/register_module_inst/cdc_sync_inst1/core_aclk
    SLICE_X1Y120         FDRE                                         r  kv260_rm04_dynamic8_i/axi_perf_mon_0/inst/GEN_Advanced_Mode.adavnced_mode_inst/register_module_inst/cdc_sync_inst1/s_out_d1_cdc_to_reg/C

Slack:                    inf
  Source:                 kv260_rm04_dynamic8_i/axi_perf_mon_0/inst/ext_sync_flop_10/q_reg/C
                            (rising edge-triggered cell FDPE clocked by clk_pl_0  {rise@0.000ns fall@2.667ns period=5.333ns})
  Destination:            kv260_rm04_dynamic8_i/axi_perf_mon_0/inst/reset_event_cdc_sync1/s_level_out_d1_cdc_to_reg/D
                            (rising edge-triggered cell FDRE clocked by clk_pl_0  {rise@0.000ns fall@2.667ns period=5.333ns})
  Path Group:             (none)
  Path Type:              Hold (Min at Fast Process Corner)
  Data Path Delay:        0.175ns  (logic 0.085ns (48.571%)  route 0.090ns (51.429%))
  Logic Levels:           0  
  Clock Path Skew:        0.195ns (DCD - SCD - CPR)
    Destination Clock Delay (DCD):    2.111ns
    Source Clock Delay      (SCD):    1.916ns
    Clock Pessimism Removal (CPR):    -0.000ns
  Clock Uncertainty:      0.112ns  ((TSJ^2 + DJ^2)^1/2) / 2 + PE
    Total System Jitter     (TSJ):    0.071ns
    Discrete Jitter          (DJ):    0.213ns
    Phase Error              (PE):    0.000ns
  Clock Net Delay (Source):      1.765ns (routing 0.886ns, distribution 0.879ns)
  Clock Net Delay (Destination): 1.924ns (routing 0.971ns, distribution 0.953ns)
  Timing Exception:       False Path

    Location             Delay type                Incr(ns)  Path(ns)    Netlist Resource(s)
  -------------------------------------------------------------------    -------------------
                         (clock clk_pl_0 rise edge)
                                                      0.000     0.000 r  
    PS8_X0Y0             PS8                          0.000     0.000 r  kv260_rm04_dynamic8_i/zynq_ultra_ps_e_0/inst/PS8_i/PLCLK[0]
                         net (fo=1, routed)           0.129     0.129    kv260_rm04_dynamic8_i/zynq_ultra_ps_e_0/inst/pl_clk_unbuffered[0]
    BUFG_PS_X0Y80        BUFG_PS (Prop_BUFG_PS_I_O)
                                                      0.022     0.151 r  kv260_rm04_dynamic8_i/zynq_ultra_ps_e_0/inst/buffer_pl_clk_0.PL_CLK_0_BUFG/O
    X1Y1 (CLOCK_ROOT)    net (fo=34566, routed)       1.765     1.916    kv260_rm04_dynamic8_i/axi_perf_mon_0/inst/ext_sync_flop_10/core_aclk
    SLICE_X7Y187         FDPE                                         r  kv260_rm04_dynamic8_i/axi_perf_mon_0/inst/ext_sync_flop_10/q_reg/C
  -------------------------------------------------------------------    -------------------
    SLICE_X7Y187         FDPE (Prop_BFF2_SLICEM_C_Q)
                                                      0.085     2.001 r  kv260_rm04_dynamic8_i/axi_perf_mon_0/inst/ext_sync_flop_10/q_reg/Q
                         net (fo=1, routed)           0.090     2.091    kv260_rm04_dynamic8_i/axi_perf_mon_0/inst/reset_event_cdc_sync1/out
    SLICE_X7Y188         FDRE                                         r  kv260_rm04_dynamic8_i/axi_perf_mon_0/inst/reset_event_cdc_sync1/s_level_out_d1_cdc_to_reg/D
  -------------------------------------------------------------------    -------------------

                         (clock clk_pl_0 rise edge)
                                                      0.000     0.000 r  
    PS8_X0Y0             PS8                          0.000     0.000 r  kv260_rm04_dynamic8_i/zynq_ultra_ps_e_0/inst/PS8_i/PLCLK[0]
                         net (fo=1, routed)           0.164     0.164    kv260_rm04_dynamic8_i/zynq_ultra_ps_e_0/inst/pl_clk_unbuffered[0]
    BUFG_PS_X0Y80        BUFG_PS (Prop_BUFG_PS_I_O)
                                                      0.023     0.187 r  kv260_rm04_dynamic8_i/zynq_ultra_ps_e_0/inst/buffer_pl_clk_0.PL_CLK_0_BUFG/O
    X1Y1 (CLOCK_ROOT)    net (fo=34566, routed)       1.924     2.111    kv260_rm04_dynamic8_i/axi_perf_mon_0/inst/reset_event_cdc_sync1/core_aclk
    SLICE_X7Y188         FDRE                                         r  kv260_rm04_dynamic8_i/axi_perf_mon_0/inst/reset_event_cdc_sync1/s_level_out_d1_cdc_to_reg/C

Slack:                    inf
  Source:                 kv260_rm04_dynamic8_i/axi_smc_data/inst/clk_map/psr_aclk/U0/ACTIVE_LOW_BSR_OUT_DFF[0].FDRE_BSR_N/C
                            (rising edge-triggered cell FDRE clocked by clk_pl_0  {rise@0.000ns fall@2.667ns period=5.333ns})
  Destination:            <hidden>
                            (removal check against rising-edge clock clk_pl_0  {rise@0.000ns fall@2.667ns period=5.333ns})
  Path Group:             (none)
  Path Type:              Removal (Min at Fast Process Corner)
  Data Path Delay:        0.218ns  (logic 0.083ns (38.093%)  route 0.135ns (61.907%))
  Logic Levels:           0  
  Clock Path Skew:        0.190ns (DCD - SCD - CPR)
    Destination Clock Delay (DCD):    2.066ns
    Source Clock Delay      (SCD):    1.877ns
    Clock Pessimism Removal (CPR):    -0.000ns
  Clock Uncertainty:      0.112ns  ((TSJ^2 + DJ^2)^1/2) / 2 + PE
    Total System Jitter     (TSJ):    0.071ns
    Discrete Jitter          (DJ):    0.213ns
    Phase Error              (PE):    0.000ns
  Clock Net Delay (Source):      1.726ns (routing 0.886ns, distribution 0.840ns)
  Clock Net Delay (Destination): 1.879ns (routing 0.971ns, distribution 0.908ns)
  Timing Exception:       False Path

    Location             Delay type                Incr(ns)  Path(ns)    Netlist Resource(s)
  -------------------------------------------------------------------    -------------------
                         (clock clk_pl_0 rise edge)
                                                      0.000     0.000 r  
    PS8_X0Y0             PS8                          0.000     0.000 r  kv260_rm04_dynamic8_i/zynq_ultra_ps_e_0/inst/PS8_i/PLCLK[0]
                         net (fo=1, routed)           0.129     0.129    kv260_rm04_dynamic8_i/zynq_ultra_ps_e_0/inst/pl_clk_unbuffered[0]
    BUFG_PS_X0Y80        BUFG_PS (Prop_BUFG_PS_I_O)
                                                      0.022     0.151 r  kv260_rm04_dynamic8_i/zynq_ultra_ps_e_0/inst/buffer_pl_clk_0.PL_CLK_0_BUFG/O
    X1Y1 (CLOCK_ROOT)    net (fo=34566, routed)       1.726     1.877    kv260_rm04_dynamic8_i/axi_smc_data/inst/clk_map/psr_aclk/U0/aclk
    SLICE_X5Y114         FDRE                                         r  kv260_rm04_dynamic8_i/axi_smc_data/inst/clk_map/psr_aclk/U0/ACTIVE_LOW_BSR_OUT_DFF[0].FDRE_BSR_N/C
  -------------------------------------------------------------------    -------------------
    SLICE_X5Y114         FDRE (Prop_DFF_SLICEM_C_Q)
                                                      0.083     1.960 r  kv260_rm04_dynamic8_i/axi_smc_data/inst/clk_map/psr_aclk/U0/ACTIVE_LOW_BSR_OUT_DFF[0].FDRE_BSR_N/Q
                         net (fo=66, routed)          0.135     2.094    <hidden>
    SLICE_X7Y111         FDCE                                         f  <hidden>  (IS_INVERTED)
  -------------------------------------------------------------------    -------------------

                         (clock clk_pl_0 rise edge)
                                                      0.000     0.000 r  
    PS8_X0Y0             PS8                          0.000     0.000 r  kv260_rm04_dynamic8_i/zynq_ultra_ps_e_0/inst/PS8_i/PLCLK[0]
                         net (fo=1, routed)           0.164     0.164    kv260_rm04_dynamic8_i/zynq_ultra_ps_e_0/inst/pl_clk_unbuffered[0]
    BUFG_PS_X0Y80        BUFG_PS (Prop_BUFG_PS_I_O)
                                                      0.023     0.187 r  kv260_rm04_dynamic8_i/zynq_ultra_ps_e_0/inst/buffer_pl_clk_0.PL_CLK_0_BUFG/O
    X1Y1 (CLOCK_ROOT)    net (fo=34566, routed)       1.879     2.066    <hidden>
    SLICE_X7Y111         FDCE                                         r  <hidden>

Slack:                    inf
  Source:                 kv260_rm04_dynamic8_i/axi_smc_data/inst/clk_map/psr_aclk/U0/ACTIVE_LOW_BSR_OUT_DFF[0].FDRE_BSR_N/C
                            (rising edge-triggered cell FDRE clocked by clk_pl_0  {rise@0.000ns fall@2.667ns period=5.333ns})
  Destination:            <hidden>
                            (removal check against rising-edge clock clk_pl_0  {rise@0.000ns fall@2.667ns period=5.333ns})
  Path Group:             (none)
  Path Type:              Removal (Min at Fast Process Corner)
  Data Path Delay:        0.218ns  (logic 0.083ns (38.093%)  route 0.135ns (61.907%))
  Logic Levels:           0  
  Clock Path Skew:        0.190ns (DCD - SCD - CPR)
    Destination Clock Delay (DCD):    2.066ns
    Source Clock Delay      (SCD):    1.877ns
    Clock Pessimism Removal (CPR):    -0.000ns
  Clock Uncertainty:      0.112ns  ((TSJ^2 + DJ^2)^1/2) / 2 + PE
    Total System Jitter     (TSJ):    0.071ns
    Discrete Jitter          (DJ):    0.213ns
    Phase Error              (PE):    0.000ns
  Clock Net Delay (Source):      1.726ns (routing 0.886ns, distribution 0.840ns)
  Clock Net Delay (Destination): 1.879ns (routing 0.971ns, distribution 0.908ns)
  Timing Exception:       False Path

    Location             Delay type                Incr(ns)  Path(ns)    Netlist Resource(s)
  -------------------------------------------------------------------    -------------------
                         (clock clk_pl_0 rise edge)
                                                      0.000     0.000 r  
    PS8_X0Y0             PS8                          0.000     0.000 r  kv260_rm04_dynamic8_i/zynq_ultra_ps_e_0/inst/PS8_i/PLCLK[0]
                         net (fo=1, routed)           0.129     0.129    kv260_rm04_dynamic8_i/zynq_ultra_ps_e_0/inst/pl_clk_unbuffered[0]
    BUFG_PS_X0Y80        BUFG_PS (Prop_BUFG_PS_I_O)
                                                      0.022     0.151 r  kv260_rm04_dynamic8_i/zynq_ultra_ps_e_0/inst/buffer_pl_clk_0.PL_CLK_0_BUFG/O
    X1Y1 (CLOCK_ROOT)    net (fo=34566, routed)       1.726     1.877    kv260_rm04_dynamic8_i/axi_smc_data/inst/clk_map/psr_aclk/U0/aclk
    SLICE_X5Y114         FDRE                                         r  kv260_rm04_dynamic8_i/axi_smc_data/inst/clk_map/psr_aclk/U0/ACTIVE_LOW_BSR_OUT_DFF[0].FDRE_BSR_N/C
  -------------------------------------------------------------------    -------------------
    SLICE_X5Y114         FDRE (Prop_DFF_SLICEM_C_Q)
                                                      0.083     1.960 r  kv260_rm04_dynamic8_i/axi_smc_data/inst/clk_map/psr_aclk/U0/ACTIVE_LOW_BSR_OUT_DFF[0].FDRE_BSR_N/Q
                         net (fo=66, routed)          0.135     2.094    <hidden>
    SLICE_X7Y111         FDCE                                         f  <hidden>  (IS_INVERTED)
  -------------------------------------------------------------------    -------------------

                         (clock clk_pl_0 rise edge)
                                                      0.000     0.000 r  
    PS8_X0Y0             PS8                          0.000     0.000 r  kv260_rm04_dynamic8_i/zynq_ultra_ps_e_0/inst/PS8_i/PLCLK[0]
                         net (fo=1, routed)           0.164     0.164    kv260_rm04_dynamic8_i/zynq_ultra_ps_e_0/inst/pl_clk_unbuffered[0]
    BUFG_PS_X0Y80        BUFG_PS (Prop_BUFG_PS_I_O)
                                                      0.023     0.187 r  kv260_rm04_dynamic8_i/zynq_ultra_ps_e_0/inst/buffer_pl_clk_0.PL_CLK_0_BUFG/O
    X1Y1 (CLOCK_ROOT)    net (fo=34566, routed)       1.879     2.066    <hidden>
    SLICE_X7Y111         FDCE                                         r  <hidden>

Slack:                    inf
  Source:                 kv260_rm04_dynamic8_i/axi_smc_data/inst/clk_map/psr_aclk/U0/ACTIVE_LOW_BSR_OUT_DFF[0].FDRE_BSR_N/C
                            (rising edge-triggered cell FDRE clocked by clk_pl_0  {rise@0.000ns fall@2.667ns period=5.333ns})
  Destination:            <hidden>
                            (removal check against rising-edge clock clk_pl_0  {rise@0.000ns fall@2.667ns period=5.333ns})
  Path Group:             (none)
  Path Type:              Removal (Min at Fast Process Corner)
  Data Path Delay:        0.218ns  (logic 0.083ns (38.093%)  route 0.135ns (61.907%))
  Logic Levels:           0  
  Clock Path Skew:        0.190ns (DCD - SCD - CPR)
    Destination Clock Delay (DCD):    2.066ns
    Source Clock Delay      (SCD):    1.877ns
    Clock Pessimism Removal (CPR):    -0.000ns
  Clock Uncertainty:      0.112ns  ((TSJ^2 + DJ^2)^1/2) / 2 + PE
    Total System Jitter     (TSJ):    0.071ns
    Discrete Jitter          (DJ):    0.213ns
    Phase Error              (PE):    0.000ns
  Clock Net Delay (Source):      1.726ns (routing 0.886ns, distribution 0.840ns)
  Clock Net Delay (Destination): 1.879ns (routing 0.971ns, distribution 0.908ns)
  Timing Exception:       False Path

    Location             Delay type                Incr(ns)  Path(ns)    Netlist Resource(s)
  -------------------------------------------------------------------    -------------------
                         (clock clk_pl_0 rise edge)
                                                      0.000     0.000 r  
    PS8_X0Y0             PS8                          0.000     0.000 r  kv260_rm04_dynamic8_i/zynq_ultra_ps_e_0/inst/PS8_i/PLCLK[0]
                         net (fo=1, routed)           0.129     0.129    kv260_rm04_dynamic8_i/zynq_ultra_ps_e_0/inst/pl_clk_unbuffered[0]
    BUFG_PS_X0Y80        BUFG_PS (Prop_BUFG_PS_I_O)
                                                      0.022     0.151 r  kv260_rm04_dynamic8_i/zynq_ultra_ps_e_0/inst/buffer_pl_clk_0.PL_CLK_0_BUFG/O
    X1Y1 (CLOCK_ROOT)    net (fo=34566, routed)       1.726     1.877    kv260_rm04_dynamic8_i/axi_smc_data/inst/clk_map/psr_aclk/U0/aclk
    SLICE_X5Y114         FDRE                                         r  kv260_rm04_dynamic8_i/axi_smc_data/inst/clk_map/psr_aclk/U0/ACTIVE_LOW_BSR_OUT_DFF[0].FDRE_BSR_N/C
  -------------------------------------------------------------------    -------------------
    SLICE_X5Y114         FDRE (Prop_DFF_SLICEM_C_Q)
                                                      0.083     1.960 r  kv260_rm04_dynamic8_i/axi_smc_data/inst/clk_map/psr_aclk/U0/ACTIVE_LOW_BSR_OUT_DFF[0].FDRE_BSR_N/Q
                         net (fo=66, routed)          0.135     2.094    <hidden>
    SLICE_X7Y111         FDCE                                         f  <hidden>  (IS_INVERTED)
  -------------------------------------------------------------------    -------------------

                         (clock clk_pl_0 rise edge)
                                                      0.000     0.000 r  
    PS8_X0Y0             PS8                          0.000     0.000 r  kv260_rm04_dynamic8_i/zynq_ultra_ps_e_0/inst/PS8_i/PLCLK[0]
                         net (fo=1, routed)           0.164     0.164    kv260_rm04_dynamic8_i/zynq_ultra_ps_e_0/inst/pl_clk_unbuffered[0]
    BUFG_PS_X0Y80        BUFG_PS (Prop_BUFG_PS_I_O)
                                                      0.023     0.187 r  kv260_rm04_dynamic8_i/zynq_ultra_ps_e_0/inst/buffer_pl_clk_0.PL_CLK_0_BUFG/O
    X1Y1 (CLOCK_ROOT)    net (fo=34566, routed)       1.879     2.066    <hidden>
    SLICE_X7Y111         FDCE                                         r  <hidden>

Slack:                    inf
  Source:                 kv260_rm04_dynamic8_i/axi_smc_control/inst/clk_map/psr_aclk/U0/ACTIVE_LOW_BSR_OUT_DFF[0].FDRE_BSR_N/C
                            (rising edge-triggered cell FDRE clocked by clk_pl_0  {rise@0.000ns fall@2.667ns period=5.333ns})
  Destination:            <hidden>
                            (removal check against rising-edge clock clk_pl_0  {rise@0.000ns fall@2.667ns period=5.333ns})
  Path Group:             (none)
  Path Type:              Removal (Min at Fast Process Corner)
  Data Path Delay:        0.202ns  (logic 0.084ns (41.654%)  route 0.118ns (58.346%))
  Logic Levels:           0  
  Clock Path Skew:        0.210ns (DCD - SCD - CPR)
    Destination Clock Delay (DCD):    2.112ns
    Source Clock Delay      (SCD):    1.902ns
    Clock Pessimism Removal (CPR):    -0.000ns
  Clock Uncertainty:      0.112ns  ((TSJ^2 + DJ^2)^1/2) / 2 + PE
    Total System Jitter     (TSJ):    0.071ns
    Discrete Jitter          (DJ):    0.213ns
    Phase Error              (PE):    0.000ns
  Clock Net Delay (Source):      1.751ns (routing 0.886ns, distribution 0.865ns)
  Clock Net Delay (Destination): 1.925ns (routing 0.971ns, distribution 0.954ns)
  Timing Exception:       False Path

    Location             Delay type                Incr(ns)  Path(ns)    Netlist Resource(s)
  -------------------------------------------------------------------    -------------------
                         (clock clk_pl_0 rise edge)
                                                      0.000     0.000 r  
    PS8_X0Y0             PS8                          0.000     0.000 r  kv260_rm04_dynamic8_i/zynq_ultra_ps_e_0/inst/PS8_i/PLCLK[0]
                         net (fo=1, routed)           0.129     0.129    kv260_rm04_dynamic8_i/zynq_ultra_ps_e_0/inst/pl_clk_unbuffered[0]
    BUFG_PS_X0Y80        BUFG_PS (Prop_BUFG_PS_I_O)
                                                      0.022     0.151 r  kv260_rm04_dynamic8_i/zynq_ultra_ps_e_0/inst/buffer_pl_clk_0.PL_CLK_0_BUFG/O
    X1Y1 (CLOCK_ROOT)    net (fo=34566, routed)       1.751     1.902    kv260_rm04_dynamic8_i/axi_smc_control/inst/clk_map/psr_aclk/U0/aclk
    SLICE_X0Y122         FDRE                                         r  kv260_rm04_dynamic8_i/axi_smc_control/inst/clk_map/psr_aclk/U0/ACTIVE_LOW_BSR_OUT_DFF[0].FDRE_BSR_N/C
  -------------------------------------------------------------------    -------------------
    SLICE_X0Y122         FDRE (Prop_DFF_SLICEL_C_Q)
                                                      0.084     1.986 r  kv260_rm04_dynamic8_i/axi_smc_control/inst/clk_map/psr_aclk/U0/ACTIVE_LOW_BSR_OUT_DFF[0].FDRE_BSR_N/Q
                         net (fo=75, routed)          0.118     2.103    <hidden>
    SLICE_X3Y121         FDCE                                         f  <hidden>  (IS_INVERTED)
  -------------------------------------------------------------------    -------------------

                         (clock clk_pl_0 rise edge)
                                                      0.000     0.000 r  
    PS8_X0Y0             PS8                          0.000     0.000 r  kv260_rm04_dynamic8_i/zynq_ultra_ps_e_0/inst/PS8_i/PLCLK[0]
                         net (fo=1, routed)           0.164     0.164    kv260_rm04_dynamic8_i/zynq_ultra_ps_e_0/inst/pl_clk_unbuffered[0]
    BUFG_PS_X0Y80        BUFG_PS (Prop_BUFG_PS_I_O)
                                                      0.023     0.187 r  kv260_rm04_dynamic8_i/zynq_ultra_ps_e_0/inst/buffer_pl_clk_0.PL_CLK_0_BUFG/O
    X1Y1 (CLOCK_ROOT)    net (fo=34566, routed)       1.925     2.112    <hidden>
    SLICE_X3Y121         FDCE                                         r  <hidden>

Slack:                    inf
  Source:                 kv260_rm04_dynamic8_i/axi_smc_control/inst/clk_map/psr_aclk/U0/ACTIVE_LOW_BSR_OUT_DFF[0].FDRE_BSR_N/C
                            (rising edge-triggered cell FDRE clocked by clk_pl_0  {rise@0.000ns fall@2.667ns period=5.333ns})
  Destination:            <hidden>
                            (removal check against rising-edge clock clk_pl_0  {rise@0.000ns fall@2.667ns period=5.333ns})
  Path Group:             (none)
  Path Type:              Removal (Min at Fast Process Corner)
  Data Path Delay:        0.202ns  (logic 0.084ns (41.654%)  route 0.118ns (58.346%))
  Logic Levels:           0  
  Clock Path Skew:        0.210ns (DCD - SCD - CPR)
    Destination Clock Delay (DCD):    2.112ns
    Source Clock Delay      (SCD):    1.902ns
    Clock Pessimism Removal (CPR):    -0.000ns
  Clock Uncertainty:      0.112ns  ((TSJ^2 + DJ^2)^1/2) / 2 + PE
    Total System Jitter     (TSJ):    0.071ns
    Discrete Jitter          (DJ):    0.213ns
    Phase Error              (PE):    0.000ns
  Clock Net Delay (Source):      1.751ns (routing 0.886ns, distribution 0.865ns)
  Clock Net Delay (Destination): 1.925ns (routing 0.971ns, distribution 0.954ns)
  Timing Exception:       False Path

    Location             Delay type                Incr(ns)  Path(ns)    Netlist Resource(s)
  -------------------------------------------------------------------    -------------------
                         (clock clk_pl_0 rise edge)
                                                      0.000     0.000 r  
    PS8_X0Y0             PS8                          0.000     0.000 r  kv260_rm04_dynamic8_i/zynq_ultra_ps_e_0/inst/PS8_i/PLCLK[0]
                         net (fo=1, routed)           0.129     0.129    kv260_rm04_dynamic8_i/zynq_ultra_ps_e_0/inst/pl_clk_unbuffered[0]
    BUFG_PS_X0Y80        BUFG_PS (Prop_BUFG_PS_I_O)
                                                      0.022     0.151 r  kv260_rm04_dynamic8_i/zynq_ultra_ps_e_0/inst/buffer_pl_clk_0.PL_CLK_0_BUFG/O
    X1Y1 (CLOCK_ROOT)    net (fo=34566, routed)       1.751     1.902    kv260_rm04_dynamic8_i/axi_smc_control/inst/clk_map/psr_aclk/U0/aclk
    SLICE_X0Y122         FDRE                                         r  kv260_rm04_dynamic8_i/axi_smc_control/inst/clk_map/psr_aclk/U0/ACTIVE_LOW_BSR_OUT_DFF[0].FDRE_BSR_N/C
  -------------------------------------------------------------------    -------------------
    SLICE_X0Y122         FDRE (Prop_DFF_SLICEL_C_Q)
                                                      0.084     1.986 r  kv260_rm04_dynamic8_i/axi_smc_control/inst/clk_map/psr_aclk/U0/ACTIVE_LOW_BSR_OUT_DFF[0].FDRE_BSR_N/Q
                         net (fo=75, routed)          0.118     2.103    <hidden>
    SLICE_X3Y121         FDCE                                         f  <hidden>  (IS_INVERTED)
  -------------------------------------------------------------------    -------------------

                         (clock clk_pl_0 rise edge)
                                                      0.000     0.000 r  
    PS8_X0Y0             PS8                          0.000     0.000 r  kv260_rm04_dynamic8_i/zynq_ultra_ps_e_0/inst/PS8_i/PLCLK[0]
                         net (fo=1, routed)           0.164     0.164    kv260_rm04_dynamic8_i/zynq_ultra_ps_e_0/inst/pl_clk_unbuffered[0]
    BUFG_PS_X0Y80        BUFG_PS (Prop_BUFG_PS_I_O)
                                                      0.023     0.187 r  kv260_rm04_dynamic8_i/zynq_ultra_ps_e_0/inst/buffer_pl_clk_0.PL_CLK_0_BUFG/O
    X1Y1 (CLOCK_ROOT)    net (fo=34566, routed)       1.925     2.112    <hidden>
    SLICE_X3Y121         FDCE                                         r  <hidden>

Slack:                    inf
  Source:                 kv260_rm04_dynamic8_i/axi_smc_control/inst/clk_map/psr_aclk/U0/ACTIVE_LOW_BSR_OUT_DFF[0].FDRE_BSR_N/C
                            (rising edge-triggered cell FDRE clocked by clk_pl_0  {rise@0.000ns fall@2.667ns period=5.333ns})
  Destination:            <hidden>
                            (removal check against rising-edge clock clk_pl_0  {rise@0.000ns fall@2.667ns period=5.333ns})
  Path Group:             (none)
  Path Type:              Removal (Min at Fast Process Corner)
  Data Path Delay:        0.202ns  (logic 0.084ns (41.654%)  route 0.118ns (58.346%))
  Logic Levels:           0  
  Clock Path Skew:        0.210ns (DCD - SCD - CPR)
    Destination Clock Delay (DCD):    2.112ns
    Source Clock Delay      (SCD):    1.902ns
    Clock Pessimism Removal (CPR):    -0.000ns
  Clock Uncertainty:      0.112ns  ((TSJ^2 + DJ^2)^1/2) / 2 + PE
    Total System Jitter     (TSJ):    0.071ns
    Discrete Jitter          (DJ):    0.213ns
    Phase Error              (PE):    0.000ns
  Clock Net Delay (Source):      1.751ns (routing 0.886ns, distribution 0.865ns)
  Clock Net Delay (Destination): 1.925ns (routing 0.971ns, distribution 0.954ns)
  Timing Exception:       False Path

    Location             Delay type                Incr(ns)  Path(ns)    Netlist Resource(s)
  -------------------------------------------------------------------    -------------------
                         (clock clk_pl_0 rise edge)
                                                      0.000     0.000 r  
    PS8_X0Y0             PS8                          0.000     0.000 r  kv260_rm04_dynamic8_i/zynq_ultra_ps_e_0/inst/PS8_i/PLCLK[0]
                         net (fo=1, routed)           0.129     0.129    kv260_rm04_dynamic8_i/zynq_ultra_ps_e_0/inst/pl_clk_unbuffered[0]
    BUFG_PS_X0Y80        BUFG_PS (Prop_BUFG_PS_I_O)
                                                      0.022     0.151 r  kv260_rm04_dynamic8_i/zynq_ultra_ps_e_0/inst/buffer_pl_clk_0.PL_CLK_0_BUFG/O
    X1Y1 (CLOCK_ROOT)    net (fo=34566, routed)       1.751     1.902    kv260_rm04_dynamic8_i/axi_smc_control/inst/clk_map/psr_aclk/U0/aclk
    SLICE_X0Y122         FDRE                                         r  kv260_rm04_dynamic8_i/axi_smc_control/inst/clk_map/psr_aclk/U0/ACTIVE_LOW_BSR_OUT_DFF[0].FDRE_BSR_N/C
  -------------------------------------------------------------------    -------------------
    SLICE_X0Y122         FDRE (Prop_DFF_SLICEL_C_Q)
                                                      0.084     1.986 r  kv260_rm04_dynamic8_i/axi_smc_control/inst/clk_map/psr_aclk/U0/ACTIVE_LOW_BSR_OUT_DFF[0].FDRE_BSR_N/Q
                         net (fo=75, routed)          0.118     2.103    <hidden>
    SLICE_X3Y121         FDCE                                         f  <hidden>  (IS_INVERTED)
  -------------------------------------------------------------------    -------------------

                         (clock clk_pl_0 rise edge)
                                                      0.000     0.000 r  
    PS8_X0Y0             PS8                          0.000     0.000 r  kv260_rm04_dynamic8_i/zynq_ultra_ps_e_0/inst/PS8_i/PLCLK[0]
                         net (fo=1, routed)           0.164     0.164    kv260_rm04_dynamic8_i/zynq_ultra_ps_e_0/inst/pl_clk_unbuffered[0]
    BUFG_PS_X0Y80        BUFG_PS (Prop_BUFG_PS_I_O)
                                                      0.023     0.187 r  kv260_rm04_dynamic8_i/zynq_ultra_ps_e_0/inst/buffer_pl_clk_0.PL_CLK_0_BUFG/O
    X1Y1 (CLOCK_ROOT)    net (fo=34566, routed)       1.925     2.112    <hidden>
    SLICE_X3Y121         FDCE                                         r  <hidden>





--------------------------------------------------------------------------------------
Path Group:  (none)
From Clock:  
  To Clock:  clk_pl_0

Max Delay          6690 Endpoints
Min Delay          6690 Endpoints
--------------------------------------------------------------------------------------


Max Delay Paths
--------------------------------------------------------------------------------------
Slack:                    inf
  Source:                 kv260_rm04_dynamic8_i/zynq_ultra_ps_e_0/inst/PS8_i/EMIOGPIOO[95]
                            (internal pin)
  Destination:            kv260_rm04_dynamic8_i/axi_perf_mon_0/inst/GEN_Advanced_Mode.adavnced_mode_inst/metric_counters_inst/GEN_METRIC_CNT_6.axi_perf_mon_v5_0_35_metric_sel_n_cnt_inst_6/GEN_MUX_N_CNT.incrementer_input_reg_val_reg[31]/R
                            (rising edge-triggered cell FDRE clocked by clk_pl_0  {rise@0.000ns fall@2.667ns period=5.333ns})
  Path Group:             (none)
  Path Type:              Setup (Max at Slow Process Corner)
  Data Path Delay:        6.740ns  (logic 0.220ns (3.264%)  route 6.520ns (96.736%))
  Logic Levels:           1  (LUT3=1)
  Clock Uncertainty:      0.109ns  ((TSJ^2 + DJ^2)^1/2) / 2 + PE
    Total System Jitter     (TSJ):    0.050ns
    Discrete Jitter          (DJ):    0.213ns
    Phase Error              (PE):    0.000ns
  Clock Net Delay (Destination): 2.835ns (routing 1.450ns, distribution 1.385ns)

    Location             Delay type                Incr(ns)  Path(ns)    Netlist Resource(s)
  -------------------------------------------------------------------    -------------------
    PS8_X0Y0             PS8                          0.000     0.000 r  kv260_rm04_dynamic8_i/zynq_ultra_ps_e_0/inst/PS8_i/EMIOGPIOO[95]
                         net (fo=4463, routed)        4.098     4.098    kv260_rm04_dynamic8_i/axi_perf_mon_0/inst/GEN_Advanced_Mode.adavnced_mode_inst/register_module_inst/core_aresetn
    SLICE_X7Y139         LUT3 (Prop_D5LUT_SLICEM_I0_O)
                                                      0.220     4.318 r  kv260_rm04_dynamic8_i/axi_perf_mon_0/inst/GEN_Advanced_Mode.adavnced_mode_inst/register_module_inst/GEN_MUX_N_CNT.incrementer_input_reg_val[31]_i_1__4/O
                         net (fo=31, routed)          2.422     6.740    kv260_rm04_dynamic8_i/axi_perf_mon_0/inst/GEN_Advanced_Mode.adavnced_mode_inst/metric_counters_inst/GEN_METRIC_CNT_6.axi_perf_mon_v5_0_35_metric_sel_n_cnt_inst_6/GEN_MUX_N_CNT.incrementer_input_reg_val_reg[31]_0
    SLICE_X14Y179        FDRE                                         r  kv260_rm04_dynamic8_i/axi_perf_mon_0/inst/GEN_Advanced_Mode.adavnced_mode_inst/metric_counters_inst/GEN_METRIC_CNT_6.axi_perf_mon_v5_0_35_metric_sel_n_cnt_inst_6/GEN_MUX_N_CNT.incrementer_input_reg_val_reg[31]/R
  -------------------------------------------------------------------    -------------------

                         (clock clk_pl_0 rise edge)
                                                      0.000     0.000 r  
    PS8_X0Y0             PS8                          0.000     0.000 r  kv260_rm04_dynamic8_i/zynq_ultra_ps_e_0/inst/PS8_i/PLCLK[0]
                         net (fo=1, routed)           0.181     0.181    kv260_rm04_dynamic8_i/zynq_ultra_ps_e_0/inst/pl_clk_unbuffered[0]
    BUFG_PS_X0Y80        BUFG_PS (Prop_BUFG_PS_I_O)
                                                      0.035     0.216 r  kv260_rm04_dynamic8_i/zynq_ultra_ps_e_0/inst/buffer_pl_clk_0.PL_CLK_0_BUFG/O
    X1Y1 (CLOCK_ROOT)    net (fo=34566, routed)       2.835     3.051    kv260_rm04_dynamic8_i/axi_perf_mon_0/inst/GEN_Advanced_Mode.adavnced_mode_inst/metric_counters_inst/GEN_METRIC_CNT_6.axi_perf_mon_v5_0_35_metric_sel_n_cnt_inst_6/core_aclk
    SLICE_X14Y179        FDRE                                         r  kv260_rm04_dynamic8_i/axi_perf_mon_0/inst/GEN_Advanced_Mode.adavnced_mode_inst/metric_counters_inst/GEN_METRIC_CNT_6.axi_perf_mon_v5_0_35_metric_sel_n_cnt_inst_6/GEN_MUX_N_CNT.incrementer_input_reg_val_reg[31]/C

Slack:                    inf
  Source:                 kv260_rm04_dynamic8_i/zynq_ultra_ps_e_0/inst/PS8_i/EMIOGPIOO[95]
                            (internal pin)
  Destination:            kv260_rm04_dynamic8_i/axi_perf_mon_0/inst/GEN_Advanced_Mode.adavnced_mode_inst/metric_counters_inst/GEN_METRIC_CNT_6.axi_perf_mon_v5_0_35_metric_sel_n_cnt_inst_6/GEN_MUX_N_CNT.incrementer_input_reg_val_reg[11]/R
                            (rising edge-triggered cell FDRE clocked by clk_pl_0  {rise@0.000ns fall@2.667ns period=5.333ns})
  Path Group:             (none)
  Path Type:              Setup (Max at Slow Process Corner)
  Data Path Delay:        6.587ns  (logic 0.220ns (3.340%)  route 6.367ns (96.660%))
  Logic Levels:           1  (LUT3=1)
  Clock Uncertainty:      0.109ns  ((TSJ^2 + DJ^2)^1/2) / 2 + PE
    Total System Jitter     (TSJ):    0.050ns
    Discrete Jitter          (DJ):    0.213ns
    Phase Error              (PE):    0.000ns
  Clock Net Delay (Destination): 2.872ns (routing 1.450ns, distribution 1.422ns)

    Location             Delay type                Incr(ns)  Path(ns)    Netlist Resource(s)
  -------------------------------------------------------------------    -------------------
    PS8_X0Y0             PS8                          0.000     0.000 r  kv260_rm04_dynamic8_i/zynq_ultra_ps_e_0/inst/PS8_i/EMIOGPIOO[95]
                         net (fo=4463, routed)        4.098     4.098    kv260_rm04_dynamic8_i/axi_perf_mon_0/inst/GEN_Advanced_Mode.adavnced_mode_inst/register_module_inst/core_aresetn
    SLICE_X7Y139         LUT3 (Prop_D5LUT_SLICEM_I0_O)
                                                      0.220     4.318 r  kv260_rm04_dynamic8_i/axi_perf_mon_0/inst/GEN_Advanced_Mode.adavnced_mode_inst/register_module_inst/GEN_MUX_N_CNT.incrementer_input_reg_val[31]_i_1__4/O
                         net (fo=31, routed)          2.269     6.587    kv260_rm04_dynamic8_i/axi_perf_mon_0/inst/GEN_Advanced_Mode.adavnced_mode_inst/metric_counters_inst/GEN_METRIC_CNT_6.axi_perf_mon_v5_0_35_metric_sel_n_cnt_inst_6/GEN_MUX_N_CNT.incrementer_input_reg_val_reg[31]_0
    SLICE_X5Y158         FDRE                                         r  kv260_rm04_dynamic8_i/axi_perf_mon_0/inst/GEN_Advanced_Mode.adavnced_mode_inst/metric_counters_inst/GEN_METRIC_CNT_6.axi_perf_mon_v5_0_35_metric_sel_n_cnt_inst_6/GEN_MUX_N_CNT.incrementer_input_reg_val_reg[11]/R
  -------------------------------------------------------------------    -------------------

                         (clock clk_pl_0 rise edge)
                                                      0.000     0.000 r  
    PS8_X0Y0             PS8                          0.000     0.000 r  kv260_rm04_dynamic8_i/zynq_ultra_ps_e_0/inst/PS8_i/PLCLK[0]
                         net (fo=1, routed)           0.181     0.181    kv260_rm04_dynamic8_i/zynq_ultra_ps_e_0/inst/pl_clk_unbuffered[0]
    BUFG_PS_X0Y80        BUFG_PS (Prop_BUFG_PS_I_O)
                                                      0.035     0.216 r  kv260_rm04_dynamic8_i/zynq_ultra_ps_e_0/inst/buffer_pl_clk_0.PL_CLK_0_BUFG/O
    X1Y1 (CLOCK_ROOT)    net (fo=34566, routed)       2.872     3.088    kv260_rm04_dynamic8_i/axi_perf_mon_0/inst/GEN_Advanced_Mode.adavnced_mode_inst/metric_counters_inst/GEN_METRIC_CNT_6.axi_perf_mon_v5_0_35_metric_sel_n_cnt_inst_6/core_aclk
    SLICE_X5Y158         FDRE                                         r  kv260_rm04_dynamic8_i/axi_perf_mon_0/inst/GEN_Advanced_Mode.adavnced_mode_inst/metric_counters_inst/GEN_METRIC_CNT_6.axi_perf_mon_v5_0_35_metric_sel_n_cnt_inst_6/GEN_MUX_N_CNT.incrementer_input_reg_val_reg[11]/C

Slack:                    inf
  Source:                 kv260_rm04_dynamic8_i/zynq_ultra_ps_e_0/inst/PS8_i/EMIOGPIOO[95]
                            (internal pin)
  Destination:            kv260_rm04_dynamic8_i/axi_perf_mon_0/inst/GEN_Advanced_Mode.adavnced_mode_inst/metric_counters_inst/GEN_METRIC_CNT_4.axi_perf_mon_v5_0_35_metric_sel_n_cnt_inst_4/GEN_MUX_N_CNT.incrementer_input_reg_val_reg[26]/R
                            (rising edge-triggered cell FDRE clocked by clk_pl_0  {rise@0.000ns fall@2.667ns period=5.333ns})
  Path Group:             (none)
  Path Type:              Setup (Max at Slow Process Corner)
  Data Path Delay:        6.538ns  (logic 0.223ns (3.411%)  route 6.315ns (96.589%))
  Logic Levels:           1  (LUT3=1)
  Clock Uncertainty:      0.109ns  ((TSJ^2 + DJ^2)^1/2) / 2 + PE
    Total System Jitter     (TSJ):    0.050ns
    Discrete Jitter          (DJ):    0.213ns
    Phase Error              (PE):    0.000ns
  Clock Net Delay (Destination): 2.872ns (routing 1.450ns, distribution 1.422ns)

    Location             Delay type                Incr(ns)  Path(ns)    Netlist Resource(s)
  -------------------------------------------------------------------    -------------------
    PS8_X0Y0             PS8                          0.000     0.000 r  kv260_rm04_dynamic8_i/zynq_ultra_ps_e_0/inst/PS8_i/EMIOGPIOO[95]
                         net (fo=4463, routed)        4.123     4.123    kv260_rm04_dynamic8_i/axi_perf_mon_0/inst/GEN_Advanced_Mode.adavnced_mode_inst/register_module_inst/core_aresetn
    SLICE_X7Y145         LUT3 (Prop_C5LUT_SLICEM_I0_O)
                                                      0.223     4.346 r  kv260_rm04_dynamic8_i/axi_perf_mon_0/inst/GEN_Advanced_Mode.adavnced_mode_inst/register_module_inst/GEN_MUX_N_CNT.incrementer_input_reg_val[31]_i_1__2/O
                         net (fo=31, routed)          2.192     6.538    kv260_rm04_dynamic8_i/axi_perf_mon_0/inst/GEN_Advanced_Mode.adavnced_mode_inst/metric_counters_inst/GEN_METRIC_CNT_4.axi_perf_mon_v5_0_35_metric_sel_n_cnt_inst_4/GEN_MUX_N_CNT.incrementer_input_reg_val_reg[31]_0
    SLICE_X4Y177         FDRE                                         r  kv260_rm04_dynamic8_i/axi_perf_mon_0/inst/GEN_Advanced_Mode.adavnced_mode_inst/metric_counters_inst/GEN_METRIC_CNT_4.axi_perf_mon_v5_0_35_metric_sel_n_cnt_inst_4/GEN_MUX_N_CNT.incrementer_input_reg_val_reg[26]/R
  -------------------------------------------------------------------    -------------------

                         (clock clk_pl_0 rise edge)
                                                      0.000     0.000 r  
    PS8_X0Y0             PS8                          0.000     0.000 r  kv260_rm04_dynamic8_i/zynq_ultra_ps_e_0/inst/PS8_i/PLCLK[0]
                         net (fo=1, routed)           0.181     0.181    kv260_rm04_dynamic8_i/zynq_ultra_ps_e_0/inst/pl_clk_unbuffered[0]
    BUFG_PS_X0Y80        BUFG_PS (Prop_BUFG_PS_I_O)
                                                      0.035     0.216 r  kv260_rm04_dynamic8_i/zynq_ultra_ps_e_0/inst/buffer_pl_clk_0.PL_CLK_0_BUFG/O
    X1Y1 (CLOCK_ROOT)    net (fo=34566, routed)       2.872     3.088    kv260_rm04_dynamic8_i/axi_perf_mon_0/inst/GEN_Advanced_Mode.adavnced_mode_inst/metric_counters_inst/GEN_METRIC_CNT_4.axi_perf_mon_v5_0_35_metric_sel_n_cnt_inst_4/core_aclk
    SLICE_X4Y177         FDRE                                         r  kv260_rm04_dynamic8_i/axi_perf_mon_0/inst/GEN_Advanced_Mode.adavnced_mode_inst/metric_counters_inst/GEN_METRIC_CNT_4.axi_perf_mon_v5_0_35_metric_sel_n_cnt_inst_4/GEN_MUX_N_CNT.incrementer_input_reg_val_reg[26]/C

Slack:                    inf
  Source:                 kv260_rm04_dynamic8_i/zynq_ultra_ps_e_0/inst/PS8_i/EMIOGPIOO[95]
                            (internal pin)
  Destination:            kv260_rm04_dynamic8_i/axi_perf_mon_0/inst/GEN_Advanced_Mode.adavnced_mode_inst/metric_counters_inst/GEN_METRIC_CNT_4.axi_perf_mon_v5_0_35_metric_sel_n_cnt_inst_4/GEN_MUX_N_CNT.incrementer_input_reg_val_reg[18]/R
                            (rising edge-triggered cell FDRE clocked by clk_pl_0  {rise@0.000ns fall@2.667ns period=5.333ns})
  Path Group:             (none)
  Path Type:              Setup (Max at Slow Process Corner)
  Data Path Delay:        6.530ns  (logic 0.223ns (3.415%)  route 6.307ns (96.585%))
  Logic Levels:           1  (LUT3=1)
  Clock Uncertainty:      0.109ns  ((TSJ^2 + DJ^2)^1/2) / 2 + PE
    Total System Jitter     (TSJ):    0.050ns
    Discrete Jitter          (DJ):    0.213ns
    Phase Error              (PE):    0.000ns
  Clock Net Delay (Destination): 2.850ns (routing 1.450ns, distribution 1.400ns)

    Location             Delay type                Incr(ns)  Path(ns)    Netlist Resource(s)
  -------------------------------------------------------------------    -------------------
    PS8_X0Y0             PS8                          0.000     0.000 r  kv260_rm04_dynamic8_i/zynq_ultra_ps_e_0/inst/PS8_i/EMIOGPIOO[95]
                         net (fo=4463, routed)        4.123     4.123    kv260_rm04_dynamic8_i/axi_perf_mon_0/inst/GEN_Advanced_Mode.adavnced_mode_inst/register_module_inst/core_aresetn
    SLICE_X7Y145         LUT3 (Prop_C5LUT_SLICEM_I0_O)
                                                      0.223     4.346 r  kv260_rm04_dynamic8_i/axi_perf_mon_0/inst/GEN_Advanced_Mode.adavnced_mode_inst/register_module_inst/GEN_MUX_N_CNT.incrementer_input_reg_val[31]_i_1__2/O
                         net (fo=31, routed)          2.184     6.530    kv260_rm04_dynamic8_i/axi_perf_mon_0/inst/GEN_Advanced_Mode.adavnced_mode_inst/metric_counters_inst/GEN_METRIC_CNT_4.axi_perf_mon_v5_0_35_metric_sel_n_cnt_inst_4/GEN_MUX_N_CNT.incrementer_input_reg_val_reg[31]_0
    SLICE_X11Y169        FDRE                                         r  kv260_rm04_dynamic8_i/axi_perf_mon_0/inst/GEN_Advanced_Mode.adavnced_mode_inst/metric_counters_inst/GEN_METRIC_CNT_4.axi_perf_mon_v5_0_35_metric_sel_n_cnt_inst_4/GEN_MUX_N_CNT.incrementer_input_reg_val_reg[18]/R
  -------------------------------------------------------------------    -------------------

                         (clock clk_pl_0 rise edge)
                                                      0.000     0.000 r  
    PS8_X0Y0             PS8                          0.000     0.000 r  kv260_rm04_dynamic8_i/zynq_ultra_ps_e_0/inst/PS8_i/PLCLK[0]
                         net (fo=1, routed)           0.181     0.181    kv260_rm04_dynamic8_i/zynq_ultra_ps_e_0/inst/pl_clk_unbuffered[0]
    BUFG_PS_X0Y80        BUFG_PS (Prop_BUFG_PS_I_O)
                                                      0.035     0.216 r  kv260_rm04_dynamic8_i/zynq_ultra_ps_e_0/inst/buffer_pl_clk_0.PL_CLK_0_BUFG/O
    X1Y1 (CLOCK_ROOT)    net (fo=34566, routed)       2.850     3.066    kv260_rm04_dynamic8_i/axi_perf_mon_0/inst/GEN_Advanced_Mode.adavnced_mode_inst/metric_counters_inst/GEN_METRIC_CNT_4.axi_perf_mon_v5_0_35_metric_sel_n_cnt_inst_4/core_aclk
    SLICE_X11Y169        FDRE                                         r  kv260_rm04_dynamic8_i/axi_perf_mon_0/inst/GEN_Advanced_Mode.adavnced_mode_inst/metric_counters_inst/GEN_METRIC_CNT_4.axi_perf_mon_v5_0_35_metric_sel_n_cnt_inst_4/GEN_MUX_N_CNT.incrementer_input_reg_val_reg[18]/C

Slack:                    inf
  Source:                 kv260_rm04_dynamic8_i/zynq_ultra_ps_e_0/inst/PS8_i/EMIOGPIOO[95]
                            (internal pin)
  Destination:            kv260_rm04_dynamic8_i/axi_perf_mon_0/inst/GEN_Advanced_Mode.adavnced_mode_inst/metric_counters_inst/GEN_METRIC_CNT_6.axi_perf_mon_v5_0_35_metric_sel_n_cnt_inst_6/GEN_MUX_N_CNT.incrementer_input_reg_val_reg[30]/R
                            (rising edge-triggered cell FDRE clocked by clk_pl_0  {rise@0.000ns fall@2.667ns period=5.333ns})
  Path Group:             (none)
  Path Type:              Setup (Max at Slow Process Corner)
  Data Path Delay:        6.526ns  (logic 0.220ns (3.371%)  route 6.306ns (96.629%))
  Logic Levels:           1  (LUT3=1)
  Clock Uncertainty:      0.109ns  ((TSJ^2 + DJ^2)^1/2) / 2 + PE
    Total System Jitter     (TSJ):    0.050ns
    Discrete Jitter          (DJ):    0.213ns
    Phase Error              (PE):    0.000ns
  Clock Net Delay (Destination): 2.846ns (routing 1.450ns, distribution 1.396ns)

    Location             Delay type                Incr(ns)  Path(ns)    Netlist Resource(s)
  -------------------------------------------------------------------    -------------------
    PS8_X0Y0             PS8                          0.000     0.000 r  kv260_rm04_dynamic8_i/zynq_ultra_ps_e_0/inst/PS8_i/EMIOGPIOO[95]
                         net (fo=4463, routed)        4.098     4.098    kv260_rm04_dynamic8_i/axi_perf_mon_0/inst/GEN_Advanced_Mode.adavnced_mode_inst/register_module_inst/core_aresetn
    SLICE_X7Y139         LUT3 (Prop_D5LUT_SLICEM_I0_O)
                                                      0.220     4.318 r  kv260_rm04_dynamic8_i/axi_perf_mon_0/inst/GEN_Advanced_Mode.adavnced_mode_inst/register_module_inst/GEN_MUX_N_CNT.incrementer_input_reg_val[31]_i_1__4/O
                         net (fo=31, routed)          2.209     6.526    kv260_rm04_dynamic8_i/axi_perf_mon_0/inst/GEN_Advanced_Mode.adavnced_mode_inst/metric_counters_inst/GEN_METRIC_CNT_6.axi_perf_mon_v5_0_35_metric_sel_n_cnt_inst_6/GEN_MUX_N_CNT.incrementer_input_reg_val_reg[31]_0
    SLICE_X11Y163        FDRE                                         r  kv260_rm04_dynamic8_i/axi_perf_mon_0/inst/GEN_Advanced_Mode.adavnced_mode_inst/metric_counters_inst/GEN_METRIC_CNT_6.axi_perf_mon_v5_0_35_metric_sel_n_cnt_inst_6/GEN_MUX_N_CNT.incrementer_input_reg_val_reg[30]/R
  -------------------------------------------------------------------    -------------------

                         (clock clk_pl_0 rise edge)
                                                      0.000     0.000 r  
    PS8_X0Y0             PS8                          0.000     0.000 r  kv260_rm04_dynamic8_i/zynq_ultra_ps_e_0/inst/PS8_i/PLCLK[0]
                         net (fo=1, routed)           0.181     0.181    kv260_rm04_dynamic8_i/zynq_ultra_ps_e_0/inst/pl_clk_unbuffered[0]
    BUFG_PS_X0Y80        BUFG_PS (Prop_BUFG_PS_I_O)
                                                      0.035     0.216 r  kv260_rm04_dynamic8_i/zynq_ultra_ps_e_0/inst/buffer_pl_clk_0.PL_CLK_0_BUFG/O
    X1Y1 (CLOCK_ROOT)    net (fo=34566, routed)       2.846     3.062    kv260_rm04_dynamic8_i/axi_perf_mon_0/inst/GEN_Advanced_Mode.adavnced_mode_inst/metric_counters_inst/GEN_METRIC_CNT_6.axi_perf_mon_v5_0_35_metric_sel_n_cnt_inst_6/core_aclk
    SLICE_X11Y163        FDRE                                         r  kv260_rm04_dynamic8_i/axi_perf_mon_0/inst/GEN_Advanced_Mode.adavnced_mode_inst/metric_counters_inst/GEN_METRIC_CNT_6.axi_perf_mon_v5_0_35_metric_sel_n_cnt_inst_6/GEN_MUX_N_CNT.incrementer_input_reg_val_reg[30]/C

Slack:                    inf
  Source:                 kv260_rm04_dynamic8_i/zynq_ultra_ps_e_0/inst/PS8_i/EMIOGPIOO[95]
                            (internal pin)
  Destination:            kv260_rm04_dynamic8_i/axi_perf_mon_0/inst/GEN_Advanced_Mode.adavnced_mode_inst/metric_counters_inst/GEN_METRIC_CNT_5.axi_perf_mon_v5_0_35_metric_sel_n_cnt_inst_5/GEN_MUX_N_CNT.incrementer_input_reg_val_reg[18]/R
                            (rising edge-triggered cell FDRE clocked by clk_pl_0  {rise@0.000ns fall@2.667ns period=5.333ns})
  Path Group:             (none)
  Path Type:              Setup (Max at Slow Process Corner)
  Data Path Delay:        6.478ns  (logic 0.229ns (3.535%)  route 6.249ns (96.465%))
  Logic Levels:           1  (LUT3=1)
  Clock Uncertainty:      0.109ns  ((TSJ^2 + DJ^2)^1/2) / 2 + PE
    Total System Jitter     (TSJ):    0.050ns
    Discrete Jitter          (DJ):    0.213ns
    Phase Error              (PE):    0.000ns
  Clock Net Delay (Destination): 2.848ns (routing 1.450ns, distribution 1.398ns)

    Location             Delay type                Incr(ns)  Path(ns)    Netlist Resource(s)
  -------------------------------------------------------------------    -------------------
    PS8_X0Y0             PS8                          0.000     0.000 r  kv260_rm04_dynamic8_i/zynq_ultra_ps_e_0/inst/PS8_i/EMIOGPIOO[95]
                         net (fo=4463, routed)        4.124     4.124    kv260_rm04_dynamic8_i/axi_perf_mon_0/inst/GEN_Advanced_Mode.adavnced_mode_inst/register_module_inst/core_aresetn
    SLICE_X7Y145         LUT3 (Prop_B5LUT_SLICEM_I0_O)
                                                      0.229     4.353 r  kv260_rm04_dynamic8_i/axi_perf_mon_0/inst/GEN_Advanced_Mode.adavnced_mode_inst/register_module_inst/GEN_MUX_N_CNT.incrementer_input_reg_val[31]_i_1__3/O
                         net (fo=31, routed)          2.125     6.478    kv260_rm04_dynamic8_i/axi_perf_mon_0/inst/GEN_Advanced_Mode.adavnced_mode_inst/metric_counters_inst/GEN_METRIC_CNT_5.axi_perf_mon_v5_0_35_metric_sel_n_cnt_inst_5/GEN_MUX_N_CNT.incrementer_input_reg_val_reg[31]_0
    SLICE_X13Y168        FDRE                                         r  kv260_rm04_dynamic8_i/axi_perf_mon_0/inst/GEN_Advanced_Mode.adavnced_mode_inst/metric_counters_inst/GEN_METRIC_CNT_5.axi_perf_mon_v5_0_35_metric_sel_n_cnt_inst_5/GEN_MUX_N_CNT.incrementer_input_reg_val_reg[18]/R
  -------------------------------------------------------------------    -------------------

                         (clock clk_pl_0 rise edge)
                                                      0.000     0.000 r  
    PS8_X0Y0             PS8                          0.000     0.000 r  kv260_rm04_dynamic8_i/zynq_ultra_ps_e_0/inst/PS8_i/PLCLK[0]
                         net (fo=1, routed)           0.181     0.181    kv260_rm04_dynamic8_i/zynq_ultra_ps_e_0/inst/pl_clk_unbuffered[0]
    BUFG_PS_X0Y80        BUFG_PS (Prop_BUFG_PS_I_O)
                                                      0.035     0.216 r  kv260_rm04_dynamic8_i/zynq_ultra_ps_e_0/inst/buffer_pl_clk_0.PL_CLK_0_BUFG/O
    X1Y1 (CLOCK_ROOT)    net (fo=34566, routed)       2.848     3.064    kv260_rm04_dynamic8_i/axi_perf_mon_0/inst/GEN_Advanced_Mode.adavnced_mode_inst/metric_counters_inst/GEN_METRIC_CNT_5.axi_perf_mon_v5_0_35_metric_sel_n_cnt_inst_5/core_aclk
    SLICE_X13Y168        FDRE                                         r  kv260_rm04_dynamic8_i/axi_perf_mon_0/inst/GEN_Advanced_Mode.adavnced_mode_inst/metric_counters_inst/GEN_METRIC_CNT_5.axi_perf_mon_v5_0_35_metric_sel_n_cnt_inst_5/GEN_MUX_N_CNT.incrementer_input_reg_val_reg[18]/C

Slack:                    inf
  Source:                 kv260_rm04_dynamic8_i/zynq_ultra_ps_e_0/inst/PS8_i/EMIOGPIOO[95]
                            (internal pin)
  Destination:            kv260_rm04_dynamic8_i/axi_perf_mon_0/inst/GEN_Advanced_Mode.adavnced_mode_inst/metric_counters_inst/GEN_METRIC_CNT_4.axi_perf_mon_v5_0_35_metric_sel_n_cnt_inst_4/GEN_MUX_N_CNT.incrementer_input_reg_val_reg[24]/R
                            (rising edge-triggered cell FDRE clocked by clk_pl_0  {rise@0.000ns fall@2.667ns period=5.333ns})
  Path Group:             (none)
  Path Type:              Setup (Max at Slow Process Corner)
  Data Path Delay:        6.456ns  (logic 0.223ns (3.454%)  route 6.233ns (96.546%))
  Logic Levels:           1  (LUT3=1)
  Clock Uncertainty:      0.109ns  ((TSJ^2 + DJ^2)^1/2) / 2 + PE
    Total System Jitter     (TSJ):    0.050ns
    Discrete Jitter          (DJ):    0.213ns
    Phase Error              (PE):    0.000ns
  Clock Net Delay (Destination): 2.878ns (routing 1.450ns, distribution 1.428ns)

    Location             Delay type                Incr(ns)  Path(ns)    Netlist Resource(s)
  -------------------------------------------------------------------    -------------------
    PS8_X0Y0             PS8                          0.000     0.000 r  kv260_rm04_dynamic8_i/zynq_ultra_ps_e_0/inst/PS8_i/EMIOGPIOO[95]
                         net (fo=4463, routed)        4.123     4.123    kv260_rm04_dynamic8_i/axi_perf_mon_0/inst/GEN_Advanced_Mode.adavnced_mode_inst/register_module_inst/core_aresetn
    SLICE_X7Y145         LUT3 (Prop_C5LUT_SLICEM_I0_O)
                                                      0.223     4.346 r  kv260_rm04_dynamic8_i/axi_perf_mon_0/inst/GEN_Advanced_Mode.adavnced_mode_inst/register_module_inst/GEN_MUX_N_CNT.incrementer_input_reg_val[31]_i_1__2/O
                         net (fo=31, routed)          2.110     6.456    kv260_rm04_dynamic8_i/axi_perf_mon_0/inst/GEN_Advanced_Mode.adavnced_mode_inst/metric_counters_inst/GEN_METRIC_CNT_4.axi_perf_mon_v5_0_35_metric_sel_n_cnt_inst_4/GEN_MUX_N_CNT.incrementer_input_reg_val_reg[31]_0
    SLICE_X2Y171         FDRE                                         r  kv260_rm04_dynamic8_i/axi_perf_mon_0/inst/GEN_Advanced_Mode.adavnced_mode_inst/metric_counters_inst/GEN_METRIC_CNT_4.axi_perf_mon_v5_0_35_metric_sel_n_cnt_inst_4/GEN_MUX_N_CNT.incrementer_input_reg_val_reg[24]/R
  -------------------------------------------------------------------    -------------------

                         (clock clk_pl_0 rise edge)
                                                      0.000     0.000 r  
    PS8_X0Y0             PS8                          0.000     0.000 r  kv260_rm04_dynamic8_i/zynq_ultra_ps_e_0/inst/PS8_i/PLCLK[0]
                         net (fo=1, routed)           0.181     0.181    kv260_rm04_dynamic8_i/zynq_ultra_ps_e_0/inst/pl_clk_unbuffered[0]
    BUFG_PS_X0Y80        BUFG_PS (Prop_BUFG_PS_I_O)
                                                      0.035     0.216 r  kv260_rm04_dynamic8_i/zynq_ultra_ps_e_0/inst/buffer_pl_clk_0.PL_CLK_0_BUFG/O
    X1Y1 (CLOCK_ROOT)    net (fo=34566, routed)       2.878     3.094    kv260_rm04_dynamic8_i/axi_perf_mon_0/inst/GEN_Advanced_Mode.adavnced_mode_inst/metric_counters_inst/GEN_METRIC_CNT_4.axi_perf_mon_v5_0_35_metric_sel_n_cnt_inst_4/core_aclk
    SLICE_X2Y171         FDRE                                         r  kv260_rm04_dynamic8_i/axi_perf_mon_0/inst/GEN_Advanced_Mode.adavnced_mode_inst/metric_counters_inst/GEN_METRIC_CNT_4.axi_perf_mon_v5_0_35_metric_sel_n_cnt_inst_4/GEN_MUX_N_CNT.incrementer_input_reg_val_reg[24]/C

Slack:                    inf
  Source:                 kv260_rm04_dynamic8_i/zynq_ultra_ps_e_0/inst/PS8_i/EMIOGPIOO[95]
                            (internal pin)
  Destination:            kv260_rm04_dynamic8_i/axi_perf_mon_0/inst/GEN_Advanced_Mode.adavnced_mode_inst/metric_counters_inst/GEN_METRIC_CNT_4.axi_perf_mon_v5_0_35_metric_sel_n_cnt_inst_4/GEN_MUX_N_CNT.incrementer_input_reg_val_reg[30]/R
                            (rising edge-triggered cell FDRE clocked by clk_pl_0  {rise@0.000ns fall@2.667ns period=5.333ns})
  Path Group:             (none)
  Path Type:              Setup (Max at Slow Process Corner)
  Data Path Delay:        6.415ns  (logic 0.223ns (3.476%)  route 6.192ns (96.524%))
  Logic Levels:           1  (LUT3=1)
  Clock Uncertainty:      0.109ns  ((TSJ^2 + DJ^2)^1/2) / 2 + PE
    Total System Jitter     (TSJ):    0.050ns
    Discrete Jitter          (DJ):    0.213ns
    Phase Error              (PE):    0.000ns
  Clock Net Delay (Destination): 2.863ns (routing 1.450ns, distribution 1.413ns)

    Location             Delay type                Incr(ns)  Path(ns)    Netlist Resource(s)
  -------------------------------------------------------------------    -------------------
    PS8_X0Y0             PS8                          0.000     0.000 r  kv260_rm04_dynamic8_i/zynq_ultra_ps_e_0/inst/PS8_i/EMIOGPIOO[95]
                         net (fo=4463, routed)        4.123     4.123    kv260_rm04_dynamic8_i/axi_perf_mon_0/inst/GEN_Advanced_Mode.adavnced_mode_inst/register_module_inst/core_aresetn
    SLICE_X7Y145         LUT3 (Prop_C5LUT_SLICEM_I0_O)
                                                      0.223     4.346 r  kv260_rm04_dynamic8_i/axi_perf_mon_0/inst/GEN_Advanced_Mode.adavnced_mode_inst/register_module_inst/GEN_MUX_N_CNT.incrementer_input_reg_val[31]_i_1__2/O
                         net (fo=31, routed)          2.069     6.415    kv260_rm04_dynamic8_i/axi_perf_mon_0/inst/GEN_Advanced_Mode.adavnced_mode_inst/metric_counters_inst/GEN_METRIC_CNT_4.axi_perf_mon_v5_0_35_metric_sel_n_cnt_inst_4/GEN_MUX_N_CNT.incrementer_input_reg_val_reg[31]_0
    SLICE_X10Y166        FDRE                                         r  kv260_rm04_dynamic8_i/axi_perf_mon_0/inst/GEN_Advanced_Mode.adavnced_mode_inst/metric_counters_inst/GEN_METRIC_CNT_4.axi_perf_mon_v5_0_35_metric_sel_n_cnt_inst_4/GEN_MUX_N_CNT.incrementer_input_reg_val_reg[30]/R
  -------------------------------------------------------------------    -------------------

                         (clock clk_pl_0 rise edge)
                                                      0.000     0.000 r  
    PS8_X0Y0             PS8                          0.000     0.000 r  kv260_rm04_dynamic8_i/zynq_ultra_ps_e_0/inst/PS8_i/PLCLK[0]
                         net (fo=1, routed)           0.181     0.181    kv260_rm04_dynamic8_i/zynq_ultra_ps_e_0/inst/pl_clk_unbuffered[0]
    BUFG_PS_X0Y80        BUFG_PS (Prop_BUFG_PS_I_O)
                                                      0.035     0.216 r  kv260_rm04_dynamic8_i/zynq_ultra_ps_e_0/inst/buffer_pl_clk_0.PL_CLK_0_BUFG/O
    X1Y1 (CLOCK_ROOT)    net (fo=34566, routed)       2.863     3.079    kv260_rm04_dynamic8_i/axi_perf_mon_0/inst/GEN_Advanced_Mode.adavnced_mode_inst/metric_counters_inst/GEN_METRIC_CNT_4.axi_perf_mon_v5_0_35_metric_sel_n_cnt_inst_4/core_aclk
    SLICE_X10Y166        FDRE                                         r  kv260_rm04_dynamic8_i/axi_perf_mon_0/inst/GEN_Advanced_Mode.adavnced_mode_inst/metric_counters_inst/GEN_METRIC_CNT_4.axi_perf_mon_v5_0_35_metric_sel_n_cnt_inst_4/GEN_MUX_N_CNT.incrementer_input_reg_val_reg[30]/C

Slack:                    inf
  Source:                 kv260_rm04_dynamic8_i/zynq_ultra_ps_e_0/inst/PS8_i/EMIOGPIOO[95]
                            (internal pin)
  Destination:            kv260_rm04_dynamic8_i/axi_perf_mon_0/inst/GEN_Advanced_Mode.adavnced_mode_inst/metric_counters_inst/GEN_METRIC_CNT_5.axi_perf_mon_v5_0_35_metric_sel_n_cnt_inst_5/GEN_MUX_N_CNT.incrementer_input_reg_val_reg[26]/R
                            (rising edge-triggered cell FDRE clocked by clk_pl_0  {rise@0.000ns fall@2.667ns period=5.333ns})
  Path Group:             (none)
  Path Type:              Setup (Max at Slow Process Corner)
  Data Path Delay:        6.381ns  (logic 0.229ns (3.589%)  route 6.152ns (96.411%))
  Logic Levels:           1  (LUT3=1)
  Clock Uncertainty:      0.109ns  ((TSJ^2 + DJ^2)^1/2) / 2 + PE
    Total System Jitter     (TSJ):    0.050ns
    Discrete Jitter          (DJ):    0.213ns
    Phase Error              (PE):    0.000ns
  Clock Net Delay (Destination): 2.866ns (routing 1.450ns, distribution 1.416ns)

    Location             Delay type                Incr(ns)  Path(ns)    Netlist Resource(s)
  -------------------------------------------------------------------    -------------------
    PS8_X0Y0             PS8                          0.000     0.000 r  kv260_rm04_dynamic8_i/zynq_ultra_ps_e_0/inst/PS8_i/EMIOGPIOO[95]
                         net (fo=4463, routed)        4.124     4.124    kv260_rm04_dynamic8_i/axi_perf_mon_0/inst/GEN_Advanced_Mode.adavnced_mode_inst/register_module_inst/core_aresetn
    SLICE_X7Y145         LUT3 (Prop_B5LUT_SLICEM_I0_O)
                                                      0.229     4.353 r  kv260_rm04_dynamic8_i/axi_perf_mon_0/inst/GEN_Advanced_Mode.adavnced_mode_inst/register_module_inst/GEN_MUX_N_CNT.incrementer_input_reg_val[31]_i_1__3/O
                         net (fo=31, routed)          2.029     6.381    kv260_rm04_dynamic8_i/axi_perf_mon_0/inst/GEN_Advanced_Mode.adavnced_mode_inst/metric_counters_inst/GEN_METRIC_CNT_5.axi_perf_mon_v5_0_35_metric_sel_n_cnt_inst_5/GEN_MUX_N_CNT.incrementer_input_reg_val_reg[31]_0
    SLICE_X4Y178         FDRE                                         r  kv260_rm04_dynamic8_i/axi_perf_mon_0/inst/GEN_Advanced_Mode.adavnced_mode_inst/metric_counters_inst/GEN_METRIC_CNT_5.axi_perf_mon_v5_0_35_metric_sel_n_cnt_inst_5/GEN_MUX_N_CNT.incrementer_input_reg_val_reg[26]/R
  -------------------------------------------------------------------    -------------------

                         (clock clk_pl_0 rise edge)
                                                      0.000     0.000 r  
    PS8_X0Y0             PS8                          0.000     0.000 r  kv260_rm04_dynamic8_i/zynq_ultra_ps_e_0/inst/PS8_i/PLCLK[0]
                         net (fo=1, routed)           0.181     0.181    kv260_rm04_dynamic8_i/zynq_ultra_ps_e_0/inst/pl_clk_unbuffered[0]
    BUFG_PS_X0Y80        BUFG_PS (Prop_BUFG_PS_I_O)
                                                      0.035     0.216 r  kv260_rm04_dynamic8_i/zynq_ultra_ps_e_0/inst/buffer_pl_clk_0.PL_CLK_0_BUFG/O
    X1Y1 (CLOCK_ROOT)    net (fo=34566, routed)       2.866     3.082    kv260_rm04_dynamic8_i/axi_perf_mon_0/inst/GEN_Advanced_Mode.adavnced_mode_inst/metric_counters_inst/GEN_METRIC_CNT_5.axi_perf_mon_v5_0_35_metric_sel_n_cnt_inst_5/core_aclk
    SLICE_X4Y178         FDRE                                         r  kv260_rm04_dynamic8_i/axi_perf_mon_0/inst/GEN_Advanced_Mode.adavnced_mode_inst/metric_counters_inst/GEN_METRIC_CNT_5.axi_perf_mon_v5_0_35_metric_sel_n_cnt_inst_5/GEN_MUX_N_CNT.incrementer_input_reg_val_reg[26]/C

Slack:                    inf
  Source:                 kv260_rm04_dynamic8_i/zynq_ultra_ps_e_0/inst/PS8_i/EMIOGPIOO[95]
                            (internal pin)
  Destination:            kv260_rm04_dynamic8_i/axi_perf_mon_0/inst/GEN_Advanced_Mode.adavnced_mode_inst/metric_counters_inst/GEN_METRIC_CNT_4.axi_perf_mon_v5_0_35_metric_sel_n_cnt_inst_4/GEN_MUX_N_CNT.incrementer_input_reg_val_reg[23]/R
                            (rising edge-triggered cell FDRE clocked by clk_pl_0  {rise@0.000ns fall@2.667ns period=5.333ns})
  Path Group:             (none)
  Path Type:              Setup (Max at Slow Process Corner)
  Data Path Delay:        6.377ns  (logic 0.223ns (3.497%)  route 6.154ns (96.503%))
  Logic Levels:           1  (LUT3=1)
  Clock Uncertainty:      0.109ns  ((TSJ^2 + DJ^2)^1/2) / 2 + PE
    Total System Jitter     (TSJ):    0.050ns
    Discrete Jitter          (DJ):    0.213ns
    Phase Error              (PE):    0.000ns
  Clock Net Delay (Destination): 2.882ns (routing 1.450ns, distribution 1.432ns)

    Location             Delay type                Incr(ns)  Path(ns)    Netlist Resource(s)
  -------------------------------------------------------------------    -------------------
    PS8_X0Y0             PS8                          0.000     0.000 r  kv260_rm04_dynamic8_i/zynq_ultra_ps_e_0/inst/PS8_i/EMIOGPIOO[95]
                         net (fo=4463, routed)        4.123     4.123    kv260_rm04_dynamic8_i/axi_perf_mon_0/inst/GEN_Advanced_Mode.adavnced_mode_inst/register_module_inst/core_aresetn
    SLICE_X7Y145         LUT3 (Prop_C5LUT_SLICEM_I0_O)
                                                      0.223     4.346 r  kv260_rm04_dynamic8_i/axi_perf_mon_0/inst/GEN_Advanced_Mode.adavnced_mode_inst/register_module_inst/GEN_MUX_N_CNT.incrementer_input_reg_val[31]_i_1__2/O
                         net (fo=31, routed)          2.031     6.377    kv260_rm04_dynamic8_i/axi_perf_mon_0/inst/GEN_Advanced_Mode.adavnced_mode_inst/metric_counters_inst/GEN_METRIC_CNT_4.axi_perf_mon_v5_0_35_metric_sel_n_cnt_inst_4/GEN_MUX_N_CNT.incrementer_input_reg_val_reg[31]_0
    SLICE_X2Y167         FDRE                                         r  kv260_rm04_dynamic8_i/axi_perf_mon_0/inst/GEN_Advanced_Mode.adavnced_mode_inst/metric_counters_inst/GEN_METRIC_CNT_4.axi_perf_mon_v5_0_35_metric_sel_n_cnt_inst_4/GEN_MUX_N_CNT.incrementer_input_reg_val_reg[23]/R
  -------------------------------------------------------------------    -------------------

                         (clock clk_pl_0 rise edge)
                                                      0.000     0.000 r  
    PS8_X0Y0             PS8                          0.000     0.000 r  kv260_rm04_dynamic8_i/zynq_ultra_ps_e_0/inst/PS8_i/PLCLK[0]
                         net (fo=1, routed)           0.181     0.181    kv260_rm04_dynamic8_i/zynq_ultra_ps_e_0/inst/pl_clk_unbuffered[0]
    BUFG_PS_X0Y80        BUFG_PS (Prop_BUFG_PS_I_O)
                                                      0.035     0.216 r  kv260_rm04_dynamic8_i/zynq_ultra_ps_e_0/inst/buffer_pl_clk_0.PL_CLK_0_BUFG/O
    X1Y1 (CLOCK_ROOT)    net (fo=34566, routed)       2.882     3.098    kv260_rm04_dynamic8_i/axi_perf_mon_0/inst/GEN_Advanced_Mode.adavnced_mode_inst/metric_counters_inst/GEN_METRIC_CNT_4.axi_perf_mon_v5_0_35_metric_sel_n_cnt_inst_4/core_aclk
    SLICE_X2Y167         FDRE                                         r  kv260_rm04_dynamic8_i/axi_perf_mon_0/inst/GEN_Advanced_Mode.adavnced_mode_inst/metric_counters_inst/GEN_METRIC_CNT_4.axi_perf_mon_v5_0_35_metric_sel_n_cnt_inst_4/GEN_MUX_N_CNT.incrementer_input_reg_val_reg[23]/C





Min Delay Paths
--------------------------------------------------------------------------------------
Slack:                    inf
  Source:                 <hidden>
                            (internal pin)
  Destination:            <hidden>
                            (rising edge-triggered cell FDRE clocked by clk_pl_0  {rise@0.000ns fall@2.667ns period=5.333ns})
  Path Group:             (none)
  Path Type:              Hold (Min at Fast Process Corner)
  Data Path Delay:        0.226ns  (logic 0.159ns (70.354%)  route 0.067ns (29.646%))
  Logic Levels:           2  (DSP_ALU=1 DSP_OUTPUT=1)
  Clock Uncertainty:      0.109ns  ((TSJ^2 + DJ^2)^1/2) / 2 + PE
    Total System Jitter     (TSJ):    0.050ns
    Discrete Jitter          (DJ):    0.213ns
    Phase Error              (PE):    0.000ns
  Clock Net Delay (Destination): 1.801ns (routing 0.971ns, distribution 0.830ns)

    Location             Delay type                Incr(ns)  Path(ns)    Netlist Resource(s)
  -------------------------------------------------------------------    -------------------
    DSP48E2_X8Y49        DSP_A_B_DATA                 0.000     0.000 r  <hidden>
                         net (fo=1, routed)           0.000     0.000    <hidden>
    DSP48E2_X8Y49        DSP_ALU (Prop_DSP_ALU_DSP48E2_B_ALU[17]_ALU_OUT[38])
                                                      0.126     0.126 f  <hidden>
                         net (fo=1, routed)           0.000     0.126    <hidden>
    DSP48E2_X8Y49        DSP_OUTPUT (Prop_DSP_OUTPUT_DSP48E2_ALU_OUT[38]_P[38])
                                                      0.033     0.159 r  <hidden>
                         net (fo=1, routed)           0.067     0.226    <hidden>
    SLICE_X30Y124        FDRE                                         r  <hidden>
  -------------------------------------------------------------------    -------------------

                         (clock clk_pl_0 rise edge)
                                                      0.000     0.000 r  
    PS8_X0Y0             PS8                          0.000     0.000 r  kv260_rm04_dynamic8_i/zynq_ultra_ps_e_0/inst/PS8_i/PLCLK[0]
                         net (fo=1, routed)           0.164     0.164    kv260_rm04_dynamic8_i/zynq_ultra_ps_e_0/inst/pl_clk_unbuffered[0]
    BUFG_PS_X0Y80        BUFG_PS (Prop_BUFG_PS_I_O)
                                                      0.023     0.187 r  kv260_rm04_dynamic8_i/zynq_ultra_ps_e_0/inst/buffer_pl_clk_0.PL_CLK_0_BUFG/O
    X1Y1 (CLOCK_ROOT)    net (fo=34566, routed)       1.801     1.988    <hidden>
    SLICE_X30Y124        FDRE                                         r  <hidden>

Slack:                    inf
  Source:                 <hidden>
                            (internal pin)
  Destination:            <hidden>
                            (rising edge-triggered cell FDRE clocked by clk_pl_0  {rise@0.000ns fall@2.667ns period=5.333ns})
  Path Group:             (none)
  Path Type:              Hold (Min at Fast Process Corner)
  Data Path Delay:        0.226ns  (logic 0.159ns (70.354%)  route 0.067ns (29.646%))
  Logic Levels:           2  (DSP_ALU=1 DSP_OUTPUT=1)
  Clock Uncertainty:      0.109ns  ((TSJ^2 + DJ^2)^1/2) / 2 + PE
    Total System Jitter     (TSJ):    0.050ns
    Discrete Jitter          (DJ):    0.213ns
    Phase Error              (PE):    0.000ns
  Clock Net Delay (Destination): 1.795ns (routing 0.971ns, distribution 0.824ns)

    Location             Delay type                Incr(ns)  Path(ns)    Netlist Resource(s)
  -------------------------------------------------------------------    -------------------
    DSP48E2_X8Y49        DSP_A_B_DATA                 0.000     0.000 r  <hidden>
                         net (fo=1, routed)           0.000     0.000    <hidden>
    DSP48E2_X8Y49        DSP_ALU (Prop_DSP_ALU_DSP48E2_B_ALU[17]_ALU_OUT[21])
                                                      0.126     0.126 f  <hidden>
                         net (fo=1, routed)           0.000     0.126    <hidden>
    DSP48E2_X8Y49        DSP_OUTPUT (Prop_DSP_OUTPUT_DSP48E2_ALU_OUT[21]_P[21])
                                                      0.033     0.159 r  <hidden>
                         net (fo=1, routed)           0.067     0.226    <hidden>
    SLICE_X30Y122        FDRE                                         r  <hidden>
  -------------------------------------------------------------------    -------------------

                         (clock clk_pl_0 rise edge)
                                                      0.000     0.000 r  
    PS8_X0Y0             PS8                          0.000     0.000 r  kv260_rm04_dynamic8_i/zynq_ultra_ps_e_0/inst/PS8_i/PLCLK[0]
                         net (fo=1, routed)           0.164     0.164    kv260_rm04_dynamic8_i/zynq_ultra_ps_e_0/inst/pl_clk_unbuffered[0]
    BUFG_PS_X0Y80        BUFG_PS (Prop_BUFG_PS_I_O)
                                                      0.023     0.187 r  kv260_rm04_dynamic8_i/zynq_ultra_ps_e_0/inst/buffer_pl_clk_0.PL_CLK_0_BUFG/O
    X1Y1 (CLOCK_ROOT)    net (fo=34566, routed)       1.795     1.982    <hidden>
    SLICE_X30Y122        FDRE                                         r  <hidden>

Slack:                    inf
  Source:                 <hidden>
                            (internal pin)
  Destination:            <hidden>
                            (rising edge-triggered cell FDRE clocked by clk_pl_0  {rise@0.000ns fall@2.667ns period=5.333ns})
  Path Group:             (none)
  Path Type:              Hold (Min at Fast Process Corner)
  Data Path Delay:        0.226ns  (logic 0.159ns (70.354%)  route 0.067ns (29.646%))
  Logic Levels:           2  (DSP_ALU=1 DSP_OUTPUT=1)
  Clock Uncertainty:      0.109ns  ((TSJ^2 + DJ^2)^1/2) / 2 + PE
    Total System Jitter     (TSJ):    0.050ns
    Discrete Jitter          (DJ):    0.213ns
    Phase Error              (PE):    0.000ns
  Clock Net Delay (Destination): 1.800ns (routing 0.971ns, distribution 0.829ns)

    Location             Delay type                Incr(ns)  Path(ns)    Netlist Resource(s)
  -------------------------------------------------------------------    -------------------
    DSP48E2_X11Y55       DSP_A_B_DATA                 0.000     0.000 r  <hidden>
                         net (fo=1, routed)           0.000     0.000    <hidden>
    DSP48E2_X11Y55       DSP_ALU (Prop_DSP_ALU_DSP48E2_B_ALU[17]_ALU_OUT[38])
                                                      0.126     0.126 f  <hidden>
                         net (fo=1, routed)           0.000     0.126    <hidden>
    DSP48E2_X11Y55       DSP_OUTPUT (Prop_DSP_OUTPUT_DSP48E2_ALU_OUT[38]_P[38])
                                                      0.033     0.159 r  <hidden>
                         net (fo=1, routed)           0.067     0.226    <hidden>
    SLICE_X39Y139        FDRE                                         r  <hidden>
  -------------------------------------------------------------------    -------------------

                         (clock clk_pl_0 rise edge)
                                                      0.000     0.000 r  
    PS8_X0Y0             PS8                          0.000     0.000 r  kv260_rm04_dynamic8_i/zynq_ultra_ps_e_0/inst/PS8_i/PLCLK[0]
                         net (fo=1, routed)           0.164     0.164    kv260_rm04_dynamic8_i/zynq_ultra_ps_e_0/inst/pl_clk_unbuffered[0]
    BUFG_PS_X0Y80        BUFG_PS (Prop_BUFG_PS_I_O)
                                                      0.023     0.187 r  kv260_rm04_dynamic8_i/zynq_ultra_ps_e_0/inst/buffer_pl_clk_0.PL_CLK_0_BUFG/O
    X1Y1 (CLOCK_ROOT)    net (fo=34566, routed)       1.800     1.987    <hidden>
    SLICE_X39Y139        FDRE                                         r  <hidden>

Slack:                    inf
  Source:                 <hidden>
                            (internal pin)
  Destination:            <hidden>
                            (rising edge-triggered cell FDRE clocked by clk_pl_0  {rise@0.000ns fall@2.667ns period=5.333ns})
  Path Group:             (none)
  Path Type:              Hold (Min at Fast Process Corner)
  Data Path Delay:        0.228ns  (logic 0.159ns (69.737%)  route 0.069ns (30.263%))
  Logic Levels:           2  (DSP_ALU=1 DSP_OUTPUT=1)
  Clock Uncertainty:      0.109ns  ((TSJ^2 + DJ^2)^1/2) / 2 + PE
    Total System Jitter     (TSJ):    0.050ns
    Discrete Jitter          (DJ):    0.213ns
    Phase Error              (PE):    0.000ns
  Clock Net Delay (Destination): 1.767ns (routing 0.971ns, distribution 0.796ns)

    Location             Delay type                Incr(ns)  Path(ns)    Netlist Resource(s)
  -------------------------------------------------------------------    -------------------
    DSP48E2_X7Y63        DSP_A_B_DATA                 0.000     0.000 r  <hidden>
                         net (fo=1, routed)           0.000     0.000    <hidden>
    DSP48E2_X7Y63        DSP_ALU (Prop_DSP_ALU_DSP48E2_B_ALU[17]_ALU_OUT[26])
                                                      0.126     0.126 f  <hidden>
                         net (fo=1, routed)           0.000     0.126    <hidden>
    DSP48E2_X7Y63        DSP_OUTPUT (Prop_DSP_OUTPUT_DSP48E2_ALU_OUT[26]_P[26])
                                                      0.033     0.159 r  <hidden>
                         net (fo=1, routed)           0.069     0.228    <hidden>
    SLICE_X27Y158        FDRE                                         r  <hidden>
  -------------------------------------------------------------------    -------------------

                         (clock clk_pl_0 rise edge)
                                                      0.000     0.000 r  
    PS8_X0Y0             PS8                          0.000     0.000 r  kv260_rm04_dynamic8_i/zynq_ultra_ps_e_0/inst/PS8_i/PLCLK[0]
                         net (fo=1, routed)           0.164     0.164    kv260_rm04_dynamic8_i/zynq_ultra_ps_e_0/inst/pl_clk_unbuffered[0]
    BUFG_PS_X0Y80        BUFG_PS (Prop_BUFG_PS_I_O)
                                                      0.023     0.187 r  kv260_rm04_dynamic8_i/zynq_ultra_ps_e_0/inst/buffer_pl_clk_0.PL_CLK_0_BUFG/O
    X1Y1 (CLOCK_ROOT)    net (fo=34566, routed)       1.767     1.954    <hidden>
    SLICE_X27Y158        FDRE                                         r  <hidden>

Slack:                    inf
  Source:                 <hidden>
                            (internal pin)
  Destination:            <hidden>
                            (rising edge-triggered cell FDRE clocked by clk_pl_0  {rise@0.000ns fall@2.667ns period=5.333ns})
  Path Group:             (none)
  Path Type:              Hold (Min at Fast Process Corner)
  Data Path Delay:        0.228ns  (logic 0.159ns (69.737%)  route 0.069ns (30.263%))
  Logic Levels:           2  (DSP_ALU=1 DSP_OUTPUT=1)
  Clock Uncertainty:      0.109ns  ((TSJ^2 + DJ^2)^1/2) / 2 + PE
    Total System Jitter     (TSJ):    0.050ns
    Discrete Jitter          (DJ):    0.213ns
    Phase Error              (PE):    0.000ns
  Clock Net Delay (Destination): 1.862ns (routing 0.971ns, distribution 0.891ns)

    Location             Delay type                Incr(ns)  Path(ns)    Netlist Resource(s)
  -------------------------------------------------------------------    -------------------
    DSP48E2_X11Y73       DSP_A_B_DATA                 0.000     0.000 r  <hidden>
                         net (fo=1, routed)           0.000     0.000    <hidden>
    DSP48E2_X11Y73       DSP_ALU (Prop_DSP_ALU_DSP48E2_B_ALU[17]_ALU_OUT[39])
                                                      0.126     0.126 f  <hidden>
                         net (fo=1, routed)           0.000     0.126    <hidden>
    DSP48E2_X11Y73       DSP_OUTPUT (Prop_DSP_OUTPUT_DSP48E2_ALU_OUT[39]_P[39])
                                                      0.033     0.159 r  <hidden>
                         net (fo=1, routed)           0.069     0.228    <hidden>
    SLICE_X42Y184        FDRE                                         r  <hidden>
  -------------------------------------------------------------------    -------------------

                         (clock clk_pl_0 rise edge)
                                                      0.000     0.000 r  
    PS8_X0Y0             PS8                          0.000     0.000 r  kv260_rm04_dynamic8_i/zynq_ultra_ps_e_0/inst/PS8_i/PLCLK[0]
                         net (fo=1, routed)           0.164     0.164    kv260_rm04_dynamic8_i/zynq_ultra_ps_e_0/inst/pl_clk_unbuffered[0]
    BUFG_PS_X0Y80        BUFG_PS (Prop_BUFG_PS_I_O)
                                                      0.023     0.187 r  kv260_rm04_dynamic8_i/zynq_ultra_ps_e_0/inst/buffer_pl_clk_0.PL_CLK_0_BUFG/O
    X1Y1 (CLOCK_ROOT)    net (fo=34566, routed)       1.862     2.049    <hidden>
    SLICE_X42Y184        FDRE                                         r  <hidden>

Slack:                    inf
  Source:                 <hidden>
                            (internal pin)
  Destination:            <hidden>
                            (rising edge-triggered cell FDRE clocked by clk_pl_0  {rise@0.000ns fall@2.667ns period=5.333ns})
  Path Group:             (none)
  Path Type:              Hold (Min at Fast Process Corner)
  Data Path Delay:        0.230ns  (logic 0.159ns (69.130%)  route 0.071ns (30.870%))
  Logic Levels:           2  (DSP_ALU=1 DSP_OUTPUT=1)
  Clock Uncertainty:      0.109ns  ((TSJ^2 + DJ^2)^1/2) / 2 + PE
    Total System Jitter     (TSJ):    0.050ns
    Discrete Jitter          (DJ):    0.213ns
    Phase Error              (PE):    0.000ns
  Clock Net Delay (Destination): 1.791ns (routing 0.971ns, distribution 0.820ns)

    Location             Delay type                Incr(ns)  Path(ns)    Netlist Resource(s)
  -------------------------------------------------------------------    -------------------
    DSP48E2_X8Y63        DSP_A_B_DATA                 0.000     0.000 r  <hidden>
                         net (fo=1, routed)           0.000     0.000    <hidden>
    DSP48E2_X8Y63        DSP_ALU (Prop_DSP_ALU_DSP48E2_B_ALU[17]_ALU_OUT[37])
                                                      0.126     0.126 f  <hidden>
                         net (fo=1, routed)           0.000     0.126    <hidden>
    DSP48E2_X8Y63        DSP_OUTPUT (Prop_DSP_OUTPUT_DSP48E2_ALU_OUT[37]_P[37])
                                                      0.033     0.159 r  <hidden>
                         net (fo=1, routed)           0.071     0.230    <hidden>
    SLICE_X30Y159        FDRE                                         r  <hidden>
  -------------------------------------------------------------------    -------------------

                         (clock clk_pl_0 rise edge)
                                                      0.000     0.000 r  
    PS8_X0Y0             PS8                          0.000     0.000 r  kv260_rm04_dynamic8_i/zynq_ultra_ps_e_0/inst/PS8_i/PLCLK[0]
                         net (fo=1, routed)           0.164     0.164    kv260_rm04_dynamic8_i/zynq_ultra_ps_e_0/inst/pl_clk_unbuffered[0]
    BUFG_PS_X0Y80        BUFG_PS (Prop_BUFG_PS_I_O)
                                                      0.023     0.187 r  kv260_rm04_dynamic8_i/zynq_ultra_ps_e_0/inst/buffer_pl_clk_0.PL_CLK_0_BUFG/O
    X1Y1 (CLOCK_ROOT)    net (fo=34566, routed)       1.791     1.978    <hidden>
    SLICE_X30Y159        FDRE                                         r  <hidden>

Slack:                    inf
  Source:                 <hidden>
                            (internal pin)
  Destination:            <hidden>
                            (rising edge-triggered cell FDRE clocked by clk_pl_0  {rise@0.000ns fall@2.667ns period=5.333ns})
  Path Group:             (none)
  Path Type:              Hold (Min at Fast Process Corner)
  Data Path Delay:        0.231ns  (logic 0.159ns (68.831%)  route 0.072ns (31.169%))
  Logic Levels:           2  (DSP_ALU=1 DSP_OUTPUT=1)
  Clock Uncertainty:      0.109ns  ((TSJ^2 + DJ^2)^1/2) / 2 + PE
    Total System Jitter     (TSJ):    0.050ns
    Discrete Jitter          (DJ):    0.213ns
    Phase Error              (PE):    0.000ns
  Clock Net Delay (Destination): 1.862ns (routing 0.971ns, distribution 0.891ns)

    Location             Delay type                Incr(ns)  Path(ns)    Netlist Resource(s)
  -------------------------------------------------------------------    -------------------
    DSP48E2_X11Y73       DSP_A_B_DATA                 0.000     0.000 r  <hidden>
                         net (fo=1, routed)           0.000     0.000    <hidden>
    DSP48E2_X11Y73       DSP_ALU (Prop_DSP_ALU_DSP48E2_B_ALU[17]_ALU_OUT[37])
                                                      0.126     0.126 f  <hidden>
                         net (fo=1, routed)           0.000     0.126    <hidden>
    DSP48E2_X11Y73       DSP_OUTPUT (Prop_DSP_OUTPUT_DSP48E2_ALU_OUT[37]_P[37])
                                                      0.033     0.159 r  <hidden>
                         net (fo=1, routed)           0.072     0.231    <hidden>
    SLICE_X42Y184        FDRE                                         r  <hidden>
  -------------------------------------------------------------------    -------------------

                         (clock clk_pl_0 rise edge)
                                                      0.000     0.000 r  
    PS8_X0Y0             PS8                          0.000     0.000 r  kv260_rm04_dynamic8_i/zynq_ultra_ps_e_0/inst/PS8_i/PLCLK[0]
                         net (fo=1, routed)           0.164     0.164    kv260_rm04_dynamic8_i/zynq_ultra_ps_e_0/inst/pl_clk_unbuffered[0]
    BUFG_PS_X0Y80        BUFG_PS (Prop_BUFG_PS_I_O)
                                                      0.023     0.187 r  kv260_rm04_dynamic8_i/zynq_ultra_ps_e_0/inst/buffer_pl_clk_0.PL_CLK_0_BUFG/O
    X1Y1 (CLOCK_ROOT)    net (fo=34566, routed)       1.862     2.049    <hidden>
    SLICE_X42Y184        FDRE                                         r  <hidden>

Slack:                    inf
  Source:                 <hidden>
                            (internal pin)
  Destination:            <hidden>
                            (rising edge-triggered cell FDRE clocked by clk_pl_0  {rise@0.000ns fall@2.667ns period=5.333ns})
  Path Group:             (none)
  Path Type:              Hold (Min at Fast Process Corner)
  Data Path Delay:        0.232ns  (logic 0.159ns (68.534%)  route 0.073ns (31.466%))
  Logic Levels:           2  (DSP_ALU=1 DSP_OUTPUT=1)
  Clock Uncertainty:      0.109ns  ((TSJ^2 + DJ^2)^1/2) / 2 + PE
    Total System Jitter     (TSJ):    0.050ns
    Discrete Jitter          (DJ):    0.213ns
    Phase Error              (PE):    0.000ns
  Clock Net Delay (Destination): 1.782ns (routing 0.971ns, distribution 0.811ns)

    Location             Delay type                Incr(ns)  Path(ns)    Netlist Resource(s)
  -------------------------------------------------------------------    -------------------
    DSP48E2_X11Y61       DSP_A_B_DATA                 0.000     0.000 r  <hidden>
                         net (fo=1, routed)           0.000     0.000    <hidden>
    DSP48E2_X11Y61       DSP_ALU (Prop_DSP_ALU_DSP48E2_B_ALU[17]_ALU_OUT[38])
                                                      0.126     0.126 f  <hidden>
                         net (fo=1, routed)           0.000     0.126    <hidden>
    DSP48E2_X11Y61       DSP_OUTPUT (Prop_DSP_OUTPUT_DSP48E2_ALU_OUT[38]_P[38])
                                                      0.033     0.159 r  <hidden>
                         net (fo=1, routed)           0.073     0.232    <hidden>
    SLICE_X40Y154        FDRE                                         r  <hidden>
  -------------------------------------------------------------------    -------------------

                         (clock clk_pl_0 rise edge)
                                                      0.000     0.000 r  
    PS8_X0Y0             PS8                          0.000     0.000 r  kv260_rm04_dynamic8_i/zynq_ultra_ps_e_0/inst/PS8_i/PLCLK[0]
                         net (fo=1, routed)           0.164     0.164    kv260_rm04_dynamic8_i/zynq_ultra_ps_e_0/inst/pl_clk_unbuffered[0]
    BUFG_PS_X0Y80        BUFG_PS (Prop_BUFG_PS_I_O)
                                                      0.023     0.187 r  kv260_rm04_dynamic8_i/zynq_ultra_ps_e_0/inst/buffer_pl_clk_0.PL_CLK_0_BUFG/O
    X1Y1 (CLOCK_ROOT)    net (fo=34566, routed)       1.782     1.969    <hidden>
    SLICE_X40Y154        FDRE                                         r  <hidden>

Slack:                    inf
  Source:                 <hidden>
                            (internal pin)
  Destination:            <hidden>
                            (rising edge-triggered cell FDRE clocked by clk_pl_0  {rise@0.000ns fall@2.667ns period=5.333ns})
  Path Group:             (none)
  Path Type:              Hold (Min at Fast Process Corner)
  Data Path Delay:        0.232ns  (logic 0.159ns (68.534%)  route 0.073ns (31.466%))
  Logic Levels:           2  (DSP_ALU=1 DSP_OUTPUT=1)
  Clock Uncertainty:      0.109ns  ((TSJ^2 + DJ^2)^1/2) / 2 + PE
    Total System Jitter     (TSJ):    0.050ns
    Discrete Jitter          (DJ):    0.213ns
    Phase Error              (PE):    0.000ns
  Clock Net Delay (Destination): 1.791ns (routing 0.971ns, distribution 0.820ns)

    Location             Delay type                Incr(ns)  Path(ns)    Netlist Resource(s)
  -------------------------------------------------------------------    -------------------
    DSP48E2_X8Y49        DSP_A_B_DATA                 0.000     0.000 r  <hidden>
                         net (fo=1, routed)           0.000     0.000    <hidden>
    DSP48E2_X8Y49        DSP_ALU (Prop_DSP_ALU_DSP48E2_B_ALU[17]_ALU_OUT[37])
                                                      0.126     0.126 f  <hidden>
                         net (fo=1, routed)           0.000     0.126    <hidden>
    DSP48E2_X8Y49        DSP_OUTPUT (Prop_DSP_OUTPUT_DSP48E2_ALU_OUT[37]_P[37])
                                                      0.033     0.159 r  <hidden>
                         net (fo=1, routed)           0.073     0.232    <hidden>
    SLICE_X31Y124        FDRE                                         r  <hidden>
  -------------------------------------------------------------------    -------------------

                         (clock clk_pl_0 rise edge)
                                                      0.000     0.000 r  
    PS8_X0Y0             PS8                          0.000     0.000 r  kv260_rm04_dynamic8_i/zynq_ultra_ps_e_0/inst/PS8_i/PLCLK[0]
                         net (fo=1, routed)           0.164     0.164    kv260_rm04_dynamic8_i/zynq_ultra_ps_e_0/inst/pl_clk_unbuffered[0]
    BUFG_PS_X0Y80        BUFG_PS (Prop_BUFG_PS_I_O)
                                                      0.023     0.187 r  kv260_rm04_dynamic8_i/zynq_ultra_ps_e_0/inst/buffer_pl_clk_0.PL_CLK_0_BUFG/O
    X1Y1 (CLOCK_ROOT)    net (fo=34566, routed)       1.791     1.978    <hidden>
    SLICE_X31Y124        FDRE                                         r  <hidden>

Slack:                    inf
  Source:                 <hidden>
                            (internal pin)
  Destination:            <hidden>
                            (rising edge-triggered cell FDRE clocked by clk_pl_0  {rise@0.000ns fall@2.667ns period=5.333ns})
  Path Group:             (none)
  Path Type:              Hold (Min at Fast Process Corner)
  Data Path Delay:        0.233ns  (logic 0.159ns (68.240%)  route 0.074ns (31.760%))
  Logic Levels:           2  (DSP_ALU=1 DSP_OUTPUT=1)
  Clock Uncertainty:      0.109ns  ((TSJ^2 + DJ^2)^1/2) / 2 + PE
    Total System Jitter     (TSJ):    0.050ns
    Discrete Jitter          (DJ):    0.213ns
    Phase Error              (PE):    0.000ns
  Clock Net Delay (Destination): 1.796ns (routing 0.971ns, distribution 0.825ns)

    Location             Delay type                Incr(ns)  Path(ns)    Netlist Resource(s)
  -------------------------------------------------------------------    -------------------
    DSP48E2_X9Y79        DSP_A_B_DATA                 0.000     0.000 r  <hidden>
                         net (fo=1, routed)           0.000     0.000    <hidden>
    DSP48E2_X9Y79        DSP_ALU (Prop_DSP_ALU_DSP48E2_B_ALU[17]_ALU_OUT[39])
                                                      0.126     0.126 f  <hidden>
                         net (fo=1, routed)           0.000     0.126    <hidden>
    DSP48E2_X9Y79        DSP_OUTPUT (Prop_DSP_OUTPUT_DSP48E2_ALU_OUT[39]_P[39])
                                                      0.033     0.159 r  <hidden>
                         net (fo=1, routed)           0.074     0.233    <hidden>
    SLICE_X34Y199        FDRE                                         r  <hidden>
  -------------------------------------------------------------------    -------------------

                         (clock clk_pl_0 rise edge)
                                                      0.000     0.000 r  
    PS8_X0Y0             PS8                          0.000     0.000 r  kv260_rm04_dynamic8_i/zynq_ultra_ps_e_0/inst/PS8_i/PLCLK[0]
                         net (fo=1, routed)           0.164     0.164    kv260_rm04_dynamic8_i/zynq_ultra_ps_e_0/inst/pl_clk_unbuffered[0]
    BUFG_PS_X0Y80        BUFG_PS (Prop_BUFG_PS_I_O)
                                                      0.023     0.187 r  kv260_rm04_dynamic8_i/zynq_ultra_ps_e_0/inst/buffer_pl_clk_0.PL_CLK_0_BUFG/O
    X1Y1 (CLOCK_ROOT)    net (fo=34566, routed)       1.796     1.983    <hidden>
    SLICE_X34Y199        FDRE                                         r  <hidden>





